#1 [internal] load local bake definitions
#1 reading from stdin 1.56kB done
#1 DONE 0.0s

#2 [internal] load build definition from Dockerfile
#2 transferring dockerfile: 515B done
#2 DONE 0.0s

#3 [internal] load metadata for docker.io/library/eclipse-temurin:17-jre-alpine
#3 DONE 0.1s

#4 [internal] load metadata for docker.io/library/maven:3.9.6-eclipse-temurin-17-alpine
#4 DONE 0.1s

#5 [internal] load .dockerignore
#5 transferring context: 2B done
#5 DONE 0.0s

#6 [build 1/8] FROM docker.io/library/maven:3.9.6-eclipse-temurin-17-alpine@sha256:ffddac7b04101358048f872fba9d978b2a1f9647955d158c1e565233cb95577d
#6 resolve docker.io/library/maven:3.9.6-eclipse-temurin-17-alpine@sha256:ffddac7b04101358048f872fba9d978b2a1f9647955d158c1e565233cb95577d 0.0s done
#6 DONE 0.0s

#7 [stage-1 1/3] FROM docker.io/library/eclipse-temurin:17-jre-alpine@sha256:88c0002860cda56384d5ed3b2da4d0d9a2b44dc2ee4dc02344be985bd8b524bc
#7 resolve docker.io/library/eclipse-temurin:17-jre-alpine@sha256:88c0002860cda56384d5ed3b2da4d0d9a2b44dc2ee4dc02344be985bd8b524bc 0.0s done
#7 DONE 0.0s

#8 [build 2/8] WORKDIR /app
#8 CACHED

#9 [stage-1 2/3] WORKDIR /app
#9 CACHED

#10 [internal] load build context
#10 transferring context: 57.97kB 0.0s done
#10 DONE 0.0s

#11 [build 3/8] COPY pom.xml .
#11 DONE 0.0s

#12 [build 4/8] COPY auth-server/pom.xml auth-server/
#12 DONE 0.0s

#13 [build 5/8] COPY resource-server/pom.xml resource-server/
#13 DONE 0.0s

#14 [build 6/8] RUN mvn dependency:go-offline -B
#14 1.996 [INFO] Scanning for projects...
#14 2.316 [INFO] Downloading from central: https://repo.maven.apache.org/maven2/org/springframework/boot/spring-boot-starter-parent/3.2.5/spring-boot-starter-parent-3.2.5.pom
#14 3.096 [INFO] Downloaded from central: https://repo.maven.apache.org/maven2/org/springframework/boot/spring-boot-starter-parent/3.2.5/spring-boot-starter-parent-3.2.5.pom (13 kB at 16 kB/s)
#14 3.122 [INFO] Downloading from central: https://repo.maven.apache.org/maven2/org/springframework/boot/spring-boot-dependencies/3.2.5/spring-boot-dependencies-3.2.5.pom
#14 3.204 [INFO] Downloaded from central: https://repo.maven.apache.org/maven2/org/springframework/boot/spring-boot-dependencies/3.2.5/spring-boot-dependencies-3.2.5.pom (111 kB at 1.4 MB/s)
#14 -1115.059 [INFO] Downloading from central: https://repo.maven.apache.org/maven2/org/springframework/cloud/spring-cloud-dependencies/2023.0.1/spring-cloud-dependencies-2023.0.1.pom
#14 -1114.942 [INFO] Downloaded from central: https://repo.maven.apache.org/maven2/org/springframework/cloud/spring-cloud-dependencies/2023.0.1/spring-cloud-dependencies-2023.0.1.pom (10 kB at 89 kB/s)
#14 -1114.932 [INFO] Downloading from central: https://repo.maven.apache.org/maven2/org/springframework/cloud/spring-cloud-dependencies-parent/4.1.1/spring-cloud-dependencies-parent-4.1.1.pom
#14 -1114.806 [INFO] Downloaded from central: https://repo.maven.apache.org/maven2/org/springframework/cloud/spring-cloud-dependencies-parent/4.1.1/spring-cloud-dependencies-parent-4.1.1.pom (8.1 kB at 65 kB/s)
#14 -1114.796 [INFO] Downloading from central: https://repo.maven.apache.org/maven2/org/springframework/cloud/spring-cloud-commons-dependencies/4.1.2/spring-cloud-commons-dependencies-4.1.2.pom
#14 -1114.640 [INFO] Downloaded from central: https://repo.maven.apache.org/maven2/org/springframework/cloud/spring-cloud-commons-dependencies/4.1.2/spring-cloud-commons-dependencies-4.1.2.pom (7.2 kB at 46 kB/s)
#14 -1114.632 [INFO] Downloading from central: https://repo.maven.apache.org/maven2/org/springframework/cloud/spring-cloud-netflix-dependencies/4.1.1/spring-cloud-netflix-dependencies-4.1.1.pom
#14 -1114.352 [INFO] Downloaded from central: https://repo.maven.apache.org/maven2/org/springframework/cloud/spring-cloud-netflix-dependencies/4.1.1/spring-cloud-netflix-dependencies-4.1.1.pom (9.8 kB at 35 kB/s)
#14 -1114.343 [INFO] Downloading from central: https://repo.maven.apache.org/maven2/org/springframework/cloud/spring-cloud-stream-dependencies/4.1.1/spring-cloud-stream-dependencies-4.1.1.pom
#14 -1114.244 [INFO] Downloaded from central: https://repo.maven.apache.org/maven2/org/springframework/cloud/spring-cloud-stream-dependencies/4.1.1/spring-cloud-stream-dependencies-4.1.1.pom (8.6 kB at 86 kB/s)
#14 -1114.235 [INFO] Downloading from central: https://repo.maven.apache.org/maven2/org/springframework/cloud/spring-cloud-task-dependencies/3.1.1/spring-cloud-task-dependencies-3.1.1.pom
#14 -1113.911 [INFO] Downloaded from central: https://repo.maven.apache.org/maven2/org/springframework/cloud/spring-cloud-task-dependencies/3.1.1/spring-cloud-task-dependencies-3.1.1.pom (5.8 kB at 18 kB/s)
#14 -1113.904 [INFO] Downloading from central: https://repo.maven.apache.org/maven2/org/springframework/cloud/spring-cloud-circuitbreaker-dependencies/3.1.1/spring-cloud-circuitbreaker-dependencies-3.1.1.pom
#14 -1113.713 [INFO] Downloaded from central: https://repo.maven.apache.org/maven2/org/springframework/cloud/spring-cloud-circuitbreaker-dependencies/3.1.1/spring-cloud-circuitbreaker-dependencies-3.1.1.pom (6.7 kB at 35 kB/s)
#14 -1113.703 [INFO] Downloading from central: https://repo.maven.apache.org/maven2/io/github/resilience4j/resilience4j-bom/2.1.0/resilience4j-bom-2.1.0.pom
#14 -1113.260 [INFO] Downloaded from central: https://repo.maven.apache.org/maven2/io/github/resilience4j/resilience4j-bom/2.1.0/resilience4j-bom-2.1.0.pom (6.4 kB at 14 kB/s)
#14 -1113.253 [INFO] Downloading from central: https://repo.maven.apache.org/maven2/org/springframework/cloud/spring-cloud-config-dependencies/4.1.1/spring-cloud-config-dependencies-4.1.1.pom
#14 -1113.098 [INFO] Downloaded from central: https://repo.maven.apache.org/maven2/org/springframework/cloud/spring-cloud-config-dependencies/4.1.1/spring-cloud-config-dependencies-4.1.1.pom (7.5 kB at 48 kB/s)
#14 -1113.089 [INFO] Downloading from central: https://repo.maven.apache.org/maven2/org/springframework/cloud/spring-cloud-function-dependencies/4.1.1/spring-cloud-function-dependencies-4.1.1.pom
#14 -1112.755 [INFO] Downloaded from central: https://repo.maven.apache.org/maven2/org/springframework/cloud/spring-cloud-function-dependencies/4.1.1/spring-cloud-function-dependencies-4.1.1.pom (6.8 kB at 20 kB/s)
#14 -1112.746 [INFO] Downloading from central: https://repo.maven.apache.org/maven2/org/springframework/cloud/spring-cloud-gateway-dependencies/4.1.2/spring-cloud-gateway-dependencies-4.1.2.pom
#14 -1112.453 [INFO] Downloaded from central: https://repo.maven.apache.org/maven2/org/springframework/cloud/spring-cloud-gateway-dependencies/4.1.2/spring-cloud-gateway-dependencies-4.1.2.pom (6.4 kB at 22 kB/s)
#14 -1112.444 [INFO] Downloading from central: https://repo.maven.apache.org/maven2/org/springframework/cloud/spring-cloud-consul-dependencies/4.1.1/spring-cloud-consul-dependencies-4.1.1.pom
#14 -1111.948 [INFO] Downloaded from central: https://repo.maven.apache.org/maven2/org/springframework/cloud/spring-cloud-consul-dependencies/4.1.1/spring-cloud-consul-dependencies-4.1.1.pom (7.5 kB at 15 kB/s)
#14 -1111.942 [INFO] Downloading from central: https://repo.maven.apache.org/maven2/org/springframework/cloud/spring-cloud-vault-dependencies/4.1.1/spring-cloud-vault-dependencies-4.1.1.pom
#14 -1111.359 [INFO] Downloaded from central: https://repo.maven.apache.org/maven2/org/springframework/cloud/spring-cloud-vault-dependencies/4.1.1/spring-cloud-vault-dependencies-4.1.1.pom (6.2 kB at 11 kB/s)
#14 -1111.356 [INFO] Downloading from central: https://repo.maven.apache.org/maven2/org/springframework/cloud/spring-cloud-zookeeper-dependencies/4.1.1/spring-cloud-zookeeper-dependencies-4.1.1.pom
#14 -1110.400 [INFO] Downloaded from central: https://repo.maven.apache.org/maven2/org/springframework/cloud/spring-cloud-zookeeper-dependencies/4.1.1/spring-cloud-zookeeper-dependencies-4.1.1.pom (8.9 kB at 9.4 kB/s)
#14 -1110.395 [INFO] Downloading from central: https://repo.maven.apache.org/maven2/org/springframework/cloud/spring-cloud-bus-dependencies/4.1.1/spring-cloud-bus-dependencies-4.1.1.pom
#14 -1109.724 [INFO] Downloaded from central: https://repo.maven.apache.org/maven2/org/springframework/cloud/spring-cloud-bus-dependencies/4.1.1/spring-cloud-bus-dependencies-4.1.1.pom (6.1 kB at 9.2 kB/s)
#14 -1109.719 [INFO] Downloading from central: https://repo.maven.apache.org/maven2/org/springframework/cloud/spring-cloud-contract-dependencies/4.1.2/spring-cloud-contract-dependencies-4.1.2.pom
#14 -1109.623 [INFO] Downloaded from central: https://repo.maven.apache.org/maven2/org/springframework/cloud/spring-cloud-contract-dependencies/4.1.2/spring-cloud-contract-dependencies-4.1.2.pom (9.0 kB at 95 kB/s)
#14 -1109.620 [INFO] Downloading from central: https://repo.maven.apache.org/maven2/org/springframework/cloud/spring-cloud-openfeign-dependencies/4.1.1/spring-cloud-openfeign-dependencies-4.1.1.pom
#14 -1109.534 [INFO] Downloaded from central: https://repo.maven.apache.org/maven2/org/springframework/cloud/spring-cloud-openfeign-dependencies/4.1.1/spring-cloud-openfeign-dependencies-4.1.1.pom (6.5 kB at 76 kB/s)
#14 -1109.530 [INFO] Downloading from central: https://repo.maven.apache.org/maven2/io/github/openfeign/feign-bom/13.2.1/feign-bom-13.2.1.pom
#14 -1109.436 [INFO] Downloaded from central: https://repo.maven.apache.org/maven2/io/github/openfeign/feign-bom/13.2.1/feign-bom-13.2.1.pom (7.5 kB at 80 kB/s)
#14 -1109.432 [INFO] Downloading from central: https://repo.maven.apache.org/maven2/org/springframework/cloud/spring-cloud-kubernetes-dependencies/3.1.1/spring-cloud-kubernetes-dependencies-3.1.1.pom
#14 -1109.289 [INFO] Downloaded from central: https://repo.maven.apache.org/maven2/org/springframework/cloud/spring-cloud-kubernetes-dependencies/3.1.1/spring-cloud-kubernetes-dependencies-3.1.1.pom (13 kB at 88 kB/s)
#14 -1109.286 [INFO] Downloading from central: https://repo.maven.apache.org/maven2/io/fabric8/kubernetes-client-bom/6.9.2/kubernetes-client-bom-6.9.2.pom
#14 -1109.206 [INFO] Downloaded from central: https://repo.maven.apache.org/maven2/io/fabric8/kubernetes-client-bom/6.9.2/kubernetes-client-bom-6.9.2.pom (28 kB at 346 kB/s)
#14 -1109.199 [INFO] Downloading from central: https://repo.maven.apache.org/maven2/org/assertj/assertj-bom/3.24.2/assertj-bom-3.24.2.pom
#14 -1109.105 [INFO] Downloaded from central: https://repo.maven.apache.org/maven2/org/assertj/assertj-bom/3.24.2/assertj-bom-3.24.2.pom (3.7 kB at 39 kB/s)
#14 -1109.099 [INFO] Downloading from central: https://repo.maven.apache.org/maven2/io/zipkin/brave/brave-bom/5.16.0/brave-bom-5.16.0.pom
#14 -1109.024 [INFO] Downloaded from central: https://repo.maven.apache.org/maven2/io/zipkin/brave/brave-bom/5.16.0/brave-bom-5.16.0.pom (12 kB at 162 kB/s)
#14 -1109.019 [INFO] Downloading from central: https://repo.maven.apache.org/maven2/io/zipkin/reporter2/zipkin-reporter-bom/2.16.3/zipkin-reporter-bom-2.16.3.pom
#14 -1108.939 [INFO] Downloaded from central: https://repo.maven.apache.org/maven2/io/zipkin/reporter2/zipkin-reporter-bom/2.16.3/zipkin-reporter-bom-2.16.3.pom (6.9 kB at 87 kB/s)
#14 -1108.932 [INFO] Downloading from central: https://repo.maven.apache.org/maven2/com/datastax/oss/java-driver-bom/4.17.0/java-driver-bom-4.17.0.pom
#14 -1108.840 [INFO] Downloaded from central: https://repo.maven.apache.org/maven2/com/datastax/oss/java-driver-bom/4.17.0/java-driver-bom-4.17.0.pom (4.1 kB at 45 kB/s)
#14 -1108.830 [INFO] Downloading from central: https://repo.maven.apache.org/maven2/io/dropwizard/metrics/metrics-bom/4.2.25/metrics-bom-4.2.25.pom
#14 -1108.735 [INFO] Downloaded from central: https://repo.maven.apache.org/maven2/io/dropwizard/metrics/metrics-bom/4.2.25/metrics-bom-4.2.25.pom (8.2 kB at 87 kB/s)
#14 -1108.727 [INFO] Downloading from central: https://repo.maven.apache.org/maven2/io/dropwizard/metrics/metrics-parent/4.2.25/metrics-parent-4.2.25.pom
#14 -1108.626 [INFO] Downloaded from central: https://repo.maven.apache.org/maven2/io/dropwizard/metrics/metrics-parent/4.2.25/metrics-parent-4.2.25.pom (21 kB at 203 kB/s)
#14 -1108.610 [INFO] Downloading from central: https://repo.maven.apache.org/maven2/org/glassfish/jaxb/jaxb-bom/4.0.5/jaxb-bom-4.0.5.pom
#14 -1108.485 [INFO] Downloaded from central: https://repo.maven.apache.org/maven2/org/glassfish/jaxb/jaxb-bom/4.0.5/jaxb-bom-4.0.5.pom (12 kB at 94 kB/s)
#14 -1108.479 [INFO] Downloading from central: https://repo.maven.apache.org/maven2/org/eclipse/ee4j/project/1.0.9/project-1.0.9.pom
#14 -1108.392 [INFO] Downloaded from central: https://repo.maven.apache.org/maven2/org/eclipse/ee4j/project/1.0.9/project-1.0.9.pom (16 kB at 183 kB/s)
#14 -1108.380 [INFO] Downloading from central: https://repo.maven.apache.org/maven2/org/apache/groovy/groovy-bom/4.0.21/groovy-bom-4.0.21.pom
#14 -1108.287 [INFO] Downloaded from central: https://repo.maven.apache.org/maven2/org/apache/groovy/groovy-bom/4.0.21/groovy-bom-4.0.21.pom (27 kB at 293 kB/s)
#14 -1108.276 [INFO] Downloading from central: https://repo.maven.apache.org/maven2/org/infinispan/infinispan-bom/14.0.27.Final/infinispan-bom-14.0.27.Final.pom
#14 -1108.176 [INFO] Downloaded from central: https://repo.maven.apache.org/maven2/org/infinispan/infinispan-bom/14.0.27.Final/infinispan-bom-14.0.27.Final.pom (25 kB at 243 kB/s)
#14 -1108.169 [INFO] Downloading from central: https://repo.maven.apache.org/maven2/org/infinispan/infinispan-build-configuration-parent/14.0.27.Final/infinispan-build-configuration-parent-14.0.27.Final.pom
#14 -1108.088 [INFO] Downloaded from central: https://repo.maven.apache.org/maven2/org/infinispan/infinispan-build-configuration-parent/14.0.27.Final/infinispan-build-configuration-parent-14.0.27.Final.pom (24 kB at 298 kB/s)
#14 -1108.066 [INFO] Downloading from central: https://repo.maven.apache.org/maven2/org/jboss/jboss-parent/39/jboss-parent-39.pom
#14 -1107.948 [INFO] Downloaded from central: https://repo.maven.apache.org/maven2/org/jboss/jboss-parent/39/jboss-parent-39.pom (68 kB at 575 kB/s)
#14 -1107.920 [INFO] Downloading from central: https://repo.maven.apache.org/maven2/com/fasterxml/jackson/jackson-bom/2.15.4/jackson-bom-2.15.4.pom
#14 -1107.832 [INFO] Downloaded from central: https://repo.maven.apache.org/maven2/com/fasterxml/jackson/jackson-bom/2.15.4/jackson-bom-2.15.4.pom (18 kB at 204 kB/s)
#14 -1107.829 [INFO] Downloading from central: https://repo.maven.apache.org/maven2/com/fasterxml/jackson/jackson-parent/2.15/jackson-parent-2.15.pom
#14 -1107.717 [INFO] Downloaded from central: https://repo.maven.apache.org/maven2/com/fasterxml/jackson/jackson-parent/2.15/jackson-parent-2.15.pom (6.5 kB at 58 kB/s)
#14 -1107.709 [INFO] Downloading from central: https://repo.maven.apache.org/maven2/com/fasterxml/oss-parent/50/oss-parent-50.pom
#14 -1107.610 [INFO] Downloaded from central: https://repo.maven.apache.org/maven2/com/fasterxml/oss-parent/50/oss-parent-50.pom (24 kB at 241 kB/s)
#14 -1107.599 [INFO] Downloading from central: https://repo.maven.apache.org/maven2/org/glassfish/jersey/jersey-bom/3.1.6/jersey-bom-3.1.6.pom
#14 -1107.490 [INFO] Downloaded from central: https://repo.maven.apache.org/maven2/org/glassfish/jersey/jersey-bom/3.1.6/jersey-bom-3.1.6.pom (21 kB at 190 kB/s)
#14 -1107.484 [INFO] Downloading from central: https://repo.maven.apache.org/maven2/org/eclipse/ee4j/project/1.0.8/project-1.0.8.pom
#14 -1107.398 [INFO] Downloaded from central: https://repo.maven.apache.org/maven2/org/eclipse/ee4j/project/1.0.8/project-1.0.8.pom (15 kB at 170 kB/s)
#14 -1107.391 [INFO] Downloading from central: https://repo.maven.apache.org/maven2/org/eclipse/jetty/ee10/jetty-ee10-bom/12.0.8/jetty-ee10-bom-12.0.8.pom
#14 -1107.287 [INFO] Downloaded from central: https://repo.maven.apache.org/maven2/org/eclipse/jetty/ee10/jetty-ee10-bom/12.0.8/jetty-ee10-bom-12.0.8.pom (9.2 kB at 90 kB/s)
#14 -1107.276 [INFO] Downloading from central: https://repo.maven.apache.org/maven2/org/eclipse/jetty/jetty-bom/12.0.8/jetty-bom-12.0.8.pom
#14 -1107.164 [INFO] Downloaded from central: https://repo.maven.apache.org/maven2/org/eclipse/jetty/jetty-bom/12.0.8/jetty-bom-12.0.8.pom (14 kB at 126 kB/s)
#14 -1107.161 [INFO] Downloading from central: https://repo.maven.apache.org/maven2/org/junit/junit-bom/5.10.2/junit-bom-5.10.2.pom
#14 -1107.075 [INFO] Downloaded from central: https://repo.maven.apache.org/maven2/org/junit/junit-bom/5.10.2/junit-bom-5.10.2.pom (5.6 kB at 66 kB/s)
#14 -1107.071 [INFO] Downloading from central: https://repo.maven.apache.org/maven2/org/jetbrains/kotlin/kotlin-bom/1.9.23/kotlin-bom-1.9.23.pom
#14 -1106.988 [INFO] Downloaded from central: https://repo.maven.apache.org/maven2/org/jetbrains/kotlin/kotlin-bom/1.9.23/kotlin-bom-1.9.23.pom (9.1 kB at 109 kB/s)
#14 -1106.981 [INFO] Downloading from central: https://repo.maven.apache.org/maven2/org/jetbrains/kotlinx/kotlinx-coroutines-bom/1.7.3/kotlinx-coroutines-bom-1.7.3.pom
#14 -1106.893 [INFO] Downloaded from central: https://repo.maven.apache.org/maven2/org/jetbrains/kotlinx/kotlinx-coroutines-bom/1.7.3/kotlinx-coroutines-bom-1.7.3.pom (4.3 kB at 48 kB/s)
#14 -1106.890 [INFO] Downloading from central: https://repo.maven.apache.org/maven2/org/jetbrains/kotlinx/kotlinx-serialization-bom/1.6.3/kotlinx-serialization-bom-1.6.3.pom
#14 -1106.807 [INFO] Downloaded from central: https://repo.maven.apache.org/maven2/org/jetbrains/kotlinx/kotlinx-serialization-bom/1.6.3/kotlinx-serialization-bom-1.6.3.pom (3.7 kB at 44 kB/s)
#14 -1106.800 [INFO] Downloading from central: https://repo.maven.apache.org/maven2/org/apache/logging/log4j/log4j-bom/2.21.1/log4j-bom-2.21.1.pom
#14 -1106.703 [INFO] Downloaded from central: https://repo.maven.apache.org/maven2/org/apache/logging/log4j/log4j-bom/2.21.1/log4j-bom-2.21.1.pom (12 kB at 128 kB/s)
#14 -1106.698 [INFO] Downloading from central: https://repo.maven.apache.org/maven2/org/apache/logging/logging-parent/10.1.1/logging-parent-10.1.1.pom
#14 -1106.587 [INFO] Downloaded from central: https://repo.maven.apache.org/maven2/org/apache/logging/logging-parent/10.1.1/logging-parent-10.1.1.pom (39 kB at 353 kB/s)
#14 -1106.578 [INFO] Downloading from central: https://repo.maven.apache.org/maven2/org/apache/apache/30/apache-30.pom
#14 -1106.492 [INFO] Downloaded from central: https://repo.maven.apache.org/maven2/org/apache/apache/30/apache-30.pom (23 kB at 270 kB/s)
#14 -1106.479 [INFO] Downloading from central: https://repo.maven.apache.org/maven2/io/micrometer/micrometer-bom/1.12.5/micrometer-bom-1.12.5.pom
#14 -1106.393 [INFO] Downloaded from central: https://repo.maven.apache.org/maven2/io/micrometer/micrometer-bom/1.12.5/micrometer-bom-1.12.5.pom (7.9 kB at 92 kB/s)
#14 -1106.387 [INFO] Downloading from central: https://repo.maven.apache.org/maven2/io/micrometer/micrometer-tracing-bom/1.2.5/micrometer-tracing-bom-1.2.5.pom
#14 -1106.306 [INFO] Downloaded from central: https://repo.maven.apache.org/maven2/io/micrometer/micrometer-tracing-bom/1.2.5/micrometer-tracing-bom-1.2.5.pom (4.5 kB at 56 kB/s)
#14 -1106.298 [INFO] Downloading from central: https://repo.maven.apache.org/maven2/org/mockito/mockito-bom/5.7.0/mockito-bom-5.7.0.pom
#14 -1106.201 [INFO] Downloaded from central: https://repo.maven.apache.org/maven2/org/mockito/mockito-bom/5.7.0/mockito-bom-5.7.0.pom (3.0 kB at 30 kB/s)
#14 -1106.192 [INFO] Downloading from central: https://repo.maven.apache.org/maven2/io/netty/netty-bom/4.1.109.Final/netty-bom-4.1.109.Final.pom
#14 -1106.107 [INFO] Downloaded from central: https://repo.maven.apache.org/maven2/io/netty/netty-bom/4.1.109.Final/netty-bom-4.1.109.Final.pom (14 kB at 164 kB/s)
#14 -1106.100 [INFO] Downloading from central: https://repo.maven.apache.org/maven2/org/sonatype/oss/oss-parent/7/oss-parent-7.pom
#14 -1105.990 [INFO] Downloaded from central: https://repo.maven.apache.org/maven2/org/sonatype/oss/oss-parent/7/oss-parent-7.pom (4.8 kB at 43 kB/s)
#14 -1105.981 [INFO] Downloading from central: https://repo.maven.apache.org/maven2/com/squareup/okhttp3/okhttp-bom/4.12.0/okhttp-bom-4.12.0.pom
#14 -1105.878 [INFO] Downloaded from central: https://repo.maven.apache.org/maven2/com/squareup/okhttp3/okhttp-bom/4.12.0/okhttp-bom-4.12.0.pom (3.1 kB at 30 kB/s)
#14 -1105.873 [INFO] Downloading from central: https://repo.maven.apache.org/maven2/io/opentelemetry/opentelemetry-bom/1.31.0/opentelemetry-bom-1.31.0.pom
#14 -1105.793 [INFO] Downloaded from central: https://repo.maven.apache.org/maven2/io/opentelemetry/opentelemetry-bom/1.31.0/opentelemetry-bom-1.31.0.pom (7.0 kB at 87 kB/s)
#14 -1105.788 [INFO] Downloading from central: https://repo.maven.apache.org/maven2/com/oracle/database/jdbc/ojdbc-bom/21.9.0.0/ojdbc-bom-21.9.0.0.pom
#14 -1105.276 [INFO] Downloaded from central: https://repo.maven.apache.org/maven2/com/oracle/database/jdbc/ojdbc-bom/21.9.0.0/ojdbc-bom-21.9.0.0.pom (13 kB at 25 kB/s)
#14 -1105.269 [INFO] Downloading from central: https://repo.maven.apache.org/maven2/io/prometheus/simpleclient_bom/0.16.0/simpleclient_bom-0.16.0.pom
#14 -1105.105 [INFO] Downloaded from central: https://repo.maven.apache.org/maven2/io/prometheus/simpleclient_bom/0.16.0/simpleclient_bom-0.16.0.pom (6.0 kB at 37 kB/s)
#14 -1105.098 [INFO] Downloading from central: https://repo.maven.apache.org/maven2/io/prometheus/parent/0.16.0/parent-0.16.0.pom
#14 -1104.811 [INFO] Downloaded from central: https://repo.maven.apache.org/maven2/io/prometheus/parent/0.16.0/parent-0.16.0.pom (13 kB at 44 kB/s)
#14 -1104.802 [INFO] Downloading from central: https://repo.maven.apache.org/maven2/com/querydsl/querydsl-bom/5.0.0/querydsl-bom-5.0.0.pom
#14 -1104.618 [INFO] Downloaded from central: https://repo.maven.apache.org/maven2/com/querydsl/querydsl-bom/5.0.0/querydsl-bom-5.0.0.pom (7.2 kB at 39 kB/s)
#14 -1104.610 [INFO] Downloading from central: https://repo.maven.apache.org/maven2/io/projectreactor/reactor-bom/2023.0.5/reactor-bom-2023.0.5.pom
#14 -1104.462 [INFO] Downloaded from central: https://repo.maven.apache.org/maven2/io/projectreactor/reactor-bom/2023.0.5/reactor-bom-2023.0.5.pom (4.8 kB at 32 kB/s)
#14 -1104.456 [INFO] Downloading from central: https://repo.maven.apache.org/maven2/io/rest-assured/rest-assured-bom/5.3.2/rest-assured-bom-5.3.2.pom
#14 -1104.369 [INFO] Downloaded from central: https://repo.maven.apache.org/maven2/io/rest-assured/rest-assured-bom/5.3.2/rest-assured-bom-5.3.2.pom (4.3 kB at 49 kB/s)
#14 -1104.365 [INFO] Downloading from central: https://repo.maven.apache.org/maven2/io/rsocket/rsocket-bom/1.1.3/rsocket-bom-1.1.3.pom
#14 -1104.279 [INFO] Downloaded from central: https://repo.maven.apache.org/maven2/io/rsocket/rsocket-bom/1.1.3/rsocket-bom-1.1.3.pom (2.6 kB at 31 kB/s)
#14 -1104.272 [INFO] Downloading from central: https://repo.maven.apache.org/maven2/org/seleniumhq/selenium/selenium-bom/4.14.1/selenium-bom-4.14.1.pom
#14 -1104.138 [INFO] Downloaded from central: https://repo.maven.apache.org/maven2/org/seleniumhq/selenium/selenium-bom/4.14.1/selenium-bom-4.14.1.pom (6.0 kB at 45 kB/s)
#14 -1104.129 [INFO] Downloading from central: https://repo.maven.apache.org/maven2/org/springframework/amqp/spring-amqp-bom/3.1.4/spring-amqp-bom-3.1.4.pom
#14 -1103.995 [INFO] Downloaded from central: https://repo.maven.apache.org/maven2/org/springframework/amqp/spring-amqp-bom/3.1.4/spring-amqp-bom-3.1.4.pom (3.9 kB at 29 kB/s)
#14 -1103.990 [INFO] Downloading from central: https://repo.maven.apache.org/maven2/org/springframework/batch/spring-batch-bom/5.1.1/spring-batch-bom-5.1.1.pom
#14 -1103.898 [INFO] Downloaded from central: https://repo.maven.apache.org/maven2/org/springframework/batch/spring-batch-bom/5.1.1/spring-batch-bom-5.1.1.pom (3.2 kB at 35 kB/s)
#14 -1103.890 [INFO] Downloading from central: https://repo.maven.apache.org/maven2/org/springframework/data/spring-data-bom/2023.1.5/spring-data-bom-2023.1.5.pom
#14 -1103.731 [INFO] Downloaded from central: https://repo.maven.apache.org/maven2/org/springframework/data/spring-data-bom/2023.1.5/spring-data-bom-2023.1.5.pom (5.5 kB at 35 kB/s)
#14 -1103.725 [INFO] Downloading from central: https://repo.maven.apache.org/maven2/org/springframework/spring-framework-bom/6.1.6/spring-framework-bom-6.1.6.pom
#14 -1103.600 [INFO] Downloaded from central: https://repo.maven.apache.org/maven2/org/springframework/spring-framework-bom/6.1.6/spring-framework-bom-6.1.6.pom (5.8 kB at 46 kB/s)
#14 -1103.596 [INFO] Downloading from central: https://repo.maven.apache.org/maven2/org/springframework/integration/spring-integration-bom/6.2.4/spring-integration-bom-6.2.4.pom
#14 -1103.405 [INFO] Downloaded from central: https://repo.maven.apache.org/maven2/org/springframework/integration/spring-integration-bom/6.2.4/spring-integration-bom-6.2.4.pom (10 kB at 55 kB/s)
#14 -1103.397 [INFO] Downloading from central: https://repo.maven.apache.org/maven2/org/springframework/pulsar/spring-pulsar-bom/1.0.5/spring-pulsar-bom-1.0.5.pom
#14 -1103.261 [INFO] Downloaded from central: https://repo.maven.apache.org/maven2/org/springframework/pulsar/spring-pulsar-bom/1.0.5/spring-pulsar-bom-1.0.5.pom (2.7 kB at 20 kB/s)
#14 -1103.259 [INFO] Downloading from central: https://repo.maven.apache.org/maven2/org/springframework/restdocs/spring-restdocs-bom/3.0.1/spring-restdocs-bom-3.0.1.pom
#14 -1103.075 [INFO] Downloaded from central: https://repo.maven.apache.org/maven2/org/springframework/restdocs/spring-restdocs-bom/3.0.1/spring-restdocs-bom-3.0.1.pom (2.6 kB at 14 kB/s)
#14 -1103.068 [INFO] Downloading from central: https://repo.maven.apache.org/maven2/org/springframework/security/spring-security-bom/6.2.4/spring-security-bom-6.2.4.pom
#14 -1102.909 [INFO] Downloaded from central: https://repo.maven.apache.org/maven2/org/springframework/security/spring-security-bom/6.2.4/spring-security-bom-6.2.4.pom (5.3 kB at 34 kB/s)
#14 -1102.901 [INFO] Downloading from central: https://repo.maven.apache.org/maven2/org/springframework/session/spring-session-bom/3.2.2/spring-session-bom-3.2.2.pom
#14 -1102.813 [INFO] Downloaded from central: https://repo.maven.apache.org/maven2/org/springframework/session/spring-session-bom/3.2.2/spring-session-bom-3.2.2.pom (2.9 kB at 33 kB/s)
#14 -1102.808 [INFO] Downloading from central: https://repo.maven.apache.org/maven2/org/springframework/ws/spring-ws-bom/4.0.10/spring-ws-bom-4.0.10.pom
#14 -1102.712 [INFO] Downloaded from central: https://repo.maven.apache.org/maven2/org/springframework/ws/spring-ws-bom/4.0.10/spring-ws-bom-4.0.10.pom (3.5 kB at 37 kB/s)
#14 -1102.704 [INFO] Downloading from central: https://repo.maven.apache.org/maven2/org/testcontainers/testcontainers-bom/1.19.7/testcontainers-bom-1.19.7.pom
#14 -1102.610 [INFO] Downloaded from central: https://repo.maven.apache.org/maven2/org/testcontainers/testcontainers-bom/1.19.7/testcontainers-bom-1.19.7.pom (10 kB at 111 kB/s)
#14 -1102.564 [INFO] ------------------------------------------------------------------------
#14 -1102.564 [INFO] Reactor Build Order:
#14 -1102.564 [INFO] 
#14 -1102.563 [INFO] elearning-backend                                                  [pom]
#14 -1102.563 [INFO] auth-server                                                        [jar]
#14 -1102.563 [INFO] resource-server                                                    [jar]
#14 -1102.558 [INFO] Downloading from central: https://repo.maven.apache.org/maven2/org/springframework/boot/spring-boot-maven-plugin/3.2.5/spring-boot-maven-plugin-3.2.5.pom
#14 -1102.430 [INFO] Downloaded from central: https://repo.maven.apache.org/maven2/org/springframework/boot/spring-boot-maven-plugin/3.2.5/spring-boot-maven-plugin-3.2.5.pom (4.2 kB at 33 kB/s)
#14 -1102.409 [INFO] Downloading from central: https://repo.maven.apache.org/maven2/org/springframework/boot/spring-boot-maven-plugin/3.2.5/spring-boot-maven-plugin-3.2.5.jar
#14 -1101.121 [INFO] Downloaded from central: https://repo.maven.apache.org/maven2/org/springframework/boot/spring-boot-maven-plugin/3.2.5/spring-boot-maven-plugin-3.2.5.jar (135 kB at 104 kB/s)
#14 -1101.110 [INFO] Downloading from central: https://repo.maven.apache.org/maven2/org/apache/maven/plugins/maven-clean-plugin/3.3.2/maven-clean-plugin-3.3.2.pom
#14 -1101.019 [INFO] Downloaded from central: https://repo.maven.apache.org/maven2/org/apache/maven/plugins/maven-clean-plugin/3.3.2/maven-clean-plugin-3.3.2.pom (5.3 kB at 59 kB/s)
#14 -1101.016 [INFO] Downloading from central: https://repo.maven.apache.org/maven2/org/apache/maven/plugins/maven-plugins/40/maven-plugins-40.pom
#14 -1100.915 [INFO] Downloaded from central: https://repo.maven.apache.org/maven2/org/apache/maven/plugins/maven-plugins/40/maven-plugins-40.pom (8.1 kB at 79 kB/s)
#14 -1100.913 [INFO] Downloading from central: https://repo.maven.apache.org/maven2/org/apache/maven/maven-parent/40/maven-parent-40.pom
#14 -1100.772 [INFO] Downloaded from central: https://repo.maven.apache.org/maven2/org/apache/maven/maven-parent/40/maven-parent-40.pom (49 kB at 349 kB/s)
#14 -1100.759 [INFO] Downloading from central: https://repo.maven.apache.org/maven2/org/apache/maven/plugins/maven-clean-plugin/3.3.2/maven-clean-plugin-3.3.2.jar
#14 -1100.486 [INFO] Downloaded from central: https://repo.maven.apache.org/maven2/org/apache/maven/plugins/maven-clean-plugin/3.3.2/maven-clean-plugin-3.3.2.jar (36 kB at 133 kB/s)
#14 -1100.482 [INFO] Downloading from central: https://repo.maven.apache.org/maven2/org/apache/maven/plugins/maven-install-plugin/3.1.1/maven-install-plugin-3.1.1.pom
#14 -1100.365 [INFO] Downloaded from central: https://repo.maven.apache.org/maven2/org/apache/maven/plugins/maven-install-plugin/3.1.1/maven-install-plugin-3.1.1.pom (7.8 kB at 67 kB/s)
#14 -1100.360 [INFO] Downloading from central: https://repo.maven.apache.org/maven2/org/apache/maven/plugins/maven-plugins/39/maven-plugins-39.pom
#14 -1100.276 [INFO] Downloaded from central: https://repo.maven.apache.org/maven2/org/apache/maven/plugins/maven-plugins/39/maven-plugins-39.pom (8.1 kB at 96 kB/s)
#14 -1100.269 [INFO] Downloading from central: https://repo.maven.apache.org/maven2/org/apache/maven/maven-parent/39/maven-parent-39.pom
#14 -1100.108 [INFO] Downloaded from central: https://repo.maven.apache.org/maven2/org/apache/maven/maven-parent/39/maven-parent-39.pom (48 kB at 300 kB/s)
#14 -1100.096 [INFO] Downloading from central: https://repo.maven.apache.org/maven2/org/apache/apache/29/apache-29.pom
#14 -1099.977 [INFO] Downloaded from central: https://repo.maven.apache.org/maven2/org/apache/apache/29/apache-29.pom (21 kB at 176 kB/s)
#14 -1099.967 [INFO] Downloading from central: https://repo.maven.apache.org/maven2/org/apache/maven/plugins/maven-install-plugin/3.1.1/maven-install-plugin-3.1.1.jar
#14 -1099.737 [INFO] Downloaded from central: https://repo.maven.apache.org/maven2/org/apache/maven/plugins/maven-install-plugin/3.1.1/maven-install-plugin-3.1.1.jar (31 kB at 136 kB/s)
#14 -1099.733 [INFO] Downloading from central: https://repo.maven.apache.org/maven2/org/apache/maven/plugins/maven-deploy-plugin/3.1.1/maven-deploy-plugin-3.1.1.pom
#14 19.36 [INFO] Downloaded from central: https://repo.maven.apache.org/maven2/org/apache/maven/plugins/maven-deploy-plugin/3.1.1/maven-deploy-plugin-3.1.1.pom (8.9 kB at 7 B/s)
#14 19.37 [INFO] Downloading from central: https://repo.maven.apache.org/maven2/org/apache/maven/plugins/maven-deploy-plugin/3.1.1/maven-deploy-plugin-3.1.1.jar
#14 19.63 [INFO] Downloaded from central: https://repo.maven.apache.org/maven2/org/apache/maven/plugins/maven-deploy-plugin/3.1.1/maven-deploy-plugin-3.1.1.jar (39 kB at 151 kB/s)
#14 19.63 [INFO] Downloading from central: https://repo.maven.apache.org/maven2/org/apache/maven/plugins/maven-site-plugin/3.12.1/maven-site-plugin-3.12.1.pom
#14 19.78 [INFO] Downloaded from central: https://repo.maven.apache.org/maven2/org/apache/maven/plugins/maven-site-plugin/3.12.1/maven-site-plugin-3.12.1.pom (20 kB at 136 kB/s)
#14 19.78 [INFO] Downloading from central: https://repo.maven.apache.org/maven2/org/apache/maven/plugins/maven-plugins/36/maven-plugins-36.pom
#14 20.04 [INFO] Downloaded from central: https://repo.maven.apache.org/maven2/org/apache/maven/plugins/maven-plugins/36/maven-plugins-36.pom (9.9 kB at 38 kB/s)
#14 20.05 [INFO] Downloading from central: https://repo.maven.apache.org/maven2/org/apache/maven/maven-parent/36/maven-parent-36.pom
#14 20.16 [INFO] Downloaded from central: https://repo.maven.apache.org/maven2/org/apache/maven/maven-parent/36/maven-parent-36.pom (45 kB at 413 kB/s)
#14 20.17 [INFO] Downloading from central: https://repo.maven.apache.org/maven2/org/apache/apache/26/apache-26.pom
#14 20.30 [INFO] Downloaded from central: https://repo.maven.apache.org/maven2/org/apache/apache/26/apache-26.pom (21 kB at 148 kB/s)
#14 20.31 [INFO] Downloading from central: https://repo.maven.apache.org/maven2/org/apache/maven/plugins/maven-site-plugin/3.12.1/maven-site-plugin-3.12.1.jar
#14 20.92 [INFO] Downloaded from central: https://repo.maven.apache.org/maven2/org/apache/maven/plugins/maven-site-plugin/3.12.1/maven-site-plugin-3.12.1.jar (119 kB at 194 kB/s)
#14 20.93 [INFO] Downloading from central: https://repo.maven.apache.org/maven2/org/codehaus/mojo/build-helper-maven-plugin/3.4.0/build-helper-maven-plugin-3.4.0.pom
#14 21.01 [INFO] Downloaded from central: https://repo.maven.apache.org/maven2/org/codehaus/mojo/build-helper-maven-plugin/3.4.0/build-helper-maven-plugin-3.4.0.pom (7.6 kB at 89 kB/s)
#14 21.02 [INFO] Downloading from central: https://repo.maven.apache.org/maven2/org/codehaus/mojo/mojo-parent/74/mojo-parent-74.pom
#14 21.11 [INFO] Downloaded from central: https://repo.maven.apache.org/maven2/org/codehaus/mojo/mojo-parent/74/mojo-parent-74.pom (36 kB at 396 kB/s)
#14 21.11 [INFO] Downloading from central: https://repo.maven.apache.org/maven2/org/junit/junit-bom/5.9.2/junit-bom-5.9.2.pom
#14 21.20 [INFO] Downloaded from central: https://repo.maven.apache.org/maven2/org/junit/junit-bom/5.9.2/junit-bom-5.9.2.pom (5.6 kB at 65 kB/s)
#14 21.20 [INFO] Downloading from central: https://repo.maven.apache.org/maven2/org/codehaus/mojo/build-helper-maven-plugin/3.4.0/build-helper-maven-plugin-3.4.0.jar
#14 21.59 [INFO] Downloaded from central: https://repo.maven.apache.org/maven2/org/codehaus/mojo/build-helper-maven-plugin/3.4.0/build-helper-maven-plugin-3.4.0.jar (70 kB at 178 kB/s)
#14 21.60 [INFO] Downloading from central: https://repo.maven.apache.org/maven2/org/flywaydb/flyway-maven-plugin/9.22.3/flyway-maven-plugin-9.22.3.pom
#14 21.69 [INFO] Downloaded from central: https://repo.maven.apache.org/maven2/org/flywaydb/flyway-maven-plugin/9.22.3/flyway-maven-plugin-9.22.3.pom (4.4 kB at 49 kB/s)
#14 21.69 [INFO] Downloading from central: https://repo.maven.apache.org/maven2/org/flywaydb/flyway-parent/9.22.3/flyway-parent-9.22.3.pom
#14 21.82 [INFO] Downloaded from central: https://repo.maven.apache.org/maven2/org/flywaydb/flyway-parent/9.22.3/flyway-parent-9.22.3.pom (35 kB at 268 kB/s)
#14 21.83 [INFO] Downloading from central: https://repo.maven.apache.org/maven2/org/flywaydb/flyway-maven-plugin/9.22.3/flyway-maven-plugin-9.22.3.jar
#14 22.36 [INFO] Downloaded from central: https://repo.maven.apache.org/maven2/org/flywaydb/flyway-maven-plugin/9.22.3/flyway-maven-plugin-9.22.3.jar (112 kB at 213 kB/s)
#14 22.36 [INFO] Downloading from central: https://repo.maven.apache.org/maven2/io/github/git-commit-id/git-commit-id-maven-plugin/6.0.0/git-commit-id-maven-plugin-6.0.0.pom
#14 22.46 [INFO] Downloaded from central: https://repo.maven.apache.org/maven2/io/github/git-commit-id/git-commit-id-maven-plugin/6.0.0/git-commit-id-maven-plugin-6.0.0.pom (25 kB at 257 kB/s)
#14 22.46 [INFO] Downloading from central: https://repo.maven.apache.org/maven2/org/sonatype/oss/oss-parent/9/oss-parent-9.pom
#14 22.57 [INFO] Downloaded from central: https://repo.maven.apache.org/maven2/org/sonatype/oss/oss-parent/9/oss-parent-9.pom (6.6 kB at 63 kB/s)
#14 22.57 [INFO] Downloading from central: https://repo.maven.apache.org/maven2/io/github/git-commit-id/git-commit-id-maven-plugin/6.0.0/git-commit-id-maven-plugin-6.0.0.jar
#14 22.83 [INFO] Downloaded from central: https://repo.maven.apache.org/maven2/io/github/git-commit-id/git-commit-id-maven-plugin/6.0.0/git-commit-id-maven-plugin-6.0.0.jar (56 kB at 216 kB/s)
#14 22.83 [INFO] Downloading from central: https://repo.maven.apache.org/maven2/org/jooq/jooq-codegen-maven/3.18.14/jooq-codegen-maven-3.18.14.pom
#14 23.01 [INFO] Downloaded from central: https://repo.maven.apache.org/maven2/org/jooq/jooq-codegen-maven/3.18.14/jooq-codegen-maven-3.18.14.pom (4.5 kB at 25 kB/s)
#14 23.01 [INFO] Downloading from central: https://repo.maven.apache.org/maven2/org/jooq/jooq-parent/3.18.14/jooq-parent-3.18.14.pom
#14 23.12 [INFO] Downloaded from central: https://repo.maven.apache.org/maven2/org/jooq/jooq-parent/3.18.14/jooq-parent-3.18.14.pom (38 kB at 351 kB/s)
#14 23.12 [INFO] Downloading from central: https://repo.maven.apache.org/maven2/org/jooq/jooq-codegen-maven/3.18.14/jooq-codegen-maven-3.18.14.jar
#14 23.33 [INFO] Downloaded from central: https://repo.maven.apache.org/maven2/org/jooq/jooq-codegen-maven/3.18.14/jooq-codegen-maven-3.18.14.jar (18 kB at 87 kB/s)
#14 23.33 [INFO] Downloading from central: https://repo.maven.apache.org/maven2/org/jetbrains/kotlin/kotlin-maven-plugin/1.9.23/kotlin-maven-plugin-1.9.23.pom
#14 23.42 [INFO] Downloaded from central: https://repo.maven.apache.org/maven2/org/jetbrains/kotlin/kotlin-maven-plugin/1.9.23/kotlin-maven-plugin-1.9.23.pom (6.7 kB at 80 kB/s)
#14 23.42 [INFO] Downloading from central: https://repo.maven.apache.org/maven2/org/jetbrains/kotlin/kotlin-project/1.9.23/kotlin-project-1.9.23.pom
#14 23.50 [INFO] Downloaded from central: https://repo.maven.apache.org/maven2/org/jetbrains/kotlin/kotlin-project/1.9.23/kotlin-project-1.9.23.pom (16 kB at 195 kB/s)
#14 23.50 [INFO] Downloading from central: https://repo.maven.apache.org/maven2/org/jetbrains/kotlin/kotlin-maven-plugin/1.9.23/kotlin-maven-plugin-1.9.23.jar
#14 23.92 [INFO] Downloaded from central: https://repo.maven.apache.org/maven2/org/jetbrains/kotlin/kotlin-maven-plugin/1.9.23/kotlin-maven-plugin-1.9.23.jar (82 kB at 195 kB/s)
#14 23.93 [INFO] Downloading from central: https://repo.maven.apache.org/maven2/org/liquibase/liquibase-maven-plugin/4.24.0/liquibase-maven-plugin-4.24.0.pom
#14 24.00 [INFO] Downloaded from central: https://repo.maven.apache.org/maven2/org/liquibase/liquibase-maven-plugin/4.24.0/liquibase-maven-plugin-4.24.0.pom (2.0 kB at 27 kB/s)
#14 24.01 [INFO] Downloading from central: https://repo.maven.apache.org/maven2/org/liquibase/liquibase-maven-plugin/4.24.0/liquibase-maven-plugin-4.24.0.jar
#14 24.62 [INFO] Downloaded from central: https://repo.maven.apache.org/maven2/org/liquibase/liquibase-maven-plugin/4.24.0/liquibase-maven-plugin-4.24.0.jar (161 kB at 262 kB/s)
#14 24.64 [INFO] Downloading from central: https://repo.maven.apache.org/maven2/org/apache/maven/plugins/maven-antrun-plugin/3.1.0/maven-antrun-plugin-3.1.0.pom
#14 24.73 [INFO] Downloaded from central: https://repo.maven.apache.org/maven2/org/apache/maven/plugins/maven-antrun-plugin/3.1.0/maven-antrun-plugin-3.1.0.pom (9.1 kB at 111 kB/s)
#14 24.73 [INFO] Downloading from central: https://repo.maven.apache.org/maven2/org/apache/maven/plugins/maven-plugins/34/maven-plugins-34.pom
#14 24.82 [INFO] Downloaded from central: https://repo.maven.apache.org/maven2/org/apache/maven/plugins/maven-plugins/34/maven-plugins-34.pom (11 kB at 123 kB/s)
#14 24.82 [INFO] Downloading from central: https://repo.maven.apache.org/maven2/org/apache/maven/maven-parent/34/maven-parent-34.pom
#14 24.92 [INFO] Downloaded from central: https://repo.maven.apache.org/maven2/org/apache/maven/maven-parent/34/maven-parent-34.pom (43 kB at 442 kB/s)
#14 24.92 [INFO] Downloading from central: https://repo.maven.apache.org/maven2/org/apache/apache/23/apache-23.pom
#14 25.00 [INFO] Downloaded from central: https://repo.maven.apache.org/maven2/org/apache/apache/23/apache-23.pom (18 kB at 214 kB/s)
#14 25.01 [INFO] Downloading from central: https://repo.maven.apache.org/maven2/org/apache/maven/plugins/maven-antrun-plugin/3.1.0/maven-antrun-plugin-3.1.0.jar
#14 25.21 [INFO] Downloaded from central: https://repo.maven.apache.org/maven2/org/apache/maven/plugins/maven-antrun-plugin/3.1.0/maven-antrun-plugin-3.1.0.jar (41 kB at 210 kB/s)
#14 25.21 [INFO] Downloading from central: https://repo.maven.apache.org/maven2/org/apache/maven/plugins/maven-assembly-plugin/3.6.0/maven-assembly-plugin-3.6.0.pom
#14 25.30 [INFO] Downloaded from central: https://repo.maven.apache.org/maven2/org/apache/maven/plugins/maven-assembly-plugin/3.6.0/maven-assembly-plugin-3.6.0.pom (15 kB at 164 kB/s)
#14 25.30 [INFO] Downloading from central: https://repo.maven.apache.org/maven2/org/apache/maven/plugins/maven-assembly-plugin/3.6.0/maven-assembly-plugin-3.6.0.jar
#14 26.04 [INFO] Downloaded from central: https://repo.maven.apache.org/maven2/org/apache/maven/plugins/maven-assembly-plugin/3.6.0/maven-assembly-plugin-3.6.0.jar (236 kB at 322 kB/s)
#14 26.04 [INFO] Downloading from central: https://repo.maven.apache.org/maven2/org/apache/maven/plugins/maven-compiler-plugin/3.11.0/maven-compiler-plugin-3.11.0.pom
#14 26.11 [INFO] Downloaded from central: https://repo.maven.apache.org/maven2/org/apache/maven/plugins/maven-compiler-plugin/3.11.0/maven-compiler-plugin-3.11.0.pom (9.8 kB at 133 kB/s)
#14 26.12 [INFO] Downloading from central: https://repo.maven.apache.org/maven2/org/apache/maven/plugins/maven-compiler-plugin/3.11.0/maven-compiler-plugin-3.11.0.jar
#14 26.35 [INFO] Downloaded from central: https://repo.maven.apache.org/maven2/org/apache/maven/plugins/maven-compiler-plugin/3.11.0/maven-compiler-plugin-3.11.0.jar (66 kB at 281 kB/s)
#14 26.36 [INFO] Downloading from central: https://repo.maven.apache.org/maven2/org/apache/maven/plugins/maven-dependency-plugin/3.6.1/maven-dependency-plugin-3.6.1.pom
#14 26.45 [INFO] Downloaded from central: https://repo.maven.apache.org/maven2/org/apache/maven/plugins/maven-dependency-plugin/3.6.1/maven-dependency-plugin-3.6.1.pom (18 kB at 202 kB/s)
#14 26.46 [INFO] Downloading from central: https://repo.maven.apache.org/maven2/org/apache/maven/plugins/maven-dependency-plugin/3.6.1/maven-dependency-plugin-3.6.1.jar
#14 26.98 [INFO] Downloaded from central: https://repo.maven.apache.org/maven2/org/apache/maven/plugins/maven-dependency-plugin/3.6.1/maven-dependency-plugin-3.6.1.jar (191 kB at 363 kB/s)
#14 27.00 [INFO] 
#14 27.00 [INFO] ------------------< com.elearning:elearning-backend >-------------------
#14 27.00 [INFO] Building elearning-backend 0.0.1-SNAPSHOT                          [1/3]
#14 27.00 [INFO]   from pom.xml
#14 27.00 [INFO] --------------------------------[ pom ]---------------------------------
#14 27.01 [INFO] 
#14 27.01 [INFO] --- dependency:3.6.1:go-offline (default-cli) @ elearning-backend ---
#14 27.02 [INFO] Downloading from central: https://repo.maven.apache.org/maven2/org/apache/maven/doxia/doxia-sink-api/1.11.1/doxia-sink-api-1.11.1.pom
#14 27.09 [INFO] Downloaded from central: https://repo.maven.apache.org/maven2/org/apache/maven/doxia/doxia-sink-api/1.11.1/doxia-sink-api-1.11.1.pom (1.6 kB at 21 kB/s)
#14 27.10 [INFO] Downloading from central: https://repo.maven.apache.org/maven2/org/apache/maven/doxia/doxia/1.11.1/doxia-1.11.1.pom
#14 27.18 [INFO] Downloaded from central: https://repo.maven.apache.org/maven2/org/apache/maven/doxia/doxia/1.11.1/doxia-1.11.1.pom (18 kB at 225 kB/s)
#14 27.19 [INFO] Downloading from central: https://repo.maven.apache.org/maven2/org/apache/maven/doxia/doxia-logging-api/1.11.1/doxia-logging-api-1.11.1.pom
#14 27.26 [INFO] Downloaded from central: https://repo.maven.apache.org/maven2/org/apache/maven/doxia/doxia-logging-api/1.11.1/doxia-logging-api-1.11.1.pom (1.6 kB at 22 kB/s)
#14 27.27 [INFO] Downloading from central: https://repo.maven.apache.org/maven2/org/apache/maven/reporting/maven-reporting-api/3.1.1/maven-reporting-api-3.1.1.pom
#14 27.35 [INFO] Downloaded from central: https://repo.maven.apache.org/maven2/org/apache/maven/reporting/maven-reporting-api/3.1.1/maven-reporting-api-3.1.1.pom (3.8 kB at 50 kB/s)
#14 27.35 [INFO] Downloading from central: https://repo.maven.apache.org/maven2/org/apache/maven/shared/maven-shared-components/34/maven-shared-components-34.pom
#14 27.43 [INFO] Downloaded from central: https://repo.maven.apache.org/maven2/org/apache/maven/shared/maven-shared-components/34/maven-shared-components-34.pom (5.1 kB at 65 kB/s)
#14 27.44 [INFO] Downloading from central: https://repo.maven.apache.org/maven2/org/apache/maven/reporting/maven-reporting-impl/3.2.0/maven-reporting-impl-3.2.0.pom
#14 27.55 [INFO] Downloaded from central: https://repo.maven.apache.org/maven2/org/apache/maven/reporting/maven-reporting-impl/3.2.0/maven-reporting-impl-3.2.0.pom (7.6 kB at 69 kB/s)
#14 27.56 [INFO] Downloading from central: https://repo.maven.apache.org/maven2/org/apache/maven/maven-core/3.1.0/maven-core-3.1.0.pom
#14 27.66 [INFO] Downloaded from central: https://repo.maven.apache.org/maven2/org/apache/maven/maven-core/3.1.0/maven-core-3.1.0.pom (6.9 kB at 67 kB/s)
#14 27.67 [INFO] Downloading from central: https://repo.maven.apache.org/maven2/org/apache/maven/maven/3.1.0/maven-3.1.0.pom
#14 27.75 [INFO] Downloaded from central: https://repo.maven.apache.org/maven2/org/apache/maven/maven/3.1.0/maven-3.1.0.pom (22 kB at 276 kB/s)
#14 27.75 [INFO] Downloading from central: https://repo.maven.apache.org/maven2/org/apache/maven/maven-parent/23/maven-parent-23.pom
#14 27.85 [INFO] Downloaded from central: https://repo.maven.apache.org/maven2/org/apache/maven/maven-parent/23/maven-parent-23.pom (33 kB at 350 kB/s)
#14 27.86 [INFO] Downloading from central: https://repo.maven.apache.org/maven2/org/apache/apache/13/apache-13.pom
#14 27.95 [INFO] Downloaded from central: https://repo.maven.apache.org/maven2/org/apache/apache/13/apache-13.pom (14 kB at 152 kB/s)
#14 27.96 [INFO] Downloading from central: https://repo.maven.apache.org/maven2/org/apache/maven/maven-model/3.1.0/maven-model-3.1.0.pom
#14 28.04 [INFO] Downloaded from central: https://repo.maven.apache.org/maven2/org/apache/maven/maven-model/3.1.0/maven-model-3.1.0.pom (3.8 kB at 46 kB/s)
#14 28.06 [INFO] Downloading from central: https://repo.maven.apache.org/maven2/org/codehaus/plexus/plexus-utils/4.0.0/plexus-utils-4.0.0.pom
#14 28.14 [INFO] Downloaded from central: https://repo.maven.apache.org/maven2/org/codehaus/plexus/plexus-utils/4.0.0/plexus-utils-4.0.0.pom (8.7 kB at 108 kB/s)
#14 28.15 [INFO] Downloading from central: https://repo.maven.apache.org/maven2/org/codehaus/plexus/plexus/13/plexus-13.pom
#14 28.23 [INFO] Downloaded from central: https://repo.maven.apache.org/maven2/org/codehaus/plexus/plexus/13/plexus-13.pom (27 kB at 342 kB/s)
#14 28.23 [INFO] Downloading from central: https://repo.maven.apache.org/maven2/org/junit/junit-bom/5.9.3/junit-bom-5.9.3.pom
#14 28.33 [INFO] Downloaded from central: https://repo.maven.apache.org/maven2/org/junit/junit-bom/5.9.3/junit-bom-5.9.3.pom (5.6 kB at 61 kB/s)
#14 28.34 [INFO] Downloading from central: https://repo.maven.apache.org/maven2/org/apache/maven/maven-settings/3.1.0/maven-settings-3.1.0.pom
#14 28.42 [INFO] Downloaded from central: https://repo.maven.apache.org/maven2/org/apache/maven/maven-settings/3.1.0/maven-settings-3.1.0.pom (1.8 kB at 22 kB/s)
#14 28.43 [INFO] Downloading from central: https://repo.maven.apache.org/maven2/org/apache/maven/maven-settings-builder/3.1.0/maven-settings-builder-3.1.0.pom
#14 28.53 [INFO] Downloaded from central: https://repo.maven.apache.org/maven2/org/apache/maven/maven-settings-builder/3.1.0/maven-settings-builder-3.1.0.pom (2.3 kB at 22 kB/s)
#14 28.54 [INFO] Downloading from central: https://repo.maven.apache.org/maven2/org/codehaus/plexus/plexus-interpolation/1.16/plexus-interpolation-1.16.pom
#14 28.68 [INFO] Downloaded from central: https://repo.maven.apache.org/maven2/org/codehaus/plexus/plexus-interpolation/1.16/plexus-interpolation-1.16.pom (1.0 kB at 7.6 kB/s)
#14 28.68 [INFO] Downloading from central: https://repo.maven.apache.org/maven2/org/codehaus/plexus/plexus-components/1.3/plexus-components-1.3.pom
#14 28.77 [INFO] Downloaded from central: https://repo.maven.apache.org/maven2/org/codehaus/plexus/plexus-components/1.3/plexus-components-1.3.pom (3.1 kB at 33 kB/s)
#14 28.78 [INFO] Downloading from central: https://repo.maven.apache.org/maven2/org/codehaus/plexus/plexus/3.3/plexus-3.3.pom
#14 28.86 [INFO] Downloaded from central: https://repo.maven.apache.org/maven2/org/codehaus/plexus/plexus/3.3/plexus-3.3.pom (20 kB at 243 kB/s)
#14 28.86 [INFO] Downloading from central: https://repo.maven.apache.org/maven2/org/sonatype/spice/spice-parent/17/spice-parent-17.pom
#14 28.94 [INFO] Downloaded from central: https://repo.maven.apache.org/maven2/org/sonatype/spice/spice-parent/17/spice-parent-17.pom (6.8 kB at 83 kB/s)
#14 28.95 [INFO] Downloading from central: https://repo.maven.apache.org/maven2/org/sonatype/forge/forge-parent/10/forge-parent-10.pom
#14 29.02 [INFO] Downloaded from central: https://repo.maven.apache.org/maven2/org/sonatype/forge/forge-parent/10/forge-parent-10.pom (14 kB at 176 kB/s)
#14 29.03 [INFO] Downloading from central: https://repo.maven.apache.org/maven2/org/codehaus/plexus/plexus-component-annotations/1.5.5/plexus-component-annotations-1.5.5.pom
#14 29.12 [INFO] Downloaded from central: https://repo.maven.apache.org/maven2/org/codehaus/plexus/plexus-component-annotations/1.5.5/plexus-component-annotations-1.5.5.pom (815 B at 9.3 kB/s)
#14 29.13 [INFO] Downloading from central: https://repo.maven.apache.org/maven2/org/codehaus/plexus/plexus-containers/1.5.5/plexus-containers-1.5.5.pom
#14 29.21 [INFO] Downloaded from central: https://repo.maven.apache.org/maven2/org/codehaus/plexus/plexus-containers/1.5.5/plexus-containers-1.5.5.pom (4.2 kB at 49 kB/s)
#14 29.22 [INFO] Downloading from central: https://repo.maven.apache.org/maven2/org/codehaus/plexus/plexus/2.0.7/plexus-2.0.7.pom
#14 29.39 [INFO] Downloaded from central: https://repo.maven.apache.org/maven2/org/codehaus/plexus/plexus/2.0.7/plexus-2.0.7.pom (17 kB at 98 kB/s)
#14 29.40 [INFO] Downloading from central: https://repo.maven.apache.org/maven2/org/sonatype/plexus/plexus-sec-dispatcher/1.3/plexus-sec-dispatcher-1.3.pom
#14 29.49 [INFO] Downloaded from central: https://repo.maven.apache.org/maven2/org/sonatype/plexus/plexus-sec-dispatcher/1.3/plexus-sec-dispatcher-1.3.pom (3.0 kB at 36 kB/s)
#14 29.49 [INFO] Downloading from central: https://repo.maven.apache.org/maven2/org/sonatype/spice/spice-parent/12/spice-parent-12.pom
#14 29.58 [INFO] Downloaded from central: https://repo.maven.apache.org/maven2/org/sonatype/spice/spice-parent/12/spice-parent-12.pom (6.8 kB at 76 kB/s)
#14 29.59 [INFO] Downloading from central: https://repo.maven.apache.org/maven2/org/sonatype/forge/forge-parent/4/forge-parent-4.pom
#14 29.67 [INFO] Downloaded from central: https://repo.maven.apache.org/maven2/org/sonatype/forge/forge-parent/4/forge-parent-4.pom (8.4 kB at 102 kB/s)
#14 29.68 [INFO] Downloading from central: https://repo.maven.apache.org/maven2/org/sonatype/plexus/plexus-cipher/1.4/plexus-cipher-1.4.pom
#14 29.75 [INFO] Downloaded from central: https://repo.maven.apache.org/maven2/org/sonatype/plexus/plexus-cipher/1.4/plexus-cipher-1.4.pom (2.1 kB at 28 kB/s)
#14 29.75 [INFO] Downloading from central: https://repo.maven.apache.org/maven2/org/apache/maven/maven-repository-metadata/3.1.0/maven-repository-metadata-3.1.0.pom
#14 29.83 [INFO] Downloaded from central: https://repo.maven.apache.org/maven2/org/apache/maven/maven-repository-metadata/3.1.0/maven-repository-metadata-3.1.0.pom (1.9 kB at 24 kB/s)
#14 29.84 [INFO] Downloading from central: https://repo.maven.apache.org/maven2/org/apache/maven/maven-artifact/3.1.0/maven-artifact-3.1.0.pom
#14 29.92 [INFO] Downloaded from central: https://repo.maven.apache.org/maven2/org/apache/maven/maven-artifact/3.1.0/maven-artifact-3.1.0.pom (1.6 kB at 20 kB/s)
#14 29.93 [INFO] Downloading from central: https://repo.maven.apache.org/maven2/org/apache/maven/maven-plugin-api/3.1.0/maven-plugin-api-3.1.0.pom
#14 30.01 [INFO] Downloaded from central: https://repo.maven.apache.org/maven2/org/apache/maven/maven-plugin-api/3.1.0/maven-plugin-api-3.1.0.pom (3.0 kB at 37 kB/s)
#14 30.01 [INFO] Downloading from central: https://repo.maven.apache.org/maven2/org/eclipse/sisu/org.eclipse.sisu.plexus/0.3.0.M1/org.eclipse.sisu.plexus-0.3.0.M1.pom
#14 30.10 [INFO] Downloaded from central: https://repo.maven.apache.org/maven2/org/eclipse/sisu/org.eclipse.sisu.plexus/0.3.0.M1/org.eclipse.sisu.plexus-0.3.0.M1.pom (4.7 kB at 55 kB/s)
#14 30.10 [INFO] Downloading from central: https://repo.maven.apache.org/maven2/org/eclipse/sisu/sisu-plexus/0.3.0.M1/sisu-plexus-0.3.0.M1.pom
#14 30.19 [INFO] Downloaded from central: https://repo.maven.apache.org/maven2/org/eclipse/sisu/sisu-plexus/0.3.0.M1/sisu-plexus-0.3.0.M1.pom (13 kB at 158 kB/s)
#14 30.19 [INFO] Downloading from central: https://repo.maven.apache.org/maven2/javax/enterprise/cdi-api/1.0/cdi-api-1.0.pom
#14 30.32 [INFO] Downloaded from central: https://repo.maven.apache.org/maven2/javax/enterprise/cdi-api/1.0/cdi-api-1.0.pom (1.4 kB at 11 kB/s)
#14 30.33 [INFO] Downloading from central: https://repo.maven.apache.org/maven2/org/jboss/weld/weld-api-parent/1.0/weld-api-parent-1.0.pom
#14 30.43 [INFO] Downloaded from central: https://repo.maven.apache.org/maven2/org/jboss/weld/weld-api-parent/1.0/weld-api-parent-1.0.pom (2.4 kB at 24 kB/s)
#14 30.43 [INFO] Downloading from central: https://repo.maven.apache.org/maven2/org/jboss/weld/weld-api-bom/1.0/weld-api-bom-1.0.pom
#14 30.53 [INFO] Downloaded from central: https://repo.maven.apache.org/maven2/org/jboss/weld/weld-api-bom/1.0/weld-api-bom-1.0.pom (7.9 kB at 85 kB/s)
#14 30.53 [INFO] Downloading from central: https://repo.maven.apache.org/maven2/org/jboss/weld/weld-parent/6/weld-parent-6.pom
#14 30.62 [INFO] Downloaded from central: https://repo.maven.apache.org/maven2/org/jboss/weld/weld-parent/6/weld-parent-6.pom (21 kB at 243 kB/s)
#14 30.63 [INFO] Downloading from central: https://repo.maven.apache.org/maven2/javax/annotation/jsr250-api/1.0/jsr250-api-1.0.pom
#14 30.72 [INFO] Downloaded from central: https://repo.maven.apache.org/maven2/javax/annotation/jsr250-api/1.0/jsr250-api-1.0.pom (1.0 kB at 11 kB/s)
#14 30.72 [INFO] Downloading from central: https://repo.maven.apache.org/maven2/javax/inject/javax.inject/1/javax.inject-1.pom
#14 30.80 [INFO] Downloaded from central: https://repo.maven.apache.org/maven2/javax/inject/javax.inject/1/javax.inject-1.pom (612 B at 7.5 kB/s)
#14 30.80 [INFO] Downloading from central: https://repo.maven.apache.org/maven2/org/eclipse/sisu/org.eclipse.sisu.inject/0.3.0.M1/org.eclipse.sisu.inject-0.3.0.M1.pom
#14 30.89 [INFO] Downloaded from central: https://repo.maven.apache.org/maven2/org/eclipse/sisu/org.eclipse.sisu.inject/0.3.0.M1/org.eclipse.sisu.inject-0.3.0.M1.pom (2.5 kB at 31 kB/s)
#14 30.89 [INFO] Downloading from central: https://repo.maven.apache.org/maven2/org/eclipse/sisu/sisu-inject/0.3.0.M1/sisu-inject-0.3.0.M1.pom
#14 31.00 [INFO] Downloaded from central: https://repo.maven.apache.org/maven2/org/eclipse/sisu/sisu-inject/0.3.0.M1/sisu-inject-0.3.0.M1.pom (14 kB at 136 kB/s)
#14 31.00 [INFO] Downloading from central: https://repo.maven.apache.org/maven2/org/codehaus/plexus/plexus-classworlds/2.5.1/plexus-classworlds-2.5.1.pom
#14 31.10 [INFO] Downloaded from central: https://repo.maven.apache.org/maven2/org/codehaus/plexus/plexus-classworlds/2.5.1/plexus-classworlds-2.5.1.pom (5.0 kB at 53 kB/s)
#14 31.10 [INFO] Downloading from central: https://repo.maven.apache.org/maven2/org/codehaus/plexus/plexus/3.3.1/plexus-3.3.1.pom
#14 31.17 [INFO] Downloaded from central: https://repo.maven.apache.org/maven2/org/codehaus/plexus/plexus/3.3.1/plexus-3.3.1.pom (20 kB at 284 kB/s)
#14 31.18 [INFO] Downloading from central: https://repo.maven.apache.org/maven2/org/apache/maven/maven-model-builder/3.1.0/maven-model-builder-3.1.0.pom
#14 31.27 [INFO] Downloaded from central: https://repo.maven.apache.org/maven2/org/apache/maven/maven-model-builder/3.1.0/maven-model-builder-3.1.0.pom (2.5 kB at 27 kB/s)
#14 31.27 [INFO] Downloading from central: https://repo.maven.apache.org/maven2/org/apache/maven/maven-aether-provider/3.1.0/maven-aether-provider-3.1.0.pom
#14 31.36 [INFO] Downloaded from central: https://repo.maven.apache.org/maven2/org/apache/maven/maven-aether-provider/3.1.0/maven-aether-provider-3.1.0.pom (3.5 kB at 38 kB/s)
#14 31.37 [INFO] Downloading from central: https://repo.maven.apache.org/maven2/org/eclipse/aether/aether-api/0.9.0.M2/aether-api-0.9.0.M2.pom
#14 31.45 [INFO] Downloaded from central: https://repo.maven.apache.org/maven2/org/eclipse/aether/aether-api/0.9.0.M2/aether-api-0.9.0.M2.pom (1.7 kB at 22 kB/s)
#14 31.45 [INFO] Downloading from central: https://repo.maven.apache.org/maven2/org/eclipse/aether/aether/0.9.0.M2/aether-0.9.0.M2.pom
#14 31.54 [INFO] Downloaded from central: https://repo.maven.apache.org/maven2/org/eclipse/aether/aether/0.9.0.M2/aether-0.9.0.M2.pom (28 kB at 336 kB/s)
#14 31.54 [INFO] Downloading from central: https://repo.maven.apache.org/maven2/org/eclipse/aether/aether-spi/0.9.0.M2/aether-spi-0.9.0.M2.pom
#14 31.62 [INFO] Downloaded from central: https://repo.maven.apache.org/maven2/org/eclipse/aether/aether-spi/0.9.0.M2/aether-spi-0.9.0.M2.pom (1.8 kB at 21 kB/s)
#14 31.63 [INFO] Downloading from central: https://repo.maven.apache.org/maven2/org/eclipse/aether/aether-util/0.9.0.M2/aether-util-0.9.0.M2.pom
#14 31.72 [INFO] Downloaded from central: https://repo.maven.apache.org/maven2/org/eclipse/aether/aether-util/0.9.0.M2/aether-util-0.9.0.M2.pom (2.0 kB at 23 kB/s)
#14 31.72 [INFO] Downloading from central: https://repo.maven.apache.org/maven2/org/eclipse/aether/aether-impl/0.9.0.M2/aether-impl-0.9.0.M2.pom
#14 31.80 [INFO] Downloaded from central: https://repo.maven.apache.org/maven2/org/eclipse/aether/aether-impl/0.9.0.M2/aether-impl-0.9.0.M2.pom (3.3 kB at 46 kB/s)
#14 31.80 [INFO] Downloading from central: https://repo.maven.apache.org/maven2/org/codehaus/plexus/plexus-classworlds/2.4.2/plexus-classworlds-2.4.2.pom
#14 31.90 [INFO] Downloaded from central: https://repo.maven.apache.org/maven2/org/codehaus/plexus/plexus-classworlds/2.4.2/plexus-classworlds-2.4.2.pom (3.5 kB at 36 kB/s)
#14 31.90 [INFO] Downloading from central: https://repo.maven.apache.org/maven2/org/codehaus/plexus/plexus/3.0.1/plexus-3.0.1.pom
#14 32.00 [INFO] Downloaded from central: https://repo.maven.apache.org/maven2/org/codehaus/plexus/plexus/3.0.1/plexus-3.0.1.pom (19 kB at 200 kB/s)
#14 32.00 [INFO] Downloading from central: https://repo.maven.apache.org/maven2/org/apache/maven/shared/maven-shared-utils/3.3.4/maven-shared-utils-3.3.4.pom
#14 32.09 [INFO] Downloaded from central: https://repo.maven.apache.org/maven2/org/apache/maven/shared/maven-shared-utils/3.3.4/maven-shared-utils-3.3.4.pom (5.8 kB at 67 kB/s)
#14 32.09 [INFO] Downloading from central: https://repo.maven.apache.org/maven2/commons-io/commons-io/2.6/commons-io-2.6.pom
#14 32.17 [INFO] Downloaded from central: https://repo.maven.apache.org/maven2/commons-io/commons-io/2.6/commons-io-2.6.pom (14 kB at 183 kB/s)
#14 32.17 [INFO] Downloading from central: https://repo.maven.apache.org/maven2/org/apache/commons/commons-parent/42/commons-parent-42.pom
#14 32.28 [INFO] Downloaded from central: https://repo.maven.apache.org/maven2/org/apache/commons/commons-parent/42/commons-parent-42.pom (68 kB at 623 kB/s)
#14 32.29 [INFO] Downloading from central: https://repo.maven.apache.org/maven2/org/apache/apache/18/apache-18.pom
#14 32.39 [INFO] Downloaded from central: https://repo.maven.apache.org/maven2/org/apache/apache/18/apache-18.pom (16 kB at 160 kB/s)
#14 32.40 [INFO] Downloading from central: https://repo.maven.apache.org/maven2/org/apache/maven/doxia/doxia-decoration-model/1.11.1/doxia-decoration-model-1.11.1.pom
#14 32.47 [INFO] Downloaded from central: https://repo.maven.apache.org/maven2/org/apache/maven/doxia/doxia-decoration-model/1.11.1/doxia-decoration-model-1.11.1.pom (3.4 kB at 44 kB/s)
#14 32.48 [INFO] Downloading from central: https://repo.maven.apache.org/maven2/org/apache/maven/doxia/doxia-sitetools/1.11.1/doxia-sitetools-1.11.1.pom
#14 32.56 [INFO] Downloaded from central: https://repo.maven.apache.org/maven2/org/apache/maven/doxia/doxia-sitetools/1.11.1/doxia-sitetools-1.11.1.pom (14 kB at 158 kB/s)
#14 32.57 [INFO] Downloading from central: https://repo.maven.apache.org/maven2/org/codehaus/plexus/plexus-component-annotations/2.0.0/plexus-component-annotations-2.0.0.pom
#14 32.64 [INFO] Downloaded from central: https://repo.maven.apache.org/maven2/org/codehaus/plexus/plexus-component-annotations/2.0.0/plexus-component-annotations-2.0.0.pom (750 B at 10 kB/s)
#14 32.65 [INFO] Downloading from central: https://repo.maven.apache.org/maven2/org/codehaus/plexus/plexus-containers/2.0.0/plexus-containers-2.0.0.pom
#14 32.73 [INFO] Downloaded from central: https://repo.maven.apache.org/maven2/org/codehaus/plexus/plexus-containers/2.0.0/plexus-containers-2.0.0.pom (4.8 kB at 57 kB/s)
#14 32.73 [INFO] Downloading from central: https://repo.maven.apache.org/maven2/org/codehaus/plexus/plexus/5.1/plexus-5.1.pom
#14 32.82 [INFO] Downloaded from central: https://repo.maven.apache.org/maven2/org/codehaus/plexus/plexus/5.1/plexus-5.1.pom (23 kB at 271 kB/s)
#14 32.83 [INFO] Downloading from central: https://repo.maven.apache.org/maven2/org/apache/maven/doxia/doxia-core/1.11.1/doxia-core-1.11.1.pom
#14 32.93 [INFO] Downloaded from central: https://repo.maven.apache.org/maven2/org/apache/maven/doxia/doxia-core/1.11.1/doxia-core-1.11.1.pom (4.5 kB at 47 kB/s)
#14 32.94 [INFO] Downloading from central: https://repo.maven.apache.org/maven2/org/codehaus/plexus/plexus-component-annotations/2.1.0/plexus-component-annotations-2.1.0.pom
#14 33.06 [INFO] Downloaded from central: https://repo.maven.apache.org/maven2/org/codehaus/plexus/plexus-component-annotations/2.1.0/plexus-component-annotations-2.1.0.pom (750 B at 6.0 kB/s)
#14 33.07 [INFO] Downloading from central: https://repo.maven.apache.org/maven2/org/codehaus/plexus/plexus-containers/2.1.0/plexus-containers-2.1.0.pom
#14 33.18 [INFO] Downloaded from central: https://repo.maven.apache.org/maven2/org/codehaus/plexus/plexus-containers/2.1.0/plexus-containers-2.1.0.pom (4.8 kB at 41 kB/s)
#14 33.19 [INFO] Downloading from central: https://repo.maven.apache.org/maven2/org/apache/commons/commons-lang3/3.8.1/commons-lang3-3.8.1.pom
#14 33.31 [INFO] Downloaded from central: https://repo.maven.apache.org/maven2/org/apache/commons/commons-lang3/3.8.1/commons-lang3-3.8.1.pom (28 kB at 229 kB/s)
#14 33.31 [INFO] Downloading from central: https://repo.maven.apache.org/maven2/org/apache/commons/commons-parent/47/commons-parent-47.pom
#14 33.45 [INFO] Downloaded from central: https://repo.maven.apache.org/maven2/org/apache/commons/commons-parent/47/commons-parent-47.pom (78 kB at 583 kB/s)
#14 33.45 [INFO] Downloading from central: https://repo.maven.apache.org/maven2/org/apache/apache/19/apache-19.pom
#14 33.55 [INFO] Downloaded from central: https://repo.maven.apache.org/maven2/org/apache/apache/19/apache-19.pom (15 kB at 150 kB/s)
#14 33.56 [INFO] Downloading from central: https://repo.maven.apache.org/maven2/org/apache/commons/commons-text/1.10.0/commons-text-1.10.0.pom
#14 33.65 [INFO] Downloaded from central: https://repo.maven.apache.org/maven2/org/apache/commons/commons-text/1.10.0/commons-text-1.10.0.pom (21 kB at 224 kB/s)
#14 33.66 [INFO] Downloading from central: https://repo.maven.apache.org/maven2/org/apache/commons/commons-parent/54/commons-parent-54.pom
#14 33.78 [INFO] Downloaded from central: https://repo.maven.apache.org/maven2/org/apache/commons/commons-parent/54/commons-parent-54.pom (82 kB at 682 kB/s)
#14 33.79 [INFO] Downloading from central: https://repo.maven.apache.org/maven2/org/apache/apache/27/apache-27.pom
#14 33.89 [INFO] Downloaded from central: https://repo.maven.apache.org/maven2/org/apache/apache/27/apache-27.pom (20 kB at 204 kB/s)
#14 33.89 [INFO] Downloading from central: https://repo.maven.apache.org/maven2/org/junit/junit-bom/5.9.1/junit-bom-5.9.1.pom
#14 34.39 [INFO] Downloaded from central: https://repo.maven.apache.org/maven2/org/junit/junit-bom/5.9.1/junit-bom-5.9.1.pom (5.6 kB at 11 kB/s)
#14 34.39 [INFO] Downloading from central: https://repo.maven.apache.org/maven2/org/apache/commons/commons-lang3/3.12.0/commons-lang3-3.12.0.pom
#14 34.50 [INFO] Downloaded from central: https://repo.maven.apache.org/maven2/org/apache/commons/commons-lang3/3.12.0/commons-lang3-3.12.0.pom (31 kB at 304 kB/s)
#14 34.50 [INFO] Downloading from central: https://repo.maven.apache.org/maven2/org/apache/commons/commons-parent/52/commons-parent-52.pom
#14 34.60 [INFO] Downloaded from central: https://repo.maven.apache.org/maven2/org/apache/commons/commons-parent/52/commons-parent-52.pom (79 kB at 777 kB/s)
#14 34.61 [INFO] Downloading from central: https://repo.maven.apache.org/maven2/org/junit/junit-bom/5.7.1/junit-bom-5.7.1.pom
#14 34.68 [INFO] Downloaded from central: https://repo.maven.apache.org/maven2/org/junit/junit-bom/5.7.1/junit-bom-5.7.1.pom (5.1 kB at 72 kB/s)
#14 34.68 [INFO] Downloading from central: https://repo.maven.apache.org/maven2/org/apache/httpcomponents/httpclient/4.5.13/httpclient-4.5.13.pom
#14 34.78 [INFO] Downloaded from central: https://repo.maven.apache.org/maven2/org/apache/httpcomponents/httpclient/4.5.13/httpclient-4.5.13.pom (6.6 kB at 68 kB/s)
#14 34.78 [INFO] Downloading from central: https://repo.maven.apache.org/maven2/org/apache/httpcomponents/httpcomponents-client/4.5.13/httpcomponents-client-4.5.13.pom
#14 34.89 [INFO] Downloaded from central: https://repo.maven.apache.org/maven2/org/apache/httpcomponents/httpcomponents-client/4.5.13/httpcomponents-client-4.5.13.pom (16 kB at 146 kB/s)
#14 34.89 [INFO] Downloading from central: https://repo.maven.apache.org/maven2/org/apache/httpcomponents/httpcomponents-parent/11/httpcomponents-parent-11.pom
#14 34.98 [INFO] Downloaded from central: https://repo.maven.apache.org/maven2/org/apache/httpcomponents/httpcomponents-parent/11/httpcomponents-parent-11.pom (35 kB at 399 kB/s)
#14 34.99 [INFO] Downloading from central: https://repo.maven.apache.org/maven2/org/apache/apache/21/apache-21.pom
#14 35.12 [INFO] Downloaded from central: https://repo.maven.apache.org/maven2/org/apache/apache/21/apache-21.pom (17 kB at 123 kB/s)
#14 35.13 [INFO] Downloading from central: https://repo.maven.apache.org/maven2/org/apache/httpcomponents/httpcore/4.4.13/httpcore-4.4.13.pom
#14 35.26 [INFO] Downloaded from central: https://repo.maven.apache.org/maven2/org/apache/httpcomponents/httpcore/4.4.13/httpcore-4.4.13.pom (5.0 kB at 39 kB/s)
#14 35.26 [INFO] Downloading from central: https://repo.maven.apache.org/maven2/org/apache/httpcomponents/httpcomponents-core/4.4.13/httpcomponents-core-4.4.13.pom
#14 35.43 [INFO] Downloaded from central: https://repo.maven.apache.org/maven2/org/apache/httpcomponents/httpcomponents-core/4.4.13/httpcomponents-core-4.4.13.pom (13 kB at 79 kB/s)
#14 35.43 [INFO] Downloading from central: https://repo.maven.apache.org/maven2/commons-logging/commons-logging/1.2/commons-logging-1.2.pom
#14 35.61 [INFO] Downloaded from central: https://repo.maven.apache.org/maven2/commons-logging/commons-logging/1.2/commons-logging-1.2.pom (19 kB at 108 kB/s)
#14 35.61 [INFO] Downloading from central: https://repo.maven.apache.org/maven2/org/apache/commons/commons-parent/34/commons-parent-34.pom
#14 35.95 [INFO] Downloaded from central: https://repo.maven.apache.org/maven2/org/apache/commons/commons-parent/34/commons-parent-34.pom (56 kB at 165 kB/s)
#14 35.96 [INFO] Downloading from central: https://repo.maven.apache.org/maven2/commons-codec/commons-codec/1.11/commons-codec-1.11.pom
#14 36.12 [INFO] Downloaded from central: https://repo.maven.apache.org/maven2/commons-codec/commons-codec/1.11/commons-codec-1.11.pom (14 kB at 85 kB/s)
#14 36.13 [INFO] Downloading from central: https://repo.maven.apache.org/maven2/org/apache/httpcomponents/httpcore/4.4.14/httpcore-4.4.14.pom
#14 36.23 [INFO] Downloaded from central: https://repo.maven.apache.org/maven2/org/apache/httpcomponents/httpcore/4.4.14/httpcore-4.4.14.pom (5.0 kB at 47 kB/s)
#14 36.24 [INFO] Downloading from central: https://repo.maven.apache.org/maven2/org/apache/httpcomponents/httpcomponents-core/4.4.14/httpcomponents-core-4.4.14.pom
#14 36.36 [INFO] Downloaded from central: https://repo.maven.apache.org/maven2/org/apache/httpcomponents/httpcomponents-core/4.4.14/httpcomponents-core-4.4.14.pom (13 kB at 108 kB/s)
#14 36.36 [INFO] Downloading from central: https://repo.maven.apache.org/maven2/org/apache/maven/doxia/doxia-integration-tools/1.11.1/doxia-integration-tools-1.11.1.pom
#14 36.47 [INFO] Downloaded from central: https://repo.maven.apache.org/maven2/org/apache/maven/doxia/doxia-integration-tools/1.11.1/doxia-integration-tools-1.11.1.pom (6.0 kB at 58 kB/s)
#14 36.47 [INFO] Downloading from central: https://repo.maven.apache.org/maven2/org/apache/maven/reporting/maven-reporting-api/3.0/maven-reporting-api-3.0.pom
#14 36.59 [INFO] Downloaded from central: https://repo.maven.apache.org/maven2/org/apache/maven/reporting/maven-reporting-api/3.0/maven-reporting-api-3.0.pom (2.4 kB at 21 kB/s)
#14 36.59 [INFO] Downloading from central: https://repo.maven.apache.org/maven2/org/apache/maven/shared/maven-shared-components/15/maven-shared-components-15.pom
#14 36.71 [INFO] Downloaded from central: https://repo.maven.apache.org/maven2/org/apache/maven/shared/maven-shared-components/15/maven-shared-components-15.pom (9.3 kB at 74 kB/s)
#14 36.72 [INFO] Downloading from central: https://repo.maven.apache.org/maven2/org/apache/maven/maven-parent/16/maven-parent-16.pom
#14 36.87 [INFO] Downloaded from central: https://repo.maven.apache.org/maven2/org/apache/maven/maven-parent/16/maven-parent-16.pom (23 kB at 156 kB/s)
#14 36.87 [INFO] Downloading from central: https://repo.maven.apache.org/maven2/org/apache/apache/7/apache-7.pom
#14 37.08 [INFO] Downloaded from central: https://repo.maven.apache.org/maven2/org/apache/apache/7/apache-7.pom (14 kB at 70 kB/s)
#14 37.08 [INFO] Downloading from central: https://repo.maven.apache.org/maven2/org/apache/maven/doxia/doxia-sink-api/1.0/doxia-sink-api-1.0.pom
#14 37.20 [INFO] Downloaded from central: https://repo.maven.apache.org/maven2/org/apache/maven/doxia/doxia-sink-api/1.0/doxia-sink-api-1.0.pom (1.4 kB at 12 kB/s)
#14 37.20 [INFO] Downloading from central: https://repo.maven.apache.org/maven2/org/apache/maven/doxia/doxia/1.0/doxia-1.0.pom
#14 37.42 [INFO] Downloaded from central: https://repo.maven.apache.org/maven2/org/apache/maven/doxia/doxia/1.0/doxia-1.0.pom (9.6 kB at 44 kB/s)
#14 37.42 [INFO] Downloading from central: https://repo.maven.apache.org/maven2/org/apache/maven/maven-parent/10/maven-parent-10.pom
#14 37.61 [INFO] Downloaded from central: https://repo.maven.apache.org/maven2/org/apache/maven/maven-parent/10/maven-parent-10.pom (32 kB at 173 kB/s)
#14 37.61 [INFO] Downloading from central: https://repo.maven.apache.org/maven2/org/apache/apache/4/apache-4.pom
#14 37.71 [INFO] Downloaded from central: https://repo.maven.apache.org/maven2/org/apache/apache/4/apache-4.pom (4.5 kB at 45 kB/s)
#14 37.71 [INFO] Downloading from central: https://repo.maven.apache.org/maven2/org/apache/maven/maven-artifact/2.2.1/maven-artifact-2.2.1.pom
#14 37.80 [INFO] Downloaded from central: https://repo.maven.apache.org/maven2/org/apache/maven/maven-artifact/2.2.1/maven-artifact-2.2.1.pom (1.6 kB at 19 kB/s)
#14 37.80 [INFO] Downloading from central: https://repo.maven.apache.org/maven2/org/apache/maven/maven/2.2.1/maven-2.2.1.pom
#14 37.91 [INFO] Downloaded from central: https://repo.maven.apache.org/maven2/org/apache/maven/maven/2.2.1/maven-2.2.1.pom (22 kB at 197 kB/s)
#14 37.92 [INFO] Downloading from central: https://repo.maven.apache.org/maven2/org/apache/maven/maven-parent/11/maven-parent-11.pom
#14 38.11 [INFO] Downloaded from central: https://repo.maven.apache.org/maven2/org/apache/maven/maven-parent/11/maven-parent-11.pom (32 kB at 172 kB/s)
#14 38.11 [INFO] Downloading from central: https://repo.maven.apache.org/maven2/org/apache/apache/5/apache-5.pom
#14 38.21 [INFO] Downloaded from central: https://repo.maven.apache.org/maven2/org/apache/apache/5/apache-5.pom (4.1 kB at 41 kB/s)
#14 38.21 [INFO] Downloading from central: https://repo.maven.apache.org/maven2/org/apache/maven/maven-model/2.2.1/maven-model-2.2.1.pom
#14 38.31 [INFO] Downloaded from central: https://repo.maven.apache.org/maven2/org/apache/maven/maven-model/2.2.1/maven-model-2.2.1.pom (3.2 kB at 34 kB/s)
#14 38.31 [INFO] Downloading from central: https://repo.maven.apache.org/maven2/org/apache/maven/maven-plugin-api/2.2.1/maven-plugin-api-2.2.1.pom
#14 38.41 [INFO] Downloaded from central: https://repo.maven.apache.org/maven2/org/apache/maven/maven-plugin-api/2.2.1/maven-plugin-api-2.2.1.pom (1.5 kB at 16 kB/s)
#14 38.42 [INFO] Downloading from central: https://repo.maven.apache.org/maven2/org/codehaus/plexus/plexus-i18n/1.0-beta-10/plexus-i18n-1.0-beta-10.pom
#14 38.51 [INFO] Downloaded from central: https://repo.maven.apache.org/maven2/org/codehaus/plexus/plexus-i18n/1.0-beta-10/plexus-i18n-1.0-beta-10.pom (2.1 kB at 23 kB/s)
#14 38.51 [INFO] Downloading from central: https://repo.maven.apache.org/maven2/org/codehaus/plexus/plexus-components/1.1.12/plexus-components-1.1.12.pom
#14 38.61 [INFO] Downloaded from central: https://repo.maven.apache.org/maven2/org/codehaus/plexus/plexus-components/1.1.12/plexus-components-1.1.12.pom (3.0 kB at 29 kB/s)
#14 38.62 [INFO] Downloading from central: https://repo.maven.apache.org/maven2/org/codehaus/plexus/plexus/1.0.10/plexus-1.0.10.pom
#14 38.71 [INFO] Downloaded from central: https://repo.maven.apache.org/maven2/org/codehaus/plexus/plexus/1.0.10/plexus-1.0.10.pom (8.2 kB at 87 kB/s)
#14 38.72 [INFO] Downloading from central: https://repo.maven.apache.org/maven2/org/codehaus/plexus/plexus-interpolation/1.26/plexus-interpolation-1.26.pom
#14 38.80 [INFO] Downloaded from central: https://repo.maven.apache.org/maven2/org/codehaus/plexus/plexus-interpolation/1.26/plexus-interpolation-1.26.pom (2.7 kB at 32 kB/s)
#14 38.81 [INFO] Downloading from central: https://repo.maven.apache.org/maven2/org/apache/maven/doxia/doxia-site-renderer/1.11.1/doxia-site-renderer-1.11.1.pom
#14 38.91 [INFO] Downloaded from central: https://repo.maven.apache.org/maven2/org/apache/maven/doxia/doxia-site-renderer/1.11.1/doxia-site-renderer-1.11.1.pom (7.7 kB at 73 kB/s)
#14 38.93 [INFO] Downloading from central: https://repo.maven.apache.org/maven2/org/apache/maven/maven-artifact/3.0/maven-artifact-3.0.pom
#14 39.01 [INFO] Downloaded from central: https://repo.maven.apache.org/maven2/org/apache/maven/maven-artifact/3.0/maven-artifact-3.0.pom (1.9 kB at 25 kB/s)
#14 39.01 [INFO] Downloading from central: https://repo.maven.apache.org/maven2/org/apache/maven/maven/3.0/maven-3.0.pom
#14 39.13 [INFO] Downloaded from central: https://repo.maven.apache.org/maven2/org/apache/maven/maven/3.0/maven-3.0.pom (22 kB at 184 kB/s)
#14 39.13 [INFO] Downloading from central: https://repo.maven.apache.org/maven2/org/apache/maven/maven-parent/15/maven-parent-15.pom
#14 39.26 [INFO] Downloaded from central: https://repo.maven.apache.org/maven2/org/apache/maven/maven-parent/15/maven-parent-15.pom (24 kB at 189 kB/s)
#14 39.27 [INFO] Downloading from central: https://repo.maven.apache.org/maven2/org/apache/apache/6/apache-6.pom
#14 39.38 [INFO] Downloaded from central: https://repo.maven.apache.org/maven2/org/apache/apache/6/apache-6.pom (13 kB at 113 kB/s)
#14 39.39 [INFO] Downloading from central: https://repo.maven.apache.org/maven2/org/apache/maven/doxia/doxia-skin-model/1.11.1/doxia-skin-model-1.11.1.pom
#14 39.48 [INFO] Downloaded from central: https://repo.maven.apache.org/maven2/org/apache/maven/doxia/doxia-skin-model/1.11.1/doxia-skin-model-1.11.1.pom (3.0 kB at 35 kB/s)
#14 39.49 [INFO] Downloading from central: https://repo.maven.apache.org/maven2/org/apache/maven/doxia/doxia-module-xhtml/1.11.1/doxia-module-xhtml-1.11.1.pom
#14 39.58 [INFO] Downloaded from central: https://repo.maven.apache.org/maven2/org/apache/maven/doxia/doxia-module-xhtml/1.11.1/doxia-module-xhtml-1.11.1.pom (2.0 kB at 22 kB/s)
#14 39.58 [INFO] Downloading from central: https://repo.maven.apache.org/maven2/org/apache/maven/doxia/doxia-modules/1.11.1/doxia-modules-1.11.1.pom
#14 39.66 [INFO] Downloaded from central: https://repo.maven.apache.org/maven2/org/apache/maven/doxia/doxia-modules/1.11.1/doxia-modules-1.11.1.pom (2.7 kB at 33 kB/s)
#14 39.67 [INFO] Downloading from central: https://repo.maven.apache.org/maven2/org/apache/maven/doxia/doxia-module-xhtml5/1.11.1/doxia-module-xhtml5-1.11.1.pom
#14 39.76 [INFO] Downloaded from central: https://repo.maven.apache.org/maven2/org/apache/maven/doxia/doxia-module-xhtml5/1.11.1/doxia-module-xhtml5-1.11.1.pom (2.0 kB at 24 kB/s)
#14 39.76 [INFO] Downloading from central: https://repo.maven.apache.org/maven2/org/codehaus/plexus/plexus-velocity/1.2/plexus-velocity-1.2.pom
#14 39.84 [INFO] Downloaded from central: https://repo.maven.apache.org/maven2/org/codehaus/plexus/plexus-velocity/1.2/plexus-velocity-1.2.pom (2.8 kB at 35 kB/s)
#14 39.85 [INFO] Downloading from central: https://repo.maven.apache.org/maven2/org/codehaus/plexus/plexus-components/4.0/plexus-components-4.0.pom
#14 39.94 [INFO] Downloaded from central: https://repo.maven.apache.org/maven2/org/codehaus/plexus/plexus-components/4.0/plexus-components-4.0.pom (2.7 kB at 28 kB/s)
#14 39.95 [INFO] Downloading from central: https://repo.maven.apache.org/maven2/org/codehaus/plexus/plexus/4.0/plexus-4.0.pom
#14 40.08 [INFO] Downloaded from central: https://repo.maven.apache.org/maven2/org/codehaus/plexus/plexus/4.0/plexus-4.0.pom (22 kB at 159 kB/s)
#14 40.09 [INFO] Downloading from central: https://repo.maven.apache.org/maven2/commons-collections/commons-collections/3.1/commons-collections-3.1.pom
#14 40.36 [INFO] Downloaded from central: https://repo.maven.apache.org/maven2/commons-collections/commons-collections/3.1/commons-collections-3.1.pom (6.1 kB at 23 kB/s)
#14 40.36 [INFO] Downloading from central: https://repo.maven.apache.org/maven2/org/apache/velocity/velocity/1.7/velocity-1.7.pom
#14 40.51 [INFO] Downloaded from central: https://repo.maven.apache.org/maven2/org/apache/velocity/velocity/1.7/velocity-1.7.pom (11 kB at 72 kB/s)
#14 40.52 [INFO] Downloading from central: https://repo.maven.apache.org/maven2/commons-collections/commons-collections/3.2.1/commons-collections-3.2.1.pom
#14 40.63 [INFO] Downloaded from central: https://repo.maven.apache.org/maven2/commons-collections/commons-collections/3.2.1/commons-collections-3.2.1.pom (13 kB at 112 kB/s)
#14 40.64 [INFO] Downloading from central: https://repo.maven.apache.org/maven2/org/apache/commons/commons-parent/9/commons-parent-9.pom
#14 40.76 [INFO] Downloaded from central: https://repo.maven.apache.org/maven2/org/apache/commons/commons-parent/9/commons-parent-9.pom (22 kB at 175 kB/s)
#14 40.77 [INFO] Downloading from central: https://repo.maven.apache.org/maven2/commons-lang/commons-lang/2.4/commons-lang-2.4.pom
#14 40.89 [INFO] Downloaded from central: https://repo.maven.apache.org/maven2/commons-lang/commons-lang/2.4/commons-lang-2.4.pom (14 kB at 116 kB/s)
#14 40.90 [INFO] Downloading from central: https://repo.maven.apache.org/maven2/org/apache/velocity/velocity-tools/2.0/velocity-tools-2.0.pom
#14 41.04 [INFO] Downloaded from central: https://repo.maven.apache.org/maven2/org/apache/velocity/velocity-tools/2.0/velocity-tools-2.0.pom (18 kB at 129 kB/s)
#14 41.05 [INFO] Downloading from central: https://repo.maven.apache.org/maven2/commons-beanutils/commons-beanutils/1.7.0/commons-beanutils-1.7.0.pom
#14 41.13 [INFO] Downloaded from central: https://repo.maven.apache.org/maven2/commons-beanutils/commons-beanutils/1.7.0/commons-beanutils-1.7.0.pom (357 B at 4.2 kB/s)
#14 41.14 [INFO] Downloading from central: https://repo.maven.apache.org/maven2/commons-logging/commons-logging/1.0.3/commons-logging-1.0.3.pom
#14 41.24 [INFO] Downloaded from central: https://repo.maven.apache.org/maven2/commons-logging/commons-logging/1.0.3/commons-logging-1.0.3.pom (866 B at 8.2 kB/s)
#14 41.25 [INFO] Downloading from central: https://repo.maven.apache.org/maven2/commons-digester/commons-digester/1.8/commons-digester-1.8.pom
#14 41.36 [INFO] Downloaded from central: https://repo.maven.apache.org/maven2/commons-digester/commons-digester/1.8/commons-digester-1.8.pom (7.0 kB at 64 kB/s)
#14 41.36 [INFO] Downloading from central: https://repo.maven.apache.org/maven2/commons-logging/commons-logging/1.1/commons-logging-1.1.pom
#14 41.46 [INFO] Downloaded from central: https://repo.maven.apache.org/maven2/commons-logging/commons-logging/1.1/commons-logging-1.1.pom (6.2 kB at 64 kB/s)
#14 41.47 [INFO] Downloading from central: https://repo.maven.apache.org/maven2/log4j/log4j/1.2.12/log4j-1.2.12.pom
#14 41.57 [INFO] Downloaded from central: https://repo.maven.apache.org/maven2/log4j/log4j/1.2.12/log4j-1.2.12.pom (145 B at 1.4 kB/s)
#14 41.58 [INFO] Downloading from central: https://repo.maven.apache.org/maven2/logkit/logkit/1.0.1/logkit-1.0.1.pom
#14 41.67 [INFO] Downloaded from central: https://repo.maven.apache.org/maven2/logkit/logkit/1.0.1/logkit-1.0.1.pom (147 B at 1.6 kB/s)
#14 41.67 [INFO] Downloading from central: https://repo.maven.apache.org/maven2/avalon-framework/avalon-framework/4.1.3/avalon-framework-4.1.3.pom
#14 41.78 [INFO] Downloaded from central: https://repo.maven.apache.org/maven2/avalon-framework/avalon-framework/4.1.3/avalon-framework-4.1.3.pom (167 B at 1.5 kB/s)
#14 41.78 [INFO] Downloading from central: https://repo.maven.apache.org/maven2/commons-chain/commons-chain/1.1/commons-chain-1.1.pom
#14 41.87 [INFO] Downloaded from central: https://repo.maven.apache.org/maven2/commons-chain/commons-chain/1.1/commons-chain-1.1.pom (6.0 kB at 68 kB/s)
#14 41.88 [INFO] Downloading from central: https://repo.maven.apache.org/maven2/commons-digester/commons-digester/1.6/commons-digester-1.6.pom
#14 41.96 [INFO] Downloaded from central: https://repo.maven.apache.org/maven2/commons-digester/commons-digester/1.6/commons-digester-1.6.pom (974 B at 11 kB/s)
#14 41.96 [INFO] Downloading from central: https://repo.maven.apache.org/maven2/commons-beanutils/commons-beanutils/1.6/commons-beanutils-1.6.pom
#14 42.04 [INFO] Downloaded from central: https://repo.maven.apache.org/maven2/commons-beanutils/commons-beanutils/1.6/commons-beanutils-1.6.pom (2.3 kB at 29 kB/s)
#14 42.05 [INFO] Downloading from central: https://repo.maven.apache.org/maven2/commons-logging/commons-logging/1.0/commons-logging-1.0.pom
#14 42.12 [INFO] Downloaded from central: https://repo.maven.apache.org/maven2/commons-logging/commons-logging/1.0/commons-logging-1.0.pom (163 B at 2.2 kB/s)
#14 42.13 [INFO] Downloading from central: https://repo.maven.apache.org/maven2/commons-collections/commons-collections/2.0/commons-collections-2.0.pom
#14 42.30 [INFO] Downloaded from central: https://repo.maven.apache.org/maven2/commons-collections/commons-collections/2.0/commons-collections-2.0.pom (171 B at 1.0 kB/s)
#14 42.30 [INFO] Downloading from central: https://repo.maven.apache.org/maven2/commons-collections/commons-collections/2.1/commons-collections-2.1.pom
#14 42.41 [INFO] Downloaded from central: https://repo.maven.apache.org/maven2/commons-collections/commons-collections/2.1/commons-collections-2.1.pom (3.3 kB at 32 kB/s)
#14 42.41 [INFO] Downloading from central: https://repo.maven.apache.org/maven2/xml-apis/xml-apis/1.0.b2/xml-apis-1.0.b2.pom
#14 42.55 [INFO] Downloaded from central: https://repo.maven.apache.org/maven2/xml-apis/xml-apis/1.0.b2/xml-apis-1.0.b2.pom (2.2 kB at 16 kB/s)
#14 42.55 [INFO] Downloading from central: https://repo.maven.apache.org/maven2/commons-collections/commons-collections/3.2/commons-collections-3.2.pom
#14 42.67 [INFO] Downloaded from central: https://repo.maven.apache.org/maven2/commons-collections/commons-collections/3.2/commons-collections-3.2.pom (11 kB at 94 kB/s)
#14 42.68 [INFO] Downloading from central: https://repo.maven.apache.org/maven2/dom4j/dom4j/1.1/dom4j-1.1.pom
#14 42.78 [INFO] Downloaded from central: https://repo.maven.apache.org/maven2/dom4j/dom4j/1.1/dom4j-1.1.pom (142 B at 1.4 kB/s)
#14 42.78 [INFO] Downloading from central: https://repo.maven.apache.org/maven2/oro/oro/2.0.8/oro-2.0.8.pom
#14 42.91 [INFO] Downloaded from central: https://repo.maven.apache.org/maven2/oro/oro/2.0.8/oro-2.0.8.pom (140 B at 1.1 kB/s)
#14 42.92 [INFO] Downloading from central: https://repo.maven.apache.org/maven2/org/apache/velocity/velocity/1.6.2/velocity-1.6.2.pom
#14 43.03 [INFO] Downloaded from central: https://repo.maven.apache.org/maven2/org/apache/velocity/velocity/1.6.2/velocity-1.6.2.pom (11 kB at 94 kB/s)
#14 43.04 [INFO] Downloading from central: https://repo.maven.apache.org/maven2/commons-collections/commons-collections/3.2.2/commons-collections-3.2.2.pom
#14 43.15 [INFO] Downloaded from central: https://repo.maven.apache.org/maven2/commons-collections/commons-collections/3.2.2/commons-collections-3.2.2.pom (12 kB at 109 kB/s)
#14 43.15 [INFO] Downloading from central: https://repo.maven.apache.org/maven2/org/apache/commons/commons-parent/39/commons-parent-39.pom
#14 43.38 [INFO] Downloaded from central: https://repo.maven.apache.org/maven2/org/apache/commons/commons-parent/39/commons-parent-39.pom (62 kB at 269 kB/s)
#14 43.39 [INFO] Downloading from central: https://repo.maven.apache.org/maven2/org/apache/apache/16/apache-16.pom
#14 43.52 [INFO] Downloaded from central: https://repo.maven.apache.org/maven2/org/apache/apache/16/apache-16.pom (15 kB at 118 kB/s)
#14 43.53 [INFO] Downloading from central: https://repo.maven.apache.org/maven2/org/codehaus/plexus/plexus-archiver/4.8.0/plexus-archiver-4.8.0.pom
#14 43.64 [INFO] Downloaded from central: https://repo.maven.apache.org/maven2/org/codehaus/plexus/plexus-archiver/4.8.0/plexus-archiver-4.8.0.pom (6.1 kB at 55 kB/s)
#14 43.64 [INFO] Downloading from central: https://repo.maven.apache.org/maven2/org/codehaus/plexus/plexus/14/plexus-14.pom
#14 43.77 [INFO] Downloaded from central: https://repo.maven.apache.org/maven2/org/codehaus/plexus/plexus/14/plexus-14.pom (28 kB at 212 kB/s)
#14 43.78 [INFO] Downloading from central: https://repo.maven.apache.org/maven2/org/codehaus/plexus/plexus-io/3.4.1/plexus-io-3.4.1.pom
#14 43.87 [INFO] Downloaded from central: https://repo.maven.apache.org/maven2/org/codehaus/plexus/plexus-io/3.4.1/plexus-io-3.4.1.pom (6.0 kB at 71 kB/s)
#14 43.87 [INFO] Downloading from central: https://repo.maven.apache.org/maven2/org/codehaus/plexus/plexus/10/plexus-10.pom
#14 44.00 [INFO] Downloaded from central: https://repo.maven.apache.org/maven2/org/codehaus/plexus/plexus/10/plexus-10.pom (25 kB at 198 kB/s)
#14 44.00 [INFO] Downloading from central: https://repo.maven.apache.org/maven2/commons-io/commons-io/2.11.0/commons-io-2.11.0.pom
#14 44.13 [INFO] Downloaded from central: https://repo.maven.apache.org/maven2/commons-io/commons-io/2.11.0/commons-io-2.11.0.pom (20 kB at 154 kB/s)
#14 44.14 [INFO] Downloading from central: https://repo.maven.apache.org/maven2/org/junit/junit-bom/5.7.2/junit-bom-5.7.2.pom
#14 44.22 [INFO] Downloaded from central: https://repo.maven.apache.org/maven2/org/junit/junit-bom/5.7.2/junit-bom-5.7.2.pom (5.1 kB at 62 kB/s)
#14 44.22 [INFO] Downloading from central: https://repo.maven.apache.org/maven2/commons-io/commons-io/2.13.0/commons-io-2.13.0.pom
#14 44.34 [INFO] Downloaded from central: https://repo.maven.apache.org/maven2/commons-io/commons-io/2.13.0/commons-io-2.13.0.pom (20 kB at 167 kB/s)
#14 44.35 [INFO] Downloading from central: https://repo.maven.apache.org/maven2/org/apache/commons/commons-parent/58/commons-parent-58.pom
#14 44.62 [INFO] Downloaded from central: https://repo.maven.apache.org/maven2/org/apache/commons/commons-parent/58/commons-parent-58.pom (83 kB at 305 kB/s)
#14 44.62 [INFO] Downloading from central: https://repo.maven.apache.org/maven2/org/apache/commons/commons-compress/1.23.0/commons-compress-1.23.0.pom
#14 44.76 [INFO] Downloaded from central: https://repo.maven.apache.org/maven2/org/apache/commons/commons-compress/1.23.0/commons-compress-1.23.0.pom (22 kB at 156 kB/s)
#14 44.77 [INFO] Downloading from central: https://repo.maven.apache.org/maven2/org/apache/commons/commons-parent/56/commons-parent-56.pom
#14 45.03 [INFO] Downloaded from central: https://repo.maven.apache.org/maven2/org/apache/commons/commons-parent/56/commons-parent-56.pom (82 kB at 318 kB/s)
#14 45.03 [INFO] Downloading from central: https://repo.maven.apache.org/maven2/org/slf4j/slf4j-api/1.7.36/slf4j-api-1.7.36.pom
#14 45.13 [INFO] Downloaded from central: https://repo.maven.apache.org/maven2/org/slf4j/slf4j-api/1.7.36/slf4j-api-1.7.36.pom (2.7 kB at 28 kB/s)
#14 45.13 [INFO] Downloading from central: https://repo.maven.apache.org/maven2/org/slf4j/slf4j-parent/1.7.36/slf4j-parent-1.7.36.pom
#14 45.24 [INFO] Downloaded from central: https://repo.maven.apache.org/maven2/org/slf4j/slf4j-parent/1.7.36/slf4j-parent-1.7.36.pom (14 kB at 133 kB/s)
#14 45.24 [INFO] Downloading from central: https://repo.maven.apache.org/maven2/org/iq80/snappy/snappy/0.4/snappy-0.4.pom
#14 45.34 [INFO] Downloaded from central: https://repo.maven.apache.org/maven2/org/iq80/snappy/snappy/0.4/snappy-0.4.pom (15 kB at 140 kB/s)
#14 45.35 [INFO] Downloading from central: https://repo.maven.apache.org/maven2/org/tukaani/xz/1.9/xz-1.9.pom
#14 45.43 [INFO] Downloaded from central: https://repo.maven.apache.org/maven2/org/tukaani/xz/1.9/xz-1.9.pom (2.0 kB at 24 kB/s)
#14 45.44 [INFO] Downloading from central: https://repo.maven.apache.org/maven2/com/github/luben/zstd-jni/1.5.5-5/zstd-jni-1.5.5-5.pom
#14 45.53 [INFO] Downloaded from central: https://repo.maven.apache.org/maven2/com/github/luben/zstd-jni/1.5.5-5/zstd-jni-1.5.5-5.pom (1.9 kB at 20 kB/s)
#14 45.53 [INFO] Downloading from central: https://repo.maven.apache.org/maven2/org/codehaus/plexus/plexus-utils/3.5.1/plexus-utils-3.5.1.pom
#14 45.63 [INFO] Downloaded from central: https://repo.maven.apache.org/maven2/org/codehaus/plexus/plexus-utils/3.5.1/plexus-utils-3.5.1.pom (8.8 kB at 87 kB/s)
#14 45.64 [INFO] Downloading from central: https://repo.maven.apache.org/maven2/org/apache/maven/shared/maven-dependency-analyzer/1.13.2/maven-dependency-analyzer-1.13.2.pom
#14 45.94 [INFO] Downloaded from central: https://repo.maven.apache.org/maven2/org/apache/maven/shared/maven-dependency-analyzer/1.13.2/maven-dependency-analyzer-1.13.2.pom (6.4 kB at 21 kB/s)
#14 45.94 [INFO] Downloading from central: https://repo.maven.apache.org/maven2/org/apache/maven/shared/maven-shared-components/39/maven-shared-components-39.pom
#14 46.05 [INFO] Downloaded from central: https://repo.maven.apache.org/maven2/org/apache/maven/shared/maven-shared-components/39/maven-shared-components-39.pom (3.2 kB at 29 kB/s)
#14 46.06 [INFO] Downloading from central: https://repo.maven.apache.org/maven2/org/apache/maven/maven-core/3.2.5/maven-core-3.2.5.pom
#14 47.14 [INFO] Downloaded from central: https://repo.maven.apache.org/maven2/org/apache/maven/maven-core/3.2.5/maven-core-3.2.5.pom (8.1 kB at 7.5 kB/s)
#14 47.14 [INFO] Downloading from central: https://repo.maven.apache.org/maven2/org/apache/maven/maven/3.2.5/maven-3.2.5.pom
#14 47.48 [INFO] Downloaded from central: https://repo.maven.apache.org/maven2/org/apache/maven/maven/3.2.5/maven-3.2.5.pom (22 kB at 65 kB/s)
#14 47.49 [INFO] Downloading from central: https://repo.maven.apache.org/maven2/org/apache/maven/maven-parent/25/maven-parent-25.pom
#14 47.77 [INFO] Downloaded from central: https://repo.maven.apache.org/maven2/org/apache/maven/maven-parent/25/maven-parent-25.pom (37 kB at 132 kB/s)
#14 47.77 [INFO] Downloading from central: https://repo.maven.apache.org/maven2/org/apache/apache/15/apache-15.pom
#14 48.02 [INFO] Downloaded from central: https://repo.maven.apache.org/maven2/org/apache/apache/15/apache-15.pom (15 kB at 62 kB/s)
#14 48.02 [INFO] Downloading from central: https://repo.maven.apache.org/maven2/org/apache/maven/maven-model/3.2.5/maven-model-3.2.5.pom
#14 48.14 [INFO] Downloaded from central: https://repo.maven.apache.org/maven2/org/apache/maven/maven-model/3.2.5/maven-model-3.2.5.pom (4.2 kB at 35 kB/s)
#14 48.14 [INFO] Downloading from central: https://repo.maven.apache.org/maven2/org/apache/maven/maven-settings/3.2.5/maven-settings-3.2.5.pom
#14 48.31 [INFO] Downloaded from central: https://repo.maven.apache.org/maven2/org/apache/maven/maven-settings/3.2.5/maven-settings-3.2.5.pom (2.2 kB at 13 kB/s)
#14 48.31 [INFO] Downloading from central: https://repo.maven.apache.org/maven2/org/apache/maven/maven-settings-builder/3.2.5/maven-settings-builder-3.2.5.pom
#14 48.55 [INFO] Downloaded from central: https://repo.maven.apache.org/maven2/org/apache/maven/maven-settings-builder/3.2.5/maven-settings-builder-3.2.5.pom (2.6 kB at 11 kB/s)
#14 48.56 [INFO] Downloading from central: https://repo.maven.apache.org/maven2/org/codehaus/plexus/plexus-interpolation/1.21/plexus-interpolation-1.21.pom
#14 48.65 [INFO] Downloaded from central: https://repo.maven.apache.org/maven2/org/codehaus/plexus/plexus-interpolation/1.21/plexus-interpolation-1.21.pom (1.5 kB at 17 kB/s)
#14 48.65 [INFO] Downloading from central: https://repo.maven.apache.org/maven2/org/codehaus/plexus/plexus-components/1.3.1/plexus-components-1.3.1.pom
#14 48.80 [INFO] Downloaded from central: https://repo.maven.apache.org/maven2/org/codehaus/plexus/plexus-components/1.3.1/plexus-components-1.3.1.pom (3.1 kB at 20 kB/s)
#14 48.81 [INFO] Downloading from central: https://repo.maven.apache.org/maven2/org/apache/maven/maven-repository-metadata/3.2.5/maven-repository-metadata-3.2.5.pom
#14 48.96 [INFO] Downloaded from central: https://repo.maven.apache.org/maven2/org/apache/maven/maven-repository-metadata/3.2.5/maven-repository-metadata-3.2.5.pom (2.2 kB at 15 kB/s)
#14 48.96 [INFO] Downloading from central: https://repo.maven.apache.org/maven2/org/apache/maven/maven-artifact/3.2.5/maven-artifact-3.2.5.pom
#14 49.05 [INFO] Downloaded from central: https://repo.maven.apache.org/maven2/org/apache/maven/maven-artifact/3.2.5/maven-artifact-3.2.5.pom (2.3 kB at 25 kB/s)
#14 49.06 [INFO] Downloading from central: https://repo.maven.apache.org/maven2/org/apache/maven/maven-plugin-api/3.2.5/maven-plugin-api-3.2.5.pom
#14 49.15 [INFO] Downloaded from central: https://repo.maven.apache.org/maven2/org/apache/maven/maven-plugin-api/3.2.5/maven-plugin-api-3.2.5.pom (3.0 kB at 32 kB/s)
#14 49.16 [INFO] Downloading from central: https://repo.maven.apache.org/maven2/org/apache/maven/maven-model-builder/3.2.5/maven-model-builder-3.2.5.pom
#14 49.27 [INFO] Downloaded from central: https://repo.maven.apache.org/maven2/org/apache/maven/maven-model-builder/3.2.5/maven-model-builder-3.2.5.pom (3.0 kB at 27 kB/s)
#14 49.27 [INFO] Downloading from central: https://repo.maven.apache.org/maven2/org/apache/maven/maven-aether-provider/3.2.5/maven-aether-provider-3.2.5.pom
#14 49.61 [INFO] Downloaded from central: https://repo.maven.apache.org/maven2/org/apache/maven/maven-aether-provider/3.2.5/maven-aether-provider-3.2.5.pom (4.2 kB at 13 kB/s)
#14 49.61 [INFO] Downloading from central: https://repo.maven.apache.org/maven2/org/eclipse/aether/aether-api/1.0.0.v20140518/aether-api-1.0.0.v20140518.pom
#14 49.75 [INFO] Downloaded from central: https://repo.maven.apache.org/maven2/org/eclipse/aether/aether-api/1.0.0.v20140518/aether-api-1.0.0.v20140518.pom (1.9 kB at 15 kB/s)
#14 49.75 [INFO] Downloading from central: https://repo.maven.apache.org/maven2/org/eclipse/aether/aether/1.0.0.v20140518/aether-1.0.0.v20140518.pom
#14 49.89 [INFO] Downloaded from central: https://repo.maven.apache.org/maven2/org/eclipse/aether/aether/1.0.0.v20140518/aether-1.0.0.v20140518.pom (30 kB at 208 kB/s)
#14 49.90 [INFO] Downloading from central: https://repo.maven.apache.org/maven2/org/eclipse/aether/aether-spi/1.0.0.v20140518/aether-spi-1.0.0.v20140518.pom
#14 49.97 [INFO] Downloaded from central: https://repo.maven.apache.org/maven2/org/eclipse/aether/aether-spi/1.0.0.v20140518/aether-spi-1.0.0.v20140518.pom (2.1 kB at 26 kB/s)
#14 49.98 [INFO] Downloading from central: https://repo.maven.apache.org/maven2/org/eclipse/aether/aether-util/1.0.0.v20140518/aether-util-1.0.0.v20140518.pom
#14 50.07 [INFO] Downloaded from central: https://repo.maven.apache.org/maven2/org/eclipse/aether/aether-util/1.0.0.v20140518/aether-util-1.0.0.v20140518.pom (2.2 kB at 23 kB/s)
#14 50.07 [INFO] Downloading from central: https://repo.maven.apache.org/maven2/org/eclipse/aether/aether-impl/1.0.0.v20140518/aether-impl-1.0.0.v20140518.pom
#14 50.17 [INFO] Downloaded from central: https://repo.maven.apache.org/maven2/org/eclipse/aether/aether-impl/1.0.0.v20140518/aether-impl-1.0.0.v20140518.pom (3.5 kB at 37 kB/s)
#14 50.18 [INFO] Downloading from central: https://repo.maven.apache.org/maven2/org/sonatype/sisu/sisu-guice/3.2.3/sisu-guice-3.2.3.pom
#14 50.34 [INFO] Downloaded from central: https://repo.maven.apache.org/maven2/org/sonatype/sisu/sisu-guice/3.2.3/sisu-guice-3.2.3.pom (11 kB at 64 kB/s)
#14 50.35 [INFO] Downloading from central: https://repo.maven.apache.org/maven2/org/sonatype/sisu/inject/guice-parent/3.2.3/guice-parent-3.2.3.pom
#14 50.87 [INFO] Downloaded from central: https://repo.maven.apache.org/maven2/org/sonatype/sisu/inject/guice-parent/3.2.3/guice-parent-3.2.3.pom (13 kB at 26 kB/s)
#14 50.87 [INFO] Downloading from central: https://repo.maven.apache.org/maven2/org/sonatype/forge/forge-parent/38/forge-parent-38.pom
#14 51.27 [INFO] Downloaded from central: https://repo.maven.apache.org/maven2/org/sonatype/forge/forge-parent/38/forge-parent-38.pom (19 kB at 47 kB/s)
#14 51.28 [INFO] Downloading from central: https://repo.maven.apache.org/maven2/aopalliance/aopalliance/1.0/aopalliance-1.0.pom
#14 51.39 [INFO] Downloaded from central: https://repo.maven.apache.org/maven2/aopalliance/aopalliance/1.0/aopalliance-1.0.pom (363 B at 3.2 kB/s)
#14 51.39 [INFO] Downloading from central: https://repo.maven.apache.org/maven2/com/google/guava/guava/16.0.1/guava-16.0.1.pom
#14 51.55 [INFO] Downloaded from central: https://repo.maven.apache.org/maven2/com/google/guava/guava/16.0.1/guava-16.0.1.pom (6.1 kB at 38 kB/s)
#14 51.56 [INFO] Downloading from central: https://repo.maven.apache.org/maven2/com/google/guava/guava-parent/16.0.1/guava-parent-16.0.1.pom
#14 51.68 [INFO] Downloaded from central: https://repo.maven.apache.org/maven2/com/google/guava/guava-parent/16.0.1/guava-parent-16.0.1.pom (7.3 kB at 59 kB/s)
#14 51.68 [INFO] Downloading from central: https://repo.maven.apache.org/maven2/org/codehaus/plexus/plexus-classworlds/2.5.2/plexus-classworlds-2.5.2.pom
#14 51.83 [INFO] Downloaded from central: https://repo.maven.apache.org/maven2/org/codehaus/plexus/plexus-classworlds/2.5.2/plexus-classworlds-2.5.2.pom (7.3 kB at 50 kB/s)
#14 51.84 [INFO] Downloading from central: https://repo.maven.apache.org/maven2/org/ow2/asm/asm/9.5/asm-9.5.pom
#14 51.97 [INFO] Downloaded from central: https://repo.maven.apache.org/maven2/org/ow2/asm/asm/9.5/asm-9.5.pom (2.4 kB at 18 kB/s)
#14 51.97 [INFO] Downloading from central: https://repo.maven.apache.org/maven2/org/ow2/ow2/1.5.1/ow2-1.5.1.pom
#14 52.56 [INFO] Downloaded from central: https://repo.maven.apache.org/maven2/org/ow2/ow2/1.5.1/ow2-1.5.1.pom (11 kB at 19 kB/s)
#14 52.56 [INFO] Downloading from central: https://repo.maven.apache.org/maven2/org/apache/maven/shared/maven-dependency-tree/3.2.1/maven-dependency-tree-3.2.1.pom
#14 52.68 [INFO] Downloaded from central: https://repo.maven.apache.org/maven2/org/apache/maven/shared/maven-dependency-tree/3.2.1/maven-dependency-tree-3.2.1.pom (6.2 kB at 50 kB/s)
#14 52.69 [INFO] Downloading from central: https://repo.maven.apache.org/maven2/org/apache/maven/shared/maven-shared-components/37/maven-shared-components-37.pom
#14 52.79 [INFO] Downloaded from central: https://repo.maven.apache.org/maven2/org/apache/maven/shared/maven-shared-components/37/maven-shared-components-37.pom (4.9 kB at 49 kB/s)
#14 52.79 [INFO] Downloading from central: https://repo.maven.apache.org/maven2/org/apache/maven/maven-parent/37/maven-parent-37.pom
#14 53.03 [INFO] Downloaded from central: https://repo.maven.apache.org/maven2/org/apache/maven/maven-parent/37/maven-parent-37.pom (46 kB at 188 kB/s)
#14 53.04 [INFO] Downloading from central: https://repo.maven.apache.org/maven2/org/apache/maven/shared/maven-common-artifact-filters/3.3.2/maven-common-artifact-filters-3.3.2.pom
#14 53.15 [INFO] Downloaded from central: https://repo.maven.apache.org/maven2/org/apache/maven/shared/maven-common-artifact-filters/3.3.2/maven-common-artifact-filters-3.3.2.pom (5.3 kB at 45 kB/s)
#14 53.16 [INFO] Downloading from central: https://repo.maven.apache.org/maven2/org/apache/maven/shared/maven-artifact-transfer/0.13.1/maven-artifact-transfer-0.13.1.pom
#14 53.28 [INFO] Downloaded from central: https://repo.maven.apache.org/maven2/org/apache/maven/shared/maven-artifact-transfer/0.13.1/maven-artifact-transfer-0.13.1.pom (11 kB at 94 kB/s)
#14 53.28 [INFO] Downloading from central: https://repo.maven.apache.org/maven2/org/apache/maven/maven-core/3.0/maven-core-3.0.pom
#14 53.38 [INFO] Downloaded from central: https://repo.maven.apache.org/maven2/org/apache/maven/maven-core/3.0/maven-core-3.0.pom (6.6 kB at 62 kB/s)
#14 53.39 [INFO] Downloading from central: https://repo.maven.apache.org/maven2/org/apache/maven/maven-model/3.0/maven-model-3.0.pom
#14 53.48 [INFO] Downloaded from central: https://repo.maven.apache.org/maven2/org/apache/maven/maven-model/3.0/maven-model-3.0.pom (3.9 kB at 44 kB/s)
#14 53.48 [INFO] Downloading from central: https://repo.maven.apache.org/maven2/org/apache/maven/maven-settings/3.0/maven-settings-3.0.pom
#14 53.58 [INFO] Downloaded from central: https://repo.maven.apache.org/maven2/org/apache/maven/maven-settings/3.0/maven-settings-3.0.pom (1.9 kB at 18 kB/s)
#14 53.59 [INFO] Downloading from central: https://repo.maven.apache.org/maven2/org/apache/maven/maven-settings-builder/3.0/maven-settings-builder-3.0.pom
#14 53.68 [INFO] Downloaded from central: https://repo.maven.apache.org/maven2/org/apache/maven/maven-settings-builder/3.0/maven-settings-builder-3.0.pom (2.2 kB at 23 kB/s)
#14 53.68 [INFO] Downloading from central: https://repo.maven.apache.org/maven2/org/codehaus/plexus/plexus-interpolation/1.14/plexus-interpolation-1.14.pom
#14 53.80 [INFO] Downloaded from central: https://repo.maven.apache.org/maven2/org/codehaus/plexus/plexus-interpolation/1.14/plexus-interpolation-1.14.pom (910 B at 7.6 kB/s)
#14 53.81 [INFO] Downloading from central: https://repo.maven.apache.org/maven2/org/codehaus/plexus/plexus-components/1.1.18/plexus-components-1.1.18.pom
#14 53.90 [INFO] Downloaded from central: https://repo.maven.apache.org/maven2/org/codehaus/plexus/plexus-components/1.1.18/plexus-components-1.1.18.pom (5.4 kB at 58 kB/s)
#14 53.90 [INFO] Downloading from central: https://repo.maven.apache.org/maven2/org/apache/maven/maven-repository-metadata/3.0/maven-repository-metadata-3.0.pom
#14 53.99 [INFO] Downloaded from central: https://repo.maven.apache.org/maven2/org/apache/maven/maven-repository-metadata/3.0/maven-repository-metadata-3.0.pom (1.9 kB at 21 kB/s)
#14 53.99 [INFO] Downloading from central: https://repo.maven.apache.org/maven2/org/apache/maven/maven-plugin-api/3.0/maven-plugin-api-3.0.pom
#14 54.22 [INFO] Downloaded from central: https://repo.maven.apache.org/maven2/org/apache/maven/maven-plugin-api/3.0/maven-plugin-api-3.0.pom (2.3 kB at 10 kB/s)
#14 54.23 [INFO] Downloading from central: https://repo.maven.apache.org/maven2/org/sonatype/sisu/sisu-inject-plexus/1.4.2/sisu-inject-plexus-1.4.2.pom
#14 54.65 [INFO] Downloaded from central: https://repo.maven.apache.org/maven2/org/sonatype/sisu/sisu-inject-plexus/1.4.2/sisu-inject-plexus-1.4.2.pom (5.4 kB at 13 kB/s)
#14 54.65 [INFO] Downloading from central: https://repo.maven.apache.org/maven2/org/sonatype/sisu/inject/guice-plexus/1.4.2/guice-plexus-1.4.2.pom
#14 54.73 [INFO] Downloaded from central: https://repo.maven.apache.org/maven2/org/sonatype/sisu/inject/guice-plexus/1.4.2/guice-plexus-1.4.2.pom (3.1 kB at 39 kB/s)
#14 54.74 [INFO] Downloading from central: https://repo.maven.apache.org/maven2/org/sonatype/sisu/inject/guice-bean/1.4.2/guice-bean-1.4.2.pom
#14 54.89 [INFO] Downloaded from central: https://repo.maven.apache.org/maven2/org/sonatype/sisu/inject/guice-bean/1.4.2/guice-bean-1.4.2.pom (2.6 kB at 17 kB/s)
#14 54.89 [INFO] Downloading from central: https://repo.maven.apache.org/maven2/org/sonatype/sisu/sisu-inject/1.4.2/sisu-inject-1.4.2.pom
#14 55.35 [INFO] Downloaded from central: https://repo.maven.apache.org/maven2/org/sonatype/sisu/sisu-inject/1.4.2/sisu-inject-1.4.2.pom (1.2 kB at 2.7 kB/s)
#14 55.36 [INFO] Downloading from central: https://repo.maven.apache.org/maven2/org/sonatype/sisu/sisu-parent/1.4.2/sisu-parent-1.4.2.pom
#14 55.48 [INFO] Downloaded from central: https://repo.maven.apache.org/maven2/org/sonatype/sisu/sisu-parent/1.4.2/sisu-parent-1.4.2.pom (7.8 kB at 63 kB/s)
#14 55.48 [INFO] Downloading from central: https://repo.maven.apache.org/maven2/org/sonatype/forge/forge-parent/6/forge-parent-6.pom
#14 55.60 [INFO] Downloaded from central: https://repo.maven.apache.org/maven2/org/sonatype/forge/forge-parent/6/forge-parent-6.pom (11 kB at 90 kB/s)
#14 55.61 [INFO] Downloading from central: https://repo.maven.apache.org/maven2/org/codehaus/plexus/plexus-component-annotations/1.5.4/plexus-component-annotations-1.5.4.pom
#14 55.69 [INFO] Downloaded from central: https://repo.maven.apache.org/maven2/org/codehaus/plexus/plexus-component-annotations/1.5.4/plexus-component-annotations-1.5.4.pom (815 B at 9.6 kB/s)
#14 55.69 [INFO] Downloading from central: https://repo.maven.apache.org/maven2/org/codehaus/plexus/plexus-containers/1.5.4/plexus-containers-1.5.4.pom
#14 56.14 [INFO] Downloaded from central: https://repo.maven.apache.org/maven2/org/codehaus/plexus/plexus-containers/1.5.4/plexus-containers-1.5.4.pom (4.2 kB at 9.4 kB/s)
#14 56.15 [INFO] Downloading from central: https://repo.maven.apache.org/maven2/org/codehaus/plexus/plexus/2.0.5/plexus-2.0.5.pom
#14 57.01 [INFO] Downloaded from central: https://repo.maven.apache.org/maven2/org/codehaus/plexus/plexus/2.0.5/plexus-2.0.5.pom (17 kB at 20 kB/s)
#14 57.01 [INFO] Downloading from central: https://repo.maven.apache.org/maven2/org/codehaus/plexus/plexus-classworlds/2.2.3/plexus-classworlds-2.2.3.pom
#14 57.64 [INFO] Downloaded from central: https://repo.maven.apache.org/maven2/org/codehaus/plexus/plexus-classworlds/2.2.3/plexus-classworlds-2.2.3.pom (4.0 kB at 6.3 kB/s)
#14 57.64 [INFO] Downloading from central: https://repo.maven.apache.org/maven2/org/codehaus/plexus/plexus/2.0.6/plexus-2.0.6.pom
#14 58.26 [INFO] Downloaded from central: https://repo.maven.apache.org/maven2/org/codehaus/plexus/plexus/2.0.6/plexus-2.0.6.pom (17 kB at 27 kB/s)
#14 58.26 [INFO] Downloading from central: https://repo.maven.apache.org/maven2/org/sonatype/sisu/sisu-inject-bean/1.4.2/sisu-inject-bean-1.4.2.pom
#14 58.42 [INFO] Downloaded from central: https://repo.maven.apache.org/maven2/org/sonatype/sisu/sisu-inject-bean/1.4.2/sisu-inject-bean-1.4.2.pom (5.5 kB at 33 kB/s)
#14 58.43 [INFO] Downloading from central: https://repo.maven.apache.org/maven2/org/sonatype/sisu/sisu-guice/2.1.7/sisu-guice-2.1.7.pom
#14 58.55 [INFO] Downloaded from central: https://repo.maven.apache.org/maven2/org/sonatype/sisu/sisu-guice/2.1.7/sisu-guice-2.1.7.pom (11 kB at 86 kB/s)
#14 58.56 [INFO] Downloading from central: https://repo.maven.apache.org/maven2/org/apache/maven/maven-model-builder/3.0/maven-model-builder-3.0.pom
#14 58.66 [INFO] Downloaded from central: https://repo.maven.apache.org/maven2/org/apache/maven/maven-model-builder/3.0/maven-model-builder-3.0.pom (2.2 kB at 21 kB/s)
#14 58.67 [INFO] Downloading from central: https://repo.maven.apache.org/maven2/org/apache/maven/maven-aether-provider/3.0/maven-aether-provider-3.0.pom
#14 58.78 [INFO] Downloaded from central: https://repo.maven.apache.org/maven2/org/apache/maven/maven-aether-provider/3.0/maven-aether-provider-3.0.pom (2.5 kB at 22 kB/s)
#14 58.78 [INFO] Downloading from central: https://repo.maven.apache.org/maven2/org/sonatype/aether/aether-api/1.7/aether-api-1.7.pom
#14 58.89 [INFO] Downloaded from central: https://repo.maven.apache.org/maven2/org/sonatype/aether/aether-api/1.7/aether-api-1.7.pom (1.7 kB at 16 kB/s)
#14 58.89 [INFO] Downloading from central: https://repo.maven.apache.org/maven2/org/sonatype/aether/aether-parent/1.7/aether-parent-1.7.pom
#14 59.02 [INFO] Downloaded from central: https://repo.maven.apache.org/maven2/org/sonatype/aether/aether-parent/1.7/aether-parent-1.7.pom (7.7 kB at 59 kB/s)
#14 59.02 [INFO] Downloading from central: https://repo.maven.apache.org/maven2/org/sonatype/aether/aether-util/1.7/aether-util-1.7.pom
#14 59.13 [INFO] Downloaded from central: https://repo.maven.apache.org/maven2/org/sonatype/aether/aether-util/1.7/aether-util-1.7.pom (2.1 kB at 20 kB/s)
#14 59.13 [INFO] Downloading from central: https://repo.maven.apache.org/maven2/org/sonatype/aether/aether-impl/1.7/aether-impl-1.7.pom
#14 59.23 [INFO] Downloaded from central: https://repo.maven.apache.org/maven2/org/sonatype/aether/aether-impl/1.7/aether-impl-1.7.pom (3.7 kB at 36 kB/s)
#14 59.23 [INFO] Downloading from central: https://repo.maven.apache.org/maven2/org/sonatype/aether/aether-spi/1.7/aether-spi-1.7.pom
#14 59.31 [INFO] Downloaded from central: https://repo.maven.apache.org/maven2/org/sonatype/aether/aether-spi/1.7/aether-spi-1.7.pom (1.7 kB at 22 kB/s)
#14 59.32 [INFO] Downloading from central: https://repo.maven.apache.org/maven2/org/apache/maven/shared/maven-common-artifact-filters/3.1.0/maven-common-artifact-filters-3.1.0.pom
#14 59.42 [INFO] Downloaded from central: https://repo.maven.apache.org/maven2/org/apache/maven/shared/maven-common-artifact-filters/3.1.0/maven-common-artifact-filters-3.1.0.pom (5.3 kB at 51 kB/s)
#14 59.42 [INFO] Downloading from central: https://repo.maven.apache.org/maven2/org/apache/maven/shared/maven-shared-components/33/maven-shared-components-33.pom
#14 59.52 [INFO] Downloaded from central: https://repo.maven.apache.org/maven2/org/apache/maven/shared/maven-shared-components/33/maven-shared-components-33.pom (5.1 kB at 53 kB/s)
#14 59.52 [INFO] Downloading from central: https://repo.maven.apache.org/maven2/org/apache/maven/maven-parent/33/maven-parent-33.pom
#14 59.70 [INFO] Downloaded from central: https://repo.maven.apache.org/maven2/org/apache/maven/maven-parent/33/maven-parent-33.pom (44 kB at 247 kB/s)
#14 59.71 [INFO] Downloading from central: https://repo.maven.apache.org/maven2/org/apache/maven/shared/maven-shared-utils/3.1.0/maven-shared-utils-3.1.0.pom
#14 59.80 [INFO] Downloaded from central: https://repo.maven.apache.org/maven2/org/apache/maven/shared/maven-shared-utils/3.1.0/maven-shared-utils-3.1.0.pom (5.0 kB at 56 kB/s)
#14 59.80 [INFO] Downloading from central: https://repo.maven.apache.org/maven2/org/apache/maven/shared/maven-shared-components/30/maven-shared-components-30.pom
#14 59.88 [INFO] Downloaded from central: https://repo.maven.apache.org/maven2/org/apache/maven/shared/maven-shared-components/30/maven-shared-components-30.pom (4.6 kB at 57 kB/s)
#14 59.88 [INFO] Downloading from central: https://repo.maven.apache.org/maven2/org/apache/maven/maven-parent/30/maven-parent-30.pom
#14 60.04 [INFO] Downloaded from central: https://repo.maven.apache.org/maven2/org/apache/maven/maven-parent/30/maven-parent-30.pom (41 kB at 250 kB/s)
#14 60.05 [INFO] Downloading from central: https://repo.maven.apache.org/maven2/commons-io/commons-io/2.5/commons-io-2.5.pom
#14 60.18 [INFO] Downloaded from central: https://repo.maven.apache.org/maven2/commons-io/commons-io/2.5/commons-io-2.5.pom (13 kB at 105 kB/s)
#14 60.18 [INFO] Downloading from central: https://repo.maven.apache.org/maven2/org/slf4j/slf4j-api/1.7.5/slf4j-api-1.7.5.pom
#14 60.27 [INFO] Downloaded from central: https://repo.maven.apache.org/maven2/org/slf4j/slf4j-api/1.7.5/slf4j-api-1.7.5.pom (2.7 kB at 31 kB/s)
#14 60.27 [INFO] Downloading from central: https://repo.maven.apache.org/maven2/org/slf4j/slf4j-parent/1.7.5/slf4j-parent-1.7.5.pom
#14 60.39 [INFO] Downloaded from central: https://repo.maven.apache.org/maven2/org/slf4j/slf4j-parent/1.7.5/slf4j-parent-1.7.5.pom (12 kB at 95 kB/s)
#14 60.39 [INFO] Downloading from central: https://repo.maven.apache.org/maven2/org/apache/maven/shared/maven-shared-utils/3.4.2/maven-shared-utils-3.4.2.pom
#14 60.48 [INFO] Downloaded from central: https://repo.maven.apache.org/maven2/org/apache/maven/shared/maven-shared-utils/3.4.2/maven-shared-utils-3.4.2.pom (5.9 kB at 65 kB/s)
#14 60.49 [INFO] Downloading from central: https://repo.maven.apache.org/maven2/org/apache/commons/commons-collections4/4.4/commons-collections4-4.4.pom
#14 60.63 [INFO] Downloaded from central: https://repo.maven.apache.org/maven2/org/apache/commons/commons-collections4/4.4/commons-collections4-4.4.pom (24 kB at 169 kB/s)
#14 60.63 [INFO] Downloading from central: https://repo.maven.apache.org/maven2/org/apache/commons/commons-parent/48/commons-parent-48.pom
#14 60.91 [INFO] Downloaded from central: https://repo.maven.apache.org/maven2/org/apache/commons/commons-parent/48/commons-parent-48.pom (72 kB at 263 kB/s)
#14 60.91 [INFO] Downloading from central: https://repo.maven.apache.org/maven2/org/sonatype/plexus/plexus-build-api/0.0.7/plexus-build-api-0.0.7.pom
#14 60.99 [INFO] Downloaded from central: https://repo.maven.apache.org/maven2/org/sonatype/plexus/plexus-build-api/0.0.7/plexus-build-api-0.0.7.pom (3.2 kB at 42 kB/s)
#14 60.99 [INFO] Downloading from central: https://repo.maven.apache.org/maven2/org/sonatype/spice/spice-parent/15/spice-parent-15.pom
#14 61.08 [INFO] Downloaded from central: https://repo.maven.apache.org/maven2/org/sonatype/spice/spice-parent/15/spice-parent-15.pom (8.4 kB at 91 kB/s)
#14 61.08 [INFO] Downloading from central: https://repo.maven.apache.org/maven2/org/sonatype/forge/forge-parent/5/forge-parent-5.pom
#14 61.18 [INFO] Downloaded from central: https://repo.maven.apache.org/maven2/org/sonatype/forge/forge-parent/5/forge-parent-5.pom (8.4 kB at 86 kB/s)
#14 61.25 [INFO] Downloading from central: https://repo.maven.apache.org/maven2/org/apache/maven/doxia/doxia-sink-api/1.11.1/doxia-sink-api-1.11.1.jar
#14 61.90 [INFO] Downloaded from central: https://repo.maven.apache.org/maven2/org/apache/maven/doxia/doxia-sink-api/1.11.1/doxia-sink-api-1.11.1.jar (12 kB at 18 kB/s)
#14 61.90 [INFO] Downloading from central: https://repo.maven.apache.org/maven2/org/apache/maven/doxia/doxia-logging-api/1.11.1/doxia-logging-api-1.11.1.jar
#14 61.90 [INFO] Downloading from central: https://repo.maven.apache.org/maven2/org/apache/maven/reporting/maven-reporting-api/3.1.1/maven-reporting-api-3.1.1.jar
#14 61.90 [INFO] Downloading from central: https://repo.maven.apache.org/maven2/org/apache/maven/reporting/maven-reporting-impl/3.2.0/maven-reporting-impl-3.2.0.jar
#14 61.90 [INFO] Downloading from central: https://repo.maven.apache.org/maven2/org/apache/maven/maven-core/3.1.0/maven-core-3.1.0.jar
#14 61.90 [INFO] Downloading from central: https://repo.maven.apache.org/maven2/org/apache/maven/maven-settings/3.1.0/maven-settings-3.1.0.jar
#14 62.23 [INFO] Downloaded from central: https://repo.maven.apache.org/maven2/org/apache/maven/doxia/doxia-logging-api/1.11.1/doxia-logging-api-1.11.1.jar (12 kB at 35 kB/s)
#14 62.23 [INFO] Downloading from central: https://repo.maven.apache.org/maven2/org/apache/maven/maven-settings-builder/3.1.0/maven-settings-builder-3.1.0.jar
#14 62.60 [INFO] Downloaded from central: https://repo.maven.apache.org/maven2/org/apache/maven/reporting/maven-reporting-impl/3.2.0/maven-reporting-impl-3.2.0.jar (20 kB at 28 kB/s)
#14 62.60 [INFO] Downloading from central: https://repo.maven.apache.org/maven2/org/apache/maven/maven-repository-metadata/3.1.0/maven-repository-metadata-3.1.0.jar
#14 63.01 [INFO] Downloaded from central: https://repo.maven.apache.org/maven2/org/apache/maven/maven-settings-builder/3.1.0/maven-settings-builder-3.1.0.jar (41 kB at 37 kB/s)
#14 63.01 [INFO] Downloading from central: https://repo.maven.apache.org/maven2/org/apache/maven/maven-model-builder/3.1.0/maven-model-builder-3.1.0.jar
#14 63.39 [INFO] Downloaded from central: https://repo.maven.apache.org/maven2/org/apache/maven/maven-repository-metadata/3.1.0/maven-repository-metadata-3.1.0.jar (30 kB at 20 kB/s)
#14 63.39 [INFO] Downloading from central: https://repo.maven.apache.org/maven2/org/apache/maven/maven-aether-provider/3.1.0/maven-aether-provider-3.1.0.jar
#14 63.51 [INFO] Downloaded from central: https://repo.maven.apache.org/maven2/org/apache/maven/reporting/maven-reporting-api/3.1.1/maven-reporting-api-3.1.1.jar (11 kB at 6.6 kB/s)
#14 63.51 [INFO] Downloading from central: https://repo.maven.apache.org/maven2/org/eclipse/aether/aether-spi/0.9.0.M2/aether-spi-0.9.0.M2.jar
#14 63.68 [INFO] Downloaded from central: https://repo.maven.apache.org/maven2/org/apache/maven/maven-settings/3.1.0/maven-settings-3.1.0.jar (47 kB at 26 kB/s)
#14 63.68 [INFO] Downloading from central: https://repo.maven.apache.org/maven2/org/eclipse/aether/aether-impl/0.9.0.M2/aether-impl-0.9.0.M2.jar
#14 63.78 [INFO] Downloaded from central: https://repo.maven.apache.org/maven2/org/eclipse/aether/aether-spi/0.9.0.M2/aether-spi-0.9.0.M2.jar (18 kB at 9.4 kB/s)
#14 63.78 [INFO] Downloading from central: https://repo.maven.apache.org/maven2/org/eclipse/aether/aether-api/0.9.0.M2/aether-api-0.9.0.M2.jar
#14 65.44 [INFO] Downloaded from central: https://repo.maven.apache.org/maven2/org/eclipse/aether/aether-api/0.9.0.M2/aether-api-0.9.0.M2.jar (134 kB at 38 kB/s)
#14 65.44 [INFO] Downloading from central: https://repo.maven.apache.org/maven2/org/eclipse/sisu/org.eclipse.sisu.plexus/0.3.0.M1/org.eclipse.sisu.plexus-0.3.0.M1.jar
#14 65.67 [INFO] Downloaded from central: https://repo.maven.apache.org/maven2/org/apache/maven/maven-aether-provider/3.1.0/maven-aether-provider-3.1.0.jar (60 kB at 16 kB/s)
#14 65.67 [INFO] Downloading from central: https://repo.maven.apache.org/maven2/javax/enterprise/cdi-api/1.0/cdi-api-1.0.jar
#14 65.90 [INFO] Downloaded from central: https://repo.maven.apache.org/maven2/org/eclipse/aether/aether-impl/0.9.0.M2/aether-impl-0.9.0.M2.jar (145 kB at 36 kB/s)
#14 65.90 [INFO] Downloading from central: https://repo.maven.apache.org/maven2/javax/annotation/jsr250-api/1.0/jsr250-api-1.0.jar
#14 66.08 [INFO] Downloaded from central: https://repo.maven.apache.org/maven2/javax/annotation/jsr250-api/1.0/jsr250-api-1.0.jar (5.8 kB at 1.4 kB/s)
#14 66.08 [INFO] Downloading from central: https://repo.maven.apache.org/maven2/org/eclipse/sisu/org.eclipse.sisu.inject/0.3.0.M1/org.eclipse.sisu.inject-0.3.0.M1.jar
#14 66.64 [INFO] Downloaded from central: https://repo.maven.apache.org/maven2/javax/enterprise/cdi-api/1.0/cdi-api-1.0.jar (45 kB at 9.5 kB/s)
#14 66.64 [INFO] Downloading from central: https://repo.maven.apache.org/maven2/org/codehaus/plexus/plexus-interpolation/1.16/plexus-interpolation-1.16.jar
#14 66.69 [INFO] Downloaded from central: https://repo.maven.apache.org/maven2/org/apache/maven/maven-model-builder/3.1.0/maven-model-builder-3.1.0.jar (159 kB at 33 kB/s)
#14 66.69 [INFO] Downloading from central: https://repo.maven.apache.org/maven2/org/codehaus/plexus/plexus-classworlds/2.4.2/plexus-classworlds-2.4.2.jar
#14 66.78 [INFO] Downloaded from central: https://repo.maven.apache.org/maven2/org/eclipse/sisu/org.eclipse.sisu.plexus/0.3.0.M1/org.eclipse.sisu.plexus-0.3.0.M1.jar (201 kB at 41 kB/s)
#14 66.78 [INFO] Downloading from central: https://repo.maven.apache.org/maven2/org/sonatype/plexus/plexus-sec-dispatcher/1.3/plexus-sec-dispatcher-1.3.jar
#14 67.10 [INFO] Downloaded from central: https://repo.maven.apache.org/maven2/org/sonatype/plexus/plexus-sec-dispatcher/1.3/plexus-sec-dispatcher-1.3.jar (29 kB at 5.5 kB/s)
#14 67.10 [INFO] Downloading from central: https://repo.maven.apache.org/maven2/org/sonatype/plexus/plexus-cipher/1.4/plexus-cipher-1.4.jar
#14 67.26 [INFO] Downloaded from central: https://repo.maven.apache.org/maven2/org/sonatype/plexus/plexus-cipher/1.4/plexus-cipher-1.4.jar (13 kB at 2.5 kB/s)
#14 67.26 [INFO] Downloading from central: https://repo.maven.apache.org/maven2/org/apache/maven/maven-artifact/3.1.0/maven-artifact-3.1.0.jar
#14 67.53 [INFO] Downloaded from central: https://repo.maven.apache.org/maven2/org/apache/maven/maven-artifact/3.1.0/maven-artifact-3.1.0.jar (52 kB at 9.3 kB/s)
#14 67.53 [INFO] Downloading from central: https://repo.maven.apache.org/maven2/org/apache/maven/maven-plugin-api/3.1.0/maven-plugin-api-3.1.0.jar
#14 67.54 [INFO] Downloaded from central: https://repo.maven.apache.org/maven2/org/codehaus/plexus/plexus-classworlds/2.4.2/plexus-classworlds-2.4.2.jar (47 kB at 8.3 kB/s)
#14 67.54 [INFO] Downloading from central: https://repo.maven.apache.org/maven2/org/apache/maven/doxia/doxia-decoration-model/1.11.1/doxia-decoration-model-1.11.1.jar
#14 67.80 [INFO] Downloaded from central: https://repo.maven.apache.org/maven2/org/eclipse/sisu/org.eclipse.sisu.inject/0.3.0.M1/org.eclipse.sisu.inject-0.3.0.M1.jar (340 kB at 58 kB/s)
#14 67.80 [INFO] Downloading from central: https://repo.maven.apache.org/maven2/org/apache/maven/doxia/doxia-core/1.11.1/doxia-core-1.11.1.jar
#14 67.81 [INFO] Downloaded from central: https://repo.maven.apache.org/maven2/org/apache/maven/maven-plugin-api/3.1.0/maven-plugin-api-3.1.0.jar (50 kB at 8.4 kB/s)
#14 67.81 [INFO] Downloading from central: https://repo.maven.apache.org/maven2/org/apache/commons/commons-lang3/3.8.1/commons-lang3-3.8.1.jar
#14 67.81 [INFO] Downloaded from central: https://repo.maven.apache.org/maven2/org/apache/maven/maven-core/3.1.0/maven-core-3.1.0.jar (563 kB at 95 kB/s)
#14 67.81 [INFO] Downloading from central: https://repo.maven.apache.org/maven2/org/apache/commons/commons-text/1.10.0/commons-text-1.10.0.jar
#14 68.79 [INFO] Downloaded from central: https://repo.maven.apache.org/maven2/org/apache/maven/doxia/doxia-decoration-model/1.11.1/doxia-decoration-model-1.11.1.jar (60 kB at 8.7 kB/s)
#14 68.79 [INFO] Downloading from central: https://repo.maven.apache.org/maven2/org/apache/httpcomponents/httpclient/4.5.13/httpclient-4.5.13.jar
#14 68.99 [INFO] Downloaded from central: https://repo.maven.apache.org/maven2/org/codehaus/plexus/plexus-interpolation/1.16/plexus-interpolation-1.16.jar (61 kB at 8.6 kB/s)
#14 68.99 [INFO] Downloading from central: https://repo.maven.apache.org/maven2/commons-logging/commons-logging/1.2/commons-logging-1.2.jar
#14 69.31 [INFO] Downloaded from central: https://repo.maven.apache.org/maven2/org/apache/commons/commons-text/1.10.0/commons-text-1.10.0.jar (238 kB at 32 kB/s)
#14 69.31 [INFO] Downloading from central: https://repo.maven.apache.org/maven2/commons-codec/commons-codec/1.11/commons-codec-1.11.jar
#14 69.38 [INFO] Downloaded from central: https://repo.maven.apache.org/maven2/org/apache/maven/doxia/doxia-core/1.11.1/doxia-core-1.11.1.jar (218 kB at 29 kB/s)
#14 69.38 [INFO] Downloading from central: https://repo.maven.apache.org/maven2/org/apache/httpcomponents/httpcore/4.4.14/httpcore-4.4.14.jar
#14 69.94 [INFO] Downloaded from central: https://repo.maven.apache.org/maven2/commons-logging/commons-logging/1.2/commons-logging-1.2.jar (62 kB at 7.7 kB/s)
#14 69.94 [INFO] Downloading from central: https://repo.maven.apache.org/maven2/org/apache/maven/doxia/doxia-integration-tools/1.11.1/doxia-integration-tools-1.11.1.jar
#14 70.56 [INFO] Downloaded from central: https://repo.maven.apache.org/maven2/org/apache/maven/doxia/doxia-integration-tools/1.11.1/doxia-integration-tools-1.11.1.jar (47 kB at 5.4 kB/s)
#14 70.56 [INFO] Downloading from central: https://repo.maven.apache.org/maven2/org/apache/maven/doxia/doxia-site-renderer/1.11.1/doxia-site-renderer-1.11.1.jar
#14 70.66 [INFO] Downloaded from central: https://repo.maven.apache.org/maven2/org/apache/commons/commons-lang3/3.8.1/commons-lang3-3.8.1.jar (502 kB at 57 kB/s)
#14 70.66 [INFO] Downloading from central: https://repo.maven.apache.org/maven2/org/apache/maven/doxia/doxia-skin-model/1.11.1/doxia-skin-model-1.11.1.jar
#14 70.94 [INFO] Downloaded from central: https://repo.maven.apache.org/maven2/org/apache/maven/doxia/doxia-skin-model/1.11.1/doxia-skin-model-1.11.1.jar (16 kB at 1.8 kB/s)
#14 70.94 [INFO] Downloading from central: https://repo.maven.apache.org/maven2/org/apache/maven/doxia/doxia-module-xhtml/1.11.1/doxia-module-xhtml-1.11.1.jar
#14 71.29 [INFO] Downloaded from central: https://repo.maven.apache.org/maven2/commons-codec/commons-codec/1.11/commons-codec-1.11.jar (335 kB at 36 kB/s)
#14 71.29 [INFO] Downloading from central: https://repo.maven.apache.org/maven2/org/apache/maven/doxia/doxia-module-xhtml5/1.11.1/doxia-module-xhtml5-1.11.1.jar
#14 71.35 [INFO] Downloaded from central: https://repo.maven.apache.org/maven2/org/apache/maven/doxia/doxia-site-renderer/1.11.1/doxia-site-renderer-1.11.1.jar (65 kB at 6.9 kB/s)
#14 71.35 [INFO] Downloading from central: https://repo.maven.apache.org/maven2/org/codehaus/plexus/plexus-velocity/1.2/plexus-velocity-1.2.jar
#14 71.36 [INFO] Downloaded from central: https://repo.maven.apache.org/maven2/org/apache/maven/doxia/doxia-module-xhtml/1.11.1/doxia-module-xhtml-1.11.1.jar (17 kB at 1.8 kB/s)
#14 71.36 [INFO] Downloading from central: https://repo.maven.apache.org/maven2/org/apache/velocity/velocity/1.7/velocity-1.7.jar
#14 71.37 [INFO] Downloaded from central: https://repo.maven.apache.org/maven2/org/apache/httpcomponents/httpcore/4.4.14/httpcore-4.4.14.jar (328 kB at 35 kB/s)
#14 71.37 [INFO] Downloading from central: https://repo.maven.apache.org/maven2/commons-lang/commons-lang/2.4/commons-lang-2.4.jar
#14 71.46 [INFO] Downloaded from central: https://repo.maven.apache.org/maven2/org/apache/maven/doxia/doxia-module-xhtml5/1.11.1/doxia-module-xhtml5-1.11.1.jar (18 kB at 1.9 kB/s)
#14 71.46 [INFO] Downloading from central: https://repo.maven.apache.org/maven2/org/apache/velocity/velocity-tools/2.0/velocity-tools-2.0.jar
#14 71.48 [INFO] Downloaded from central: https://repo.maven.apache.org/maven2/org/codehaus/plexus/plexus-velocity/1.2/plexus-velocity-1.2.jar (8.1 kB at 844 B/s)
#14 71.48 [INFO] Downloading from central: https://repo.maven.apache.org/maven2/commons-beanutils/commons-beanutils/1.7.0/commons-beanutils-1.7.0.jar
#14 73.00 [INFO] Downloaded from central: https://repo.maven.apache.org/maven2/commons-beanutils/commons-beanutils/1.7.0/commons-beanutils-1.7.0.jar (189 kB at 17 kB/s)
#14 73.00 [INFO] Downloading from central: https://repo.maven.apache.org/maven2/commons-digester/commons-digester/1.8/commons-digester-1.8.jar
#14 73.26 [INFO] Downloaded from central: https://repo.maven.apache.org/maven2/commons-lang/commons-lang/2.4/commons-lang-2.4.jar (262 kB at 23 kB/s)
#14 73.26 [INFO] Downloading from central: https://repo.maven.apache.org/maven2/commons-chain/commons-chain/1.1/commons-chain-1.1.jar
#14 73.48 [INFO] Downloaded from central: https://repo.maven.apache.org/maven2/org/apache/velocity/velocity-tools/2.0/velocity-tools-2.0.jar (347 kB at 30 kB/s)
#14 73.48 [INFO] Downloading from central: https://repo.maven.apache.org/maven2/dom4j/dom4j/1.1/dom4j-1.1.jar
#14 73.64 [INFO] Downloaded from central: https://repo.maven.apache.org/maven2/commons-digester/commons-digester/1.8/commons-digester-1.8.jar (144 kB at 12 kB/s)
#14 73.64 [INFO] Downloading from central: https://repo.maven.apache.org/maven2/oro/oro/2.0.8/oro-2.0.8.jar
#14 73.93 [INFO] Downloaded from central: https://repo.maven.apache.org/maven2/oro/oro/2.0.8/oro-2.0.8.jar (65 kB at 5.4 kB/s)
#14 73.93 [INFO] Downloading from central: https://repo.maven.apache.org/maven2/commons-collections/commons-collections/3.2.2/commons-collections-3.2.2.jar
#14 73.97 [INFO] Downloaded from central: https://repo.maven.apache.org/maven2/commons-chain/commons-chain/1.1/commons-chain-1.1.jar (90 kB at 7.5 kB/s)
#14 73.97 [INFO] Downloaded from central: https://repo.maven.apache.org/maven2/org/apache/velocity/velocity/1.7/velocity-1.7.jar (450 kB at 37 kB/s)
#14 73.97 [INFO] Downloading from central: https://repo.maven.apache.org/maven2/org/codehaus/plexus/plexus-archiver/4.8.0/plexus-archiver-4.8.0.jar
#14 73.97 [INFO] Downloading from central: https://repo.maven.apache.org/maven2/javax/inject/javax.inject/1/javax.inject-1.jar
#14 74.15 [INFO] Downloaded from central: https://repo.maven.apache.org/maven2/javax/inject/javax.inject/1/javax.inject-1.jar (2.5 kB at 203 B/s)
#14 74.15 [INFO] Downloading from central: https://repo.maven.apache.org/maven2/commons-io/commons-io/2.13.0/commons-io-2.13.0.jar
#14 74.89 [INFO] Downloaded from central: https://repo.maven.apache.org/maven2/org/apache/httpcomponents/httpclient/4.5.13/httpclient-4.5.13.jar (780 kB at 60 kB/s)
#14 74.89 [INFO] Downloading from central: https://repo.maven.apache.org/maven2/org/apache/commons/commons-compress/1.23.0/commons-compress-1.23.0.jar
#14 75.90 [INFO] Downloaded from central: https://repo.maven.apache.org/maven2/commons-collections/commons-collections/3.2.2/commons-collections-3.2.2.jar (588 kB at 42 kB/s)
#14 75.90 [INFO] Downloading from central: https://repo.maven.apache.org/maven2/org/slf4j/slf4j-api/1.7.36/slf4j-api-1.7.36.jar
#14 76.07 [INFO] Downloaded from central: https://repo.maven.apache.org/maven2/org/slf4j/slf4j-api/1.7.36/slf4j-api-1.7.36.jar (41 kB at 2.9 kB/s)
#14 76.07 [INFO] Downloading from central: https://repo.maven.apache.org/maven2/org/iq80/snappy/snappy/0.4/snappy-0.4.jar
#14 76.32 [INFO] Downloaded from central: https://repo.maven.apache.org/maven2/org/iq80/snappy/snappy/0.4/snappy-0.4.jar (58 kB at 4.0 kB/s)
#14 76.32 [INFO] Downloading from central: https://repo.maven.apache.org/maven2/org/tukaani/xz/1.9/xz-1.9.jar
#14 76.35 [INFO] Downloaded from central: https://repo.maven.apache.org/maven2/org/codehaus/plexus/plexus-archiver/4.8.0/plexus-archiver-4.8.0.jar (224 kB at 15 kB/s)
#14 76.35 [INFO] Downloading from central: https://repo.maven.apache.org/maven2/com/github/luben/zstd-jni/1.5.5-5/zstd-jni-1.5.5-5.jar
#14 76.68 [INFO] Downloaded from central: https://repo.maven.apache.org/maven2/org/tukaani/xz/1.9/xz-1.9.jar (116 kB at 7.8 kB/s)
#14 76.68 [INFO] Downloading from central: https://repo.maven.apache.org/maven2/org/codehaus/plexus/plexus-utils/3.5.1/plexus-utils-3.5.1.jar
#14 77.56 [INFO] Downloaded from central: https://repo.maven.apache.org/maven2/org/codehaus/plexus/plexus-utils/3.5.1/plexus-utils-3.5.1.jar (269 kB at 17 kB/s)
#14 77.56 [INFO] Downloading from central: https://repo.maven.apache.org/maven2/org/codehaus/plexus/plexus-io/3.4.1/plexus-io-3.4.1.jar
#14 77.82 [INFO] Downloaded from central: https://repo.maven.apache.org/maven2/org/apache/commons/commons-compress/1.23.0/commons-compress-1.23.0.jar (1.1 MB at 67 kB/s)
#14 77.82 [INFO] Downloading from central: https://repo.maven.apache.org/maven2/org/codehaus/plexus/plexus-i18n/1.0-beta-10/plexus-i18n-1.0-beta-10.jar
#14 77.88 [INFO] Downloaded from central: https://repo.maven.apache.org/maven2/org/codehaus/plexus/plexus-io/3.4.1/plexus-io-3.4.1.jar (79 kB at 5.0 kB/s)
#14 77.88 [INFO] Downloading from central: https://repo.maven.apache.org/maven2/org/apache/maven/shared/maven-dependency-analyzer/1.13.2/maven-dependency-analyzer-1.13.2.jar
#14 78.01 [INFO] Downloaded from central: https://repo.maven.apache.org/maven2/org/codehaus/plexus/plexus-i18n/1.0-beta-10/plexus-i18n-1.0-beta-10.jar (12 kB at 740 B/s)
#14 78.01 [INFO] Downloading from central: https://repo.maven.apache.org/maven2/org/apache/maven/maven-model/3.2.5/maven-model-3.2.5.jar
#14 78.06 [INFO] Downloaded from central: https://repo.maven.apache.org/maven2/org/apache/maven/shared/maven-dependency-analyzer/1.13.2/maven-dependency-analyzer-1.13.2.jar (39 kB at 2.4 kB/s)
#14 78.06 [INFO] Downloading from central: https://repo.maven.apache.org/maven2/org/ow2/asm/asm/9.5/asm-9.5.jar
#14 78.62 [INFO] Downloaded from central: https://repo.maven.apache.org/maven2/org/ow2/asm/asm/9.5/asm-9.5.jar (122 kB at 7.3 kB/s)
#14 78.62 [INFO] Downloading from central: https://repo.maven.apache.org/maven2/org/apache/maven/shared/maven-dependency-tree/3.2.1/maven-dependency-tree-3.2.1.jar
#14 78.62 [INFO] Downloaded from central: https://repo.maven.apache.org/maven2/org/apache/maven/maven-model/3.2.5/maven-model-3.2.5.jar (161 kB at 9.6 kB/s)
#14 78.62 [INFO] Downloading from central: https://repo.maven.apache.org/maven2/org/eclipse/aether/aether-util/1.0.0.v20140518/aether-util-1.0.0.v20140518.jar
#14 78.68 [INFO] Downloaded from central: https://repo.maven.apache.org/maven2/dom4j/dom4j/1.1/dom4j-1.1.jar (457 kB at 27 kB/s)
#14 78.68 [INFO] Downloading from central: https://repo.maven.apache.org/maven2/org/apache/maven/shared/maven-common-artifact-filters/3.3.2/maven-common-artifact-filters-3.3.2.jar
#14 78.91 [INFO] Downloaded from central: https://repo.maven.apache.org/maven2/org/apache/maven/shared/maven-dependency-tree/3.2.1/maven-dependency-tree-3.2.1.jar (43 kB at 2.5 kB/s)
#14 78.91 [INFO] Downloading from central: https://repo.maven.apache.org/maven2/org/apache/maven/shared/maven-artifact-transfer/0.13.1/maven-artifact-transfer-0.13.1.jar
#14 79.24 [INFO] Downloaded from central: https://repo.maven.apache.org/maven2/org/eclipse/aether/aether-util/1.0.0.v20140518/aether-util-1.0.0.v20140518.jar (146 kB at 8.4 kB/s)
#14 79.24 [INFO] Downloading from central: https://repo.maven.apache.org/maven2/org/codehaus/plexus/plexus-component-annotations/2.0.0/plexus-component-annotations-2.0.0.jar
#14 79.34 [INFO] Downloaded from central: https://repo.maven.apache.org/maven2/org/codehaus/plexus/plexus-component-annotations/2.0.0/plexus-component-annotations-2.0.0.jar (4.2 kB at 242 B/s)
#14 79.34 [INFO] Downloading from central: https://repo.maven.apache.org/maven2/org/apache/maven/shared/maven-shared-utils/3.4.2/maven-shared-utils-3.4.2.jar
#14 79.36 [INFO] Downloaded from central: https://repo.maven.apache.org/maven2/org/apache/maven/shared/maven-common-artifact-filters/3.3.2/maven-common-artifact-filters-3.3.2.jar (58 kB at 3.3 kB/s)
#14 79.36 [INFO] Downloading from central: https://repo.maven.apache.org/maven2/org/apache/commons/commons-collections4/4.4/commons-collections4-4.4.jar
#14 79.42 [INFO] Downloaded from central: https://repo.maven.apache.org/maven2/org/apache/maven/shared/maven-artifact-transfer/0.13.1/maven-artifact-transfer-0.13.1.jar (159 kB at 9.1 kB/s)
#14 79.42 [INFO] Downloading from central: https://repo.maven.apache.org/maven2/org/sonatype/plexus/plexus-build-api/0.0.7/plexus-build-api-0.0.7.jar
#14 79.65 [INFO] Downloaded from central: https://repo.maven.apache.org/maven2/commons-io/commons-io/2.13.0/commons-io-2.13.0.jar (484 kB at 27 kB/s)
#14 79.76 [INFO] Downloaded from central: https://repo.maven.apache.org/maven2/org/apache/maven/shared/maven-shared-utils/3.4.2/maven-shared-utils-3.4.2.jar (151 kB at 8.5 kB/s)
#14 79.83 [INFO] Downloaded from central: https://repo.maven.apache.org/maven2/org/sonatype/plexus/plexus-build-api/0.0.7/plexus-build-api-0.0.7.jar (8.5 kB at 473 B/s)
#14 81.40 [INFO] Downloaded from central: https://repo.maven.apache.org/maven2/org/apache/commons/commons-collections4/4.4/commons-collections4-4.4.jar (752 kB at 39 kB/s)
#14 88.34 [INFO] Downloaded from central: https://repo.maven.apache.org/maven2/com/github/luben/zstd-jni/1.5.5-5/zstd-jni-1.5.5-5.jar (5.9 MB at 224 kB/s)
#14 88.78 [INFO] Downloading from central: https://repo.maven.apache.org/maven2/org/codehaus/plexus/plexus-utils/4.0.0/plexus-utils-4.0.0.jar
#14 88.98 [INFO] Downloaded from central: https://repo.maven.apache.org/maven2/org/codehaus/plexus/plexus-utils/4.0.0/plexus-utils-4.0.0.jar (192 kB at 943 kB/s)
#14 88.98 [INFO] Downloading from central: https://repo.maven.apache.org/maven2/org/springframework/boot/spring-boot-buildpack-platform/3.2.5/spring-boot-buildpack-platform-3.2.5.pom
#14 89.06 [INFO] Downloaded from central: https://repo.maven.apache.org/maven2/org/springframework/boot/spring-boot-buildpack-platform/3.2.5/spring-boot-buildpack-platform-3.2.5.pom (3.2 kB at 43 kB/s)
#14 89.06 [INFO] Downloading from central: https://repo.maven.apache.org/maven2/com/fasterxml/jackson/core/jackson-databind/2.14.2/jackson-databind-2.14.2.pom
#14 89.14 [INFO] Downloaded from central: https://repo.maven.apache.org/maven2/com/fasterxml/jackson/core/jackson-databind/2.14.2/jackson-databind-2.14.2.pom (19 kB at 250 kB/s)
#14 89.14 [INFO] Downloading from central: https://repo.maven.apache.org/maven2/com/fasterxml/jackson/jackson-base/2.14.2/jackson-base-2.14.2.pom
#14 89.25 [INFO] Downloaded from central: https://repo.maven.apache.org/maven2/com/fasterxml/jackson/jackson-base/2.14.2/jackson-base-2.14.2.pom (10 kB at 99 kB/s)
#14 89.25 [INFO] Downloading from central: https://repo.maven.apache.org/maven2/com/fasterxml/jackson/jackson-bom/2.14.2/jackson-bom-2.14.2.pom
#14 89.32 [INFO] Downloaded from central: https://repo.maven.apache.org/maven2/com/fasterxml/jackson/jackson-bom/2.14.2/jackson-bom-2.14.2.pom (17 kB at 253 kB/s)
#14 89.32 [INFO] Downloading from central: https://repo.maven.apache.org/maven2/com/fasterxml/jackson/jackson-parent/2.14/jackson-parent-2.14.pom
#14 89.40 [INFO] Downloaded from central: https://repo.maven.apache.org/maven2/com/fasterxml/jackson/jackson-parent/2.14/jackson-parent-2.14.pom (7.7 kB at 91 kB/s)
#14 89.40 [INFO] Downloading from central: https://repo.maven.apache.org/maven2/com/fasterxml/oss-parent/48/oss-parent-48.pom
#14 89.48 [INFO] Downloaded from central: https://repo.maven.apache.org/maven2/com/fasterxml/oss-parent/48/oss-parent-48.pom (24 kB at 325 kB/s)
#14 89.48 [INFO] Downloading from central: https://repo.maven.apache.org/maven2/com/fasterxml/jackson/core/jackson-annotations/2.14.2/jackson-annotations-2.14.2.pom
#14 89.55 [INFO] Downloaded from central: https://repo.maven.apache.org/maven2/com/fasterxml/jackson/core/jackson-annotations/2.14.2/jackson-annotations-2.14.2.pom (6.2 kB at 85 kB/s)
#14 89.56 [INFO] Downloading from central: https://repo.maven.apache.org/maven2/com/fasterxml/jackson/core/jackson-core/2.14.2/jackson-core-2.14.2.pom
#14 89.62 [INFO] Downloaded from central: https://repo.maven.apache.org/maven2/com/fasterxml/jackson/core/jackson-core/2.14.2/jackson-core-2.14.2.pom (7.0 kB at 105 kB/s)
#14 89.63 [INFO] Downloading from central: https://repo.maven.apache.org/maven2/com/fasterxml/jackson/module/jackson-module-parameter-names/2.14.2/jackson-module-parameter-names-2.14.2.pom
#14 89.70 [INFO] Downloaded from central: https://repo.maven.apache.org/maven2/com/fasterxml/jackson/module/jackson-module-parameter-names/2.14.2/jackson-module-parameter-names-2.14.2.pom (4.4 kB at 63 kB/s)
#14 89.70 [INFO] Downloading from central: https://repo.maven.apache.org/maven2/com/fasterxml/jackson/module/jackson-modules-java8/2.14.2/jackson-modules-java8-2.14.2.pom
#14 89.77 [INFO] Downloaded from central: https://repo.maven.apache.org/maven2/com/fasterxml/jackson/module/jackson-modules-java8/2.14.2/jackson-modules-java8-2.14.2.pom (3.1 kB at 44 kB/s)
#14 89.77 [INFO] Downloading from central: https://repo.maven.apache.org/maven2/net/java/dev/jna/jna-platform/5.13.0/jna-platform-5.13.0.pom
#14 89.85 [INFO] Downloaded from central: https://repo.maven.apache.org/maven2/net/java/dev/jna/jna-platform/5.13.0/jna-platform-5.13.0.pom (2.3 kB at 28 kB/s)
#14 89.85 [INFO] Downloading from central: https://repo.maven.apache.org/maven2/net/java/dev/jna/jna/5.13.0/jna-5.13.0.pom
#14 89.92 [INFO] Downloaded from central: https://repo.maven.apache.org/maven2/net/java/dev/jna/jna/5.13.0/jna-5.13.0.pom (2.0 kB at 32 kB/s)
#14 89.92 [INFO] Downloading from central: https://repo.maven.apache.org/maven2/org/apache/commons/commons-compress/1.21/commons-compress-1.21.pom
#14 89.99 [INFO] Downloaded from central: https://repo.maven.apache.org/maven2/org/apache/commons/commons-compress/1.21/commons-compress-1.21.pom (20 kB at 281 kB/s)
#14 90.00 [INFO] Downloading from central: https://repo.maven.apache.org/maven2/org/apache/httpcomponents/client5/httpclient5/5.2.3/httpclient5-5.2.3.pom
#14 90.07 [INFO] Downloaded from central: https://repo.maven.apache.org/maven2/org/apache/httpcomponents/client5/httpclient5/5.2.3/httpclient5-5.2.3.pom (6.0 kB at 83 kB/s)
#14 90.07 [INFO] Downloading from central: https://repo.maven.apache.org/maven2/org/apache/httpcomponents/client5/httpclient5-parent/5.2.3/httpclient5-parent-5.2.3.pom
#14 90.14 [INFO] Downloaded from central: https://repo.maven.apache.org/maven2/org/apache/httpcomponents/client5/httpclient5-parent/5.2.3/httpclient5-parent-5.2.3.pom (17 kB at 238 kB/s)
#14 90.15 [INFO] Downloading from central: https://repo.maven.apache.org/maven2/org/apache/httpcomponents/httpcomponents-parent/13/httpcomponents-parent-13.pom
#14 90.22 [INFO] Downloaded from central: https://repo.maven.apache.org/maven2/org/apache/httpcomponents/httpcomponents-parent/13/httpcomponents-parent-13.pom (30 kB at 414 kB/s)
#14 90.22 [INFO] Downloading from central: https://repo.maven.apache.org/maven2/org/apache/httpcomponents/core5/httpcore5/5.2.4/httpcore5-5.2.4.pom
#14 90.30 [INFO] Downloaded from central: https://repo.maven.apache.org/maven2/org/apache/httpcomponents/core5/httpcore5/5.2.4/httpcore5-5.2.4.pom (3.9 kB at 49 kB/s)
#14 90.31 [INFO] Downloading from central: https://repo.maven.apache.org/maven2/org/apache/httpcomponents/core5/httpcore5-parent/5.2.4/httpcore5-parent-5.2.4.pom
#14 90.38 [INFO] Downloaded from central: https://repo.maven.apache.org/maven2/org/apache/httpcomponents/core5/httpcore5-parent/5.2.4/httpcore5-parent-5.2.4.pom (14 kB at 181 kB/s)
#14 90.39 [INFO] Downloading from central: https://repo.maven.apache.org/maven2/org/apache/httpcomponents/core5/httpcore5-h2/5.2.4/httpcore5-h2-5.2.4.pom
#14 90.48 [INFO] Downloaded from central: https://repo.maven.apache.org/maven2/org/apache/httpcomponents/core5/httpcore5-h2/5.2.4/httpcore5-h2-5.2.4.pom (3.6 kB at 38 kB/s)
#14 90.49 [INFO] Downloading from central: https://repo.maven.apache.org/maven2/org/springframework/spring-core/6.0.10/spring-core-6.0.10.pom
#14 90.55 [INFO] Downloaded from central: https://repo.maven.apache.org/maven2/org/springframework/spring-core/6.0.10/spring-core-6.0.10.pom (2.0 kB at 30 kB/s)
#14 90.56 [INFO] Downloading from central: https://repo.maven.apache.org/maven2/org/springframework/spring-jcl/6.0.10/spring-jcl-6.0.10.pom
#14 90.64 [INFO] Downloaded from central: https://repo.maven.apache.org/maven2/org/springframework/spring-jcl/6.0.10/spring-jcl-6.0.10.pom (1.8 kB at 22 kB/s)
#14 90.64 [INFO] Downloading from central: https://repo.maven.apache.org/maven2/org/tomlj/tomlj/1.0.0/tomlj-1.0.0.pom
#14 90.72 [INFO] Downloaded from central: https://repo.maven.apache.org/maven2/org/tomlj/tomlj/1.0.0/tomlj-1.0.0.pom (2.8 kB at 35 kB/s)
#14 90.73 [INFO] Downloading from central: https://repo.maven.apache.org/maven2/org/antlr/antlr4-runtime/4.7.2/antlr4-runtime-4.7.2.pom
#14 90.81 [INFO] Downloaded from central: https://repo.maven.apache.org/maven2/org/antlr/antlr4-runtime/4.7.2/antlr4-runtime-4.7.2.pom (3.6 kB at 42 kB/s)
#14 90.81 [INFO] Downloading from central: https://repo.maven.apache.org/maven2/org/antlr/antlr4-master/4.7.2/antlr4-master-4.7.2.pom
#14 90.89 [INFO] Downloaded from central: https://repo.maven.apache.org/maven2/org/antlr/antlr4-master/4.7.2/antlr4-master-4.7.2.pom (4.4 kB at 57 kB/s)
#14 90.90 [INFO] Downloading from central: https://repo.maven.apache.org/maven2/com/google/code/findbugs/jsr305/3.0.2/jsr305-3.0.2.pom
#14 90.99 [INFO] Downloaded from central: https://repo.maven.apache.org/maven2/com/google/code/findbugs/jsr305/3.0.2/jsr305-3.0.2.pom (4.3 kB at 48 kB/s)
#14 90.99 [INFO] Downloading from central: https://repo.maven.apache.org/maven2/org/springframework/boot/spring-boot-loader-tools/3.2.5/spring-boot-loader-tools-3.2.5.pom
#14 91.06 [INFO] Downloaded from central: https://repo.maven.apache.org/maven2/org/springframework/boot/spring-boot-loader-tools/3.2.5/spring-boot-loader-tools-3.2.5.pom (2.2 kB at 29 kB/s)
#14 91.07 [INFO] Downloading from central: https://repo.maven.apache.org/maven2/org/springframework/spring-core/6.1.6/spring-core-6.1.6.pom
#14 91.15 [INFO] Downloaded from central: https://repo.maven.apache.org/maven2/org/springframework/spring-core/6.1.6/spring-core-6.1.6.pom (2.0 kB at 24 kB/s)
#14 91.15 [INFO] Downloading from central: https://repo.maven.apache.org/maven2/org/springframework/spring-jcl/6.1.6/spring-jcl-6.1.6.pom
#14 91.22 [INFO] Downloaded from central: https://repo.maven.apache.org/maven2/org/springframework/spring-jcl/6.1.6/spring-jcl-6.1.6.pom (1.8 kB at 27 kB/s)
#14 91.22 [INFO] Downloading from central: https://repo.maven.apache.org/maven2/org/springframework/spring-context/6.1.6/spring-context-6.1.6.pom
#14 91.31 [INFO] Downloaded from central: https://repo.maven.apache.org/maven2/org/springframework/spring-context/6.1.6/spring-context-6.1.6.pom (2.8 kB at 34 kB/s)
#14 91.31 [INFO] Downloading from central: https://repo.maven.apache.org/maven2/org/springframework/spring-aop/6.1.6/spring-aop-6.1.6.pom
#14 91.40 [INFO] Downloaded from central: https://repo.maven.apache.org/maven2/org/springframework/spring-aop/6.1.6/spring-aop-6.1.6.pom (2.2 kB at 25 kB/s)
#14 91.40 [INFO] Downloading from central: https://repo.maven.apache.org/maven2/org/springframework/spring-beans/6.1.6/spring-beans-6.1.6.pom
#14 91.49 [INFO] Downloaded from central: https://repo.maven.apache.org/maven2/org/springframework/spring-beans/6.1.6/spring-beans-6.1.6.pom (2.0 kB at 22 kB/s)
#14 91.50 [INFO] Downloading from central: https://repo.maven.apache.org/maven2/org/springframework/spring-expression/6.1.6/spring-expression-6.1.6.pom
#14 91.58 [INFO] Downloaded from central: https://repo.maven.apache.org/maven2/org/springframework/spring-expression/6.1.6/spring-expression-6.1.6.pom (2.1 kB at 25 kB/s)
#14 91.58 [INFO] Downloading from central: https://repo.maven.apache.org/maven2/io/micrometer/micrometer-observation/1.12.5/micrometer-observation-1.12.5.pom
#14 91.68 [INFO] Downloaded from central: https://repo.maven.apache.org/maven2/io/micrometer/micrometer-observation/1.12.5/micrometer-observation-1.12.5.pom (3.8 kB at 40 kB/s)
#14 91.68 [INFO] Downloading from central: https://repo.maven.apache.org/maven2/io/micrometer/micrometer-commons/1.12.5/micrometer-commons-1.12.5.pom
#14 91.75 [INFO] Downloaded from central: https://repo.maven.apache.org/maven2/io/micrometer/micrometer-commons/1.12.5/micrometer-commons-1.12.5.pom (3.4 kB at 47 kB/s)
#14 91.75 [INFO] Downloading from central: https://repo.maven.apache.org/maven2/org/codehaus/plexus/plexus-utils/1.5.8/plexus-utils-1.5.8.pom
#14 91.83 [INFO] Downloaded from central: https://repo.maven.apache.org/maven2/org/codehaus/plexus/plexus-utils/1.5.8/plexus-utils-1.5.8.pom (8.1 kB at 106 kB/s)
#14 91.83 [INFO] Downloading from central: https://repo.maven.apache.org/maven2/org/codehaus/plexus/plexus/2.0.2/plexus-2.0.2.pom
#14 91.91 [INFO] Downloaded from central: https://repo.maven.apache.org/maven2/org/codehaus/plexus/plexus/2.0.2/plexus-2.0.2.pom (12 kB at 149 kB/s)
#14 91.91 [INFO] Downloading from central: https://repo.maven.apache.org/maven2/org/apache/maven/plugins/maven-shade-plugin/3.5.0/maven-shade-plugin-3.5.0.pom
#14 92.00 [INFO] Downloaded from central: https://repo.maven.apache.org/maven2/org/apache/maven/plugins/maven-shade-plugin/3.5.0/maven-shade-plugin-3.5.0.pom (12 kB at 134 kB/s)
#14 92.01 [INFO] Downloading from central: https://repo.maven.apache.org/maven2/org/slf4j/slf4j-api/1.7.32/slf4j-api-1.7.32.pom
#14 92.09 [INFO] Downloaded from central: https://repo.maven.apache.org/maven2/org/slf4j/slf4j-api/1.7.32/slf4j-api-1.7.32.pom (3.8 kB at 48 kB/s)
#14 92.09 [INFO] Downloading from central: https://repo.maven.apache.org/maven2/org/slf4j/slf4j-parent/1.7.32/slf4j-parent-1.7.32.pom
#14 92.18 [INFO] Downloaded from central: https://repo.maven.apache.org/maven2/org/slf4j/slf4j-parent/1.7.32/slf4j-parent-1.7.32.pom (14 kB at 144 kB/s)
#14 92.19 [INFO] Downloading from central: https://repo.maven.apache.org/maven2/org/ow2/asm/asm-commons/9.5/asm-commons-9.5.pom
#14 92.27 [INFO] Downloaded from central: https://repo.maven.apache.org/maven2/org/ow2/asm/asm-commons/9.5/asm-commons-9.5.pom (2.8 kB at 34 kB/s)
#14 92.27 [INFO] Downloading from central: https://repo.maven.apache.org/maven2/org/ow2/asm/asm-tree/9.5/asm-tree-9.5.pom
#14 92.34 [INFO] Downloaded from central: https://repo.maven.apache.org/maven2/org/ow2/asm/asm-tree/9.5/asm-tree-9.5.pom (2.6 kB at 35 kB/s)
#14 92.35 [INFO] Downloading from central: https://repo.maven.apache.org/maven2/org/jdom/jdom2/2.0.6.1/jdom2-2.0.6.1.pom
#14 92.42 [INFO] Downloaded from central: https://repo.maven.apache.org/maven2/org/jdom/jdom2/2.0.6.1/jdom2-2.0.6.1.pom (4.6 kB at 62 kB/s)
#14 92.43 [INFO] Downloading from central: https://repo.maven.apache.org/maven2/org/vafer/jdependency/2.8.0/jdependency-2.8.0.pom
#14 92.50 [INFO] Downloaded from central: https://repo.maven.apache.org/maven2/org/vafer/jdependency/2.8.0/jdependency-2.8.0.pom (14 kB at 180 kB/s)
#14 92.51 [INFO] Downloading from central: https://repo.maven.apache.org/maven2/org/springframework/boot/spring-boot-buildpack-platform/3.2.5/spring-boot-buildpack-platform-3.2.5.jar
#14 92.92 [INFO] Downloaded from central: https://repo.maven.apache.org/maven2/org/springframework/boot/spring-boot-buildpack-platform/3.2.5/spring-boot-buildpack-platform-3.2.5.jar (272 kB at 660 kB/s)
#14 92.92 [INFO] Downloading from central: https://repo.maven.apache.org/maven2/com/fasterxml/jackson/core/jackson-databind/2.14.2/jackson-databind-2.14.2.jar
#14 92.92 [INFO] Downloading from central: https://repo.maven.apache.org/maven2/com/fasterxml/jackson/core/jackson-annotations/2.14.2/jackson-annotations-2.14.2.jar
#14 92.92 [INFO] Downloading from central: https://repo.maven.apache.org/maven2/com/fasterxml/jackson/core/jackson-core/2.14.2/jackson-core-2.14.2.jar
#14 92.92 [INFO] Downloading from central: https://repo.maven.apache.org/maven2/com/fasterxml/jackson/module/jackson-module-parameter-names/2.14.2/jackson-module-parameter-names-2.14.2.jar
#14 92.92 [INFO] Downloading from central: https://repo.maven.apache.org/maven2/net/java/dev/jna/jna-platform/5.13.0/jna-platform-5.13.0.jar
#14 93.30 [INFO] Downloaded from central: https://repo.maven.apache.org/maven2/com/fasterxml/jackson/module/jackson-module-parameter-names/2.14.2/jackson-module-parameter-names-2.14.2.jar (9.5 kB at 25 kB/s)
#14 93.30 [INFO] Downloading from central: https://repo.maven.apache.org/maven2/net/java/dev/jna/jna/5.13.0/jna-5.13.0.jar
#14 93.68 [INFO] Downloaded from central: https://repo.maven.apache.org/maven2/com/fasterxml/jackson/core/jackson-annotations/2.14.2/jackson-annotations-2.14.2.jar (77 kB at 102 kB/s)
#14 93.68 [INFO] Downloading from central: https://repo.maven.apache.org/maven2/org/apache/commons/commons-compress/1.21/commons-compress-1.21.jar
#14 94.54 [INFO] Downloaded from central: https://repo.maven.apache.org/maven2/com/fasterxml/jackson/core/jackson-core/2.14.2/jackson-core-2.14.2.jar (459 kB at 284 kB/s)
#14 94.54 [INFO] Downloading from central: https://repo.maven.apache.org/maven2/org/apache/httpcomponents/client5/httpclient5/5.2.3/httpclient5-5.2.3.jar
#14 97.42 [INFO] Downloaded from central: https://repo.maven.apache.org/maven2/org/apache/httpcomponents/client5/httpclient5/5.2.3/httpclient5-5.2.3.jar (843 kB at 187 kB/s)
#14 97.42 [INFO] Downloading from central: https://repo.maven.apache.org/maven2/org/apache/httpcomponents/core5/httpcore5/5.2.4/httpcore5-5.2.4.jar
#14 98.89 [INFO] Downloaded from central: https://repo.maven.apache.org/maven2/net/java/dev/jna/jna/5.13.0/jna-5.13.0.jar (1.9 MB at 315 kB/s)
#14 98.89 [INFO] Downloading from central: https://repo.maven.apache.org/maven2/org/apache/httpcomponents/core5/httpcore5-h2/5.2.4/httpcore5-h2-5.2.4.jar
#14 99.54 [INFO] Downloaded from central: https://repo.maven.apache.org/maven2/org/apache/httpcomponents/core5/httpcore5-h2/5.2.4/httpcore5-h2-5.2.4.jar (237 kB at 36 kB/s)
#14 99.54 [INFO] Downloading from central: https://repo.maven.apache.org/maven2/org/tomlj/tomlj/1.0.0/tomlj-1.0.0.jar
#14 99.63 [INFO] Downloaded from central: https://repo.maven.apache.org/maven2/org/apache/httpcomponents/core5/httpcore5/5.2.4/httpcore5-5.2.4.jar (855 kB at 127 kB/s)
#14 99.63 [INFO] Downloading from central: https://repo.maven.apache.org/maven2/org/antlr/antlr4-runtime/4.7.2/antlr4-runtime-4.7.2.jar
#14 99.91 [INFO] Downloaded from central: https://repo.maven.apache.org/maven2/org/tomlj/tomlj/1.0.0/tomlj-1.0.0.jar (157 kB at 22 kB/s)
#14 99.91 [INFO] Downloading from central: https://repo.maven.apache.org/maven2/com/google/code/findbugs/jsr305/3.0.2/jsr305-3.0.2.jar
#14 100.5 [INFO] Downloaded from central: https://repo.maven.apache.org/maven2/org/antlr/antlr4-runtime/4.7.2/antlr4-runtime-4.7.2.jar (338 kB at 45 kB/s)
#14 100.5 [INFO] Downloading from central: https://repo.maven.apache.org/maven2/org/springframework/boot/spring-boot-loader-tools/3.2.5/spring-boot-loader-tools-3.2.5.jar
#14 100.7 [INFO] Downloaded from central: https://repo.maven.apache.org/maven2/com/google/code/findbugs/jsr305/3.0.2/jsr305-3.0.2.jar (20 kB at 2.6 kB/s)
#14 100.7 [INFO] Downloading from central: https://repo.maven.apache.org/maven2/org/springframework/spring-core/6.1.6/spring-core-6.1.6.jar
#14 101.5 [INFO] Downloaded from central: https://repo.maven.apache.org/maven2/org/springframework/boot/spring-boot-loader-tools/3.2.5/spring-boot-loader-tools-3.2.5.jar (435 kB at 51 kB/s)
#14 101.5 [INFO] Downloading from central: https://repo.maven.apache.org/maven2/org/springframework/spring-jcl/6.1.6/spring-jcl-6.1.6.jar
#14 101.8 [INFO] Downloaded from central: https://repo.maven.apache.org/maven2/org/springframework/spring-jcl/6.1.6/spring-jcl-6.1.6.jar (25 kB at 2.8 kB/s)
#14 101.8 [INFO] Downloading from central: https://repo.maven.apache.org/maven2/org/springframework/spring-context/6.1.6/spring-context-6.1.6.jar
#14 103.0 [INFO] Downloaded from central: https://repo.maven.apache.org/maven2/org/apache/commons/commons-compress/1.21/commons-compress-1.21.jar (1.0 MB at 102 kB/s)
#14 103.0 [INFO] Downloading from central: https://repo.maven.apache.org/maven2/org/springframework/spring-aop/6.1.6/spring-aop-6.1.6.jar
#14 104.8 [INFO] Downloaded from central: https://repo.maven.apache.org/maven2/org/springframework/spring-context/6.1.6/spring-context-6.1.6.jar (1.3 MB at 109 kB/s)
#14 104.8 [INFO] Downloading from central: https://repo.maven.apache.org/maven2/org/springframework/spring-beans/6.1.6/spring-beans-6.1.6.jar
#14 105.2 [INFO] Downloaded from central: https://repo.maven.apache.org/maven2/org/springframework/spring-core/6.1.6/spring-core-6.1.6.jar (1.9 MB at 154 kB/s)
#14 105.2 [INFO] Downloading from central: https://repo.maven.apache.org/maven2/org/springframework/spring-expression/6.1.6/spring-expression-6.1.6.jar
#14 106.2 [INFO] Downloaded from central: https://repo.maven.apache.org/maven2/org/springframework/spring-expression/6.1.6/spring-expression-6.1.6.jar (303 kB at 23 kB/s)
#14 106.2 [INFO] Downloading from central: https://repo.maven.apache.org/maven2/io/micrometer/micrometer-observation/1.12.5/micrometer-observation-1.12.5.jar
#14 106.5 [INFO] Downloaded from central: https://repo.maven.apache.org/maven2/io/micrometer/micrometer-observation/1.12.5/micrometer-observation-1.12.5.jar (72 kB at 5.3 kB/s)
#14 106.5 [INFO] Downloading from central: https://repo.maven.apache.org/maven2/io/micrometer/micrometer-commons/1.12.5/micrometer-commons-1.12.5.jar
#14 106.8 [INFO] Downloaded from central: https://repo.maven.apache.org/maven2/io/micrometer/micrometer-commons/1.12.5/micrometer-commons-1.12.5.jar (47 kB at 3.4 kB/s)
#14 106.8 [INFO] Downloading from central: https://repo.maven.apache.org/maven2/org/codehaus/plexus/plexus-utils/1.5.8/plexus-utils-1.5.8.jar
#14 106.8 [INFO] Downloaded from central: https://repo.maven.apache.org/maven2/org/springframework/spring-beans/6.1.6/spring-beans-6.1.6.jar (858 kB at 62 kB/s)
#14 106.8 [INFO] Downloading from central: https://repo.maven.apache.org/maven2/org/apache/maven/plugins/maven-shade-plugin/3.5.0/maven-shade-plugin-3.5.0.jar
#14 107.2 [INFO] Downloaded from central: https://repo.maven.apache.org/maven2/org/apache/maven/plugins/maven-shade-plugin/3.5.0/maven-shade-plugin-3.5.0.jar (147 kB at 10 kB/s)
#14 107.2 [INFO] Downloading from central: https://repo.maven.apache.org/maven2/org/ow2/asm/asm-commons/9.5/asm-commons-9.5.jar
#14 107.3 [INFO] Downloaded from central: https://repo.maven.apache.org/maven2/org/codehaus/plexus/plexus-utils/1.5.8/plexus-utils-1.5.8.jar (268 kB at 19 kB/s)
#14 107.3 [INFO] Downloading from central: https://repo.maven.apache.org/maven2/org/ow2/asm/asm-tree/9.5/asm-tree-9.5.jar
#14 107.4 [INFO] Downloaded from central: https://repo.maven.apache.org/maven2/org/ow2/asm/asm-commons/9.5/asm-commons-9.5.jar (72 kB at 5.0 kB/s)
#14 107.4 [INFO] Downloading from central: https://repo.maven.apache.org/maven2/org/jdom/jdom2/2.0.6.1/jdom2-2.0.6.1.jar
#14 107.4 [INFO] Downloaded from central: https://repo.maven.apache.org/maven2/org/springframework/spring-aop/6.1.6/spring-aop-6.1.6.jar (416 kB at 29 kB/s)
#14 107.4 [INFO] Downloading from central: https://repo.maven.apache.org/maven2/org/eclipse/aether/aether-api/1.0.0.v20140518/aether-api-1.0.0.v20140518.jar
#14 107.5 [INFO] Downloaded from central: https://repo.maven.apache.org/maven2/org/ow2/asm/asm-tree/9.5/asm-tree-9.5.jar (52 kB at 3.6 kB/s)
#14 107.5 [INFO] Downloading from central: https://repo.maven.apache.org/maven2/org/vafer/jdependency/2.8.0/jdependency-2.8.0.jar
#14 108.1 [INFO] Downloaded from central: https://repo.maven.apache.org/maven2/org/jdom/jdom2/2.0.6.1/jdom2-2.0.6.1.jar (328 kB at 22 kB/s)
#14 108.1 [INFO] Downloaded from central: https://repo.maven.apache.org/maven2/org/vafer/jdependency/2.8.0/jdependency-2.8.0.jar (233 kB at 15 kB/s)
#14 108.4 [INFO] Downloaded from central: https://repo.maven.apache.org/maven2/com/fasterxml/jackson/core/jackson-databind/2.14.2/jackson-databind-2.14.2.jar (1.6 MB at 104 kB/s)
#14 108.5 [INFO] Downloaded from central: https://repo.maven.apache.org/maven2/org/eclipse/aether/aether-api/1.0.0.v20140518/aether-api-1.0.0.v20140518.jar (136 kB at 8.8 kB/s)
#14 109.2 [INFO] Downloaded from central: https://repo.maven.apache.org/maven2/net/java/dev/jna/jna-platform/5.13.0/jna-platform-5.13.0.jar (1.4 MB at 84 kB/s)
#14 109.2 [INFO] Downloading from central: https://repo.maven.apache.org/maven2/org/codehaus/plexus/plexus-utils/3.5.0/plexus-utils-3.5.0.pom
#14 109.3 [INFO] Downloaded from central: https://repo.maven.apache.org/maven2/org/codehaus/plexus/plexus-utils/3.5.0/plexus-utils-3.5.0.pom (8.0 kB at 93 kB/s)
#14 109.3 [INFO] Downloading from central: https://repo.maven.apache.org/maven2/org/codehaus/plexus/plexus-utils/3.5.0/plexus-utils-3.5.0.jar
#14 110.0 [INFO] Downloaded from central: https://repo.maven.apache.org/maven2/org/codehaus/plexus/plexus-utils/3.5.0/plexus-utils-3.5.0.jar (267 kB at 424 kB/s)
#14 110.0 [INFO] Downloading from central: https://repo.maven.apache.org/maven2/org/apache/maven/reporting/maven-reporting-exec/1.6.0/maven-reporting-exec-1.6.0.pom
#14 110.1 [INFO] Downloaded from central: https://repo.maven.apache.org/maven2/org/apache/maven/reporting/maven-reporting-exec/1.6.0/maven-reporting-exec-1.6.0.pom (14 kB at 153 kB/s)
#14 110.1 [INFO] Downloading from central: https://repo.maven.apache.org/maven2/org/apache/maven/reporting/maven-reporting-api/3.1.0/maven-reporting-api-3.1.0.pom
#14 110.1 [INFO] Downloaded from central: https://repo.maven.apache.org/maven2/org/apache/maven/reporting/maven-reporting-api/3.1.0/maven-reporting-api-3.1.0.pom (3.8 kB at 50 kB/s)
#14 110.1 [INFO] Downloading from central: https://repo.maven.apache.org/maven2/org/codehaus/plexus/plexus-utils/3.3.0/plexus-utils-3.3.0.pom
#14 110.2 [INFO] Downloaded from central: https://repo.maven.apache.org/maven2/org/codehaus/plexus/plexus-utils/3.3.0/plexus-utils-3.3.0.pom (5.2 kB at 67 kB/s)
#14 110.2 [INFO] Downloading from central: https://repo.maven.apache.org/maven2/org/codehaus/plexus/plexus-component-annotations/2.1.1/plexus-component-annotations-2.1.1.pom
#14 110.3 [INFO] Downloaded from central: https://repo.maven.apache.org/maven2/org/codehaus/plexus/plexus-component-annotations/2.1.1/plexus-component-annotations-2.1.1.pom (770 B at 7.3 kB/s)
#14 110.3 [INFO] Downloading from central: https://repo.maven.apache.org/maven2/org/codehaus/plexus/plexus-containers/2.1.1/plexus-containers-2.1.1.pom
#14 110.4 [INFO] Downloaded from central: https://repo.maven.apache.org/maven2/org/codehaus/plexus/plexus-containers/2.1.1/plexus-containers-2.1.1.pom (6.0 kB at 60 kB/s)
#14 110.4 [INFO] Downloading from central: https://repo.maven.apache.org/maven2/org/codehaus/plexus/plexus/6.5/plexus-6.5.pom
#14 110.5 [INFO] Downloaded from central: https://repo.maven.apache.org/maven2/org/codehaus/plexus/plexus/6.5/plexus-6.5.pom (26 kB at 262 kB/s)
#14 110.5 [INFO] Downloading from central: https://repo.maven.apache.org/maven2/org/eclipse/sisu/org.eclipse.sisu.plexus/0.3.5/org.eclipse.sisu.plexus-0.3.5.pom
#14 110.6 [INFO] Downloaded from central: https://repo.maven.apache.org/maven2/org/eclipse/sisu/org.eclipse.sisu.plexus/0.3.5/org.eclipse.sisu.plexus-0.3.5.pom (4.3 kB at 50 kB/s)
#14 110.6 [INFO] Downloading from central: https://repo.maven.apache.org/maven2/org/eclipse/sisu/sisu-plexus/0.3.5/sisu-plexus-0.3.5.pom
#14 110.7 [INFO] Downloaded from central: https://repo.maven.apache.org/maven2/org/eclipse/sisu/sisu-plexus/0.3.5/sisu-plexus-0.3.5.pom (14 kB at 167 kB/s)
#14 110.7 [INFO] Downloading from central: https://repo.maven.apache.org/maven2/javax/annotation/javax.annotation-api/1.2/javax.annotation-api-1.2.pom
#14 110.8 [INFO] Downloaded from central: https://repo.maven.apache.org/maven2/javax/annotation/javax.annotation-api/1.2/javax.annotation-api-1.2.pom (13 kB at 170 kB/s)
#14 110.8 [INFO] Downloading from central: https://repo.maven.apache.org/maven2/net/java/jvnet-parent/3/jvnet-parent-3.pom
#14 110.9 [INFO] Downloaded from central: https://repo.maven.apache.org/maven2/net/java/jvnet-parent/3/jvnet-parent-3.pom (4.8 kB at 61 kB/s)
#14 110.9 [INFO] Downloading from central: https://repo.maven.apache.org/maven2/javax/enterprise/cdi-api/1.2/cdi-api-1.2.pom
#14 111.0 [INFO] Downloaded from central: https://repo.maven.apache.org/maven2/javax/enterprise/cdi-api/1.2/cdi-api-1.2.pom (6.3 kB at 65 kB/s)
#14 111.0 [INFO] Downloading from central: https://repo.maven.apache.org/maven2/org/jboss/weld/weld-parent/26/weld-parent-26.pom
#14 111.1 [INFO] Downloaded from central: https://repo.maven.apache.org/maven2/org/jboss/weld/weld-parent/26/weld-parent-26.pom (32 kB at 351 kB/s)
#14 111.1 [INFO] Downloading from central: https://repo.maven.apache.org/maven2/org/eclipse/sisu/org.eclipse.sisu.inject/0.3.5/org.eclipse.sisu.inject-0.3.5.pom
#14 111.1 [INFO] Downloaded from central: https://repo.maven.apache.org/maven2/org/eclipse/sisu/org.eclipse.sisu.inject/0.3.5/org.eclipse.sisu.inject-0.3.5.pom (2.6 kB at 32 kB/s)
#14 111.1 [INFO] Downloading from central: https://repo.maven.apache.org/maven2/org/eclipse/sisu/sisu-inject/0.3.5/sisu-inject-0.3.5.pom
#14 111.2 [INFO] Downloaded from central: https://repo.maven.apache.org/maven2/org/eclipse/sisu/sisu-inject/0.3.5/sisu-inject-0.3.5.pom (14 kB at 162 kB/s)
#14 111.2 [INFO] Downloading from central: https://repo.maven.apache.org/maven2/org/apache/maven/maven-archiver/3.5.2/maven-archiver-3.5.2.pom
#14 111.3 [INFO] Downloaded from central: https://repo.maven.apache.org/maven2/org/apache/maven/maven-archiver/3.5.2/maven-archiver-3.5.2.pom (5.5 kB at 66 kB/s)
#14 111.3 [INFO] Downloading from central: https://repo.maven.apache.org/maven2/org/apache/maven/maven-artifact/3.1.1/maven-artifact-3.1.1.pom
#14 111.4 [INFO] Downloaded from central: https://repo.maven.apache.org/maven2/org/apache/maven/maven-artifact/3.1.1/maven-artifact-3.1.1.pom (2.0 kB at 25 kB/s)
#14 111.4 [INFO] Downloading from central: https://repo.maven.apache.org/maven2/org/apache/maven/maven/3.1.1/maven-3.1.1.pom
#14 111.5 [INFO] Downloaded from central: https://repo.maven.apache.org/maven2/org/apache/maven/maven/3.1.1/maven-3.1.1.pom (22 kB at 260 kB/s)
#14 111.5 [INFO] Downloading from central: https://repo.maven.apache.org/maven2/org/apache/maven/maven-model/3.1.1/maven-model-3.1.1.pom
#14 111.6 [INFO] Downloaded from central: https://repo.maven.apache.org/maven2/org/apache/maven/maven-model/3.1.1/maven-model-3.1.1.pom (4.1 kB at 49 kB/s)
#14 111.6 [INFO] Downloading from central: https://repo.maven.apache.org/maven2/org/apache/maven/maven-core/3.1.1/maven-core-3.1.1.pom
#14 111.7 [INFO] Downloaded from central: https://repo.maven.apache.org/maven2/org/apache/maven/maven-core/3.1.1/maven-core-3.1.1.pom (7.3 kB at 74 kB/s)
#14 111.7 [INFO] Downloading from central: https://repo.maven.apache.org/maven2/org/apache/maven/maven-settings/3.1.1/maven-settings-3.1.1.pom
#14 111.8 [INFO] Downloaded from central: https://repo.maven.apache.org/maven2/org/apache/maven/maven-settings/3.1.1/maven-settings-3.1.1.pom (2.2 kB at 24 kB/s)
#14 111.8 [INFO] Downloading from central: https://repo.maven.apache.org/maven2/org/apache/maven/maven-settings-builder/3.1.1/maven-settings-builder-3.1.1.pom
#14 112.1 [INFO] Downloaded from central: https://repo.maven.apache.org/maven2/org/apache/maven/maven-settings-builder/3.1.1/maven-settings-builder-3.1.1.pom (2.6 kB at 7.1 kB/s)
#14 112.1 [INFO] Downloading from central: https://repo.maven.apache.org/maven2/org/codehaus/plexus/plexus-interpolation/1.19/plexus-interpolation-1.19.pom
#14 112.2 [INFO] Downloaded from central: https://repo.maven.apache.org/maven2/org/codehaus/plexus/plexus-interpolation/1.19/plexus-interpolation-1.19.pom (1.0 kB at 12 kB/s)
#14 112.2 [INFO] Downloading from central: https://repo.maven.apache.org/maven2/org/apache/maven/maven-repository-metadata/3.1.1/maven-repository-metadata-3.1.1.pom
#14 112.3 [INFO] Downloaded from central: https://repo.maven.apache.org/maven2/org/apache/maven/maven-repository-metadata/3.1.1/maven-repository-metadata-3.1.1.pom (2.2 kB at 28 kB/s)
#14 112.3 [INFO] Downloading from central: https://repo.maven.apache.org/maven2/org/apache/maven/maven-plugin-api/3.1.1/maven-plugin-api-3.1.1.pom
#14 112.4 [INFO] Downloaded from central: https://repo.maven.apache.org/maven2/org/apache/maven/maven-plugin-api/3.1.1/maven-plugin-api-3.1.1.pom (3.4 kB at 42 kB/s)
#14 112.4 [INFO] Downloading from central: https://repo.maven.apache.org/maven2/org/apache/maven/maven-model-builder/3.1.1/maven-model-builder-3.1.1.pom
#14 112.5 [INFO] Downloaded from central: https://repo.maven.apache.org/maven2/org/apache/maven/maven-model-builder/3.1.1/maven-model-builder-3.1.1.pom (2.8 kB at 31 kB/s)
#14 112.5 [INFO] Downloading from central: https://repo.maven.apache.org/maven2/org/apache/maven/maven-aether-provider/3.1.1/maven-aether-provider-3.1.1.pom
#14 112.6 [INFO] Downloaded from central: https://repo.maven.apache.org/maven2/org/apache/maven/maven-aether-provider/3.1.1/maven-aether-provider-3.1.1.pom (4.1 kB at 47 kB/s)
#14 112.6 [INFO] Downloading from central: https://repo.maven.apache.org/maven2/org/apache/maven/shared/maven-shared-utils/3.3.3/maven-shared-utils-3.3.3.pom
#14 112.7 [INFO] Downloaded from central: https://repo.maven.apache.org/maven2/org/apache/maven/shared/maven-shared-utils/3.3.3/maven-shared-utils-3.3.3.pom (5.8 kB at 43 kB/s)
#14 112.7 [INFO] Downloading from central: https://repo.maven.apache.org/maven2/org/apache/commons/commons-compress/1.20/commons-compress-1.20.pom
#14 112.9 [INFO] Downloaded from central: https://repo.maven.apache.org/maven2/org/apache/commons/commons-compress/1.20/commons-compress-1.20.pom (18 kB at 97 kB/s)
#14 112.9 [INFO] Downloading from central: https://repo.maven.apache.org/maven2/org/codehaus/plexus/plexus-archiver/4.2.7/plexus-archiver-4.2.7.pom
#14 113.0 [INFO] Downloaded from central: https://repo.maven.apache.org/maven2/org/codehaus/plexus/plexus-archiver/4.2.7/plexus-archiver-4.2.7.pom (4.9 kB at 51 kB/s)
#14 113.0 [INFO] Downloading from central: https://repo.maven.apache.org/maven2/org/codehaus/plexus/plexus/8/plexus-8.pom
#14 113.1 [INFO] Downloaded from central: https://repo.maven.apache.org/maven2/org/codehaus/plexus/plexus/8/plexus-8.pom (25 kB at 274 kB/s)
#14 113.1 [INFO] Downloading from central: https://repo.maven.apache.org/maven2/org/codehaus/plexus/plexus-io/3.2.0/plexus-io-3.2.0.pom
#14 113.2 [INFO] Downloaded from central: https://repo.maven.apache.org/maven2/org/codehaus/plexus/plexus-io/3.2.0/plexus-io-3.2.0.pom (4.5 kB at 41 kB/s)
#14 113.2 [INFO] Downloading from central: https://repo.maven.apache.org/maven2/org/codehaus/plexus/plexus-utils/3.4.2/plexus-utils-3.4.2.pom
#14 113.4 [INFO] Downloaded from central: https://repo.maven.apache.org/maven2/org/codehaus/plexus/plexus-utils/3.4.2/plexus-utils-3.4.2.pom (8.2 kB at 42 kB/s)
#14 113.4 [INFO] Downloading from central: https://repo.maven.apache.org/maven2/org/codehaus/plexus/plexus-container-default/2.1.0/plexus-container-default-2.1.0.pom
#14 113.5 [INFO] Downloaded from central: https://repo.maven.apache.org/maven2/org/codehaus/plexus/plexus-container-default/2.1.0/plexus-container-default-2.1.0.pom (3.0 kB at 34 kB/s)
#14 113.5 [INFO] Downloading from central: https://repo.maven.apache.org/maven2/org/codehaus/plexus/plexus-classworlds/2.6.0/plexus-classworlds-2.6.0.pom
#14 113.6 [INFO] Downloaded from central: https://repo.maven.apache.org/maven2/org/codehaus/plexus/plexus-classworlds/2.6.0/plexus-classworlds-2.6.0.pom (7.9 kB at 95 kB/s)
#14 113.6 [INFO] Downloading from central: https://repo.maven.apache.org/maven2/org/apache/xbean/xbean-reflect/3.7/xbean-reflect-3.7.pom
#14 113.7 [INFO] Downloaded from central: https://repo.maven.apache.org/maven2/org/apache/xbean/xbean-reflect/3.7/xbean-reflect-3.7.pom (5.1 kB at 59 kB/s)
#14 113.7 [INFO] Downloading from central: https://repo.maven.apache.org/maven2/org/apache/xbean/xbean/3.7/xbean-3.7.pom
#14 113.8 [INFO] Downloaded from central: https://repo.maven.apache.org/maven2/org/apache/xbean/xbean/3.7/xbean-3.7.pom (15 kB at 195 kB/s)
#14 113.8 [INFO] Downloading from central: https://repo.maven.apache.org/maven2/org/apache/geronimo/genesis/genesis-java5-flava/2.0/genesis-java5-flava-2.0.pom
#14 113.9 [INFO] Downloaded from central: https://repo.maven.apache.org/maven2/org/apache/geronimo/genesis/genesis-java5-flava/2.0/genesis-java5-flava-2.0.pom (5.5 kB at 60 kB/s)
#14 113.9 [INFO] Downloading from central: https://repo.maven.apache.org/maven2/org/apache/geronimo/genesis/genesis-default-flava/2.0/genesis-default-flava-2.0.pom
#14 114.0 [INFO] Downloaded from central: https://repo.maven.apache.org/maven2/org/apache/geronimo/genesis/genesis-default-flava/2.0/genesis-default-flava-2.0.pom (18 kB at 212 kB/s)
#14 114.0 [INFO] Downloading from central: https://repo.maven.apache.org/maven2/org/apache/geronimo/genesis/genesis/2.0/genesis-2.0.pom
#14 114.0 [INFO] Downloaded from central: https://repo.maven.apache.org/maven2/org/apache/geronimo/genesis/genesis/2.0/genesis-2.0.pom (18 kB at 200 kB/s)
#14 114.0 [INFO] Downloading from central: https://repo.maven.apache.org/maven2/com/google/collections/google-collections/1.0/google-collections-1.0.pom
#14 114.1 [INFO] Downloaded from central: https://repo.maven.apache.org/maven2/com/google/collections/google-collections/1.0/google-collections-1.0.pom (2.5 kB at 30 kB/s)
#14 114.1 [INFO] Downloading from central: https://repo.maven.apache.org/maven2/com/google/google/1/google-1.pom
#14 114.2 [INFO] Downloaded from central: https://repo.maven.apache.org/maven2/com/google/google/1/google-1.pom (1.6 kB at 19 kB/s)
#14 114.2 [INFO] Downloading from central: https://repo.maven.apache.org/maven2/org/apache/commons/commons-text/1.3/commons-text-1.3.pom
#14 114.3 [INFO] Downloaded from central: https://repo.maven.apache.org/maven2/org/apache/commons/commons-text/1.3/commons-text-1.3.pom (14 kB at 160 kB/s)
#14 114.3 [INFO] Downloading from central: https://repo.maven.apache.org/maven2/org/apache/commons/commons-parent/45/commons-parent-45.pom
#14 114.4 [INFO] Downloaded from central: https://repo.maven.apache.org/maven2/org/apache/commons/commons-parent/45/commons-parent-45.pom (73 kB at 636 kB/s)
#14 114.4 [INFO] Downloading from central: https://repo.maven.apache.org/maven2/org/apache/commons/commons-lang3/3.7/commons-lang3-3.7.pom
#14 114.5 [INFO] Downloaded from central: https://repo.maven.apache.org/maven2/org/apache/commons/commons-lang3/3.7/commons-lang3-3.7.pom (28 kB at 275 kB/s)
#14 114.5 [INFO] Downloading from central: https://repo.maven.apache.org/maven2/org/apache/maven/doxia/doxia-module-apt/1.11.1/doxia-module-apt-1.11.1.pom
#14 114.6 [INFO] Downloaded from central: https://repo.maven.apache.org/maven2/org/apache/maven/doxia/doxia-module-apt/1.11.1/doxia-module-apt-1.11.1.pom (2.1 kB at 26 kB/s)
#14 114.6 [INFO] Downloading from central: https://repo.maven.apache.org/maven2/org/apache/maven/doxia/doxia-module-xdoc/1.11.1/doxia-module-xdoc-1.11.1.pom
#14 114.7 [INFO] Downloaded from central: https://repo.maven.apache.org/maven2/org/apache/maven/doxia/doxia-module-xdoc/1.11.1/doxia-module-xdoc-1.11.1.pom (4.5 kB at 53 kB/s)
#14 114.7 [INFO] Downloading from central: https://repo.maven.apache.org/maven2/org/apache/maven/doxia/doxia-module-fml/1.11.1/doxia-module-fml-1.11.1.pom
#14 114.8 [INFO] Downloaded from central: https://repo.maven.apache.org/maven2/org/apache/maven/doxia/doxia-module-fml/1.11.1/doxia-module-fml-1.11.1.pom (4.4 kB at 54 kB/s)
#14 114.8 [INFO] Downloading from central: https://repo.maven.apache.org/maven2/org/apache/maven/doxia/doxia-module-markdown/1.11.1/doxia-module-markdown-1.11.1.pom
#14 114.9 [INFO] Downloaded from central: https://repo.maven.apache.org/maven2/org/apache/maven/doxia/doxia-module-markdown/1.11.1/doxia-module-markdown-1.11.1.pom (5.4 kB at 55 kB/s)
#14 114.9 [INFO] Downloading from central: https://repo.maven.apache.org/maven2/com/vladsch/flexmark/flexmark-all/0.42.14/flexmark-all-0.42.14.pom
#14 115.0 [INFO] Downloaded from central: https://repo.maven.apache.org/maven2/com/vladsch/flexmark/flexmark-all/0.42.14/flexmark-all-0.42.14.pom (9.0 kB at 113 kB/s)
#14 115.0 [INFO] Downloading from central: https://repo.maven.apache.org/maven2/com/vladsch/flexmark/flexmark-java/0.42.14/flexmark-java-0.42.14.pom
#14 115.1 [INFO] Downloaded from central: https://repo.maven.apache.org/maven2/com/vladsch/flexmark/flexmark-java/0.42.14/flexmark-java-0.42.14.pom (20 kB at 259 kB/s)
#14 115.1 [INFO] Downloading from central: https://repo.maven.apache.org/maven2/com/vladsch/flexmark/flexmark/0.42.14/flexmark-0.42.14.pom
#14 115.1 [INFO] Downloaded from central: https://repo.maven.apache.org/maven2/com/vladsch/flexmark/flexmark/0.42.14/flexmark-0.42.14.pom (2.5 kB at 30 kB/s)
#14 115.1 [INFO] Downloading from central: https://repo.maven.apache.org/maven2/com/vladsch/flexmark/flexmark-util/0.42.14/flexmark-util-0.42.14.pom
#14 115.2 [INFO] Downloaded from central: https://repo.maven.apache.org/maven2/com/vladsch/flexmark/flexmark-util/0.42.14/flexmark-util-0.42.14.pom (792 B at 11 kB/s)
#14 115.2 [INFO] Downloading from central: https://repo.maven.apache.org/maven2/com/vladsch/flexmark/flexmark-ext-abbreviation/0.42.14/flexmark-ext-abbreviation-0.42.14.pom
#14 115.3 [INFO] Downloaded from central: https://repo.maven.apache.org/maven2/com/vladsch/flexmark/flexmark-ext-abbreviation/0.42.14/flexmark-ext-abbreviation-0.42.14.pom (2.5 kB at 27 kB/s)
#14 115.3 [INFO] Downloading from central: https://repo.maven.apache.org/maven2/com/vladsch/flexmark/flexmark-ext-autolink/0.42.14/flexmark-ext-autolink-0.42.14.pom
#14 115.4 [INFO] Downloaded from central: https://repo.maven.apache.org/maven2/com/vladsch/flexmark/flexmark-ext-autolink/0.42.14/flexmark-ext-autolink-0.42.14.pom (1.8 kB at 23 kB/s)
#14 115.4 [INFO] Downloading from central: https://repo.maven.apache.org/maven2/org/nibor/autolink/autolink/0.6.0/autolink-0.6.0.pom
#14 115.5 [INFO] Downloaded from central: https://repo.maven.apache.org/maven2/org/nibor/autolink/autolink/0.6.0/autolink-0.6.0.pom (9.2 kB at 101 kB/s)
#14 115.5 [INFO] Downloading from central: https://repo.maven.apache.org/maven2/com/vladsch/flexmark/flexmark-formatter/0.42.14/flexmark-formatter-0.42.14.pom
#14 115.6 [INFO] Downloaded from central: https://repo.maven.apache.org/maven2/com/vladsch/flexmark/flexmark-formatter/0.42.14/flexmark-formatter-0.42.14.pom (1.1 kB at 14 kB/s)
#14 115.6 [INFO] Downloading from central: https://repo.maven.apache.org/maven2/com/vladsch/flexmark/flexmark-ext-admonition/0.42.14/flexmark-ext-admonition-0.42.14.pom
#14 115.7 [INFO] Downloaded from central: https://repo.maven.apache.org/maven2/com/vladsch/flexmark/flexmark-ext-admonition/0.42.14/flexmark-ext-admonition-0.42.14.pom (1.5 kB at 19 kB/s)
#14 115.7 [INFO] Downloading from central: https://repo.maven.apache.org/maven2/com/vladsch/flexmark/flexmark-ext-anchorlink/0.42.14/flexmark-ext-anchorlink-0.42.14.pom
#14 115.8 [INFO] Downloaded from central: https://repo.maven.apache.org/maven2/com/vladsch/flexmark/flexmark-ext-anchorlink/0.42.14/flexmark-ext-anchorlink-0.42.14.pom (1.6 kB at 16 kB/s)
#14 115.8 [INFO] Downloading from central: https://repo.maven.apache.org/maven2/com/vladsch/flexmark/flexmark-ext-aside/0.42.14/flexmark-ext-aside-0.42.14.pom
#14 115.9 [INFO] Downloaded from central: https://repo.maven.apache.org/maven2/com/vladsch/flexmark/flexmark-ext-aside/0.42.14/flexmark-ext-aside-0.42.14.pom (1.5 kB at 15 kB/s)
#14 115.9 [INFO] Downloading from central: https://repo.maven.apache.org/maven2/com/vladsch/flexmark/flexmark-jira-converter/0.42.14/flexmark-jira-converter-0.42.14.pom
#14 115.9 [INFO] Downloaded from central: https://repo.maven.apache.org/maven2/com/vladsch/flexmark/flexmark-jira-converter/0.42.14/flexmark-jira-converter-0.42.14.pom (2.1 kB at 27 kB/s)
#14 116.0 [INFO] Downloading from central: https://repo.maven.apache.org/maven2/com/vladsch/flexmark/flexmark-ext-gfm-strikethrough/0.42.14/flexmark-ext-gfm-strikethrough-0.42.14.pom
#14 116.0 [INFO] Downloaded from central: https://repo.maven.apache.org/maven2/com/vladsch/flexmark/flexmark-ext-gfm-strikethrough/0.42.14/flexmark-ext-gfm-strikethrough-0.42.14.pom (1.3 kB at 17 kB/s)
#14 116.0 [INFO] Downloading from central: https://repo.maven.apache.org/maven2/com/vladsch/flexmark/flexmark-ext-tables/0.42.14/flexmark-ext-tables-0.42.14.pom
#14 116.1 [INFO] Downloaded from central: https://repo.maven.apache.org/maven2/com/vladsch/flexmark/flexmark-ext-tables/0.42.14/flexmark-ext-tables-0.42.14.pom (1.5 kB at 19 kB/s)
#14 116.1 [INFO] Downloading from central: https://repo.maven.apache.org/maven2/com/vladsch/flexmark/flexmark-ext-wikilink/0.42.14/flexmark-ext-wikilink-0.42.14.pom
#14 116.2 [INFO] Downloaded from central: https://repo.maven.apache.org/maven2/com/vladsch/flexmark/flexmark-ext-wikilink/0.42.14/flexmark-ext-wikilink-0.42.14.pom (1.5 kB at 20 kB/s)
#14 116.2 [INFO] Downloading from central: https://repo.maven.apache.org/maven2/com/vladsch/flexmark/flexmark-ext-ins/0.42.14/flexmark-ext-ins-0.42.14.pom
#14 116.3 [INFO] Downloaded from central: https://repo.maven.apache.org/maven2/com/vladsch/flexmark/flexmark-ext-ins/0.42.14/flexmark-ext-ins-0.42.14.pom (1.3 kB at 14 kB/s)
#14 116.3 [INFO] Downloading from central: https://repo.maven.apache.org/maven2/com/vladsch/flexmark/flexmark-ext-superscript/0.42.14/flexmark-ext-superscript-0.42.14.pom
#14 116.4 [INFO] Downloaded from central: https://repo.maven.apache.org/maven2/com/vladsch/flexmark/flexmark-ext-superscript/0.42.14/flexmark-ext-superscript-0.42.14.pom (1.3 kB at 15 kB/s)
#14 116.4 [INFO] Downloading from central: https://repo.maven.apache.org/maven2/com/vladsch/flexmark/flexmark-ext-attributes/0.42.14/flexmark-ext-attributes-0.42.14.pom
#14 116.5 [INFO] Downloaded from central: https://repo.maven.apache.org/maven2/com/vladsch/flexmark/flexmark-ext-attributes/0.42.14/flexmark-ext-attributes-0.42.14.pom (2.6 kB at 23 kB/s)
#14 116.5 [INFO] Downloading from central: https://repo.maven.apache.org/maven2/com/vladsch/flexmark/flexmark-ext-definition/0.42.14/flexmark-ext-definition-0.42.14.pom
#14 116.6 [INFO] Downloaded from central: https://repo.maven.apache.org/maven2/com/vladsch/flexmark/flexmark-ext-definition/0.42.14/flexmark-ext-definition-0.42.14.pom (1.3 kB at 17 kB/s)
#14 116.6 [INFO] Downloading from central: https://repo.maven.apache.org/maven2/com/vladsch/flexmark/flexmark-ext-emoji/0.42.14/flexmark-ext-emoji-0.42.14.pom
#14 116.6 [INFO] Downloaded from central: https://repo.maven.apache.org/maven2/com/vladsch/flexmark/flexmark-ext-emoji/0.42.14/flexmark-ext-emoji-0.42.14.pom (1.5 kB at 19 kB/s)
#14 116.7 [INFO] Downloading from central: https://repo.maven.apache.org/maven2/com/vladsch/flexmark/flexmark-ext-enumerated-reference/0.42.14/flexmark-ext-enumerated-reference-0.42.14.pom
#14 116.7 [INFO] Downloaded from central: https://repo.maven.apache.org/maven2/com/vladsch/flexmark/flexmark-ext-enumerated-reference/0.42.14/flexmark-ext-enumerated-reference-0.42.14.pom (1.7 kB at 23 kB/s)
#14 116.7 [INFO] Downloading from central: https://repo.maven.apache.org/maven2/com/vladsch/flexmark/flexmark-ext-escaped-character/0.42.14/flexmark-ext-escaped-character-0.42.14.pom
#14 116.8 [INFO] Downloaded from central: https://repo.maven.apache.org/maven2/com/vladsch/flexmark/flexmark-ext-escaped-character/0.42.14/flexmark-ext-escaped-character-0.42.14.pom (1.3 kB at 18 kB/s)
#14 116.8 [INFO] Downloading from central: https://repo.maven.apache.org/maven2/com/vladsch/flexmark/flexmark-ext-footnotes/0.42.14/flexmark-ext-footnotes-0.42.14.pom
#14 116.9 [INFO] Downloaded from central: https://repo.maven.apache.org/maven2/com/vladsch/flexmark/flexmark-ext-footnotes/0.42.14/flexmark-ext-footnotes-0.42.14.pom (1.3 kB at 18 kB/s)
#14 116.9 [INFO] Downloading from central: https://repo.maven.apache.org/maven2/com/vladsch/flexmark/flexmark-ext-gfm-issues/0.42.14/flexmark-ext-gfm-issues-0.42.14.pom
#14 117.0 [INFO] Downloaded from central: https://repo.maven.apache.org/maven2/com/vladsch/flexmark/flexmark-ext-gfm-issues/0.42.14/flexmark-ext-gfm-issues-0.42.14.pom (1.3 kB at 17 kB/s)
#14 117.0 [INFO] Downloading from central: https://repo.maven.apache.org/maven2/com/vladsch/flexmark/flexmark-ext-gfm-tables/0.42.14/flexmark-ext-gfm-tables-0.42.14.pom
#14 117.0 [INFO] Downloaded from central: https://repo.maven.apache.org/maven2/com/vladsch/flexmark/flexmark-ext-gfm-tables/0.42.14/flexmark-ext-gfm-tables-0.42.14.pom (1.3 kB at 18 kB/s)
#14 117.0 [INFO] Downloading from central: https://repo.maven.apache.org/maven2/com/vladsch/flexmark/flexmark-ext-gfm-tasklist/0.42.14/flexmark-ext-gfm-tasklist-0.42.14.pom
#14 117.1 [INFO] Downloaded from central: https://repo.maven.apache.org/maven2/com/vladsch/flexmark/flexmark-ext-gfm-tasklist/0.42.14/flexmark-ext-gfm-tasklist-0.42.14.pom (1.4 kB at 18 kB/s)
#14 117.1 [INFO] Downloading from central: https://repo.maven.apache.org/maven2/com/vladsch/flexmark/flexmark-ext-gfm-users/0.42.14/flexmark-ext-gfm-users-0.42.14.pom
#14 117.2 [INFO] Downloaded from central: https://repo.maven.apache.org/maven2/com/vladsch/flexmark/flexmark-ext-gfm-users/0.42.14/flexmark-ext-gfm-users-0.42.14.pom (1.3 kB at 17 kB/s)
#14 117.2 [INFO] Downloading from central: https://repo.maven.apache.org/maven2/com/vladsch/flexmark/flexmark-ext-gitlab/0.42.14/flexmark-ext-gitlab-0.42.14.pom
#14 117.3 [INFO] Downloaded from central: https://repo.maven.apache.org/maven2/com/vladsch/flexmark/flexmark-ext-gitlab/0.42.14/flexmark-ext-gitlab-0.42.14.pom (1.3 kB at 16 kB/s)
#14 117.3 [INFO] Downloading from central: https://repo.maven.apache.org/maven2/com/vladsch/flexmark/flexmark-ext-jekyll-front-matter/0.42.14/flexmark-ext-jekyll-front-matter-0.42.14.pom
#14 117.4 [INFO] Downloaded from central: https://repo.maven.apache.org/maven2/com/vladsch/flexmark/flexmark-ext-jekyll-front-matter/0.42.14/flexmark-ext-jekyll-front-matter-0.42.14.pom (1.5 kB at 19 kB/s)
#14 117.4 [INFO] Downloading from central: https://repo.maven.apache.org/maven2/com/vladsch/flexmark/flexmark-ext-yaml-front-matter/0.42.14/flexmark-ext-yaml-front-matter-0.42.14.pom
#14 117.4 [INFO] Downloaded from central: https://repo.maven.apache.org/maven2/com/vladsch/flexmark/flexmark-ext-yaml-front-matter/0.42.14/flexmark-ext-yaml-front-matter-0.42.14.pom (1.3 kB at 18 kB/s)
#14 117.4 [INFO] Downloading from central: https://repo.maven.apache.org/maven2/com/vladsch/flexmark/flexmark-ext-jekyll-tag/0.42.14/flexmark-ext-jekyll-tag-0.42.14.pom
#14 117.5 [INFO] Downloaded from central: https://repo.maven.apache.org/maven2/com/vladsch/flexmark/flexmark-ext-jekyll-tag/0.42.14/flexmark-ext-jekyll-tag-0.42.14.pom (1.3 kB at 17 kB/s)
#14 117.5 [INFO] Downloading from central: https://repo.maven.apache.org/maven2/com/vladsch/flexmark/flexmark-ext-media-tags/0.42.14/flexmark-ext-media-tags-0.42.14.pom
#14 117.6 [INFO] Downloaded from central: https://repo.maven.apache.org/maven2/com/vladsch/flexmark/flexmark-ext-media-tags/0.42.14/flexmark-ext-media-tags-0.42.14.pom (1.0 kB at 9.8 kB/s)
#14 117.6 [INFO] Downloading from central: https://repo.maven.apache.org/maven2/com/vladsch/flexmark/flexmark-ext-macros/0.42.14/flexmark-ext-macros-0.42.14.pom
#14 117.7 [INFO] Downloaded from central: https://repo.maven.apache.org/maven2/com/vladsch/flexmark/flexmark-ext-macros/0.42.14/flexmark-ext-macros-0.42.14.pom (1.6 kB at 18 kB/s)
#14 117.7 [INFO] Downloading from central: https://repo.maven.apache.org/maven2/com/vladsch/flexmark/flexmark-ext-xwiki-macros/0.42.14/flexmark-ext-xwiki-macros-0.42.14.pom
#14 117.8 [INFO] Downloaded from central: https://repo.maven.apache.org/maven2/com/vladsch/flexmark/flexmark-ext-xwiki-macros/0.42.14/flexmark-ext-xwiki-macros-0.42.14.pom (1.3 kB at 17 kB/s)
#14 117.8 [INFO] Downloading from central: https://repo.maven.apache.org/maven2/com/vladsch/flexmark/flexmark-ext-toc/0.42.14/flexmark-ext-toc-0.42.14.pom
#14 117.9 [INFO] Downloaded from central: https://repo.maven.apache.org/maven2/com/vladsch/flexmark/flexmark-ext-toc/0.42.14/flexmark-ext-toc-0.42.14.pom (1.5 kB at 17 kB/s)
#14 117.9 [INFO] Downloading from central: https://repo.maven.apache.org/maven2/com/vladsch/flexmark/flexmark-ext-typographic/0.42.14/flexmark-ext-typographic-0.42.14.pom
#14 118.0 [INFO] Downloaded from central: https://repo.maven.apache.org/maven2/com/vladsch/flexmark/flexmark-ext-typographic/0.42.14/flexmark-ext-typographic-0.42.14.pom (1.3 kB at 14 kB/s)
#14 118.0 [INFO] Downloading from central: https://repo.maven.apache.org/maven2/com/vladsch/flexmark/flexmark-ext-youtube-embedded/0.42.14/flexmark-ext-youtube-embedded-0.42.14.pom
#14 118.1 [INFO] Downloaded from central: https://repo.maven.apache.org/maven2/com/vladsch/flexmark/flexmark-ext-youtube-embedded/0.42.14/flexmark-ext-youtube-embedded-0.42.14.pom (883 B at 11 kB/s)
#14 118.1 [INFO] Downloading from central: https://repo.maven.apache.org/maven2/com/vladsch/flexmark/flexmark-html-parser/0.42.14/flexmark-html-parser-0.42.14.pom
#14 118.2 [INFO] Downloaded from central: https://repo.maven.apache.org/maven2/com/vladsch/flexmark/flexmark-html-parser/0.42.14/flexmark-html-parser-0.42.14.pom (1.5 kB at 18 kB/s)
#14 118.2 [INFO] Downloading from central: https://repo.maven.apache.org/maven2/org/jsoup/jsoup/1.10.2/jsoup-1.10.2.pom
#14 118.2 [INFO] Downloaded from central: https://repo.maven.apache.org/maven2/org/jsoup/jsoup/1.10.2/jsoup-1.10.2.pom (7.3 kB at 80 kB/s)
#14 118.2 [INFO] Downloading from central: https://repo.maven.apache.org/maven2/com/vladsch/flexmark/flexmark-profile-pegdown/0.42.14/flexmark-profile-pegdown-0.42.14.pom
#14 118.3 [INFO] Downloaded from central: https://repo.maven.apache.org/maven2/com/vladsch/flexmark/flexmark-profile-pegdown/0.42.14/flexmark-profile-pegdown-0.42.14.pom (4.0 kB at 54 kB/s)
#14 118.3 [INFO] Downloading from central: https://repo.maven.apache.org/maven2/com/vladsch/flexmark/flexmark-youtrack-converter/0.42.14/flexmark-youtrack-converter-0.42.14.pom
#14 118.4 [INFO] Downloaded from central: https://repo.maven.apache.org/maven2/com/vladsch/flexmark/flexmark-youtrack-converter/0.42.14/flexmark-youtrack-converter-0.42.14.pom (1.7 kB at 22 kB/s)
#14 118.4 [INFO] Downloading from central: https://repo.maven.apache.org/maven2/org/apache/maven/doxia/doxia-module-confluence/1.11.1/doxia-module-confluence-1.11.1.pom
#14 118.5 [INFO] Downloaded from central: https://repo.maven.apache.org/maven2/org/apache/maven/doxia/doxia-module-confluence/1.11.1/doxia-module-confluence-1.11.1.pom (2.2 kB at 23 kB/s)
#14 118.5 [INFO] Downloading from central: https://repo.maven.apache.org/maven2/org/apache/maven/doxia/doxia-module-docbook-simple/1.11.1/doxia-module-docbook-simple-1.11.1.pom
#14 118.6 [INFO] Downloaded from central: https://repo.maven.apache.org/maven2/org/apache/maven/doxia/doxia-module-docbook-simple/1.11.1/doxia-module-docbook-simple-1.11.1.pom (2.0 kB at 24 kB/s)
#14 118.6 [INFO] Downloading from central: https://repo.maven.apache.org/maven2/org/apache/maven/doxia/doxia-module-twiki/1.11.1/doxia-module-twiki-1.11.1.pom
#14 118.7 [INFO] Downloaded from central: https://repo.maven.apache.org/maven2/org/apache/maven/doxia/doxia-module-twiki/1.11.1/doxia-module-twiki-1.11.1.pom (2.1 kB at 18 kB/s)
#14 118.7 [INFO] Downloading from central: https://repo.maven.apache.org/maven2/org/codehaus/plexus/plexus-container-default/1.0-alpha-30/plexus-container-default-1.0-alpha-30.pom
#14 118.9 [INFO] Downloaded from central: https://repo.maven.apache.org/maven2/org/codehaus/plexus/plexus-container-default/1.0-alpha-30/plexus-container-default-1.0-alpha-30.pom (3.5 kB at 23 kB/s)
#14 118.9 [INFO] Downloading from central: https://repo.maven.apache.org/maven2/org/codehaus/plexus/plexus-containers/1.0-alpha-30/plexus-containers-1.0-alpha-30.pom
#14 118.9 [INFO] Downloaded from central: https://repo.maven.apache.org/maven2/org/codehaus/plexus/plexus-containers/1.0-alpha-30/plexus-containers-1.0-alpha-30.pom (1.9 kB at 24 kB/s)
#14 118.9 [INFO] Downloading from central: https://repo.maven.apache.org/maven2/org/codehaus/plexus/plexus/1.0.11/plexus-1.0.11.pom
#14 119.0 [INFO] Downloaded from central: https://repo.maven.apache.org/maven2/org/codehaus/plexus/plexus/1.0.11/plexus-1.0.11.pom (9.0 kB at 116 kB/s)
#14 119.0 [INFO] Downloading from central: https://repo.maven.apache.org/maven2/org/codehaus/plexus/plexus-classworlds/1.2-alpha-9/plexus-classworlds-1.2-alpha-9.pom
#14 119.1 [INFO] Downloaded from central: https://repo.maven.apache.org/maven2/org/codehaus/plexus/plexus-classworlds/1.2-alpha-9/plexus-classworlds-1.2-alpha-9.pom (3.2 kB at 47 kB/s)
#14 119.1 [INFO] Downloading from central: https://repo.maven.apache.org/maven2/junit/junit/3.8.1/junit-3.8.1.pom
#14 119.2 [INFO] Downloaded from central: https://repo.maven.apache.org/maven2/junit/junit/3.8.1/junit-3.8.1.pom (998 B at 14 kB/s)
#14 119.2 [INFO] Downloading from central: https://repo.maven.apache.org/maven2/org/codehaus/plexus/plexus-container-default/1.0-alpha-9-stable-1/plexus-container-default-1.0-alpha-9-stable-1.pom
#14 119.3 [INFO] Downloaded from central: https://repo.maven.apache.org/maven2/org/codehaus/plexus/plexus-container-default/1.0-alpha-9-stable-1/plexus-container-default-1.0-alpha-9-stable-1.pom (3.9 kB at 44 kB/s)
#14 119.3 [INFO] Downloading from central: https://repo.maven.apache.org/maven2/org/codehaus/plexus/plexus-containers/1.0.3/plexus-containers-1.0.3.pom
#14 120.2 [INFO] Downloaded from central: https://repo.maven.apache.org/maven2/org/codehaus/plexus/plexus-containers/1.0.3/plexus-containers-1.0.3.pom (492 B at 536 B/s)
#14 120.2 [INFO] Downloading from central: https://repo.maven.apache.org/maven2/org/codehaus/plexus/plexus/1.0.4/plexus-1.0.4.pom
#14 120.8 [INFO] Downloaded from central: https://repo.maven.apache.org/maven2/org/codehaus/plexus/plexus/1.0.4/plexus-1.0.4.pom (5.7 kB at 9.3 kB/s)
#14 120.8 [INFO] Downloading from central: https://repo.maven.apache.org/maven2/classworlds/classworlds/1.1-alpha-2/classworlds-1.1-alpha-2.pom
#14 121.3 [INFO] Downloaded from central: https://repo.maven.apache.org/maven2/classworlds/classworlds/1.1-alpha-2/classworlds-1.1-alpha-2.pom (3.1 kB at 6.5 kB/s)
#14 121.3 [INFO] Downloading from central: https://repo.maven.apache.org/maven2/org/eclipse/jetty/jetty-server/9.4.46.v20220331/jetty-server-9.4.46.v20220331.pom
#14 121.4 [INFO] Downloaded from central: https://repo.maven.apache.org/maven2/org/eclipse/jetty/jetty-server/9.4.46.v20220331/jetty-server-9.4.46.v20220331.pom (3.4 kB at 26 kB/s)
#14 121.4 [INFO] Downloading from central: https://repo.maven.apache.org/maven2/org/eclipse/jetty/jetty-project/9.4.46.v20220331/jetty-project-9.4.46.v20220331.pom
#14 122.0 [INFO] Downloaded from central: https://repo.maven.apache.org/maven2/org/eclipse/jetty/jetty-project/9.4.46.v20220331/jetty-project-9.4.46.v20220331.pom (71 kB at 123 kB/s)
#14 122.0 [INFO] Downloading from central: https://repo.maven.apache.org/maven2/org/junit/junit-bom/5.8.2/junit-bom-5.8.2.pom
#14 122.5 [INFO] Downloaded from central: https://repo.maven.apache.org/maven2/org/junit/junit-bom/5.8.2/junit-bom-5.8.2.pom (5.6 kB at 12 kB/s)
#14 122.5 [INFO] Downloading from central: https://repo.maven.apache.org/maven2/org/testcontainers/testcontainers-bom/1.16.1/testcontainers-bom-1.16.1.pom
#14 122.6 [INFO] Downloaded from central: https://repo.maven.apache.org/maven2/org/testcontainers/testcontainers-bom/1.16.1/testcontainers-bom-1.16.1.pom (7.2 kB at 98 kB/s)
#14 122.6 [INFO] Downloading from central: https://repo.maven.apache.org/maven2/org/infinispan/infinispan-bom/11.0.15.Final/infinispan-bom-11.0.15.Final.pom
#14 122.6 [INFO] Downloaded from central: https://repo.maven.apache.org/maven2/org/infinispan/infinispan-bom/11.0.15.Final/infinispan-bom-11.0.15.Final.pom (19 kB at 244 kB/s)
#14 122.7 [INFO] Downloading from central: https://repo.maven.apache.org/maven2/org/infinispan/infinispan-build-configuration-parent/11.0.15.Final/infinispan-build-configuration-parent-11.0.15.Final.pom
#14 122.7 [INFO] Downloaded from central: https://repo.maven.apache.org/maven2/org/infinispan/infinispan-build-configuration-parent/11.0.15.Final/infinispan-build-configuration-parent-11.0.15.Final.pom (13 kB at 155 kB/s)
#14 122.7 [INFO] Downloading from central: https://repo.maven.apache.org/maven2/org/jboss/jboss-parent/36/jboss-parent-36.pom
#14 122.8 [INFO] Downloaded from central: https://repo.maven.apache.org/maven2/org/jboss/jboss-parent/36/jboss-parent-36.pom (66 kB at 739 kB/s)
#14 122.8 [INFO] Downloading from central: https://repo.maven.apache.org/maven2/javax/servlet/javax.servlet-api/3.1.0/javax.servlet-api-3.1.0.pom
#14 122.9 [INFO] Downloaded from central: https://repo.maven.apache.org/maven2/javax/servlet/javax.servlet-api/3.1.0/javax.servlet-api-3.1.0.pom (14 kB at 121 kB/s)
#14 122.9 [INFO] Downloading from central: https://repo.maven.apache.org/maven2/org/eclipse/jetty/jetty-http/9.4.46.v20220331/jetty-http-9.4.46.v20220331.pom
#14 123.0 [INFO] Downloaded from central: https://repo.maven.apache.org/maven2/org/eclipse/jetty/jetty-http/9.4.46.v20220331/jetty-http-9.4.46.v20220331.pom (4.0 kB at 47 kB/s)
#14 123.0 [INFO] Downloading from central: https://repo.maven.apache.org/maven2/org/eclipse/jetty/jetty-util/9.4.46.v20220331/jetty-util-9.4.46.v20220331.pom
#14 123.1 [INFO] Downloaded from central: https://repo.maven.apache.org/maven2/org/eclipse/jetty/jetty-util/9.4.46.v20220331/jetty-util-9.4.46.v20220331.pom (4.0 kB at 52 kB/s)
#14 123.1 [INFO] Downloading from central: https://repo.maven.apache.org/maven2/org/eclipse/jetty/jetty-io/9.4.46.v20220331/jetty-io-9.4.46.v20220331.pom
#14 123.2 [INFO] Downloaded from central: https://repo.maven.apache.org/maven2/org/eclipse/jetty/jetty-io/9.4.46.v20220331/jetty-io-9.4.46.v20220331.pom (1.2 kB at 17 kB/s)
#14 123.2 [INFO] Downloading from central: https://repo.maven.apache.org/maven2/org/eclipse/jetty/jetty-servlet/9.4.46.v20220331/jetty-servlet-9.4.46.v20220331.pom
#14 123.3 [INFO] Downloaded from central: https://repo.maven.apache.org/maven2/org/eclipse/jetty/jetty-servlet/9.4.46.v20220331/jetty-servlet-9.4.46.v20220331.pom (2.3 kB at 27 kB/s)
#14 123.3 [INFO] Downloading from central: https://repo.maven.apache.org/maven2/org/eclipse/jetty/jetty-security/9.4.46.v20220331/jetty-security-9.4.46.v20220331.pom
#14 123.4 [INFO] Downloaded from central: https://repo.maven.apache.org/maven2/org/eclipse/jetty/jetty-security/9.4.46.v20220331/jetty-security-9.4.46.v20220331.pom (2.1 kB at 21 kB/s)
#14 123.4 [INFO] Downloading from central: https://repo.maven.apache.org/maven2/org/eclipse/jetty/jetty-util-ajax/9.4.46.v20220331/jetty-util-ajax-9.4.46.v20220331.pom
#14 123.5 [INFO] Downloaded from central: https://repo.maven.apache.org/maven2/org/eclipse/jetty/jetty-util-ajax/9.4.46.v20220331/jetty-util-ajax-9.4.46.v20220331.pom (1.3 kB at 13 kB/s)
#14 123.5 [INFO] Downloading from central: https://repo.maven.apache.org/maven2/org/eclipse/jetty/jetty-webapp/9.4.46.v20220331/jetty-webapp-9.4.46.v20220331.pom
#14 123.6 [INFO] Downloaded from central: https://repo.maven.apache.org/maven2/org/eclipse/jetty/jetty-webapp/9.4.46.v20220331/jetty-webapp-9.4.46.v20220331.pom (3.2 kB at 21 kB/s)
#14 123.6 [INFO] Downloading from central: https://repo.maven.apache.org/maven2/org/eclipse/jetty/jetty-xml/9.4.46.v20220331/jetty-xml-9.4.46.v20220331.pom
#14 123.7 [INFO] Downloaded from central: https://repo.maven.apache.org/maven2/org/eclipse/jetty/jetty-xml/9.4.46.v20220331/jetty-xml-9.4.46.v20220331.pom (1.7 kB at 21 kB/s)
#14 123.7 [INFO] Downloading from central: https://repo.maven.apache.org/maven2/org/apache/maven/reporting/maven-reporting-exec/1.6.0/maven-reporting-exec-1.6.0.jar
#14 123.9 [INFO] Downloaded from central: https://repo.maven.apache.org/maven2/org/apache/maven/reporting/maven-reporting-exec/1.6.0/maven-reporting-exec-1.6.0.jar (31 kB at 244 kB/s)
#14 123.9 [INFO] Downloading from central: https://repo.maven.apache.org/maven2/org/apache/maven/maven-artifact/3.2.5/maven-artifact-3.2.5.jar
#14 123.9 [INFO] Downloading from central: https://repo.maven.apache.org/maven2/org/apache/maven/maven-core/3.2.5/maven-core-3.2.5.jar
#14 123.9 [INFO] Downloading from central: https://repo.maven.apache.org/maven2/org/apache/maven/maven-repository-metadata/3.2.5/maven-repository-metadata-3.2.5.jar
#14 123.9 [INFO] Downloading from central: https://repo.maven.apache.org/maven2/org/apache/maven/maven-model-builder/3.2.5/maven-model-builder-3.2.5.jar
#14 123.9 [INFO] Downloading from central: https://repo.maven.apache.org/maven2/org/apache/maven/maven-aether-provider/3.2.5/maven-aether-provider-3.2.5.jar
#14 124.2 [INFO] Downloaded from central: https://repo.maven.apache.org/maven2/org/apache/maven/maven-aether-provider/3.2.5/maven-aether-provider-3.2.5.jar (66 kB at 210 kB/s)
#14 124.2 [INFO] Downloading from central: https://repo.maven.apache.org/maven2/org/eclipse/aether/aether-spi/1.0.0.v20140518/aether-spi-1.0.0.v20140518.jar
#14 124.3 [INFO] Downloaded from central: https://repo.maven.apache.org/maven2/org/apache/maven/maven-repository-metadata/3.2.5/maven-repository-metadata-3.2.5.jar (26 kB at 68 kB/s)
#14 124.3 [INFO] Downloading from central: https://repo.maven.apache.org/maven2/org/eclipse/aether/aether-impl/1.0.0.v20140518/aether-impl-1.0.0.v20140518.jar
#14 124.3 [INFO] Downloaded from central: https://repo.maven.apache.org/maven2/org/apache/maven/maven-model-builder/3.2.5/maven-model-builder-3.2.5.jar (170 kB at 376 kB/s)
#14 124.3 [INFO] Downloading from central: https://repo.maven.apache.org/maven2/org/eclipse/sisu/org.eclipse.sisu.plexus/0.3.5/org.eclipse.sisu.plexus-0.3.5.jar
#14 124.3 [INFO] Downloaded from central: https://repo.maven.apache.org/maven2/org/apache/maven/maven-artifact/3.2.5/maven-artifact-3.2.5.jar (55 kB at 119 kB/s)
#14 124.3 [INFO] Downloading from central: https://repo.maven.apache.org/maven2/javax/annotation/javax.annotation-api/1.2/javax.annotation-api-1.2.jar
#14 124.4 [INFO] Downloaded from central: https://repo.maven.apache.org/maven2/org/eclipse/aether/aether-spi/1.0.0.v20140518/aether-spi-1.0.0.v20140518.jar (31 kB at 64 kB/s)
#14 124.4 [INFO] Downloading from central: https://repo.maven.apache.org/maven2/javax/enterprise/cdi-api/1.2/cdi-api-1.2.jar
#14 -992.656 [INFO] Downloaded from central: https://repo.maven.apache.org/maven2/javax/enterprise/cdi-api/1.2/cdi-api-1.2.jar (71 kB)
#14 -992.656 [INFO] Downloading from central: https://repo.maven.apache.org/maven2/org/eclipse/sisu/org.eclipse.sisu.inject/0.3.5/org.eclipse.sisu.inject-0.3.5.jar
#14 -992.612 [INFO] Downloaded from central: https://repo.maven.apache.org/maven2/javax/annotation/javax.annotation-api/1.2/javax.annotation-api-1.2.jar (26 kB)
#14 -992.612 [INFO] Downloading from central: https://repo.maven.apache.org/maven2/org/sonatype/sisu/sisu-guice/3.2.3/sisu-guice-3.2.3-no_aop.jar
#14 -992.513 [INFO] Downloaded from central: https://repo.maven.apache.org/maven2/org/eclipse/sisu/org.eclipse.sisu.plexus/0.3.5/org.eclipse.sisu.plexus-0.3.5.jar (205 kB)
#14 -992.513 [INFO] Downloading from central: https://repo.maven.apache.org/maven2/aopalliance/aopalliance/1.0/aopalliance-1.0.jar
#14 -992.409 [INFO] Downloaded from central: https://repo.maven.apache.org/maven2/aopalliance/aopalliance/1.0/aopalliance-1.0.jar (4.5 kB)
#14 -992.409 [INFO] Downloading from central: https://repo.maven.apache.org/maven2/com/google/guava/guava/16.0.1/guava-16.0.1.jar
#14 127.1 [INFO] Downloaded from central: https://repo.maven.apache.org/maven2/org/eclipse/sisu/org.eclipse.sisu.inject/0.3.5/org.eclipse.sisu.inject-0.3.5.jar (379 kB at 118 kB/s)
#14 127.1 [INFO] Downloading from central: https://repo.maven.apache.org/maven2/org/codehaus/plexus/plexus-classworlds/2.5.2/plexus-classworlds-2.5.2.jar
#14 127.3 [INFO] Downloaded from central: https://repo.maven.apache.org/maven2/org/codehaus/plexus/plexus-classworlds/2.5.2/plexus-classworlds-2.5.2.jar (53 kB at 15 kB/s)
#14 127.3 [INFO] Downloading from central: https://repo.maven.apache.org/maven2/org/apache/maven/maven-plugin-api/3.2.5/maven-plugin-api-3.2.5.jar
#14 127.4 [INFO] Downloaded from central: https://repo.maven.apache.org/maven2/org/eclipse/aether/aether-impl/1.0.0.v20140518/aether-impl-1.0.0.v20140518.jar (172 kB at 48 kB/s)
#14 127.4 [INFO] Downloading from central: https://repo.maven.apache.org/maven2/org/apache/maven/maven-settings/3.2.5/maven-settings-3.2.5.jar
#14 127.5 [INFO] Downloaded from central: https://repo.maven.apache.org/maven2/org/apache/maven/maven-plugin-api/3.2.5/maven-plugin-api-3.2.5.jar (46 kB at 13 kB/s)
#14 127.5 [INFO] Downloading from central: https://repo.maven.apache.org/maven2/org/apache/maven/maven-settings-builder/3.2.5/maven-settings-builder-3.2.5.jar
#14 127.7 [INFO] Downloaded from central: https://repo.maven.apache.org/maven2/org/apache/maven/maven-settings-builder/3.2.5/maven-settings-builder-3.2.5.jar (44 kB at 12 kB/s)
#14 127.7 [INFO] Downloading from central: https://repo.maven.apache.org/maven2/org/apache/maven/shared/maven-shared-utils/3.3.4/maven-shared-utils-3.3.4.jar
#14 128.0 [INFO] Downloaded from central: https://repo.maven.apache.org/maven2/org/apache/maven/shared/maven-shared-utils/3.3.4/maven-shared-utils-3.3.4.jar (153 kB at 37 kB/s)
#14 128.0 [INFO] Downloading from central: https://repo.maven.apache.org/maven2/commons-io/commons-io/2.6/commons-io-2.6.jar
#14 128.2 [INFO] Downloaded from central: https://repo.maven.apache.org/maven2/org/apache/maven/maven-settings/3.2.5/maven-settings-3.2.5.jar (43 kB at 10 kB/s)
#14 128.2 [INFO] Downloading from central: https://repo.maven.apache.org/maven2/org/apache/maven/maven-archiver/3.5.2/maven-archiver-3.5.2.jar
#14 128.6 [INFO] Downloaded from central: https://repo.maven.apache.org/maven2/org/apache/maven/maven-archiver/3.5.2/maven-archiver-3.5.2.jar (26 kB at 5.5 kB/s)
#14 128.6 [INFO] Downloading from central: https://repo.maven.apache.org/maven2/org/apache/commons/commons-compress/1.20/commons-compress-1.20.jar
#14 128.7 [INFO] Downloaded from central: https://repo.maven.apache.org/maven2/commons-io/commons-io/2.6/commons-io-2.6.jar (215 kB at 45 kB/s)
#14 128.7 [INFO] Downloading from central: https://repo.maven.apache.org/maven2/org/codehaus/plexus/plexus-interpolation/1.26/plexus-interpolation-1.26.jar
#14 129.4 [INFO] Downloaded from central: https://repo.maven.apache.org/maven2/org/codehaus/plexus/plexus-interpolation/1.26/plexus-interpolation-1.26.jar (85 kB at 15 kB/s)
#14 129.4 [INFO] Downloading from central: https://repo.maven.apache.org/maven2/org/codehaus/plexus/plexus-archiver/4.2.7/plexus-archiver-4.2.7.jar
#14 129.6 [INFO] Downloaded from central: https://repo.maven.apache.org/maven2/org/apache/maven/maven-core/3.2.5/maven-core-3.2.5.jar (608 kB at 106 kB/s)
#14 129.6 [INFO] Downloading from central: https://repo.maven.apache.org/maven2/org/codehaus/plexus/plexus-io/3.2.0/plexus-io-3.2.0.jar
#14 131.0 [INFO] Downloaded from central: https://repo.maven.apache.org/maven2/org/codehaus/plexus/plexus-io/3.2.0/plexus-io-3.2.0.jar (76 kB at 11 kB/s)
#14 131.0 [INFO] Downloading from central: https://repo.maven.apache.org/maven2/org/codehaus/plexus/plexus-utils/3.4.2/plexus-utils-3.4.2.jar
#14 131.3 [INFO] Downloaded from central: https://repo.maven.apache.org/maven2/org/codehaus/plexus/plexus-archiver/4.2.7/plexus-archiver-4.2.7.jar (195 kB at 26 kB/s)
#14 131.3 [INFO] Downloading from central: https://repo.maven.apache.org/maven2/org/codehaus/plexus/plexus-container-default/2.1.0/plexus-container-default-2.1.0.jar
#14 131.6 [INFO] Downloaded from central: https://repo.maven.apache.org/maven2/org/sonatype/sisu/sisu-guice/3.2.3/sisu-guice-3.2.3-no_aop.jar (398 kB at 52 kB/s)
#14 131.6 [INFO] Downloading from central: https://repo.maven.apache.org/maven2/org/apache/xbean/xbean-reflect/3.7/xbean-reflect-3.7.jar
#14 132.6 [INFO] Downloaded from central: https://repo.maven.apache.org/maven2/com/google/guava/guava/16.0.1/guava-16.0.1.jar (2.2 MB at 254 kB/s)
#14 132.6 [INFO] Downloading from central: https://repo.maven.apache.org/maven2/com/google/collections/google-collections/1.0/google-collections-1.0.jar
#14 132.7 [INFO] Downloaded from central: https://repo.maven.apache.org/maven2/org/codehaus/plexus/plexus-container-default/2.1.0/plexus-container-default-2.1.0.jar (230 kB at 26 kB/s)
#14 132.7 [INFO] Downloading from central: https://repo.maven.apache.org/maven2/org/codehaus/plexus/plexus-component-annotations/2.1.1/plexus-component-annotations-2.1.1.jar
#14 133.0 [INFO] Downloaded from central: https://repo.maven.apache.org/maven2/org/codehaus/plexus/plexus-component-annotations/2.1.1/plexus-component-annotations-2.1.1.jar (4.1 kB at 449 B/s)
#14 133.0 [INFO] Downloading from central: https://repo.maven.apache.org/maven2/org/apache/commons/commons-text/1.3/commons-text-1.3.jar
#14 133.6 [INFO] Downloaded from central: https://repo.maven.apache.org/maven2/org/apache/commons/commons-text/1.3/commons-text-1.3.jar (183 kB at 19 kB/s)
#14 133.6 [INFO] Downloading from central: https://repo.maven.apache.org/maven2/org/apache/maven/doxia/doxia-module-apt/1.11.1/doxia-module-apt-1.11.1.jar
#14 133.7 [INFO] Downloaded from central: https://repo.maven.apache.org/maven2/org/codehaus/plexus/plexus-utils/3.4.2/plexus-utils-3.4.2.jar (267 kB at 27 kB/s)
#14 133.7 [INFO] Downloading from central: https://repo.maven.apache.org/maven2/org/apache/maven/doxia/doxia-module-xdoc/1.11.1/doxia-module-xdoc-1.11.1.jar
#14 133.8 [INFO] Downloaded from central: https://repo.maven.apache.org/maven2/org/apache/xbean/xbean-reflect/3.7/xbean-reflect-3.7.jar (148 kB at 15 kB/s)
#14 133.8 [INFO] Downloading from central: https://repo.maven.apache.org/maven2/org/apache/maven/doxia/doxia-module-fml/1.11.1/doxia-module-fml-1.11.1.jar
#14 133.8 [INFO] Downloaded from central: https://repo.maven.apache.org/maven2/org/apache/maven/doxia/doxia-module-apt/1.11.1/doxia-module-apt-1.11.1.jar (55 kB at 5.5 kB/s)
#14 133.8 [INFO] Downloading from central: https://repo.maven.apache.org/maven2/org/apache/maven/doxia/doxia-module-markdown/1.11.1/doxia-module-markdown-1.11.1.jar
#14 133.9 [INFO] Downloaded from central: https://repo.maven.apache.org/maven2/org/apache/maven/doxia/doxia-module-markdown/1.11.1/doxia-module-markdown-1.11.1.jar (18 kB at 1.8 kB/s)
#14 133.9 [INFO] Downloading from central: https://repo.maven.apache.org/maven2/com/vladsch/flexmark/flexmark-all/0.42.14/flexmark-all-0.42.14.jar
#14 134.0 [INFO] Downloaded from central: https://repo.maven.apache.org/maven2/org/apache/maven/doxia/doxia-module-xdoc/1.11.1/doxia-module-xdoc-1.11.1.jar (37 kB at 3.7 kB/s)
#14 134.0 [INFO] Downloading from central: https://repo.maven.apache.org/maven2/com/vladsch/flexmark/flexmark/0.42.14/flexmark-0.42.14.jar
#14 134.0 [INFO] Downloaded from central: https://repo.maven.apache.org/maven2/com/vladsch/flexmark/flexmark-all/0.42.14/flexmark-all-0.42.14.jar (2.2 kB at 212 B/s)
#14 134.0 [INFO] Downloading from central: https://repo.maven.apache.org/maven2/com/vladsch/flexmark/flexmark-ext-abbreviation/0.42.14/flexmark-ext-abbreviation-0.42.14.jar
#14 134.1 [INFO] Downloaded from central: https://repo.maven.apache.org/maven2/org/apache/maven/doxia/doxia-module-fml/1.11.1/doxia-module-fml-1.11.1.jar (38 kB at 3.7 kB/s)
#14 134.1 [INFO] Downloading from central: https://repo.maven.apache.org/maven2/com/vladsch/flexmark/flexmark-ext-admonition/0.42.14/flexmark-ext-admonition-0.42.14.jar
#14 134.2 [INFO] Downloaded from central: https://repo.maven.apache.org/maven2/com/vladsch/flexmark/flexmark-ext-abbreviation/0.42.14/flexmark-ext-abbreviation-0.42.14.jar (35 kB at 3.4 kB/s)
#14 134.2 [INFO] Downloading from central: https://repo.maven.apache.org/maven2/com/vladsch/flexmark/flexmark-ext-anchorlink/0.42.14/flexmark-ext-anchorlink-0.42.14.jar
#14 134.3 [INFO] Downloaded from central: https://repo.maven.apache.org/maven2/com/vladsch/flexmark/flexmark-ext-anchorlink/0.42.14/flexmark-ext-anchorlink-0.42.14.jar (17 kB at 1.6 kB/s)
#14 134.3 [INFO] Downloading from central: https://repo.maven.apache.org/maven2/com/vladsch/flexmark/flexmark-ext-aside/0.42.14/flexmark-ext-aside-0.42.14.jar
#14 134.4 [INFO] Downloaded from central: https://repo.maven.apache.org/maven2/com/vladsch/flexmark/flexmark-ext-aside/0.42.14/flexmark-ext-aside-0.42.14.jar (16 kB at 1.5 kB/s)
#14 134.4 [INFO] Downloading from central: https://repo.maven.apache.org/maven2/com/vladsch/flexmark/flexmark-ext-attributes/0.42.14/flexmark-ext-attributes-0.42.14.jar
#14 134.4 [INFO] Downloaded from central: https://repo.maven.apache.org/maven2/com/google/collections/google-collections/1.0/google-collections-1.0.jar (640 kB at 60 kB/s)
#14 134.4 [INFO] Downloading from central: https://repo.maven.apache.org/maven2/com/vladsch/flexmark/flexmark-ext-autolink/0.42.14/flexmark-ext-autolink-0.42.14.jar
#14 134.5 [INFO] Downloaded from central: https://repo.maven.apache.org/maven2/com/vladsch/flexmark/flexmark-ext-admonition/0.42.14/flexmark-ext-admonition-0.42.14.jar (34 kB at 3.2 kB/s)
#14 134.5 [INFO] Downloading from central: https://repo.maven.apache.org/maven2/org/nibor/autolink/autolink/0.6.0/autolink-0.6.0.jar
#14 134.5 [INFO] Downloaded from central: https://repo.maven.apache.org/maven2/com/vladsch/flexmark/flexmark-ext-autolink/0.42.14/flexmark-ext-autolink-0.42.14.jar (9.4 kB at 877 B/s)
#14 134.5 [INFO] Downloading from central: https://repo.maven.apache.org/maven2/com/vladsch/flexmark/flexmark-ext-definition/0.42.14/flexmark-ext-definition-0.42.14.jar
#14 134.6 [INFO] Downloaded from central: https://repo.maven.apache.org/maven2/com/vladsch/flexmark/flexmark-ext-attributes/0.42.14/flexmark-ext-attributes-0.42.14.jar (36 kB at 3.3 kB/s)
#14 134.6 [INFO] Downloading from central: https://repo.maven.apache.org/maven2/com/vladsch/flexmark/flexmark-ext-emoji/0.42.14/flexmark-ext-emoji-0.42.14.jar
#14 134.7 [INFO] Downloaded from central: https://repo.maven.apache.org/maven2/org/apache/commons/commons-compress/1.20/commons-compress-1.20.jar (632 kB at 59 kB/s)
#14 134.7 [INFO] Downloading from central: https://repo.maven.apache.org/maven2/com/vladsch/flexmark/flexmark-ext-enumerated-reference/0.42.14/flexmark-ext-enumerated-reference-0.42.14.jar
#14 134.7 [INFO] Downloaded from central: https://repo.maven.apache.org/maven2/org/nibor/autolink/autolink/0.6.0/autolink-0.6.0.jar (16 kB at 1.5 kB/s)
#14 134.7 [INFO] Downloading from central: https://repo.maven.apache.org/maven2/com/vladsch/flexmark/flexmark-ext-escaped-character/0.42.14/flexmark-ext-escaped-character-0.42.14.jar
#14 134.7 [INFO] Downloaded from central: https://repo.maven.apache.org/maven2/com/vladsch/flexmark/flexmark-ext-definition/0.42.14/flexmark-ext-definition-0.42.14.jar (40 kB at 3.7 kB/s)
#14 134.7 [INFO] Downloading from central: https://repo.maven.apache.org/maven2/com/vladsch/flexmark/flexmark-ext-footnotes/0.42.14/flexmark-ext-footnotes-0.42.14.jar
#14 134.8 [INFO] Downloaded from central: https://repo.maven.apache.org/maven2/com/vladsch/flexmark/flexmark-ext-emoji/0.42.14/flexmark-ext-emoji-0.42.14.jar (73 kB at 6.7 kB/s)
#14 134.8 [INFO] Downloading from central: https://repo.maven.apache.org/maven2/com/vladsch/flexmark/flexmark-ext-gfm-issues/0.42.14/flexmark-ext-gfm-issues-0.42.14.jar
#14 134.8 [INFO] Downloaded from central: https://repo.maven.apache.org/maven2/com/vladsch/flexmark/flexmark-ext-footnotes/0.42.14/flexmark-ext-footnotes-0.42.14.jar (41 kB at 3.7 kB/s)
#14 134.8 [INFO] Downloading from central: https://repo.maven.apache.org/maven2/com/vladsch/flexmark/flexmark-ext-gfm-strikethrough/0.42.14/flexmark-ext-gfm-strikethrough-0.42.14.jar
#14 134.9 [INFO] Downloaded from central: https://repo.maven.apache.org/maven2/com/vladsch/flexmark/flexmark-ext-escaped-character/0.42.14/flexmark-ext-escaped-character-0.42.14.jar (13 kB at 1.2 kB/s)
#14 134.9 [INFO] Downloading from central: https://repo.maven.apache.org/maven2/com/vladsch/flexmark/flexmark-ext-gfm-tables/0.42.14/flexmark-ext-gfm-tables-0.42.14.jar
#14 134.9 [INFO] Downloaded from central: https://repo.maven.apache.org/maven2/com/vladsch/flexmark/flexmark-ext-gfm-issues/0.42.14/flexmark-ext-gfm-issues-0.42.14.jar (16 kB at 1.4 kB/s)
#14 134.9 [INFO] Downloading from central: https://repo.maven.apache.org/maven2/com/vladsch/flexmark/flexmark-ext-gfm-tasklist/0.42.14/flexmark-ext-gfm-tasklist-0.42.14.jar
#14 135.0 [INFO] Downloaded from central: https://repo.maven.apache.org/maven2/com/vladsch/flexmark/flexmark-ext-gfm-strikethrough/0.42.14/flexmark-ext-gfm-strikethrough-0.42.14.jar (29 kB at 2.6 kB/s)
#14 135.0 [INFO] Downloading from central: https://repo.maven.apache.org/maven2/com/vladsch/flexmark/flexmark-ext-gfm-users/0.42.14/flexmark-ext-gfm-users-0.42.14.jar
#14 135.1 [INFO] Downloaded from central: https://repo.maven.apache.org/maven2/com/vladsch/flexmark/flexmark-ext-gfm-tasklist/0.42.14/flexmark-ext-gfm-tasklist-0.42.14.jar (28 kB at 2.5 kB/s)
#14 135.1 [INFO] Downloading from central: https://repo.maven.apache.org/maven2/com/vladsch/flexmark/flexmark-ext-gitlab/0.42.14/flexmark-ext-gitlab-0.42.14.jar
#14 135.1 [INFO] Downloaded from central: https://repo.maven.apache.org/maven2/com/vladsch/flexmark/flexmark-ext-gfm-users/0.42.14/flexmark-ext-gfm-users-0.42.14.jar (16 kB at 1.4 kB/s)
#14 135.1 [INFO] Downloading from central: https://repo.maven.apache.org/maven2/com/vladsch/flexmark/flexmark-ext-jekyll-front-matter/0.42.14/flexmark-ext-jekyll-front-matter-0.42.14.jar
#14 135.1 [INFO] Downloaded from central: https://repo.maven.apache.org/maven2/com/vladsch/flexmark/flexmark-ext-enumerated-reference/0.42.14/flexmark-ext-enumerated-reference-0.42.14.jar (66 kB at 5.9 kB/s)
#14 135.1 [INFO] Downloading from central: https://repo.maven.apache.org/maven2/com/vladsch/flexmark/flexmark-ext-jekyll-tag/0.42.14/flexmark-ext-jekyll-tag-0.42.14.jar
#14 135.1 [INFO] Downloaded from central: https://repo.maven.apache.org/maven2/com/vladsch/flexmark/flexmark-ext-gfm-tables/0.42.14/flexmark-ext-gfm-tables-0.42.14.jar (33 kB at 2.9 kB/s)
#14 135.1 [INFO] Downloading from central: https://repo.maven.apache.org/maven2/com/vladsch/flexmark/flexmark-ext-media-tags/0.42.14/flexmark-ext-media-tags-0.42.14.jar
#14 135.2 [INFO] Downloaded from central: https://repo.maven.apache.org/maven2/com/vladsch/flexmark/flexmark-ext-jekyll-front-matter/0.42.14/flexmark-ext-jekyll-front-matter-0.42.14.jar (18 kB at 1.6 kB/s)
#14 135.2 [INFO] Downloading from central: https://repo.maven.apache.org/maven2/com/vladsch/flexmark/flexmark-ext-macros/0.42.14/flexmark-ext-macros-0.42.14.jar
#14 135.2 [INFO] Downloaded from central: https://repo.maven.apache.org/maven2/com/vladsch/flexmark/flexmark-ext-gitlab/0.42.14/flexmark-ext-gitlab-0.42.14.jar (42 kB at 3.7 kB/s)
#14 135.2 [INFO] Downloading from central: https://repo.maven.apache.org/maven2/com/vladsch/flexmark/flexmark-ext-ins/0.42.14/flexmark-ext-ins-0.42.14.jar
#14 135.3 [INFO] Downloaded from central: https://repo.maven.apache.org/maven2/com/vladsch/flexmark/flexmark-ext-macros/0.42.14/flexmark-ext-macros-0.42.14.jar (35 kB at 3.1 kB/s)
#14 135.3 [INFO] Downloading from central: https://repo.maven.apache.org/maven2/com/vladsch/flexmark/flexmark-ext-xwiki-macros/0.42.14/flexmark-ext-xwiki-macros-0.42.14.jar
#14 135.3 [INFO] Downloaded from central: https://repo.maven.apache.org/maven2/com/vladsch/flexmark/flexmark-ext-jekyll-tag/0.42.14/flexmark-ext-jekyll-tag-0.42.14.jar (21 kB at 1.8 kB/s)
#14 135.3 [INFO] Downloading from central: https://repo.maven.apache.org/maven2/com/vladsch/flexmark/flexmark-ext-superscript/0.42.14/flexmark-ext-superscript-0.42.14.jar
#14 135.3 [INFO] Downloaded from central: https://repo.maven.apache.org/maven2/com/vladsch/flexmark/flexmark-ext-media-tags/0.42.14/flexmark-ext-media-tags-0.42.14.jar (25 kB at 2.2 kB/s)
#14 135.3 [INFO] Downloading from central: https://repo.maven.apache.org/maven2/com/vladsch/flexmark/flexmark-ext-tables/0.42.14/flexmark-ext-tables-0.42.14.jar
#14 135.4 [INFO] Downloaded from central: https://repo.maven.apache.org/maven2/com/vladsch/flexmark/flexmark-ext-ins/0.42.14/flexmark-ext-ins-0.42.14.jar (13 kB at 1.1 kB/s)
#14 135.4 [INFO] Downloading from central: https://repo.maven.apache.org/maven2/com/vladsch/flexmark/flexmark-ext-toc/0.42.14/flexmark-ext-toc-0.42.14.jar
#14 135.6 [INFO] Downloaded from central: https://repo.maven.apache.org/maven2/com/vladsch/flexmark/flexmark-ext-xwiki-macros/0.42.14/flexmark-ext-xwiki-macros-0.42.14.jar (31 kB at 2.6 kB/s)
#14 135.6 [INFO] Downloading from central: https://repo.maven.apache.org/maven2/com/vladsch/flexmark/flexmark-ext-typographic/0.42.14/flexmark-ext-typographic-0.42.14.jar
#14 135.6 [INFO] Downloaded from central: https://repo.maven.apache.org/maven2/com/vladsch/flexmark/flexmark-ext-superscript/0.42.14/flexmark-ext-superscript-0.42.14.jar (13 kB at 1.1 kB/s)
#14 135.6 [INFO] Downloading from central: https://repo.maven.apache.org/maven2/com/vladsch/flexmark/flexmark-ext-wikilink/0.42.14/flexmark-ext-wikilink-0.42.14.jar
#14 135.7 [INFO] Downloaded from central: https://repo.maven.apache.org/maven2/com/vladsch/flexmark/flexmark-ext-toc/0.42.14/flexmark-ext-toc-0.42.14.jar (91 kB at 7.7 kB/s)
#14 135.7 [INFO] Downloading from central: https://repo.maven.apache.org/maven2/com/vladsch/flexmark/flexmark-ext-yaml-front-matter/0.42.14/flexmark-ext-yaml-front-matter-0.42.14.jar
#14 135.7 [INFO] Downloaded from central: https://repo.maven.apache.org/maven2/com/vladsch/flexmark/flexmark/0.42.14/flexmark-0.42.14.jar (389 kB at 33 kB/s)
#14 135.7 [INFO] Downloading from central: https://repo.maven.apache.org/maven2/com/vladsch/flexmark/flexmark-ext-youtube-embedded/0.42.14/flexmark-ext-youtube-embedded-0.42.14.jar
#14 135.7 [INFO] Downloaded from central: https://repo.maven.apache.org/maven2/com/vladsch/flexmark/flexmark-ext-typographic/0.42.14/flexmark-ext-typographic-0.42.14.jar (22 kB at 1.9 kB/s)
#14 135.7 [INFO] Downloading from central: https://repo.maven.apache.org/maven2/com/vladsch/flexmark/flexmark-formatter/0.42.14/flexmark-formatter-0.42.14.jar
#14 135.9 [INFO] Downloaded from central: https://repo.maven.apache.org/maven2/com/vladsch/flexmark/flexmark-ext-youtube-embedded/0.42.14/flexmark-ext-youtube-embedded-0.42.14.jar (13 kB at 1.0 kB/s)
#14 135.9 [INFO] Downloading from central: https://repo.maven.apache.org/maven2/com/vladsch/flexmark/flexmark-html-parser/0.42.14/flexmark-html-parser-0.42.14.jar
#14 135.9 [INFO] Downloaded from central: https://repo.maven.apache.org/maven2/com/vladsch/flexmark/flexmark-ext-wikilink/0.42.14/flexmark-ext-wikilink-0.42.14.jar (26 kB at 2.1 kB/s)
#14 135.9 [INFO] Downloading from central: https://repo.maven.apache.org/maven2/org/jsoup/jsoup/1.10.2/jsoup-1.10.2.jar
#14 135.9 [INFO] Downloaded from central: https://repo.maven.apache.org/maven2/com/vladsch/flexmark/flexmark-ext-yaml-front-matter/0.42.14/flexmark-ext-yaml-front-matter-0.42.14.jar (18 kB at 1.5 kB/s)
#14 135.9 [INFO] Downloading from central: https://repo.maven.apache.org/maven2/com/vladsch/flexmark/flexmark-jira-converter/0.42.14/flexmark-jira-converter-0.42.14.jar
#14 135.9 [INFO] Downloaded from central: https://repo.maven.apache.org/maven2/com/vladsch/flexmark/flexmark-formatter/0.42.14/flexmark-formatter-0.42.14.jar (97 kB at 8.1 kB/s)
#14 135.9 [INFO] Downloading from central: https://repo.maven.apache.org/maven2/com/vladsch/flexmark/flexmark-profile-pegdown/0.42.14/flexmark-profile-pegdown-0.42.14.jar
#14 136.0 [INFO] Downloaded from central: https://repo.maven.apache.org/maven2/com/vladsch/flexmark/flexmark-ext-tables/0.42.14/flexmark-ext-tables-0.42.14.jar (76 kB at 6.3 kB/s)
#14 136.0 [INFO] Downloading from central: https://repo.maven.apache.org/maven2/com/vladsch/flexmark/flexmark-util/0.42.14/flexmark-util-0.42.14.jar
#14 136.0 [INFO] Downloaded from central: https://repo.maven.apache.org/maven2/com/vladsch/flexmark/flexmark-profile-pegdown/0.42.14/flexmark-profile-pegdown-0.42.14.jar (6.3 kB at 517 B/s)
#14 136.0 [INFO] Downloading from central: https://repo.maven.apache.org/maven2/com/vladsch/flexmark/flexmark-youtrack-converter/0.42.14/flexmark-youtrack-converter-0.42.14.jar
#14 136.1 [INFO] Downloaded from central: https://repo.maven.apache.org/maven2/com/vladsch/flexmark/flexmark-jira-converter/0.42.14/flexmark-jira-converter-0.42.14.jar (40 kB at 3.3 kB/s)
#14 136.1 [INFO] Downloading from central: https://repo.maven.apache.org/maven2/org/apache/maven/doxia/doxia-module-confluence/1.11.1/doxia-module-confluence-1.11.1.jar
#14 136.3 [INFO] Downloaded from central: https://repo.maven.apache.org/maven2/com/vladsch/flexmark/flexmark-youtrack-converter/0.42.14/flexmark-youtrack-converter-0.42.14.jar (41 kB at 3.3 kB/s)
#14 136.3 [INFO] Downloading from central: https://repo.maven.apache.org/maven2/org/apache/maven/doxia/doxia-module-docbook-simple/1.11.1/doxia-module-docbook-simple-1.11.1.jar
#14 136.3 [INFO] Downloaded from central: https://repo.maven.apache.org/maven2/org/apache/maven/doxia/doxia-module-confluence/1.11.1/doxia-module-confluence-1.11.1.jar (58 kB at 4.7 kB/s)
#14 136.3 [INFO] Downloading from central: https://repo.maven.apache.org/maven2/org/apache/maven/doxia/doxia-module-twiki/1.11.1/doxia-module-twiki-1.11.1.jar
#14 136.5 [INFO] Downloaded from central: https://repo.maven.apache.org/maven2/org/apache/maven/doxia/doxia-module-twiki/1.11.1/doxia-module-twiki-1.11.1.jar (73 kB at 5.7 kB/s)
#14 136.5 [INFO] Downloading from central: https://repo.maven.apache.org/maven2/org/eclipse/jetty/jetty-server/9.4.46.v20220331/jetty-server-9.4.46.v20220331.jar
#14 136.6 [INFO] Downloaded from central: https://repo.maven.apache.org/maven2/org/apache/maven/doxia/doxia-module-docbook-simple/1.11.1/doxia-module-docbook-simple-1.11.1.jar (128 kB at 10 kB/s)
#14 136.6 [INFO] Downloading from central: https://repo.maven.apache.org/maven2/javax/servlet/javax.servlet-api/3.1.0/javax.servlet-api-3.1.0.jar
#14 136.6 [INFO] Downloaded from central: https://repo.maven.apache.org/maven2/com/vladsch/flexmark/flexmark-html-parser/0.42.14/flexmark-html-parser-0.42.14.jar (45 kB at 3.5 kB/s)
#14 136.6 [INFO] Downloading from central: https://repo.maven.apache.org/maven2/org/eclipse/jetty/jetty-http/9.4.46.v20220331/jetty-http-9.4.46.v20220331.jar
#14 136.9 [INFO] Downloaded from central: https://repo.maven.apache.org/maven2/javax/servlet/javax.servlet-api/3.1.0/javax.servlet-api-3.1.0.jar (96 kB at 7.3 kB/s)
#14 136.9 [INFO] Downloading from central: https://repo.maven.apache.org/maven2/org/eclipse/jetty/jetty-io/9.4.46.v20220331/jetty-io-9.4.46.v20220331.jar
#14 137.3 [INFO] Downloaded from central: https://repo.maven.apache.org/maven2/org/eclipse/jetty/jetty-io/9.4.46.v20220331/jetty-io-9.4.46.v20220331.jar (184 kB at 14 kB/s)
#14 137.3 [INFO] Downloading from central: https://repo.maven.apache.org/maven2/org/eclipse/jetty/jetty-servlet/9.4.46.v20220331/jetty-servlet-9.4.46.v20220331.jar
#14 137.5 [INFO] Downloaded from central: https://repo.maven.apache.org/maven2/org/eclipse/jetty/jetty-http/9.4.46.v20220331/jetty-http-9.4.46.v20220331.jar (225 kB at 16 kB/s)
#14 137.5 [INFO] Downloading from central: https://repo.maven.apache.org/maven2/org/eclipse/jetty/jetty-security/9.4.46.v20220331/jetty-security-9.4.46.v20220331.jar
#14 137.7 [INFO] Downloaded from central: https://repo.maven.apache.org/maven2/org/eclipse/jetty/jetty-servlet/9.4.46.v20220331/jetty-servlet-9.4.46.v20220331.jar (147 kB at 11 kB/s)
#14 137.7 [INFO] Downloading from central: https://repo.maven.apache.org/maven2/org/eclipse/jetty/jetty-util-ajax/9.4.46.v20220331/jetty-util-ajax-9.4.46.v20220331.jar
#14 137.8 [INFO] Downloaded from central: https://repo.maven.apache.org/maven2/org/eclipse/jetty/jetty-server/9.4.46.v20220331/jetty-server-9.4.46.v20220331.jar (733 kB at 53 kB/s)
#14 137.8 [INFO] Downloading from central: https://repo.maven.apache.org/maven2/org/eclipse/jetty/jetty-webapp/9.4.46.v20220331/jetty-webapp-9.4.46.v20220331.jar
#14 137.8 [INFO] Downloaded from central: https://repo.maven.apache.org/maven2/org/jsoup/jsoup/1.10.2/jsoup-1.10.2.jar (351 kB at 25 kB/s)
#14 137.8 [INFO] Downloading from central: https://repo.maven.apache.org/maven2/org/eclipse/jetty/jetty-xml/9.4.46.v20220331/jetty-xml-9.4.46.v20220331.jar
#14 138.0 [INFO] Downloaded from central: https://repo.maven.apache.org/maven2/org/eclipse/jetty/jetty-webapp/9.4.46.v20220331/jetty-webapp-9.4.46.v20220331.jar (141 kB at 9.9 kB/s)
#14 138.0 [INFO] Downloading from central: https://repo.maven.apache.org/maven2/org/eclipse/jetty/jetty-util/9.4.46.v20220331/jetty-util-9.4.46.v20220331.jar
#14 138.0 [INFO] Downloaded from central: https://repo.maven.apache.org/maven2/org/eclipse/jetty/jetty-util-ajax/9.4.46.v20220331/jetty-util-ajax-9.4.46.v20220331.jar (67 kB at 4.7 kB/s)
#14 138.1 [INFO] Downloaded from central: https://repo.maven.apache.org/maven2/com/vladsch/flexmark/flexmark-util/0.42.14/flexmark-util-0.42.14.jar (385 kB at 27 kB/s)
#14 138.1 [INFO] Downloaded from central: https://repo.maven.apache.org/maven2/org/eclipse/jetty/jetty-security/9.4.46.v20220331/jetty-security-9.4.46.v20220331.jar (119 kB at 8.4 kB/s)
#14 138.2 [INFO] Downloaded from central: https://repo.maven.apache.org/maven2/org/eclipse/jetty/jetty-xml/9.4.46.v20220331/jetty-xml-9.4.46.v20220331.jar (69 kB at 4.8 kB/s)
#14 139.0 [INFO] Downloaded from central: https://repo.maven.apache.org/maven2/org/eclipse/jetty/jetty-util/9.4.46.v20220331/jetty-util-9.4.46.v20220331.jar (586 kB at 39 kB/s)
#14 139.0 [INFO] Resolved plugin: jetty-servlet-9.4.46.v20220331.jar
#14 139.0 [INFO] Resolved plugin: aopalliance-1.0.jar
#14 139.0 [INFO] Resolved plugin: aether-spi-1.0.0.v20140518.jar
#14 139.0 [INFO] Resolved plugin: plexus-interpolation-1.26.jar
#14 139.0 [INFO] Resolved plugin: doxia-module-twiki-1.11.1.jar
#14 139.0 [INFO] Resolved plugin: jdependency-2.8.0.jar
#14 139.0 [INFO] Resolved plugin: maven-deploy-plugin-3.1.1.jar
#14 139.0 [INFO] Resolved plugin: velocity-tools-2.0.jar
#14 139.0 [INFO] Resolved plugin: maven-settings-builder-3.2.5.jar
#14 139.0 [INFO] Resolved plugin: httpcore-4.4.14.jar
#14 139.0 [INFO] Resolved plugin: flexmark-ext-gfm-tasklist-0.42.14.jar
#14 139.0 [INFO] Resolved plugin: flexmark-ext-admonition-0.42.14.jar
#14 139.0 [INFO] Resolved plugin: jna-5.13.0.jar
#14 139.0 [INFO] Resolved plugin: maven-artifact-3.2.5.jar
#14 139.0 [INFO] Resolved plugin: maven-core-3.2.5.jar
#14 139.0 [INFO] Resolved plugin: flexmark-ext-footnotes-0.42.14.jar
#14 139.0 [INFO] Resolved plugin: flexmark-ext-gfm-strikethrough-0.42.14.jar
#14 139.0 [INFO] Resolved plugin: flexmark-ext-enumerated-reference-0.42.14.jar
#14 139.0 [INFO] Resolved plugin: plexus-component-annotations-2.1.1.jar
#14 139.0 [INFO] Resolved plugin: flexmark-ext-media-tags-0.42.14.jar
#14 139.0 [INFO] Resolved plugin: doxia-module-xhtml-1.11.1.jar
#14 139.0 [INFO] Resolved plugin: spring-beans-6.1.6.jar
#14 139.0 [INFO] Resolved plugin: flexmark-util-0.42.14.jar
#14 139.0 [INFO] Resolved plugin: flexmark-ext-anchorlink-0.42.14.jar
#14 139.0 [INFO] Resolved plugin: aether-api-1.0.0.v20140518.jar
#14 139.0 [INFO] Resolved plugin: autolink-0.6.0.jar
#14 139.0 [INFO] Resolved plugin: commons-logging-1.2.jar
#14 139.0 [INFO] Resolved plugin: flexmark-ext-escaped-character-0.42.14.jar
#14 139.0 [INFO] Resolved plugin: maven-clean-plugin-3.3.2.jar
#14 139.0 [INFO] Resolved plugin: jackson-annotations-2.14.2.jar
#14 139.0 [INFO] Resolved plugin: doxia-skin-model-1.11.1.jar
#14 139.0 [INFO] Resolved plugin: dom4j-1.1.jar
#14 139.0 [INFO] Resolved plugin: plexus-cipher-1.4.jar
#14 139.0 [INFO] Resolved plugin: flexmark-0.42.14.jar
#14 139.0 [INFO] Resolved plugin: plexus-utils-3.4.2.jar
#14 139.0 [INFO] Resolved plugin: flexmark-ext-aside-0.42.14.jar
#14 139.0 [INFO] Resolved plugin: flexmark-ext-wikilink-0.42.14.jar
#14 139.0 [INFO] Resolved plugin: flexmark-youtrack-converter-0.42.14.jar
#14 139.0 [INFO] Resolved plugin: spring-jcl-6.1.6.jar
#14 139.0 [INFO] Resolved plugin: org.eclipse.sisu.inject-0.3.5.jar
#14 139.0 [INFO] Resolved plugin: flexmark-ext-gfm-tables-0.42.14.jar
#14 139.0 [INFO] Resolved plugin: tomlj-1.0.0.jar
#14 139.0 [INFO] Resolved plugin: httpclient-4.5.13.jar
#14 139.0 [INFO] Resolved plugin: flexmark-ext-toc-0.42.14.jar
#14 139.0 [INFO] Resolved plugin: antlr4-runtime-4.7.2.jar
#14 139.0 [INFO] Resolved plugin: spring-aop-6.1.6.jar
#14 139.0 [INFO] Resolved plugin: jetty-io-9.4.46.v20220331.jar
#14 139.0 [INFO] Resolved plugin: plexus-utils-1.5.8.jar
#14 139.0 [INFO] Resolved plugin: cdi-api-1.2.jar
#14 139.0 [INFO] Resolved plugin: commons-chain-1.1.jar
#14 139.0 [INFO] Resolved plugin: jetty-http-9.4.46.v20220331.jar
#14 139.0 [INFO] Resolved plugin: spring-expression-6.1.6.jar
#14 139.0 [INFO] Resolved plugin: flexmark-html-parser-0.42.14.jar
#14 139.0 [INFO] Resolved plugin: flexmark-jira-converter-0.42.14.jar
#14 139.0 [INFO] Resolved plugin: maven-reporting-api-3.1.1.jar
#14 139.0 [INFO] Resolved plugin: maven-plugin-api-3.2.5.jar
#14 139.0 [INFO] Resolved plugin: sisu-guice-3.2.3-no_aop.jar
#14 139.0 [INFO] Resolved plugin: asm-tree-9.5.jar
#14 139.0 [INFO] Resolved plugin: javax.inject-1.jar
#14 139.0 [INFO] Resolved plugin: flexmark-ext-attributes-0.42.14.jar
#14 139.0 [INFO] Resolved plugin: commons-lang3-3.8.1.jar
#14 139.0 [INFO] Resolved plugin: maven-shared-utils-3.3.4.jar
#14 139.0 [INFO] Resolved plugin: maven-aether-provider-3.2.5.jar
#14 139.0 [INFO] Resolved plugin: aether-util-1.0.0.v20140518.jar
#14 139.0 [INFO] Resolved plugin: javax.servlet-api-3.1.0.jar
#14 139.0 [INFO] Resolved plugin: jetty-util-ajax-9.4.46.v20220331.jar
#14 139.0 [INFO] Resolved plugin: jetty-security-9.4.46.v20220331.jar
#14 139.0 [INFO] Resolved plugin: commons-io-2.13.0.jar
#14 139.0 [INFO] Resolved plugin: maven-settings-3.2.5.jar
#14 139.0 [INFO] Resolved plugin: jna-platform-5.13.0.jar
#14 139.0 [INFO] Resolved plugin: jackson-core-2.14.2.jar
#14 139.0 [INFO] Resolved plugin: jsoup-1.10.2.jar
#14 139.0 [INFO] Resolved plugin: oro-2.0.8.jar
#14 139.0 [INFO] Resolved plugin: org.eclipse.sisu.plexus-0.3.5.jar
#14 139.0 [INFO] Resolved plugin: maven-common-artifact-filters-3.3.2.jar
#14 139.0 [INFO] Resolved plugin: xz-1.9.jar
#14 139.0 [INFO] Resolved plugin: spring-boot-loader-tools-3.2.5.jar
#14 139.0 [INFO] Resolved plugin: micrometer-commons-1.12.5.jar
#14 139.0 [INFO] Resolved plugin: aether-impl-1.0.0.v20140518.jar
#14 139.0 [INFO] Resolved plugin: doxia-core-1.11.1.jar
#14 139.0 [INFO] Resolved plugin: commons-text-1.3.jar
#14 139.0 [INFO] Resolved plugin: plexus-utils-4.0.0.jar
#14 139.0 [INFO] Resolved plugin: flexmark-ext-ins-0.42.14.jar
#14 139.0 [INFO] Resolved plugin: commons-lang-2.4.jar
#14 139.0 [INFO] Resolved plugin: slf4j-api-1.7.36.jar
#14 139.0 [INFO] Resolved plugin: maven-install-plugin-3.1.1.jar
#14 139.0 [INFO] Resolved plugin: google-collections-1.0.jar
#14 139.0 [INFO] Resolved plugin: doxia-module-apt-1.11.1.jar
#14 139.0 [INFO] Resolved plugin: flexmark-ext-gfm-issues-0.42.14.jar
#14 139.0 [INFO] Resolved plugin: jetty-util-9.4.46.v20220331.jar
#14 139.0 [INFO] Resolved plugin: maven-model-builder-3.2.5.jar
#14 139.0 [INFO] Resolved plugin: flexmark-ext-emoji-0.42.14.jar
#14 139.0 [INFO] Resolved plugin: jackson-databind-2.14.2.jar
#14 139.0 [INFO] Resolved plugin: plexus-archiver-4.2.7.jar
#14 139.0 [INFO] Resolved plugin: doxia-integration-tools-1.11.1.jar
#14 139.0 [INFO] Resolved plugin: commons-io-2.6.jar
#14 139.0 [INFO] Resolved plugin: httpcore5-5.2.4.jar
#14 139.0 [INFO] Resolved plugin: flexmark-ext-youtube-embedded-0.42.14.jar
#14 139.0 [INFO] Resolved plugin: maven-repository-metadata-3.2.5.jar
#14 139.0 [INFO] Resolved plugin: flexmark-formatter-0.42.14.jar
#14 139.0 [INFO] Resolved plugin: maven-model-3.2.5.jar
#14 139.0 [INFO] Resolved plugin: flexmark-ext-jekyll-front-matter-0.42.14.jar
#14 139.0 [INFO] Resolved plugin: doxia-decoration-model-1.11.1.jar
#14 139.0 [INFO] Resolved plugin: flexmark-all-0.42.14.jar
#14 139.0 [INFO] Resolved plugin: plexus-utils-3.5.0.jar
#14 139.0 [INFO] Resolved plugin: jdom2-2.0.6.1.jar
#14 139.0 [INFO] Resolved plugin: jetty-webapp-9.4.46.v20220331.jar
#14 139.0 [INFO] Resolved plugin: flexmark-profile-pegdown-0.42.14.jar
#14 139.0 [INFO] Resolved plugin: doxia-module-docbook-simple-1.11.1.jar
#14 139.0 [INFO] Resolved plugin: plexus-io-3.2.0.jar
#14 139.0 [INFO] Resolved plugin: xbean-reflect-3.7.jar
#14 139.0 [INFO] Resolved plugin: maven-reporting-exec-1.6.0.jar
#14 139.0 [INFO] Resolved plugin: doxia-sink-api-1.11.1.jar
#14 139.0 [INFO] Resolved plugin: jetty-xml-9.4.46.v20220331.jar
#14 139.0 [INFO] Resolved plugin: guava-16.0.1.jar
#14 139.0 [INFO] Resolved plugin: plexus-velocity-1.2.jar
#14 139.0 [INFO] Resolved plugin: plexus-container-default-2.1.0.jar
#14 139.0 [INFO] Resolved plugin: commons-codec-1.11.jar
#14 139.0 [INFO] Resolved plugin: flexmark-ext-typographic-0.42.14.jar
#14 139.0 [INFO] Resolved plugin: flexmark-ext-autolink-0.42.14.jar
#14 139.0 [INFO] Resolved plugin: micrometer-observation-1.12.5.jar
#14 139.0 [INFO] Resolved plugin: snappy-0.4.jar
#14 139.0 [INFO] Resolved plugin: flexmark-ext-jekyll-tag-0.42.14.jar
#14 139.0 [INFO] Resolved plugin: jsr305-3.0.2.jar
#14 139.0 [INFO] Resolved plugin: flexmark-ext-gitlab-0.42.14.jar
#14 139.0 [INFO] Resolved plugin: doxia-module-xdoc-1.11.1.jar
#14 139.0 [INFO] Resolved plugin: plexus-build-api-0.0.7.jar
#14 139.0 [INFO] Resolved plugin: commons-compress-1.21.jar
#14 139.0 [INFO] Resolved plugin: asm-9.5.jar
#14 139.0 [INFO] Resolved plugin: maven-dependency-tree-3.2.1.jar
#14 139.0 [INFO] Resolved plugin: doxia-module-fml-1.11.1.jar
#14 139.0 [INFO] Resolved plugin: doxia-site-renderer-1.11.1.jar
#14 139.0 [INFO] Resolved plugin: commons-digester-1.8.jar
#14 139.0 [INFO] Resolved plugin: jetty-server-9.4.46.v20220331.jar
#14 139.0 [INFO] Resolved plugin: flexmark-ext-abbreviation-0.42.14.jar
#14 139.0 [INFO] Resolved plugin: commons-beanutils-1.7.0.jar
#14 139.0 [INFO] Resolved plugin: maven-archiver-3.5.2.jar
#14 139.0 [INFO] Resolved plugin: httpcore5-h2-5.2.4.jar
#14 139.0 [INFO] Resolved plugin: spring-boot-buildpack-platform-3.2.5.jar
#14 139.0 [INFO] Resolved plugin: flexmark-ext-definition-0.42.14.jar
#14 139.0 [INFO] Resolved plugin: plexus-classworlds-2.5.2.jar
#14 139.0 [INFO] Resolved plugin: doxia-logging-api-1.11.1.jar
#14 139.0 [INFO] Resolved plugin: spring-core-6.1.6.jar
#14 139.0 [INFO] Resolved plugin: doxia-module-confluence-1.11.1.jar
#14 139.0 [INFO] Resolved plugin: doxia-module-xhtml5-1.11.1.jar
#14 139.0 [INFO] Resolved plugin: flexmark-ext-tables-0.42.14.jar
#14 139.0 [INFO] Resolved plugin: javax.annotation-api-1.2.jar
#14 139.0 [INFO] Resolved plugin: flexmark-ext-macros-0.42.14.jar
#14 139.0 [INFO] Resolved plugin: flexmark-ext-yaml-front-matter-0.42.14.jar
#14 139.0 [INFO] Resolved plugin: spring-boot-maven-plugin-3.2.5.jar
#14 139.0 [INFO] Resolved plugin: maven-shade-plugin-3.5.0.jar
#14 139.0 [INFO] Resolved plugin: maven-site-plugin-3.12.1.jar
#14 139.0 [INFO] Resolved plugin: plexus-sec-dispatcher-1.3.jar
#14 139.0 [INFO] Resolved plugin: jackson-module-parameter-names-2.14.2.jar
#14 139.0 [INFO] Resolved plugin: commons-collections4-4.4.jar
#14 139.0 [INFO] Resolved plugin: plexus-i18n-1.0-beta-10.jar
#14 139.0 [INFO] Resolved plugin: flexmark-ext-superscript-0.42.14.jar
#14 139.0 [INFO] Resolved plugin: commons-collections-3.2.2.jar
#14 139.0 [INFO] Resolved plugin: flexmark-ext-gfm-users-0.42.14.jar
#14 139.0 [INFO] Resolved plugin: doxia-module-markdown-1.11.1.jar
#14 139.0 [INFO] Resolved plugin: flexmark-ext-xwiki-macros-0.42.14.jar
#14 139.0 [INFO] Resolved plugin: spring-context-6.1.6.jar
#14 139.0 [INFO] Resolved plugin: commons-compress-1.20.jar
#14 139.0 [INFO] Resolved plugin: asm-commons-9.5.jar
#14 139.0 [INFO] Resolved plugin: velocity-1.7.jar
#14 139.0 [INFO] Resolved plugin: httpclient5-5.2.3.jar
#14 139.0 [INFO] 
#14 139.0 [INFO] ---------------------< com.elearning:auth-server >----------------------
#14 139.0 [INFO] Building auth-server 0.0.1-SNAPSHOT                                [2/3]
#14 139.0 [INFO]   from auth-server/pom.xml
#14 139.0 [INFO] --------------------------------[ jar ]---------------------------------
#14 139.0 [INFO] Downloading from central: https://repo.maven.apache.org/maven2/org/apache/maven/plugins/maven-resources-plugin/3.3.1/maven-resources-plugin-3.3.1.pom
#14 139.1 [INFO] Downloaded from central: https://repo.maven.apache.org/maven2/org/apache/maven/plugins/maven-resources-plugin/3.3.1/maven-resources-plugin-3.3.1.pom (8.2 kB at 117 kB/s)
#14 139.1 [INFO] Downloading from central: https://repo.maven.apache.org/maven2/org/apache/maven/plugins/maven-resources-plugin/3.3.1/maven-resources-plugin-3.3.1.jar
#14 139.2 [INFO] Downloaded from central: https://repo.maven.apache.org/maven2/org/apache/maven/plugins/maven-resources-plugin/3.3.1/maven-resources-plugin-3.3.1.jar (31 kB at 352 kB/s)
#14 139.2 [INFO] Downloading from central: https://repo.maven.apache.org/maven2/org/apache/maven/plugins/maven-jar-plugin/3.3.0/maven-jar-plugin-3.3.0.pom
#14 139.3 [INFO] Downloaded from central: https://repo.maven.apache.org/maven2/org/apache/maven/plugins/maven-jar-plugin/3.3.0/maven-jar-plugin-3.3.0.pom (6.8 kB at 99 kB/s)
#14 139.3 [INFO] Downloading from central: https://repo.maven.apache.org/maven2/org/apache/maven/plugins/maven-plugins/37/maven-plugins-37.pom
#14 139.3 [INFO] Downloaded from central: https://repo.maven.apache.org/maven2/org/apache/maven/plugins/maven-plugins/37/maven-plugins-37.pom (9.9 kB at 129 kB/s)
#14 139.3 [INFO] Downloading from central: https://repo.maven.apache.org/maven2/org/apache/maven/plugins/maven-jar-plugin/3.3.0/maven-jar-plugin-3.3.0.jar
#14 139.4 [INFO] Downloaded from central: https://repo.maven.apache.org/maven2/org/apache/maven/plugins/maven-jar-plugin/3.3.0/maven-jar-plugin-3.3.0.jar (27 kB at 311 kB/s)
#14 139.4 [INFO] Downloading from central: https://repo.maven.apache.org/maven2/org/apache/maven/plugins/maven-surefire-plugin/3.1.2/maven-surefire-plugin-3.1.2.pom
#14 139.5 [INFO] Downloaded from central: https://repo.maven.apache.org/maven2/org/apache/maven/plugins/maven-surefire-plugin/3.1.2/maven-surefire-plugin-3.1.2.pom (5.5 kB at 76 kB/s)
#14 139.5 [INFO] Downloading from central: https://repo.maven.apache.org/maven2/org/apache/maven/surefire/surefire/3.1.2/surefire-3.1.2.pom
#14 139.6 [INFO] Downloaded from central: https://repo.maven.apache.org/maven2/org/apache/maven/surefire/surefire/3.1.2/surefire-3.1.2.pom (22 kB at 294 kB/s)
#14 139.6 [INFO] Downloading from central: https://repo.maven.apache.org/maven2/org/apache/maven/plugins/maven-surefire-plugin/3.1.2/maven-surefire-plugin-3.1.2.jar
#14 139.8 [INFO] Downloaded from central: https://repo.maven.apache.org/maven2/org/apache/maven/plugins/maven-surefire-plugin/3.1.2/maven-surefire-plugin-3.1.2.jar (43 kB at 238 kB/s)
#14 139.8 [INFO] 
#14 139.8 [INFO] --- dependency:3.6.1:go-offline (default-cli) @ auth-server ---
#14 139.8 [INFO] Downloading from central: https://repo.maven.apache.org/maven2/org/apache/maven/shared/file-management/3.1.0/file-management-3.1.0.pom
#14 139.9 [INFO] Downloaded from central: https://repo.maven.apache.org/maven2/org/apache/maven/shared/file-management/3.1.0/file-management-3.1.0.pom (4.5 kB at 63 kB/s)
#14 139.9 [INFO] Downloading from central: https://repo.maven.apache.org/maven2/org/apache/maven/shared/maven-shared-components/36/maven-shared-components-36.pom
#14 139.9 [INFO] Downloaded from central: https://repo.maven.apache.org/maven2/org/apache/maven/shared/maven-shared-components/36/maven-shared-components-36.pom (4.9 kB at 55 kB/s)
#14 139.9 [INFO] Downloading from central: https://repo.maven.apache.org/maven2/org/apache/maven/maven-archiver/3.6.0/maven-archiver-3.6.0.pom
#14 140.0 [INFO] Downloaded from central: https://repo.maven.apache.org/maven2/org/apache/maven/maven-archiver/3.6.0/maven-archiver-3.6.0.pom (3.9 kB at 54 kB/s)
#14 140.0 [INFO] Downloading from central: https://repo.maven.apache.org/maven2/org/codehaus/plexus/plexus-io/3.4.0/plexus-io-3.4.0.pom
#14 140.1 [INFO] Downloaded from central: https://repo.maven.apache.org/maven2/org/codehaus/plexus/plexus-io/3.4.0/plexus-io-3.4.0.pom (6.0 kB at 84 kB/s)
#14 140.1 [INFO] Downloading from central: https://repo.maven.apache.org/maven2/org/codehaus/plexus/plexus-archiver/4.4.0/plexus-archiver-4.4.0.pom
#14 140.2 [INFO] Downloaded from central: https://repo.maven.apache.org/maven2/org/codehaus/plexus/plexus-archiver/4.4.0/plexus-archiver-4.4.0.pom (6.3 kB at 93 kB/s)
#14 140.2 [INFO] Downloading from central: https://repo.maven.apache.org/maven2/org/apache/maven/shared/file-management/3.1.0/file-management-3.1.0.jar
#14 140.3 [INFO] Downloaded from central: https://repo.maven.apache.org/maven2/org/apache/maven/shared/file-management/3.1.0/file-management-3.1.0.jar (36 kB at 375 kB/s)
#14 140.3 [INFO] Downloading from central: https://repo.maven.apache.org/maven2/commons-io/commons-io/2.11.0/commons-io-2.11.0.jar
#14 140.3 [INFO] Downloading from central: https://repo.maven.apache.org/maven2/org/apache/maven/maven-archiver/3.6.0/maven-archiver-3.6.0.jar
#14 140.3 [INFO] Downloading from central: https://repo.maven.apache.org/maven2/org/codehaus/plexus/plexus-io/3.4.0/plexus-io-3.4.0.jar
#14 140.3 [INFO] Downloading from central: https://repo.maven.apache.org/maven2/org/codehaus/plexus/plexus-archiver/4.4.0/plexus-archiver-4.4.0.jar
#14 140.5 [INFO] Downloaded from central: https://repo.maven.apache.org/maven2/org/apache/maven/maven-archiver/3.6.0/maven-archiver-3.6.0.jar (26 kB at 109 kB/s)
#14 140.6 [INFO] Downloaded from central: https://repo.maven.apache.org/maven2/commons-io/commons-io/2.11.0/commons-io-2.11.0.jar (327 kB at 891 kB/s)
#14 140.7 [INFO] Downloaded from central: https://repo.maven.apache.org/maven2/org/codehaus/plexus/plexus-io/3.4.0/plexus-io-3.4.0.jar (79 kB at 205 kB/s)
#14 141.3 [INFO] Downloaded from central: https://repo.maven.apache.org/maven2/org/codehaus/plexus/plexus-archiver/4.4.0/plexus-archiver-4.4.0.jar (211 kB at 202 kB/s)
#14 141.3 [INFO] Downloading from central: https://repo.maven.apache.org/maven2/org/apache/maven/shared/maven-filtering/3.3.1/maven-filtering-3.3.1.pom
#14 141.4 [INFO] Downloaded from central: https://repo.maven.apache.org/maven2/org/apache/maven/shared/maven-filtering/3.3.1/maven-filtering-3.3.1.pom (6.0 kB at 74 kB/s)
#14 141.4 [INFO] Downloading from central: https://repo.maven.apache.org/maven2/org/apache/maven/shared/maven-filtering/3.3.1/maven-filtering-3.3.1.jar
#14 141.7 [INFO] Downloaded from central: https://repo.maven.apache.org/maven2/org/apache/maven/shared/maven-filtering/3.3.1/maven-filtering-3.3.1.jar (55 kB at 214 kB/s)
#14 141.7 [INFO] Downloading from central: https://repo.maven.apache.org/maven2/org/apache/commons/commons-lang3/3.12.0/commons-lang3-3.12.0.jar
#14 143.4 [INFO] Downloaded from central: https://repo.maven.apache.org/maven2/org/apache/commons/commons-lang3/3.12.0/commons-lang3-3.12.0.jar (587 kB at 346 kB/s)
#14 143.4 [INFO] Downloading from central: https://repo.maven.apache.org/maven2/org/apache/maven/surefire/maven-surefire-common/3.1.2/maven-surefire-common-3.1.2.pom
#14 143.5 [INFO] Downloaded from central: https://repo.maven.apache.org/maven2/org/apache/maven/surefire/maven-surefire-common/3.1.2/maven-surefire-common-3.1.2.pom (6.1 kB at 37 kB/s)
#14 143.5 [INFO] Downloading from central: https://repo.maven.apache.org/maven2/org/apache/maven/surefire/surefire-api/3.1.2/surefire-api-3.1.2.pom
#14 143.8 [INFO] Downloaded from central: https://repo.maven.apache.org/maven2/org/apache/maven/surefire/surefire-api/3.1.2/surefire-api-3.1.2.pom (3.5 kB at 15 kB/s)
#14 143.8 [INFO] Downloading from central: https://repo.maven.apache.org/maven2/org/apache/maven/surefire/surefire-logger-api/3.1.2/surefire-logger-api-3.1.2.pom
#14 144.1 [INFO] Downloaded from central: https://repo.maven.apache.org/maven2/org/apache/maven/surefire/surefire-logger-api/3.1.2/surefire-logger-api-3.1.2.pom (3.3 kB at 9.4 kB/s)
#14 144.1 [INFO] Downloading from central: https://repo.maven.apache.org/maven2/org/apache/maven/surefire/surefire-shared-utils/3.1.2/surefire-shared-utils-3.1.2.pom
#14 144.7 [INFO] Downloaded from central: https://repo.maven.apache.org/maven2/org/apache/maven/surefire/surefire-shared-utils/3.1.2/surefire-shared-utils-3.1.2.pom (4.1 kB at 7.2 kB/s)
#14 144.7 [INFO] Downloading from central: https://repo.maven.apache.org/maven2/org/apache/maven/surefire/surefire-extensions-api/3.1.2/surefire-extensions-api-3.1.2.pom
#14 145.4 [INFO] Downloaded from central: https://repo.maven.apache.org/maven2/org/apache/maven/surefire/surefire-extensions-api/3.1.2/surefire-extensions-api-3.1.2.pom (3.3 kB at 4.7 kB/s)
#14 145.4 [INFO] Downloading from central: https://repo.maven.apache.org/maven2/org/apache/maven/surefire/surefire-booter/3.1.2/surefire-booter-3.1.2.pom
#14 145.7 [INFO] Downloaded from central: https://repo.maven.apache.org/maven2/org/apache/maven/surefire/surefire-booter/3.1.2/surefire-booter-3.1.2.pom (4.5 kB at 15 kB/s)
#14 145.7 [INFO] Downloading from central: https://repo.maven.apache.org/maven2/org/apache/maven/surefire/surefire-extensions-spi/3.1.2/surefire-extensions-spi-3.1.2.pom
#14 145.8 [INFO] Downloaded from central: https://repo.maven.apache.org/maven2/org/apache/maven/surefire/surefire-extensions-spi/3.1.2/surefire-extensions-spi-3.1.2.pom (1.8 kB at 26 kB/s)
#14 145.8 [INFO] Downloading from central: https://repo.maven.apache.org/maven2/org/apache/maven/shared/maven-common-artifact-filters/3.1.1/maven-common-artifact-filters-3.1.1.pom
#14 145.9 [INFO] Downloaded from central: https://repo.maven.apache.org/maven2/org/apache/maven/shared/maven-common-artifact-filters/3.1.1/maven-common-artifact-filters-3.1.1.pom (5.8 kB at 83 kB/s)
#14 145.9 [INFO] Downloading from central: https://repo.maven.apache.org/maven2/commons-io/commons-io/2.12.0/commons-io-2.12.0.pom
#14 145.9 [INFO] Downloaded from central: https://repo.maven.apache.org/maven2/commons-io/commons-io/2.12.0/commons-io-2.12.0.pom (20 kB at 260 kB/s)
#14 146.0 [INFO] Downloading from central: https://repo.maven.apache.org/maven2/org/apache/commons/commons-parent/57/commons-parent-57.pom
#14 146.1 [INFO] Downloaded from central: https://repo.maven.apache.org/maven2/org/apache/commons/commons-parent/57/commons-parent-57.pom (83 kB at 801 kB/s)
#14 146.1 [INFO] Downloading from central: https://repo.maven.apache.org/maven2/org/codehaus/plexus/plexus-java/1.1.2/plexus-java-1.1.2.pom
#14 146.1 [INFO] Downloaded from central: https://repo.maven.apache.org/maven2/org/codehaus/plexus/plexus-java/1.1.2/plexus-java-1.1.2.pom (5.0 kB at 66 kB/s)
#14 146.1 [INFO] Downloading from central: https://repo.maven.apache.org/maven2/org/codehaus/plexus/plexus-languages/1.1.2/plexus-languages-1.1.2.pom
#14 146.2 [INFO] Downloaded from central: https://repo.maven.apache.org/maven2/org/codehaus/plexus/plexus-languages/1.1.2/plexus-languages-1.1.2.pom (4.1 kB at 54 kB/s)
#14 146.2 [INFO] Downloading from central: https://repo.maven.apache.org/maven2/org/ow2/asm/asm/9.4/asm-9.4.pom
#14 146.3 [INFO] Downloaded from central: https://repo.maven.apache.org/maven2/org/ow2/asm/asm/9.4/asm-9.4.pom (2.4 kB at 34 kB/s)
#14 146.3 [INFO] Downloading from central: https://repo.maven.apache.org/maven2/com/thoughtworks/qdox/qdox/2.0.3/qdox-2.0.3.pom
#14 146.4 [INFO] Downloaded from central: https://repo.maven.apache.org/maven2/com/thoughtworks/qdox/qdox/2.0.3/qdox-2.0.3.pom (17 kB at 221 kB/s)
#14 146.4 [INFO] Downloading from central: https://repo.maven.apache.org/maven2/org/apache/maven/surefire/maven-surefire-common/3.1.2/maven-surefire-common-3.1.2.jar
#14 146.9 [INFO] Downloaded from central: https://repo.maven.apache.org/maven2/org/apache/maven/surefire/maven-surefire-common/3.1.2/maven-surefire-common-3.1.2.jar (306 kB at 571 kB/s)
#14 146.9 [INFO] Downloading from central: https://repo.maven.apache.org/maven2/org/apache/maven/surefire/surefire-api/3.1.2/surefire-api-3.1.2.jar
#14 146.9 [INFO] Downloading from central: https://repo.maven.apache.org/maven2/org/apache/maven/surefire/surefire-logger-api/3.1.2/surefire-logger-api-3.1.2.jar
#14 146.9 [INFO] Downloading from central: https://repo.maven.apache.org/maven2/org/apache/maven/surefire/surefire-extensions-api/3.1.2/surefire-extensions-api-3.1.2.jar
#14 146.9 [INFO] Downloading from central: https://repo.maven.apache.org/maven2/org/apache/maven/surefire/surefire-booter/3.1.2/surefire-booter-3.1.2.jar
#14 146.9 [INFO] Downloading from central: https://repo.maven.apache.org/maven2/org/apache/maven/surefire/surefire-extensions-spi/3.1.2/surefire-extensions-spi-3.1.2.jar
#14 147.0 [INFO] Downloaded from central: https://repo.maven.apache.org/maven2/org/apache/maven/surefire/surefire-logger-api/3.1.2/surefire-logger-api-3.1.2.jar (14 kB at 151 kB/s)
#14 147.0 [INFO] Downloading from central: https://repo.maven.apache.org/maven2/org/apache/maven/shared/maven-common-artifact-filters/3.1.1/maven-common-artifact-filters-3.1.1.jar
#14 147.0 [INFO] Downloaded from central: https://repo.maven.apache.org/maven2/org/apache/maven/surefire/surefire-extensions-spi/3.1.2/surefire-extensions-spi-3.1.2.jar (8.2 kB at 88 kB/s)
#14 147.0 [INFO] Downloading from central: https://repo.maven.apache.org/maven2/org/codehaus/plexus/plexus-interpolation/1.21/plexus-interpolation-1.21.jar
#14 147.1 [INFO] Downloaded from central: https://repo.maven.apache.org/maven2/org/apache/maven/surefire/surefire-extensions-api/3.1.2/surefire-extensions-api-3.1.2.jar (26 kB at 137 kB/s)
#14 147.1 [INFO] Downloading from central: https://repo.maven.apache.org/maven2/org/codehaus/plexus/plexus-component-annotations/1.5.5/plexus-component-annotations-1.5.5.jar
#14 147.2 [INFO] Downloaded from central: https://repo.maven.apache.org/maven2/org/codehaus/plexus/plexus-component-annotations/1.5.5/plexus-component-annotations-1.5.5.jar (4.2 kB at 15 kB/s)
#14 147.2 [INFO] Downloading from central: https://repo.maven.apache.org/maven2/commons-io/commons-io/2.12.0/commons-io-2.12.0.jar
#14 147.2 [INFO] Downloaded from central: https://repo.maven.apache.org/maven2/org/codehaus/plexus/plexus-interpolation/1.21/plexus-interpolation-1.21.jar (62 kB at 218 kB/s)
#14 147.2 [INFO] Downloading from central: https://repo.maven.apache.org/maven2/org/codehaus/plexus/plexus-java/1.1.2/plexus-java-1.1.2.jar
#14 147.2 [INFO] Downloaded from central: https://repo.maven.apache.org/maven2/org/apache/maven/surefire/surefire-api/3.1.2/surefire-api-3.1.2.jar (171 kB at 565 kB/s)
#14 147.2 [INFO] Downloading from central: https://repo.maven.apache.org/maven2/org/ow2/asm/asm/9.4/asm-9.4.jar
#14 147.3 [INFO] Downloaded from central: https://repo.maven.apache.org/maven2/org/apache/maven/shared/maven-common-artifact-filters/3.1.1/maven-common-artifact-filters-3.1.1.jar (61 kB at 174 kB/s)
#14 147.3 [INFO] Downloading from central: https://repo.maven.apache.org/maven2/com/thoughtworks/qdox/qdox/2.0.3/qdox-2.0.3.jar
#14 147.5 [INFO] Downloaded from central: https://repo.maven.apache.org/maven2/org/ow2/asm/asm/9.4/asm-9.4.jar (122 kB at 208 kB/s)
#14 147.5 [INFO] Downloading from central: https://repo.maven.apache.org/maven2/org/apache/maven/surefire/surefire-shared-utils/3.1.2/surefire-shared-utils-3.1.2.jar
#14 147.6 [INFO] Downloaded from central: https://repo.maven.apache.org/maven2/org/apache/maven/surefire/surefire-booter/3.1.2/surefire-booter-3.1.2.jar (118 kB at 178 kB/s)
#14 147.6 [INFO] Downloaded from central: https://repo.maven.apache.org/maven2/com/thoughtworks/qdox/qdox/2.0.3/qdox-2.0.3.jar (334 kB at 463 kB/s)
#14 147.6 [INFO] Downloaded from central: https://repo.maven.apache.org/maven2/org/codehaus/plexus/plexus-java/1.1.2/plexus-java-1.1.2.jar (55 kB at 74 kB/s)
#14 148.7 [INFO] Downloaded from central: https://repo.maven.apache.org/maven2/commons-io/commons-io/2.12.0/commons-io-2.12.0.jar (474 kB at 270 kB/s)
#14 149.3 [INFO] Downloaded from central: https://repo.maven.apache.org/maven2/org/apache/maven/surefire/surefire-shared-utils/3.1.2/surefire-shared-utils-3.1.2.jar (2.3 MB at 997 kB/s)
#14 149.3 [INFO] Downloading from central: https://repo.maven.apache.org/maven2/org/apache/maven/shared/maven-shared-incremental/1.1/maven-shared-incremental-1.1.pom
#14 149.4 [INFO] Downloaded from central: https://repo.maven.apache.org/maven2/org/apache/maven/shared/maven-shared-incremental/1.1/maven-shared-incremental-1.1.pom (4.7 kB at 60 kB/s)
#14 149.4 [INFO] Downloading from central: https://repo.maven.apache.org/maven2/org/apache/maven/shared/maven-shared-components/19/maven-shared-components-19.pom
#14 149.4 [INFO] Downloaded from central: https://repo.maven.apache.org/maven2/org/apache/maven/shared/maven-shared-components/19/maven-shared-components-19.pom (6.4 kB at 74 kB/s)
#14 149.4 [INFO] Downloading from central: https://repo.maven.apache.org/maven2/org/codehaus/plexus/plexus-compiler-api/2.13.0/plexus-compiler-api-2.13.0.pom
#14 149.5 [INFO] Downloaded from central: https://repo.maven.apache.org/maven2/org/codehaus/plexus/plexus-compiler-api/2.13.0/plexus-compiler-api-2.13.0.pom (1.1 kB at 16 kB/s)
#14 149.5 [INFO] Downloading from central: https://repo.maven.apache.org/maven2/org/codehaus/plexus/plexus-compiler/2.13.0/plexus-compiler-2.13.0.pom
#14 149.6 [INFO] Downloaded from central: https://repo.maven.apache.org/maven2/org/codehaus/plexus/plexus-compiler/2.13.0/plexus-compiler-2.13.0.pom (8.4 kB at 105 kB/s)
#14 149.6 [INFO] Downloading from central: https://repo.maven.apache.org/maven2/org/codehaus/plexus/plexus-components/10.0/plexus-components-10.0.pom
#14 149.7 [INFO] Downloaded from central: https://repo.maven.apache.org/maven2/org/codehaus/plexus/plexus-components/10.0/plexus-components-10.0.pom (2.7 kB at 32 kB/s)
#14 149.7 [INFO] Downloading from central: https://repo.maven.apache.org/maven2/org/codehaus/plexus/plexus-compiler-manager/2.13.0/plexus-compiler-manager-2.13.0.pom
#14 149.7 [INFO] Downloaded from central: https://repo.maven.apache.org/maven2/org/codehaus/plexus/plexus-compiler-manager/2.13.0/plexus-compiler-manager-2.13.0.pom (1.1 kB at 17 kB/s)
#14 149.8 [INFO] Downloading from central: https://repo.maven.apache.org/maven2/org/codehaus/plexus/plexus-compiler-javac/2.13.0/plexus-compiler-javac-2.13.0.pom
#14 149.8 [INFO] Downloaded from central: https://repo.maven.apache.org/maven2/org/codehaus/plexus/plexus-compiler-javac/2.13.0/plexus-compiler-javac-2.13.0.pom (1.2 kB at 18 kB/s)
#14 149.8 [INFO] Downloading from central: https://repo.maven.apache.org/maven2/org/codehaus/plexus/plexus-compilers/2.13.0/plexus-compilers-2.13.0.pom
#14 149.9 [INFO] Downloaded from central: https://repo.maven.apache.org/maven2/org/codehaus/plexus/plexus-compilers/2.13.0/plexus-compilers-2.13.0.pom (1.3 kB at 17 kB/s)
#14 149.9 [INFO] Downloading from central: https://repo.maven.apache.org/maven2/org/apache/maven/shared/maven-shared-incremental/1.1/maven-shared-incremental-1.1.jar
#14 150.0 [INFO] Downloaded from central: https://repo.maven.apache.org/maven2/org/apache/maven/shared/maven-shared-incremental/1.1/maven-shared-incremental-1.1.jar (14 kB at 152 kB/s)
#14 150.0 [INFO] Downloading from central: https://repo.maven.apache.org/maven2/org/codehaus/plexus/plexus-compiler-api/2.13.0/plexus-compiler-api-2.13.0.jar
#14 150.0 [INFO] Downloading from central: https://repo.maven.apache.org/maven2/org/codehaus/plexus/plexus-compiler-manager/2.13.0/plexus-compiler-manager-2.13.0.jar
#14 150.0 [INFO] Downloading from central: https://repo.maven.apache.org/maven2/org/codehaus/plexus/plexus-compiler-javac/2.13.0/plexus-compiler-javac-2.13.0.jar
#14 150.1 [INFO] Downloaded from central: https://repo.maven.apache.org/maven2/org/codehaus/plexus/plexus-compiler-manager/2.13.0/plexus-compiler-manager-2.13.0.jar (4.7 kB at 66 kB/s)
#14 150.1 [INFO] Downloaded from central: https://repo.maven.apache.org/maven2/org/codehaus/plexus/plexus-compiler-javac/2.13.0/plexus-compiler-javac-2.13.0.jar (23 kB at 230 kB/s)
#14 150.1 [INFO] Downloaded from central: https://repo.maven.apache.org/maven2/org/codehaus/plexus/plexus-compiler-api/2.13.0/plexus-compiler-api-2.13.0.jar (27 kB at 270 kB/s)
#14 150.1 [INFO] Downloading from central: https://repo.maven.apache.org/maven2/org/springframework/boot/spring-boot-starter-test/3.2.5/spring-boot-starter-test-3.2.5.pom
#14 150.2 [INFO] Downloaded from central: https://repo.maven.apache.org/maven2/org/springframework/boot/spring-boot-starter-test/3.2.5/spring-boot-starter-test-3.2.5.pom (5.0 kB at 74 kB/s)
#14 150.2 [INFO] Downloading from central: https://repo.maven.apache.org/maven2/org/springframework/boot/spring-boot-starter/3.2.5/spring-boot-starter-3.2.5.pom
#14 150.3 [INFO] Downloaded from central: https://repo.maven.apache.org/maven2/org/springframework/boot/spring-boot-starter/3.2.5/spring-boot-starter-3.2.5.pom (3.0 kB at 23 kB/s)
#14 150.3 [INFO] Downloading from central: https://repo.maven.apache.org/maven2/org/springframework/boot/spring-boot/3.2.5/spring-boot-3.2.5.pom
#14 150.4 [INFO] Downloaded from central: https://repo.maven.apache.org/maven2/org/springframework/boot/spring-boot/3.2.5/spring-boot-3.2.5.pom (2.2 kB at 34 kB/s)
#14 150.4 [INFO] Downloading from central: https://repo.maven.apache.org/maven2/org/springframework/boot/spring-boot-autoconfigure/3.2.5/spring-boot-autoconfigure-3.2.5.pom
#14 150.5 [INFO] Downloaded from central: https://repo.maven.apache.org/maven2/org/springframework/boot/spring-boot-autoconfigure/3.2.5/spring-boot-autoconfigure-3.2.5.pom (2.1 kB at 29 kB/s)
#14 150.5 [INFO] Downloading from central: https://repo.maven.apache.org/maven2/org/springframework/boot/spring-boot-starter-logging/3.2.5/spring-boot-starter-logging-3.2.5.pom
#14 150.5 [INFO] Downloaded from central: https://repo.maven.apache.org/maven2/org/springframework/boot/spring-boot-starter-logging/3.2.5/spring-boot-starter-logging-3.2.5.pom (2.5 kB at 37 kB/s)
#14 150.5 [INFO] Downloading from central: https://repo.maven.apache.org/maven2/ch/qos/logback/logback-classic/1.4.14/logback-classic-1.4.14.pom
#14 150.6 [INFO] Downloaded from central: https://repo.maven.apache.org/maven2/ch/qos/logback/logback-classic/1.4.14/logback-classic-1.4.14.pom (13 kB at 177 kB/s)
#14 150.6 [INFO] Downloading from central: https://repo.maven.apache.org/maven2/ch/qos/logback/logback-parent/1.4.14/logback-parent-1.4.14.pom
#14 150.7 [INFO] Downloaded from central: https://repo.maven.apache.org/maven2/ch/qos/logback/logback-parent/1.4.14/logback-parent-1.4.14.pom (20 kB at 270 kB/s)
#14 150.7 [INFO] Downloading from central: https://repo.maven.apache.org/maven2/ch/qos/logback/logback-core/1.4.14/logback-core-1.4.14.pom
#14 150.8 [INFO] Downloaded from central: https://repo.maven.apache.org/maven2/ch/qos/logback/logback-core/1.4.14/logback-core-1.4.14.pom (5.0 kB at 79 kB/s)
#14 150.8 [INFO] Downloading from central: https://repo.maven.apache.org/maven2/org/slf4j/slf4j-api/2.0.7/slf4j-api-2.0.7.pom
#14 150.8 [INFO] Downloaded from central: https://repo.maven.apache.org/maven2/org/slf4j/slf4j-api/2.0.7/slf4j-api-2.0.7.pom (2.7 kB at 42 kB/s)
#14 150.8 [INFO] Downloading from central: https://repo.maven.apache.org/maven2/org/slf4j/slf4j-parent/2.0.7/slf4j-parent-2.0.7.pom
#14 150.9 [INFO] Downloaded from central: https://repo.maven.apache.org/maven2/org/slf4j/slf4j-parent/2.0.7/slf4j-parent-2.0.7.pom (17 kB at 237 kB/s)
#14 150.9 [INFO] Downloading from central: https://repo.maven.apache.org/maven2/org/apache/logging/log4j/log4j-to-slf4j/2.21.1/log4j-to-slf4j-2.21.1.pom
#14 151.0 [INFO] Downloaded from central: https://repo.maven.apache.org/maven2/org/apache/logging/log4j/log4j-to-slf4j/2.21.1/log4j-to-slf4j-2.21.1.pom (4.2 kB at 62 kB/s)
#14 151.0 [INFO] Downloading from central: https://repo.maven.apache.org/maven2/org/apache/logging/log4j/log4j/2.21.1/log4j-2.21.1.pom
#14 151.0 [INFO] Downloaded from central: https://repo.maven.apache.org/maven2/org/apache/logging/log4j/log4j/2.21.1/log4j-2.21.1.pom (35 kB at 513 kB/s)
#14 151.0 [INFO] Downloading from central: https://repo.maven.apache.org/maven2/org/ow2/asm/asm-bom/9.5/asm-bom-9.5.pom
#14 151.1 [INFO] Downloaded from central: https://repo.maven.apache.org/maven2/org/ow2/asm/asm-bom/9.5/asm-bom-9.5.pom (3.2 kB at 45 kB/s)
#14 151.1 [INFO] Downloading from central: https://repo.maven.apache.org/maven2/org/codehaus/groovy/groovy-bom/3.0.19/groovy-bom-3.0.19.pom
#14 151.2 [INFO] Downloaded from central: https://repo.maven.apache.org/maven2/org/codehaus/groovy/groovy-bom/3.0.19/groovy-bom-3.0.19.pom (26 kB at 383 kB/s)
#14 151.2 [INFO] Downloading from central: https://repo.maven.apache.org/maven2/com/fasterxml/jackson/jackson-bom/2.15.2/jackson-bom-2.15.2.pom
#14 151.3 [INFO] Downloaded from central: https://repo.maven.apache.org/maven2/com/fasterxml/jackson/jackson-bom/2.15.2/jackson-bom-2.15.2.pom (18 kB at 269 kB/s)
#14 151.3 [INFO] Downloading from central: https://repo.maven.apache.org/maven2/jakarta/platform/jakarta.jakartaee-bom/9.1.0/jakarta.jakartaee-bom-9.1.0.pom
#14 151.3 [INFO] Downloaded from central: https://repo.maven.apache.org/maven2/jakarta/platform/jakarta.jakartaee-bom/9.1.0/jakarta.jakartaee-bom-9.1.0.pom (9.6 kB at 136 kB/s)
#14 151.3 [INFO] Downloading from central: https://repo.maven.apache.org/maven2/jakarta/platform/jakartaee-api-parent/9.1.0/jakartaee-api-parent-9.1.0.pom
#14 151.4 [INFO] Downloaded from central: https://repo.maven.apache.org/maven2/jakarta/platform/jakartaee-api-parent/9.1.0/jakartaee-api-parent-9.1.0.pom (15 kB at 222 kB/s)
#14 151.4 [INFO] Downloading from central: https://repo.maven.apache.org/maven2/org/eclipse/ee4j/project/1.0.7/project-1.0.7.pom
#14 151.5 [INFO] Downloaded from central: https://repo.maven.apache.org/maven2/org/eclipse/ee4j/project/1.0.7/project-1.0.7.pom (14 kB at 189 kB/s)
#14 151.5 [INFO] Downloading from central: https://repo.maven.apache.org/maven2/org/eclipse/jetty/jetty-bom/9.4.53.v20231009/jetty-bom-9.4.53.v20231009.pom
#14 151.5 [INFO] Downloaded from central: https://repo.maven.apache.org/maven2/org/eclipse/jetty/jetty-bom/9.4.53.v20231009/jetty-bom-9.4.53.v20231009.pom (18 kB at 260 kB/s)
#14 151.5 [INFO] Downloading from central: https://repo.maven.apache.org/maven2/org/junit/junit-bom/5.10.0/junit-bom-5.10.0.pom
#14 151.6 [INFO] Downloaded from central: https://repo.maven.apache.org/maven2/org/junit/junit-bom/5.10.0/junit-bom-5.10.0.pom (5.6 kB at 86 kB/s)
#14 151.6 [INFO] Downloading from central: https://repo.maven.apache.org/maven2/io/fabric8/kubernetes-client-bom/5.12.4/kubernetes-client-bom-5.12.4.pom
#14 151.7 [INFO] Downloaded from central: https://repo.maven.apache.org/maven2/io/fabric8/kubernetes-client-bom/5.12.4/kubernetes-client-bom-5.12.4.pom (26 kB at 351 kB/s)
#14 151.7 [INFO] Downloading from central: https://repo.maven.apache.org/maven2/org/mockito/mockito-bom/4.11.0/mockito-bom-4.11.0.pom
#14 151.8 [INFO] Downloaded from central: https://repo.maven.apache.org/maven2/org/mockito/mockito-bom/4.11.0/mockito-bom-4.11.0.pom (3.2 kB at 47 kB/s)
#14 151.8 [INFO] Downloading from central: https://repo.maven.apache.org/maven2/io/netty/netty-bom/4.1.97.Final/netty-bom-4.1.97.Final.pom
#14 151.8 [INFO] Downloaded from central: https://repo.maven.apache.org/maven2/io/netty/netty-bom/4.1.97.Final/netty-bom-4.1.97.Final.pom (13 kB at 195 kB/s)
#14 151.8 [INFO] Downloading from central: https://repo.maven.apache.org/maven2/org/springframework/spring-framework-bom/5.3.29/spring-framework-bom-5.3.29.pom
#14 151.9 [INFO] Downloaded from central: https://repo.maven.apache.org/maven2/org/springframework/spring-framework-bom/5.3.29/spring-framework-bom-5.3.29.pom (5.7 kB at 84 kB/s)
#14 151.9 [INFO] Downloading from central: https://repo.maven.apache.org/maven2/org/apache/logging/log4j/log4j-api/2.21.1/log4j-api-2.21.1.pom
#14 152.0 [INFO] Downloaded from central: https://repo.maven.apache.org/maven2/org/apache/logging/log4j/log4j-api/2.21.1/log4j-api-2.21.1.pom (4.0 kB at 61 kB/s)
#14 152.0 [INFO] Downloading from central: https://repo.maven.apache.org/maven2/org/slf4j/jul-to-slf4j/2.0.13/jul-to-slf4j-2.0.13.pom
#14 152.0 [INFO] Downloaded from central: https://repo.maven.apache.org/maven2/org/slf4j/jul-to-slf4j/2.0.13/jul-to-slf4j-2.0.13.pom (1.1 kB at 16 kB/s)
#14 152.0 [INFO] Downloading from central: https://repo.maven.apache.org/maven2/org/slf4j/slf4j-parent/2.0.13/slf4j-parent-2.0.13.pom
#14 152.1 [INFO] Downloaded from central: https://repo.maven.apache.org/maven2/org/slf4j/slf4j-parent/2.0.13/slf4j-parent-2.0.13.pom (13 kB at 197 kB/s)
#14 152.1 [INFO] Downloading from central: https://repo.maven.apache.org/maven2/org/slf4j/slf4j-bom/2.0.13/slf4j-bom-2.0.13.pom
#14 152.2 [INFO] Downloaded from central: https://repo.maven.apache.org/maven2/org/slf4j/slf4j-bom/2.0.13/slf4j-bom-2.0.13.pom (7.3 kB at 108 kB/s)
#14 152.2 [INFO] Downloading from central: https://repo.maven.apache.org/maven2/org/slf4j/slf4j-api/2.0.13/slf4j-api-2.0.13.pom
#14 152.2 [INFO] Downloaded from central: https://repo.maven.apache.org/maven2/org/slf4j/slf4j-api/2.0.13/slf4j-api-2.0.13.pom (2.8 kB at 42 kB/s)
#14 152.2 [INFO] Downloading from central: https://repo.maven.apache.org/maven2/jakarta/annotation/jakarta.annotation-api/2.1.1/jakarta.annotation-api-2.1.1.pom
#14 152.3 [INFO] Downloaded from central: https://repo.maven.apache.org/maven2/jakarta/annotation/jakarta.annotation-api/2.1.1/jakarta.annotation-api-2.1.1.pom (16 kB at 226 kB/s)
#14 152.3 [INFO] Downloading from central: https://repo.maven.apache.org/maven2/org/yaml/snakeyaml/2.2/snakeyaml-2.2.pom
#14 152.4 [INFO] Downloaded from central: https://repo.maven.apache.org/maven2/org/yaml/snakeyaml/2.2/snakeyaml-2.2.pom (21 kB at 332 kB/s)
#14 152.4 [INFO] Downloading from central: https://repo.maven.apache.org/maven2/org/springframework/boot/spring-boot-test/3.2.5/spring-boot-test-3.2.5.pom
#14 152.5 [INFO] Downloaded from central: https://repo.maven.apache.org/maven2/org/springframework/boot/spring-boot-test/3.2.5/spring-boot-test-3.2.5.pom (2.0 kB at 31 kB/s)
#14 152.5 [INFO] Downloading from central: https://repo.maven.apache.org/maven2/org/springframework/boot/spring-boot-test-autoconfigure/3.2.5/spring-boot-test-autoconfigure-3.2.5.pom
#14 152.5 [INFO] Downloaded from central: https://repo.maven.apache.org/maven2/org/springframework/boot/spring-boot-test-autoconfigure/3.2.5/spring-boot-test-autoconfigure-3.2.5.pom (2.5 kB at 36 kB/s)
#14 152.5 [INFO] Downloading from central: https://repo.maven.apache.org/maven2/com/jayway/jsonpath/json-path/2.9.0/json-path-2.9.0.pom
#14 152.6 [INFO] Downloaded from central: https://repo.maven.apache.org/maven2/com/jayway/jsonpath/json-path/2.9.0/json-path-2.9.0.pom (1.9 kB at 26 kB/s)
#14 152.6 [INFO] Downloading from central: https://repo.maven.apache.org/maven2/net/minidev/json-smart/2.5.0/json-smart-2.5.0.pom
#14 152.7 [INFO] Downloaded from central: https://repo.maven.apache.org/maven2/net/minidev/json-smart/2.5.0/json-smart-2.5.0.pom (9.2 kB at 141 kB/s)
#14 152.7 [INFO] Downloading from central: https://repo.maven.apache.org/maven2/net/minidev/accessors-smart/2.5.0/accessors-smart-2.5.0.pom
#14 152.7 [INFO] Downloaded from central: https://repo.maven.apache.org/maven2/net/minidev/accessors-smart/2.5.0/accessors-smart-2.5.0.pom (11 kB at 160 kB/s)
#14 152.7 [INFO] Downloading from central: https://repo.maven.apache.org/maven2/org/ow2/asm/asm/9.3/asm-9.3.pom
#14 152.9 [INFO] Downloaded from central: https://repo.maven.apache.org/maven2/org/ow2/asm/asm/9.3/asm-9.3.pom (2.4 kB at 18 kB/s)
#14 152.9 [INFO] Downloading from central: https://repo.maven.apache.org/maven2/org/ow2/ow2/1.5/ow2-1.5.pom
#14 152.9 [INFO] Downloaded from central: https://repo.maven.apache.org/maven2/org/ow2/ow2/1.5/ow2-1.5.pom (11 kB at 168 kB/s)
#14 152.9 [INFO] Downloading from central: https://repo.maven.apache.org/maven2/org/slf4j/slf4j-api/2.0.11/slf4j-api-2.0.11.pom
#14 153.0 [INFO] Downloaded from central: https://repo.maven.apache.org/maven2/org/slf4j/slf4j-api/2.0.11/slf4j-api-2.0.11.pom (2.8 kB at 43 kB/s)
#14 153.0 [INFO] Downloading from central: https://repo.maven.apache.org/maven2/org/slf4j/slf4j-parent/2.0.11/slf4j-parent-2.0.11.pom
#14 153.1 [INFO] Downloaded from central: https://repo.maven.apache.org/maven2/org/slf4j/slf4j-parent/2.0.11/slf4j-parent-2.0.11.pom (15 kB at 230 kB/s)
#14 153.1 [INFO] Downloading from central: https://repo.maven.apache.org/maven2/org/slf4j/slf4j-bom/2.0.11/slf4j-bom-2.0.11.pom
#14 153.1 [INFO] Downloaded from central: https://repo.maven.apache.org/maven2/org/slf4j/slf4j-bom/2.0.11/slf4j-bom-2.0.11.pom (7.3 kB at 109 kB/s)
#14 153.1 [INFO] Downloading from central: https://repo.maven.apache.org/maven2/jakarta/xml/bind/jakarta.xml.bind-api/4.0.2/jakarta.xml.bind-api-4.0.2.pom
#14 153.2 [INFO] Downloaded from central: https://repo.maven.apache.org/maven2/jakarta/xml/bind/jakarta.xml.bind-api/4.0.2/jakarta.xml.bind-api-4.0.2.pom (13 kB at 184 kB/s)
#14 153.2 [INFO] Downloading from central: https://repo.maven.apache.org/maven2/jakarta/xml/bind/jakarta.xml.bind-api-parent/4.0.2/jakarta.xml.bind-api-parent-4.0.2.pom
#14 153.3 [INFO] Downloaded from central: https://repo.maven.apache.org/maven2/jakarta/xml/bind/jakarta.xml.bind-api-parent/4.0.2/jakarta.xml.bind-api-parent-4.0.2.pom (9.1 kB at 143 kB/s)
#14 153.3 [INFO] Downloading from central: https://repo.maven.apache.org/maven2/jakarta/activation/jakarta.activation-api/2.1.3/jakarta.activation-api-2.1.3.pom
#14 153.4 [INFO] Downloaded from central: https://repo.maven.apache.org/maven2/jakarta/activation/jakarta.activation-api/2.1.3/jakarta.activation-api-2.1.3.pom (19 kB at 276 kB/s)
#14 153.4 [INFO] Downloading from central: https://repo.maven.apache.org/maven2/net/minidev/json-smart/2.5.1/json-smart-2.5.1.pom
#14 153.4 [INFO] Downloaded from central: https://repo.maven.apache.org/maven2/net/minidev/json-smart/2.5.1/json-smart-2.5.1.pom (9.3 kB at 136 kB/s)
#14 153.4 [INFO] Downloading from central: https://repo.maven.apache.org/maven2/net/minidev/accessors-smart/2.5.1/accessors-smart-2.5.1.pom
#14 153.5 [INFO] Downloaded from central: https://repo.maven.apache.org/maven2/net/minidev/accessors-smart/2.5.1/accessors-smart-2.5.1.pom (11 kB at 170 kB/s)
#14 153.5 [INFO] Downloading from central: https://repo.maven.apache.org/maven2/org/ow2/asm/asm/9.6/asm-9.6.pom
#14 153.6 [INFO] Downloaded from central: https://repo.maven.apache.org/maven2/org/ow2/asm/asm/9.6/asm-9.6.pom (2.4 kB at 32 kB/s)
#14 153.6 [INFO] Downloading from central: https://repo.maven.apache.org/maven2/org/assertj/assertj-core/3.24.2/assertj-core-3.24.2.pom
#14 153.7 [INFO] Downloaded from central: https://repo.maven.apache.org/maven2/org/assertj/assertj-core/3.24.2/assertj-core-3.24.2.pom (19 kB at 185 kB/s)
#14 153.7 [INFO] Downloading from central: https://repo.maven.apache.org/maven2/org/assertj/assertj-parent/3.24.2/assertj-parent-3.24.2.pom
#14 153.7 [INFO] Downloaded from central: https://repo.maven.apache.org/maven2/org/assertj/assertj-parent/3.24.2/assertj-parent-3.24.2.pom (13 kB at 186 kB/s)
#14 153.7 [INFO] Downloading from central: https://repo.maven.apache.org/maven2/org/assertj/assertj-build/3.24.2/assertj-build-3.24.2.pom
#14 153.8 [INFO] Downloaded from central: https://repo.maven.apache.org/maven2/org/assertj/assertj-build/3.24.2/assertj-build-3.24.2.pom (8.8 kB at 125 kB/s)
#14 153.8 [INFO] Downloading from central: https://repo.maven.apache.org/maven2/net/bytebuddy/byte-buddy/1.12.21/byte-buddy-1.12.21.pom
#14 153.9 [INFO] Downloaded from central: https://repo.maven.apache.org/maven2/net/bytebuddy/byte-buddy/1.12.21/byte-buddy-1.12.21.pom (16 kB at 208 kB/s)
#14 153.9 [INFO] Downloading from central: https://repo.maven.apache.org/maven2/net/bytebuddy/byte-buddy-parent/1.12.21/byte-buddy-parent-1.12.21.pom
#14 154.0 [INFO] Downloaded from central: https://repo.maven.apache.org/maven2/net/bytebuddy/byte-buddy-parent/1.12.21/byte-buddy-parent-1.12.21.pom (58 kB at 799 kB/s)
#14 154.0 [INFO] Downloading from central: https://repo.maven.apache.org/maven2/org/awaitility/awaitility/4.2.1/awaitility-4.2.1.pom
#14 154.0 [INFO] Downloaded from central: https://repo.maven.apache.org/maven2/org/awaitility/awaitility/4.2.1/awaitility-4.2.1.pom (3.5 kB at 53 kB/s)
#14 154.0 [INFO] Downloading from central: https://repo.maven.apache.org/maven2/org/awaitility/awaitility-parent/4.2.1/awaitility-parent-4.2.1.pom
#14 154.1 [INFO] Downloaded from central: https://repo.maven.apache.org/maven2/org/awaitility/awaitility-parent/4.2.1/awaitility-parent-4.2.1.pom (11 kB at 151 kB/s)
#14 154.1 [INFO] Downloading from central: https://repo.maven.apache.org/maven2/org/hamcrest/hamcrest/2.1/hamcrest-2.1.pom
#14 154.2 [INFO] Downloaded from central: https://repo.maven.apache.org/maven2/org/hamcrest/hamcrest/2.1/hamcrest-2.1.pom (1.1 kB at 17 kB/s)
#14 154.2 [INFO] Downloading from central: https://repo.maven.apache.org/maven2/org/hamcrest/hamcrest/2.2/hamcrest-2.2.pom
#14 154.3 [INFO] Downloaded from central: https://repo.maven.apache.org/maven2/org/hamcrest/hamcrest/2.2/hamcrest-2.2.pom (1.1 kB at 18 kB/s)
#14 154.3 [INFO] Downloading from central: https://repo.maven.apache.org/maven2/org/junit/jupiter/junit-jupiter/5.10.2/junit-jupiter-5.10.2.pom
#14 154.3 [INFO] Downloaded from central: https://repo.maven.apache.org/maven2/org/junit/jupiter/junit-jupiter/5.10.2/junit-jupiter-5.10.2.pom (3.2 kB at 48 kB/s)
#14 154.3 [INFO] Downloading from central: https://repo.maven.apache.org/maven2/org/junit/jupiter/junit-jupiter-api/5.10.2/junit-jupiter-api-5.10.2.pom
#14 154.4 [INFO] Downloaded from central: https://repo.maven.apache.org/maven2/org/junit/jupiter/junit-jupiter-api/5.10.2/junit-jupiter-api-5.10.2.pom (3.2 kB at 47 kB/s)
#14 154.4 [INFO] Downloading from central: https://repo.maven.apache.org/maven2/org/opentest4j/opentest4j/1.3.0/opentest4j-1.3.0.pom
#14 154.5 [INFO] Downloaded from central: https://repo.maven.apache.org/maven2/org/opentest4j/opentest4j/1.3.0/opentest4j-1.3.0.pom (2.0 kB at 30 kB/s)
#14 154.5 [INFO] Downloading from central: https://repo.maven.apache.org/maven2/org/junit/platform/junit-platform-commons/1.10.2/junit-platform-commons-1.10.2.pom
#14 154.5 [INFO] Downloaded from central: https://repo.maven.apache.org/maven2/org/junit/platform/junit-platform-commons/1.10.2/junit-platform-commons-1.10.2.pom (2.8 kB at 44 kB/s)
#14 154.5 [INFO] Downloading from central: https://repo.maven.apache.org/maven2/org/apiguardian/apiguardian-api/1.1.2/apiguardian-api-1.1.2.pom
#14 154.6 [INFO] Downloaded from central: https://repo.maven.apache.org/maven2/org/apiguardian/apiguardian-api/1.1.2/apiguardian-api-1.1.2.pom (1.5 kB at 23 kB/s)
#14 154.6 [INFO] Downloading from central: https://repo.maven.apache.org/maven2/org/junit/jupiter/junit-jupiter-params/5.10.2/junit-jupiter-params-5.10.2.pom
#14 154.7 [INFO] Downloaded from central: https://repo.maven.apache.org/maven2/org/junit/jupiter/junit-jupiter-params/5.10.2/junit-jupiter-params-5.10.2.pom (3.0 kB at 48 kB/s)
#14 154.7 [INFO] Downloading from central: https://repo.maven.apache.org/maven2/org/junit/jupiter/junit-jupiter-engine/5.10.2/junit-jupiter-engine-5.10.2.pom
#14 154.7 [INFO] Downloaded from central: https://repo.maven.apache.org/maven2/org/junit/jupiter/junit-jupiter-engine/5.10.2/junit-jupiter-engine-5.10.2.pom (3.2 kB at 50 kB/s)
#14 154.7 [INFO] Downloading from central: https://repo.maven.apache.org/maven2/org/junit/platform/junit-platform-engine/1.10.2/junit-platform-engine-1.10.2.pom
#14 154.8 [INFO] Downloaded from central: https://repo.maven.apache.org/maven2/org/junit/platform/junit-platform-engine/1.10.2/junit-platform-engine-1.10.2.pom (3.2 kB at 50 kB/s)
#14 154.8 [INFO] Downloading from central: https://repo.maven.apache.org/maven2/org/mockito/mockito-core/5.7.0/mockito-core-5.7.0.pom
#14 154.9 [INFO] Downloaded from central: https://repo.maven.apache.org/maven2/org/mockito/mockito-core/5.7.0/mockito-core-5.7.0.pom (2.5 kB at 39 kB/s)
#14 154.9 [INFO] Downloading from central: https://repo.maven.apache.org/maven2/net/bytebuddy/byte-buddy/1.14.9/byte-buddy-1.14.9.pom
#14 154.9 [INFO] Downloaded from central: https://repo.maven.apache.org/maven2/net/bytebuddy/byte-buddy/1.14.9/byte-buddy-1.14.9.pom (16 kB at 236 kB/s)
#14 154.9 [INFO] Downloading from central: https://repo.maven.apache.org/maven2/net/bytebuddy/byte-buddy-parent/1.14.9/byte-buddy-parent-1.14.9.pom
#14 155.0 [INFO] Downloaded from central: https://repo.maven.apache.org/maven2/net/bytebuddy/byte-buddy-parent/1.14.9/byte-buddy-parent-1.14.9.pom (62 kB at 833 kB/s)
#14 155.0 [INFO] Downloading from central: https://repo.maven.apache.org/maven2/net/bytebuddy/byte-buddy-agent/1.14.9/byte-buddy-agent-1.14.9.pom
#14 155.1 [INFO] Downloaded from central: https://repo.maven.apache.org/maven2/net/bytebuddy/byte-buddy-agent/1.14.9/byte-buddy-agent-1.14.9.pom (10 kB at 161 kB/s)
#14 155.1 [INFO] Downloading from central: https://repo.maven.apache.org/maven2/org/objenesis/objenesis/3.3/objenesis-3.3.pom
#14 155.2 [INFO] Downloaded from central: https://repo.maven.apache.org/maven2/org/objenesis/objenesis/3.3/objenesis-3.3.pom (3.0 kB at 43 kB/s)
#14 155.2 [INFO] Downloading from central: https://repo.maven.apache.org/maven2/org/objenesis/objenesis-parent/3.3/objenesis-parent-3.3.pom
#14 155.2 [INFO] Downloaded from central: https://repo.maven.apache.org/maven2/org/objenesis/objenesis-parent/3.3/objenesis-parent-3.3.pom (19 kB at 290 kB/s)
#14 155.2 [INFO] Downloading from central: https://repo.maven.apache.org/maven2/org/mockito/mockito-junit-jupiter/5.7.0/mockito-junit-jupiter-5.7.0.pom
#14 155.3 [INFO] Downloaded from central: https://repo.maven.apache.org/maven2/org/mockito/mockito-junit-jupiter/5.7.0/mockito-junit-jupiter-5.7.0.pom (2.3 kB at 36 kB/s)
#14 155.3 [INFO] Downloading from central: https://repo.maven.apache.org/maven2/org/junit/jupiter/junit-jupiter-api/5.10.0/junit-jupiter-api-5.10.0.pom
#14 155.3 [INFO] Downloaded from central: https://repo.maven.apache.org/maven2/org/junit/jupiter/junit-jupiter-api/5.10.0/junit-jupiter-api-5.10.0.pom (3.2 kB at 51 kB/s)
#14 155.3 [INFO] Downloading from central: https://repo.maven.apache.org/maven2/org/junit/platform/junit-platform-commons/1.10.0/junit-platform-commons-1.10.0.pom
#14 155.4 [INFO] Downloaded from central: https://repo.maven.apache.org/maven2/org/junit/platform/junit-platform-commons/1.10.0/junit-platform-commons-1.10.0.pom (2.8 kB at 44 kB/s)
#14 155.4 [INFO] Downloading from central: https://repo.maven.apache.org/maven2/org/skyscreamer/jsonassert/1.5.1/jsonassert-1.5.1.pom
#14 155.5 [INFO] Downloaded from central: https://repo.maven.apache.org/maven2/org/skyscreamer/jsonassert/1.5.1/jsonassert-1.5.1.pom (5.2 kB at 73 kB/s)
#14 155.5 [INFO] Downloading from central: https://repo.maven.apache.org/maven2/com/vaadin/external/google/android-json/0.0.20131108.vaadin1/android-json-0.0.20131108.vaadin1.pom
#14 155.6 [INFO] Downloaded from central: https://repo.maven.apache.org/maven2/com/vaadin/external/google/android-json/0.0.20131108.vaadin1/android-json-0.0.20131108.vaadin1.pom (2.8 kB at 42 kB/s)
#14 155.6 [INFO] Downloading from central: https://repo.maven.apache.org/maven2/org/springframework/spring-test/6.1.6/spring-test-6.1.6.pom
#14 155.6 [INFO] Downloaded from central: https://repo.maven.apache.org/maven2/org/springframework/spring-test/6.1.6/spring-test-6.1.6.pom (2.0 kB at 32 kB/s)
#14 155.6 [INFO] Downloading from central: https://repo.maven.apache.org/maven2/org/xmlunit/xmlunit-core/2.9.1/xmlunit-core-2.9.1.pom
#14 155.7 [INFO] Downloaded from central: https://repo.maven.apache.org/maven2/org/xmlunit/xmlunit-core/2.9.1/xmlunit-core-2.9.1.pom (2.4 kB at 38 kB/s)
#14 155.7 [INFO] Downloading from central: https://repo.maven.apache.org/maven2/org/xmlunit/xmlunit-parent/2.9.1/xmlunit-parent-2.9.1.pom
#14 155.8 [INFO] Downloaded from central: https://repo.maven.apache.org/maven2/org/xmlunit/xmlunit-parent/2.9.1/xmlunit-parent-2.9.1.pom (21 kB at 301 kB/s)
#14 155.8 [INFO] Downloading from central: https://repo.maven.apache.org/maven2/jakarta/xml/bind/jakarta.xml.bind-api/2.3.3/jakarta.xml.bind-api-2.3.3.pom
#14 155.8 [INFO] Downloaded from central: https://repo.maven.apache.org/maven2/jakarta/xml/bind/jakarta.xml.bind-api/2.3.3/jakarta.xml.bind-api-2.3.3.pom (13 kB at 209 kB/s)
#14 155.8 [INFO] Downloading from central: https://repo.maven.apache.org/maven2/jakarta/xml/bind/jakarta.xml.bind-api-parent/2.3.3/jakarta.xml.bind-api-parent-2.3.3.pom
#14 155.9 [INFO] Downloaded from central: https://repo.maven.apache.org/maven2/jakarta/xml/bind/jakarta.xml.bind-api-parent/2.3.3/jakarta.xml.bind-api-parent-2.3.3.pom (9.0 kB at 89 kB/s)
#14 155.9 [INFO] Downloading from central: https://repo.maven.apache.org/maven2/org/eclipse/ee4j/project/1.0.6/project-1.0.6.pom
#14 156.0 [INFO] Downloaded from central: https://repo.maven.apache.org/maven2/org/eclipse/ee4j/project/1.0.6/project-1.0.6.pom (13 kB at 205 kB/s)
#14 156.0 [INFO] Downloading from central: https://repo.maven.apache.org/maven2/jakarta/activation/jakarta.activation-api/1.2.2/jakarta.activation-api-1.2.2.pom
#14 156.1 [INFO] Downloaded from central: https://repo.maven.apache.org/maven2/jakarta/activation/jakarta.activation-api/1.2.2/jakarta.activation-api-1.2.2.pom (5.3 kB at 84 kB/s)
#14 156.1 [INFO] Downloading from central: https://repo.maven.apache.org/maven2/com/sun/activation/all/1.2.2/all-1.2.2.pom
#14 156.1 [INFO] Downloaded from central: https://repo.maven.apache.org/maven2/com/sun/activation/all/1.2.2/all-1.2.2.pom (15 kB at 220 kB/s)
#14 156.1 [INFO] Downloading from central: https://repo.maven.apache.org/maven2/org/springframework/boot/spring-boot-starter-test/3.2.5/spring-boot-starter-test-3.2.5.jar
#14 156.2 [INFO] Downloaded from central: https://repo.maven.apache.org/maven2/org/springframework/boot/spring-boot-starter-test/3.2.5/spring-boot-starter-test-3.2.5.jar (4.8 kB at 69 kB/s)
#14 156.2 [INFO] Downloading from central: https://repo.maven.apache.org/maven2/org/springframework/boot/spring-boot-starter/3.2.5/spring-boot-starter-3.2.5.jar
#14 156.2 [INFO] Downloading from central: https://repo.maven.apache.org/maven2/org/springframework/boot/spring-boot/3.2.5/spring-boot-3.2.5.jar
#14 156.2 [INFO] Downloading from central: https://repo.maven.apache.org/maven2/org/springframework/boot/spring-boot-autoconfigure/3.2.5/spring-boot-autoconfigure-3.2.5.jar
#14 156.2 [INFO] Downloading from central: https://repo.maven.apache.org/maven2/org/springframework/boot/spring-boot-starter-logging/3.2.5/spring-boot-starter-logging-3.2.5.jar
#14 156.2 [INFO] Downloading from central: https://repo.maven.apache.org/maven2/ch/qos/logback/logback-classic/1.4.14/logback-classic-1.4.14.jar
#14 -961.537 [INFO] Downloaded from central: https://repo.maven.apache.org/maven2/org/springframework/boot/spring-boot-starter/3.2.5/spring-boot-starter-3.2.5.jar (4.8 kB)
#14 -961.537 [INFO] Downloading from central: https://repo.maven.apache.org/maven2/ch/qos/logback/logback-core/1.4.14/logback-core-1.4.14.jar
#14 -961.527 [INFO] Downloaded from central: https://repo.maven.apache.org/maven2/org/springframework/boot/spring-boot-starter-logging/3.2.5/spring-boot-starter-logging-3.2.5.jar (4.8 kB)
#14 -961.527 [INFO] Downloading from central: https://repo.maven.apache.org/maven2/org/apache/logging/log4j/log4j-to-slf4j/2.21.1/log4j-to-slf4j-2.21.1.jar
#14 157.8 [INFO] Downloaded from central: https://repo.maven.apache.org/maven2/org/apache/logging/log4j/log4j-to-slf4j/2.21.1/log4j-to-slf4j-2.21.1.jar (23 kB at 14 kB/s)
#14 157.8 [INFO] Downloading from central: https://repo.maven.apache.org/maven2/org/apache/logging/log4j/log4j-api/2.21.1/log4j-api-2.21.1.jar
#14 158.7 [INFO] Downloaded from central: https://repo.maven.apache.org/maven2/org/apache/logging/log4j/log4j-api/2.21.1/log4j-api-2.21.1.jar (317 kB at 129 kB/s)
#14 158.7 [INFO] Downloading from central: https://repo.maven.apache.org/maven2/org/slf4j/jul-to-slf4j/2.0.13/jul-to-slf4j-2.0.13.jar
#14 158.8 [INFO] Downloaded from central: https://repo.maven.apache.org/maven2/ch/qos/logback/logback-classic/1.4.14/logback-classic-1.4.14.jar (284 kB at 109 kB/s)
#14 158.8 [INFO] Downloading from central: https://repo.maven.apache.org/maven2/jakarta/annotation/jakarta.annotation-api/2.1.1/jakarta.annotation-api-2.1.1.jar
#14 158.8 [INFO] Downloaded from central: https://repo.maven.apache.org/maven2/org/slf4j/jul-to-slf4j/2.0.13/jul-to-slf4j-2.0.13.jar (6.3 kB at 2.4 kB/s)
#14 158.8 [INFO] Downloading from central: https://repo.maven.apache.org/maven2/org/yaml/snakeyaml/2.2/snakeyaml-2.2.jar
#14 159.4 [INFO] Downloaded from central: https://repo.maven.apache.org/maven2/jakarta/annotation/jakarta.annotation-api/2.1.1/jakarta.annotation-api-2.1.1.jar (26 kB at 8.2 kB/s)
#14 159.4 [INFO] Downloading from central: https://repo.maven.apache.org/maven2/org/springframework/boot/spring-boot-test/3.2.5/spring-boot-test-3.2.5.jar
#14 159.4 [INFO] Downloaded from central: https://repo.maven.apache.org/maven2/org/yaml/snakeyaml/2.2/snakeyaml-2.2.jar (334 kB at 103 kB/s)
#14 159.4 [INFO] Downloading from central: https://repo.maven.apache.org/maven2/org/springframework/boot/spring-boot-test-autoconfigure/3.2.5/spring-boot-test-autoconfigure-3.2.5.jar
#14 159.9 [INFO] Downloaded from central: https://repo.maven.apache.org/maven2/org/springframework/boot/spring-boot-test-autoconfigure/3.2.5/spring-boot-test-autoconfigure-3.2.5.jar (219 kB at 59 kB/s)
#14 159.9 [INFO] Downloading from central: https://repo.maven.apache.org/maven2/com/jayway/jsonpath/json-path/2.9.0/json-path-2.9.0.jar
#14 160.0 [INFO] Downloaded from central: https://repo.maven.apache.org/maven2/org/springframework/boot/spring-boot/3.2.5/spring-boot-3.2.5.jar (1.6 MB at 427 kB/s)
#14 160.0 [INFO] Downloading from central: https://repo.maven.apache.org/maven2/org/slf4j/slf4j-api/2.0.11/slf4j-api-2.0.11.jar
#14 160.2 [INFO] Downloaded from central: https://repo.maven.apache.org/maven2/ch/qos/logback/logback-core/1.4.14/logback-core-1.4.14.jar (597 kB at 148 kB/s)
#14 160.2 [INFO] Downloading from central: https://repo.maven.apache.org/maven2/jakarta/xml/bind/jakarta.xml.bind-api/4.0.2/jakarta.xml.bind-api-4.0.2.jar
#14 160.3 [INFO] Downloaded from central: https://repo.maven.apache.org/maven2/org/slf4j/slf4j-api/2.0.11/slf4j-api-2.0.11.jar (68 kB at 17 kB/s)
#14 160.3 [INFO] Downloading from central: https://repo.maven.apache.org/maven2/jakarta/activation/jakarta.activation-api/2.1.3/jakarta.activation-api-2.1.3.jar
#14 160.5 [INFO] Downloaded from central: https://repo.maven.apache.org/maven2/com/jayway/jsonpath/json-path/2.9.0/json-path-2.9.0.jar (277 kB at 64 kB/s)
#14 160.5 [INFO] Downloading from central: https://repo.maven.apache.org/maven2/net/minidev/json-smart/2.5.1/json-smart-2.5.1.jar
#14 160.5 [INFO] Downloaded from central: https://repo.maven.apache.org/maven2/org/springframework/boot/spring-boot-test/3.2.5/spring-boot-test-3.2.5.jar (246 kB at 57 kB/s)
#14 160.5 [INFO] Downloading from central: https://repo.maven.apache.org/maven2/net/minidev/accessors-smart/2.5.1/accessors-smart-2.5.1.jar
#14 160.6 [INFO] Downloaded from central: https://repo.maven.apache.org/maven2/jakarta/activation/jakarta.activation-api/2.1.3/jakarta.activation-api-2.1.3.jar (67 kB at 15 kB/s)
#14 160.6 [INFO] Downloading from central: https://repo.maven.apache.org/maven2/org/ow2/asm/asm/9.6/asm-9.6.jar
#14 160.7 [INFO] Downloaded from central: https://repo.maven.apache.org/maven2/jakarta/xml/bind/jakarta.xml.bind-api/4.0.2/jakarta.xml.bind-api-4.0.2.jar (131 kB at 29 kB/s)
#14 160.7 [INFO] Downloading from central: https://repo.maven.apache.org/maven2/org/assertj/assertj-core/3.24.2/assertj-core-3.24.2.jar
#14 160.9 [INFO] Downloaded from central: https://repo.maven.apache.org/maven2/net/minidev/json-smart/2.5.1/json-smart-2.5.1.jar (122 kB at 26 kB/s)
#14 160.9 [INFO] Downloading from central: https://repo.maven.apache.org/maven2/net/bytebuddy/byte-buddy/1.12.21/byte-buddy-1.12.21.jar
#14 160.9 [INFO] Downloaded from central: https://repo.maven.apache.org/maven2/net/minidev/accessors-smart/2.5.1/accessors-smart-2.5.1.jar (30 kB at 6.4 kB/s)
#14 160.9 [INFO] Downloading from central: https://repo.maven.apache.org/maven2/org/awaitility/awaitility/4.2.1/awaitility-4.2.1.jar
#14 160.9 [INFO] Downloaded from central: https://repo.maven.apache.org/maven2/org/ow2/asm/asm/9.6/asm-9.6.jar (124 kB at 26 kB/s)
#14 160.9 [INFO] Downloading from central: https://repo.maven.apache.org/maven2/org/hamcrest/hamcrest/2.2/hamcrest-2.2.jar
#14 161.6 [INFO] Downloaded from central: https://repo.maven.apache.org/maven2/org/hamcrest/hamcrest/2.2/hamcrest-2.2.jar (123 kB at 23 kB/s)
#14 161.6 [INFO] Downloading from central: https://repo.maven.apache.org/maven2/org/junit/jupiter/junit-jupiter/5.10.2/junit-jupiter-5.10.2.jar
#14 161.7 [INFO] Downloaded from central: https://repo.maven.apache.org/maven2/org/awaitility/awaitility/4.2.1/awaitility-4.2.1.jar (97 kB at 18 kB/s)
#14 161.7 [INFO] Downloading from central: https://repo.maven.apache.org/maven2/org/junit/jupiter/junit-jupiter-api/5.10.2/junit-jupiter-api-5.10.2.jar
#14 161.9 [INFO] Downloaded from central: https://repo.maven.apache.org/maven2/org/junit/jupiter/junit-jupiter/5.10.2/junit-jupiter-5.10.2.jar (6.4 kB at 1.1 kB/s)
#14 161.9 [INFO] Downloading from central: https://repo.maven.apache.org/maven2/org/opentest4j/opentest4j/1.3.0/opentest4j-1.3.0.jar
#14 162.3 [INFO] Downloaded from central: https://repo.maven.apache.org/maven2/org/springframework/boot/spring-boot-autoconfigure/3.2.5/spring-boot-autoconfigure-3.2.5.jar (1.9 MB at 320 kB/s)
#14 162.3 [INFO] Downloading from central: https://repo.maven.apache.org/maven2/org/junit/platform/junit-platform-commons/1.10.2/junit-platform-commons-1.10.2.jar
#14 162.3 [INFO] Downloaded from central: https://repo.maven.apache.org/maven2/org/opentest4j/opentest4j/1.3.0/opentest4j-1.3.0.jar (14 kB at 2.3 kB/s)
#14 162.3 [INFO] Downloading from central: https://repo.maven.apache.org/maven2/org/apiguardian/apiguardian-api/1.1.2/apiguardian-api-1.1.2.jar
#14 162.5 [INFO] Downloaded from central: https://repo.maven.apache.org/maven2/org/apiguardian/apiguardian-api/1.1.2/apiguardian-api-1.1.2.jar (6.8 kB at 1.1 kB/s)
#14 162.5 [INFO] Downloading from central: https://repo.maven.apache.org/maven2/org/junit/jupiter/junit-jupiter-params/5.10.2/junit-jupiter-params-5.10.2.jar
#14 162.6 [INFO] Downloaded from central: https://repo.maven.apache.org/maven2/org/junit/platform/junit-platform-commons/1.10.2/junit-platform-commons-1.10.2.jar (106 kB at 17 kB/s)
#14 162.6 [INFO] Downloading from central: https://repo.maven.apache.org/maven2/org/junit/jupiter/junit-jupiter-engine/5.10.2/junit-jupiter-engine-5.10.2.jar
#14 162.9 [INFO] Downloaded from central: https://repo.maven.apache.org/maven2/org/junit/jupiter/junit-jupiter-api/5.10.2/junit-jupiter-api-5.10.2.jar (211 kB at 31 kB/s)
#14 162.9 [INFO] Downloading from central: https://repo.maven.apache.org/maven2/org/junit/platform/junit-platform-engine/1.10.2/junit-platform-engine-1.10.2.jar
#14 163.3 [INFO] Downloaded from central: https://repo.maven.apache.org/maven2/org/junit/jupiter/junit-jupiter-engine/5.10.2/junit-jupiter-engine-5.10.2.jar (245 kB at 35 kB/s)
#14 163.3 [INFO] Downloading from central: https://repo.maven.apache.org/maven2/org/mockito/mockito-core/5.7.0/mockito-core-5.7.0.jar
#14 164.6 [INFO] Downloaded from central: https://repo.maven.apache.org/maven2/org/junit/platform/junit-platform-engine/1.10.2/junit-platform-engine-1.10.2.jar (205 kB at 24 kB/s)
#14 164.6 [INFO] Downloading from central: https://repo.maven.apache.org/maven2/net/bytebuddy/byte-buddy-agent/1.14.9/byte-buddy-agent-1.14.9.jar
#14 164.9 [INFO] Downloaded from central: https://repo.maven.apache.org/maven2/org/mockito/mockito-core/5.7.0/mockito-core-5.7.0.jar (700 kB at 81 kB/s)
#14 164.9 [INFO] Downloading from central: https://repo.maven.apache.org/maven2/org/objenesis/objenesis/3.3/objenesis-3.3.jar
#14 164.9 [INFO] Downloaded from central: https://repo.maven.apache.org/maven2/org/assertj/assertj-core/3.24.2/assertj-core-3.24.2.jar (1.3 MB at 154 kB/s)
#14 164.9 [INFO] Downloading from central: https://repo.maven.apache.org/maven2/org/mockito/mockito-junit-jupiter/5.7.0/mockito-junit-jupiter-5.7.0.jar
#14 165.0 [INFO] Downloaded from central: https://repo.maven.apache.org/maven2/org/mockito/mockito-junit-jupiter/5.7.0/mockito-junit-jupiter-5.7.0.jar (8.8 kB at 1.0 kB/s)
#14 165.0 [INFO] Downloading from central: https://repo.maven.apache.org/maven2/org/skyscreamer/jsonassert/1.5.1/jsonassert-1.5.1.jar
#14 165.2 [INFO] Downloaded from central: https://repo.maven.apache.org/maven2/org/skyscreamer/jsonassert/1.5.1/jsonassert-1.5.1.jar (31 kB at 3.4 kB/s)
#14 165.2 [INFO] Downloading from central: https://repo.maven.apache.org/maven2/com/vaadin/external/google/android-json/0.0.20131108.vaadin1/android-json-0.0.20131108.vaadin1.jar
#14 165.2 [INFO] Downloaded from central: https://repo.maven.apache.org/maven2/org/junit/jupiter/junit-jupiter-params/5.10.2/junit-jupiter-params-5.10.2.jar (586 kB at 65 kB/s)
#14 165.2 [INFO] Downloading from central: https://repo.maven.apache.org/maven2/org/springframework/spring-test/6.1.6/spring-test-6.1.6.jar
#14 165.2 [INFO] Downloaded from central: https://repo.maven.apache.org/maven2/org/objenesis/objenesis/3.3/objenesis-3.3.jar (49 kB at 5.5 kB/s)
#14 165.2 [INFO] Downloading from central: https://repo.maven.apache.org/maven2/org/xmlunit/xmlunit-core/2.9.1/xmlunit-core-2.9.1.jar
#14 165.3 [INFO] Downloaded from central: https://repo.maven.apache.org/maven2/com/vaadin/external/google/android-json/0.0.20131108.vaadin1/android-json-0.0.20131108.vaadin1.jar (18 kB at 2.0 kB/s)
#14 165.5 [INFO] Downloaded from central: https://repo.maven.apache.org/maven2/net/bytebuddy/byte-buddy-agent/1.14.9/byte-buddy-agent-1.14.9.jar (257 kB at 28 kB/s)
#14 165.9 [INFO] Downloaded from central: https://repo.maven.apache.org/maven2/org/xmlunit/xmlunit-core/2.9.1/xmlunit-core-2.9.1.jar (175 kB at 18 kB/s)
#14 166.8 [INFO] Downloaded from central: https://repo.maven.apache.org/maven2/org/springframework/spring-test/6.1.6/spring-test-6.1.6.jar (855 kB at 81 kB/s)
#14 167.2 [INFO] Downloaded from central: https://repo.maven.apache.org/maven2/net/bytebuddy/byte-buddy/1.12.21/byte-buddy-1.12.21.jar (3.9 MB at 355 kB/s)
#14 167.2 [INFO] Downloading from central: https://repo.maven.apache.org/maven2/org/springframework/boot/spring-boot-starter-web/3.2.5/spring-boot-starter-web-3.2.5.pom
#14 167.3 [INFO] Downloaded from central: https://repo.maven.apache.org/maven2/org/springframework/boot/spring-boot-starter-web/3.2.5/spring-boot-starter-web-3.2.5.pom (2.9 kB at 42 kB/s)
#14 167.3 [INFO] Downloading from central: https://repo.maven.apache.org/maven2/org/springframework/boot/spring-boot-starter-json/3.2.5/spring-boot-starter-json-3.2.5.pom
#14 167.4 [INFO] Downloaded from central: https://repo.maven.apache.org/maven2/org/springframework/boot/spring-boot-starter-json/3.2.5/spring-boot-starter-json-3.2.5.pom (3.1 kB at 43 kB/s)
#14 167.4 [INFO] Downloading from central: https://repo.maven.apache.org/maven2/org/springframework/spring-web/6.1.6/spring-web-6.1.6.pom
#14 167.5 [INFO] Downloaded from central: https://repo.maven.apache.org/maven2/org/springframework/spring-web/6.1.6/spring-web-6.1.6.pom (2.4 kB at 36 kB/s)
#14 167.5 [INFO] Downloading from central: https://repo.maven.apache.org/maven2/com/fasterxml/jackson/core/jackson-databind/2.15.4/jackson-databind-2.15.4.pom
#14 167.5 [INFO] Downloaded from central: https://repo.maven.apache.org/maven2/com/fasterxml/jackson/core/jackson-databind/2.15.4/jackson-databind-2.15.4.pom (19 kB at 244 kB/s)
#14 167.5 [INFO] Downloading from central: https://repo.maven.apache.org/maven2/com/fasterxml/jackson/jackson-base/2.15.4/jackson-base-2.15.4.pom
#14 167.6 [INFO] Downloaded from central: https://repo.maven.apache.org/maven2/com/fasterxml/jackson/jackson-base/2.15.4/jackson-base-2.15.4.pom (11 kB at 148 kB/s)
#14 167.6 [INFO] Downloading from central: https://repo.maven.apache.org/maven2/com/fasterxml/jackson/core/jackson-annotations/2.15.4/jackson-annotations-2.15.4.pom
#14 167.7 [INFO] Downloaded from central: https://repo.maven.apache.org/maven2/com/fasterxml/jackson/core/jackson-annotations/2.15.4/jackson-annotations-2.15.4.pom (7.1 kB at 99 kB/s)
#14 167.7 [INFO] Downloading from central: https://repo.maven.apache.org/maven2/com/fasterxml/jackson/core/jackson-core/2.15.4/jackson-core-2.15.4.pom
#14 167.8 [INFO] Downloaded from central: https://repo.maven.apache.org/maven2/com/fasterxml/jackson/core/jackson-core/2.15.4/jackson-core-2.15.4.pom (9.9 kB at 141 kB/s)
#14 167.8 [INFO] Downloading from central: https://repo.maven.apache.org/maven2/com/fasterxml/jackson/datatype/jackson-datatype-jdk8/2.15.4/jackson-datatype-jdk8-2.15.4.pom
#14 167.8 [INFO] Downloaded from central: https://repo.maven.apache.org/maven2/com/fasterxml/jackson/datatype/jackson-datatype-jdk8/2.15.4/jackson-datatype-jdk8-2.15.4.pom (2.6 kB at 37 kB/s)
#14 167.8 [INFO] Downloading from central: https://repo.maven.apache.org/maven2/com/fasterxml/jackson/module/jackson-modules-java8/2.15.4/jackson-modules-java8-2.15.4.pom
#14 167.9 [INFO] Downloaded from central: https://repo.maven.apache.org/maven2/com/fasterxml/jackson/module/jackson-modules-java8/2.15.4/jackson-modules-java8-2.15.4.pom (3.1 kB at 33 kB/s)
#14 167.9 [INFO] Downloading from central: https://repo.maven.apache.org/maven2/com/fasterxml/jackson/datatype/jackson-datatype-jsr310/2.15.4/jackson-datatype-jsr310-2.15.4.pom
#14 168.0 [INFO] Downloaded from central: https://repo.maven.apache.org/maven2/com/fasterxml/jackson/datatype/jackson-datatype-jsr310/2.15.4/jackson-datatype-jsr310-2.15.4.pom (4.9 kB at 55 kB/s)
#14 168.0 [INFO] Downloading from central: https://repo.maven.apache.org/maven2/com/fasterxml/jackson/module/jackson-module-parameter-names/2.15.4/jackson-module-parameter-names-2.15.4.pom
#14 168.1 [INFO] Downloaded from central: https://repo.maven.apache.org/maven2/com/fasterxml/jackson/module/jackson-module-parameter-names/2.15.4/jackson-module-parameter-names-2.15.4.pom (4.4 kB at 41 kB/s)
#14 168.1 [INFO] Downloading from central: https://repo.maven.apache.org/maven2/org/springframework/boot/spring-boot-starter-tomcat/3.2.5/spring-boot-starter-tomcat-3.2.5.pom
#14 168.2 [INFO] Downloaded from central: https://repo.maven.apache.org/maven2/org/springframework/boot/spring-boot-starter-tomcat/3.2.5/spring-boot-starter-tomcat-3.2.5.pom (3.1 kB at 32 kB/s)
#14 168.2 [INFO] Downloading from central: https://repo.maven.apache.org/maven2/org/apache/tomcat/embed/tomcat-embed-core/10.1.20/tomcat-embed-core-10.1.20.pom
#14 168.3 [INFO] Downloaded from central: https://repo.maven.apache.org/maven2/org/apache/tomcat/embed/tomcat-embed-core/10.1.20/tomcat-embed-core-10.1.20.pom (1.7 kB at 23 kB/s)
#14 168.3 [INFO] Downloading from central: https://repo.maven.apache.org/maven2/org/apache/tomcat/embed/tomcat-embed-el/10.1.20/tomcat-embed-el-10.1.20.pom
#14 168.5 [INFO] Downloaded from central: https://repo.maven.apache.org/maven2/org/apache/tomcat/embed/tomcat-embed-el/10.1.20/tomcat-embed-el-10.1.20.pom (1.5 kB at 11 kB/s)
#14 168.5 [INFO] Downloading from central: https://repo.maven.apache.org/maven2/org/apache/tomcat/embed/tomcat-embed-websocket/10.1.20/tomcat-embed-websocket-10.1.20.pom
#14 168.5 [INFO] Downloaded from central: https://repo.maven.apache.org/maven2/org/apache/tomcat/embed/tomcat-embed-websocket/10.1.20/tomcat-embed-websocket-10.1.20.pom (1.7 kB at 26 kB/s)
#14 168.5 [INFO] Downloading from central: https://repo.maven.apache.org/maven2/org/springframework/spring-webmvc/6.1.6/spring-webmvc-6.1.6.pom
#14 168.6 [INFO] Downloaded from central: https://repo.maven.apache.org/maven2/org/springframework/spring-webmvc/6.1.6/spring-webmvc-6.1.6.pom (2.9 kB at 40 kB/s)
#14 168.6 [INFO] Downloading from central: https://repo.maven.apache.org/maven2/org/springframework/boot/spring-boot-starter-web/3.2.5/spring-boot-starter-web-3.2.5.jar
#14 168.7 [INFO] Downloaded from central: https://repo.maven.apache.org/maven2/org/springframework/boot/spring-boot-starter-web/3.2.5/spring-boot-starter-web-3.2.5.jar (4.8 kB at 68 kB/s)
#14 168.7 [INFO] Downloading from central: https://repo.maven.apache.org/maven2/org/slf4j/slf4j-api/2.0.7/slf4j-api-2.0.7.jar
#14 168.7 [INFO] Downloading from central: https://repo.maven.apache.org/maven2/org/springframework/boot/spring-boot-starter-json/3.2.5/spring-boot-starter-json-3.2.5.jar
#14 168.7 [INFO] Downloading from central: https://repo.maven.apache.org/maven2/com/fasterxml/jackson/core/jackson-databind/2.15.4/jackson-databind-2.15.4.jar
#14 168.7 [INFO] Downloading from central: https://repo.maven.apache.org/maven2/com/fasterxml/jackson/core/jackson-annotations/2.15.4/jackson-annotations-2.15.4.jar
#14 168.7 [INFO] Downloading from central: https://repo.maven.apache.org/maven2/com/fasterxml/jackson/core/jackson-core/2.15.4/jackson-core-2.15.4.jar
#14 168.8 [INFO] Downloaded from central: https://repo.maven.apache.org/maven2/org/springframework/boot/spring-boot-starter-json/3.2.5/spring-boot-starter-json-3.2.5.jar (4.7 kB at 34 kB/s)
#14 168.8 [INFO] Downloading from central: https://repo.maven.apache.org/maven2/com/fasterxml/jackson/datatype/jackson-datatype-jdk8/2.15.4/jackson-datatype-jdk8-2.15.4.jar
#14 168.9 [INFO] Downloaded from central: https://repo.maven.apache.org/maven2/org/slf4j/slf4j-api/2.0.7/slf4j-api-2.0.7.jar (64 kB at 318 kB/s)
#14 168.9 [INFO] Downloading from central: https://repo.maven.apache.org/maven2/com/fasterxml/jackson/datatype/jackson-datatype-jsr310/2.15.4/jackson-datatype-jsr310-2.15.4.jar
#14 169.0 [INFO] Downloaded from central: https://repo.maven.apache.org/maven2/com/fasterxml/jackson/core/jackson-annotations/2.15.4/jackson-annotations-2.15.4.jar (76 kB at 267 kB/s)
#14 169.0 [INFO] Downloading from central: https://repo.maven.apache.org/maven2/com/fasterxml/jackson/module/jackson-module-parameter-names/2.15.4/jackson-module-parameter-names-2.15.4.jar
#14 169.0 [INFO] Downloaded from central: https://repo.maven.apache.org/maven2/com/fasterxml/jackson/datatype/jackson-datatype-jdk8/2.15.4/jackson-datatype-jdk8-2.15.4.jar (36 kB at 125 kB/s)
#14 169.0 [INFO] Downloading from central: https://repo.maven.apache.org/maven2/org/springframework/boot/spring-boot-starter-tomcat/3.2.5/spring-boot-starter-tomcat-3.2.5.jar
#14 169.1 [INFO] Downloaded from central: https://repo.maven.apache.org/maven2/org/springframework/boot/spring-boot-starter-tomcat/3.2.5/spring-boot-starter-tomcat-3.2.5.jar (4.8 kB at 12 kB/s)
#14 169.1 [INFO] Downloading from central: https://repo.maven.apache.org/maven2/org/apache/tomcat/embed/tomcat-embed-core/10.1.20/tomcat-embed-core-10.1.20.jar
#14 169.1 [INFO] Downloaded from central: https://repo.maven.apache.org/maven2/com/fasterxml/jackson/module/jackson-module-parameter-names/2.15.4/jackson-module-parameter-names-2.15.4.jar (10 kB at 26 kB/s)
#14 169.1 [INFO] Downloading from central: https://repo.maven.apache.org/maven2/org/apache/tomcat/embed/tomcat-embed-el/10.1.20/tomcat-embed-el-10.1.20.jar
#14 169.8 [INFO] Downloaded from central: https://repo.maven.apache.org/maven2/com/fasterxml/jackson/core/jackson-core/2.15.4/jackson-core-2.15.4.jar (548 kB at 504 kB/s)
#14 169.8 [INFO] Downloading from central: https://repo.maven.apache.org/maven2/org/apache/tomcat/embed/tomcat-embed-websocket/10.1.20/tomcat-embed-websocket-10.1.20.jar
#14 169.8 [INFO] Downloaded from central: https://repo.maven.apache.org/maven2/org/apache/tomcat/embed/tomcat-embed-el/10.1.20/tomcat-embed-el-10.1.20.jar (261 kB at 237 kB/s)
#14 169.8 [INFO] Downloading from central: https://repo.maven.apache.org/maven2/org/springframework/spring-web/6.1.6/spring-web-6.1.6.jar
#14 170.5 [INFO] Downloaded from central: https://repo.maven.apache.org/maven2/org/apache/tomcat/embed/tomcat-embed-websocket/10.1.20/tomcat-embed-websocket-10.1.20.jar (282 kB at 153 kB/s)
#14 170.5 [INFO] Downloading from central: https://repo.maven.apache.org/maven2/org/springframework/spring-webmvc/6.1.6/spring-webmvc-6.1.6.jar
#14 171.1 [INFO] Downloaded from central: https://repo.maven.apache.org/maven2/com/fasterxml/jackson/datatype/jackson-datatype-jsr310/2.15.4/jackson-datatype-jsr310-2.15.4.jar (123 kB at 51 kB/s)
#14 172.4 [INFO] Downloaded from central: https://repo.maven.apache.org/maven2/org/springframework/spring-webmvc/6.1.6/spring-webmvc-6.1.6.jar (1.0 MB at 284 kB/s)
#14 173.3 [INFO] Downloaded from central: https://repo.maven.apache.org/maven2/org/springframework/spring-web/6.1.6/spring-web-6.1.6.jar (1.9 MB at 407 kB/s)
#14 174.4 [INFO] Downloaded from central: https://repo.maven.apache.org/maven2/com/fasterxml/jackson/core/jackson-databind/2.15.4/jackson-databind-2.15.4.jar (1.6 MB at 284 kB/s)
#14 176.9 [INFO] Downloaded from central: https://repo.maven.apache.org/maven2/org/apache/tomcat/embed/tomcat-embed-core/10.1.20/tomcat-embed-core-10.1.20.jar (3.5 MB at 431 kB/s)
#14 176.9 [INFO] Downloading from central: https://repo.maven.apache.org/maven2/org/springframework/boot/spring-boot-starter-data-redis/3.2.5/spring-boot-starter-data-redis-3.2.5.pom
#14 177.0 [INFO] Downloaded from central: https://repo.maven.apache.org/maven2/org/springframework/boot/spring-boot-starter-data-redis/3.2.5/spring-boot-starter-data-redis-3.2.5.pom (2.5 kB at 22 kB/s)
#14 177.0 [INFO] Downloading from central: https://repo.maven.apache.org/maven2/io/lettuce/lettuce-core/6.3.2.RELEASE/lettuce-core-6.3.2.RELEASE.pom
#14 177.1 [INFO] Downloaded from central: https://repo.maven.apache.org/maven2/io/lettuce/lettuce-core/6.3.2.RELEASE/lettuce-core-6.3.2.RELEASE.pom (7.4 kB at 79 kB/s)
#14 177.1 [INFO] Downloading from central: https://repo.maven.apache.org/maven2/io/netty/netty-common/4.1.107.Final/netty-common-4.1.107.Final.pom
#14 177.2 [INFO] Downloaded from central: https://repo.maven.apache.org/maven2/io/netty/netty-common/4.1.107.Final/netty-common-4.1.107.Final.pom (12 kB at 166 kB/s)
#14 177.2 [INFO] Downloading from central: https://repo.maven.apache.org/maven2/io/netty/netty-parent/4.1.107.Final/netty-parent-4.1.107.Final.pom
#14 177.3 [INFO] Downloaded from central: https://repo.maven.apache.org/maven2/io/netty/netty-parent/4.1.107.Final/netty-parent-4.1.107.Final.pom (85 kB at 916 kB/s)
#14 177.3 [INFO] Downloading from central: https://repo.maven.apache.org/maven2/io/netty/netty-handler/4.1.107.Final/netty-handler-4.1.107.Final.pom
#14 177.3 [INFO] Downloaded from central: https://repo.maven.apache.org/maven2/io/netty/netty-handler/4.1.107.Final/netty-handler-4.1.107.Final.pom (4.6 kB at 60 kB/s)
#14 177.3 [INFO] Downloading from central: https://repo.maven.apache.org/maven2/io/netty/netty-resolver/4.1.107.Final/netty-resolver-4.1.107.Final.pom
#14 177.4 [INFO] Downloaded from central: https://repo.maven.apache.org/maven2/io/netty/netty-resolver/4.1.107.Final/netty-resolver-4.1.107.Final.pom (1.6 kB at 20 kB/s)
#14 177.4 [INFO] Downloading from central: https://repo.maven.apache.org/maven2/io/netty/netty-buffer/4.1.107.Final/netty-buffer-4.1.107.Final.pom
#14 177.5 [INFO] Downloaded from central: https://repo.maven.apache.org/maven2/io/netty/netty-buffer/4.1.107.Final/netty-buffer-4.1.107.Final.pom (1.6 kB at 19 kB/s)
#14 177.5 [INFO] Downloading from central: https://repo.maven.apache.org/maven2/io/netty/netty-transport/4.1.107.Final/netty-transport-4.1.107.Final.pom
#14 177.6 [INFO] Downloaded from central: https://repo.maven.apache.org/maven2/io/netty/netty-transport/4.1.107.Final/netty-transport-4.1.107.Final.pom (2.2 kB at 21 kB/s)
#14 177.6 [INFO] Downloading from central: https://repo.maven.apache.org/maven2/io/netty/netty-transport-native-unix-common/4.1.107.Final/netty-transport-native-unix-common-4.1.107.Final.pom
#14 177.7 [INFO] Downloaded from central: https://repo.maven.apache.org/maven2/io/netty/netty-transport-native-unix-common/4.1.107.Final/netty-transport-native-unix-common-4.1.107.Final.pom (33 kB at 419 kB/s)
#14 177.7 [INFO] Downloading from central: https://repo.maven.apache.org/maven2/io/netty/netty-codec/4.1.107.Final/netty-codec-4.1.107.Final.pom
#14 177.8 [INFO] Downloaded from central: https://repo.maven.apache.org/maven2/io/netty/netty-codec/4.1.107.Final/netty-codec-4.1.107.Final.pom (5.5 kB at 77 kB/s)
#14 177.8 [INFO] Downloading from central: https://repo.maven.apache.org/maven2/io/projectreactor/reactor-core/3.6.4/reactor-core-3.6.4.pom
#14 177.9 [INFO] Downloaded from central: https://repo.maven.apache.org/maven2/io/projectreactor/reactor-core/3.6.4/reactor-core-3.6.4.pom (2.1 kB at 27 kB/s)
#14 177.9 [INFO] Downloading from central: https://repo.maven.apache.org/maven2/org/reactivestreams/reactive-streams/1.0.4/reactive-streams-1.0.4.pom
#14 177.9 [INFO] Downloaded from central: https://repo.maven.apache.org/maven2/org/reactivestreams/reactive-streams/1.0.4/reactive-streams-1.0.4.pom (1.1 kB at 15 kB/s)
#14 177.9 [INFO] Downloading from central: https://repo.maven.apache.org/maven2/org/springframework/data/spring-data-redis/3.2.5/spring-data-redis-3.2.5.pom
#14 178.0 [INFO] Downloaded from central: https://repo.maven.apache.org/maven2/org/springframework/data/spring-data-redis/3.2.5/spring-data-redis-3.2.5.pom (9.7 kB at 126 kB/s)
#14 178.0 [INFO] Downloading from central: https://repo.maven.apache.org/maven2/org/springframework/data/build/spring-data-parent/3.2.5/spring-data-parent-3.2.5.pom
#14 178.1 [INFO] Downloaded from central: https://repo.maven.apache.org/maven2/org/springframework/data/build/spring-data-parent/3.2.5/spring-data-parent-3.2.5.pom (40 kB at 485 kB/s)
#14 178.1 [INFO] Downloading from central: https://repo.maven.apache.org/maven2/org/springframework/data/build/spring-data-build/3.2.5/spring-data-build-3.2.5.pom
#14 178.2 [INFO] Downloaded from central: https://repo.maven.apache.org/maven2/org/springframework/data/build/spring-data-build/3.2.5/spring-data-build-3.2.5.pom (7.2 kB at 90 kB/s)
#14 178.2 [INFO] Downloading from central: https://repo.maven.apache.org/maven2/org/springframework/data/spring-data-keyvalue/3.2.5/spring-data-keyvalue-3.2.5.pom
#14 178.3 [INFO] Downloaded from central: https://repo.maven.apache.org/maven2/org/springframework/data/spring-data-keyvalue/3.2.5/spring-data-keyvalue-3.2.5.pom (2.7 kB at 37 kB/s)
#14 178.3 [INFO] Downloading from central: https://repo.maven.apache.org/maven2/org/springframework/data/spring-data-commons/3.2.5/spring-data-commons-3.2.5.pom
#14 178.4 [INFO] Downloaded from central: https://repo.maven.apache.org/maven2/org/springframework/data/spring-data-commons/3.2.5/spring-data-commons-3.2.5.pom (9.9 kB at 107 kB/s)
#14 178.4 [INFO] Downloading from central: https://repo.maven.apache.org/maven2/org/slf4j/slf4j-api/2.0.2/slf4j-api-2.0.2.pom
#14 178.5 [INFO] Downloaded from central: https://repo.maven.apache.org/maven2/org/slf4j/slf4j-api/2.0.2/slf4j-api-2.0.2.pom (1.6 kB at 16 kB/s)
#14 178.5 [INFO] Downloading from central: https://repo.maven.apache.org/maven2/org/slf4j/slf4j-parent/2.0.2/slf4j-parent-2.0.2.pom
#14 178.6 [INFO] Downloaded from central: https://repo.maven.apache.org/maven2/org/slf4j/slf4j-parent/2.0.2/slf4j-parent-2.0.2.pom (16 kB at 126 kB/s)
#14 178.6 [INFO] Downloading from central: https://repo.maven.apache.org/maven2/org/springframework/spring-tx/6.1.6/spring-tx-6.1.6.pom
#14 178.7 [INFO] Downloaded from central: https://repo.maven.apache.org/maven2/org/springframework/spring-tx/6.1.6/spring-tx-6.1.6.pom (2.2 kB at 28 kB/s)
#14 178.7 [INFO] Downloading from central: https://repo.maven.apache.org/maven2/org/springframework/spring-oxm/6.1.6/spring-oxm-6.1.6.pom
#14 178.8 [INFO] Downloaded from central: https://repo.maven.apache.org/maven2/org/springframework/spring-oxm/6.1.6/spring-oxm-6.1.6.pom (2.2 kB at 31 kB/s)
#14 178.8 [INFO] Downloading from central: https://repo.maven.apache.org/maven2/org/springframework/spring-context-support/6.1.6/spring-context-support-6.1.6.pom
#14 178.8 [INFO] Downloaded from central: https://repo.maven.apache.org/maven2/org/springframework/spring-context-support/6.1.6/spring-context-support-6.1.6.pom (2.4 kB at 32 kB/s)
#14 178.8 [INFO] Downloading from central: https://repo.maven.apache.org/maven2/org/springframework/boot/spring-boot-starter-data-redis/3.2.5/spring-boot-starter-data-redis-3.2.5.jar
#14 178.9 [INFO] Downloaded from central: https://repo.maven.apache.org/maven2/org/springframework/boot/spring-boot-starter-data-redis/3.2.5/spring-boot-starter-data-redis-3.2.5.jar (4.8 kB at 60 kB/s)
#14 178.9 [INFO] Downloading from central: https://repo.maven.apache.org/maven2/io/lettuce/lettuce-core/6.3.2.RELEASE/lettuce-core-6.3.2.RELEASE.jar
#14 178.9 [INFO] Downloading from central: https://repo.maven.apache.org/maven2/io/netty/netty-common/4.1.107.Final/netty-common-4.1.107.Final.jar
#14 178.9 [INFO] Downloading from central: https://repo.maven.apache.org/maven2/io/netty/netty-handler/4.1.107.Final/netty-handler-4.1.107.Final.jar
#14 178.9 [INFO] Downloading from central: https://repo.maven.apache.org/maven2/io/netty/netty-resolver/4.1.107.Final/netty-resolver-4.1.107.Final.jar
#14 178.9 [INFO] Downloading from central: https://repo.maven.apache.org/maven2/io/netty/netty-buffer/4.1.107.Final/netty-buffer-4.1.107.Final.jar
#14 179.2 [INFO] Downloaded from central: https://repo.maven.apache.org/maven2/io/netty/netty-resolver/4.1.107.Final/netty-resolver-4.1.107.Final.jar (38 kB at 137 kB/s)
#14 179.2 [INFO] Downloading from central: https://repo.maven.apache.org/maven2/io/netty/netty-transport-native-unix-common/4.1.107.Final/netty-transport-native-unix-common-4.1.107.Final.jar
#14 179.4 [INFO] Downloaded from central: https://repo.maven.apache.org/maven2/io/netty/netty-transport-native-unix-common/4.1.107.Final/netty-transport-native-unix-common-4.1.107.Final.jar (44 kB at 87 kB/s)
#14 179.4 [INFO] Downloading from central: https://repo.maven.apache.org/maven2/io/netty/netty-codec/4.1.107.Final/netty-codec-4.1.107.Final.jar
#14 180.1 [INFO] Downloaded from central: https://repo.maven.apache.org/maven2/io/netty/netty-handler/4.1.107.Final/netty-handler-4.1.107.Final.jar (563 kB at 475 kB/s)
#14 180.1 [INFO] Downloading from central: https://repo.maven.apache.org/maven2/io/netty/netty-transport/4.1.107.Final/netty-transport-4.1.107.Final.jar
#14 180.3 [INFO] Downloaded from central: https://repo.maven.apache.org/maven2/io/netty/netty-codec/4.1.107.Final/netty-codec-4.1.107.Final.jar (346 kB at 260 kB/s)
#14 180.3 [INFO] Downloading from central: https://repo.maven.apache.org/maven2/io/projectreactor/reactor-core/3.6.4/reactor-core-3.6.4.jar
#14 181.0 [INFO] Downloaded from central: https://repo.maven.apache.org/maven2/io/netty/netty-common/4.1.107.Final/netty-common-4.1.107.Final.jar (661 kB at 315 kB/s)
#14 181.0 [INFO] Downloading from central: https://repo.maven.apache.org/maven2/org/reactivestreams/reactive-streams/1.0.4/reactive-streams-1.0.4.jar
#14 181.4 [INFO] Downloaded from central: https://repo.maven.apache.org/maven2/io/netty/netty-transport/4.1.107.Final/netty-transport-4.1.107.Final.jar (497 kB at 199 kB/s)
#14 181.4 [INFO] Downloading from central: https://repo.maven.apache.org/maven2/org/springframework/data/spring-data-redis/3.2.5/spring-data-redis-3.2.5.jar
#14 181.5 [INFO] Downloaded from central: https://repo.maven.apache.org/maven2/org/reactivestreams/reactive-streams/1.0.4/reactive-streams-1.0.4.jar (12 kB at 4.5 kB/s)
#14 181.5 [INFO] Downloading from central: https://repo.maven.apache.org/maven2/org/springframework/data/spring-data-keyvalue/3.2.5/spring-data-keyvalue-3.2.5.jar
#14 182.5 [INFO] Downloaded from central: https://repo.maven.apache.org/maven2/org/springframework/data/spring-data-keyvalue/3.2.5/spring-data-keyvalue-3.2.5.jar (124 kB at 35 kB/s)
#14 182.5 [INFO] Downloading from central: https://repo.maven.apache.org/maven2/org/springframework/data/spring-data-commons/3.2.5/spring-data-commons-3.2.5.jar
#14 182.8 [INFO] Downloaded from central: https://repo.maven.apache.org/maven2/io/netty/netty-buffer/4.1.107.Final/netty-buffer-4.1.107.Final.jar (308 kB at 80 kB/s)
#14 182.8 [INFO] Downloading from central: https://repo.maven.apache.org/maven2/org/springframework/spring-tx/6.1.6/spring-tx-6.1.6.jar
#14 182.9 [INFO] Downloaded from central: https://repo.maven.apache.org/maven2/io/lettuce/lettuce-core/6.3.2.RELEASE/lettuce-core-6.3.2.RELEASE.jar (2.0 MB at 499 kB/s)
#14 182.9 [INFO] Downloading from central: https://repo.maven.apache.org/maven2/org/springframework/spring-oxm/6.1.6/spring-oxm-6.1.6.jar
#14 183.1 [INFO] Downloaded from central: https://repo.maven.apache.org/maven2/org/springframework/spring-oxm/6.1.6/spring-oxm-6.1.6.jar (60 kB at 14 kB/s)
#14 183.1 [INFO] Downloading from central: https://repo.maven.apache.org/maven2/org/springframework/spring-context-support/6.1.6/spring-context-support-6.1.6.jar
#14 183.6 [INFO] Downloaded from central: https://repo.maven.apache.org/maven2/org/springframework/spring-context-support/6.1.6/spring-context-support-6.1.6.jar (173 kB at 37 kB/s)
#14 183.6 [INFO] Downloading from central: https://repo.maven.apache.org/maven2/org/slf4j/slf4j-api/2.0.2/slf4j-api-2.0.2.jar
#14 183.9 [INFO] Downloaded from central: https://repo.maven.apache.org/maven2/org/slf4j/slf4j-api/2.0.2/slf4j-api-2.0.2.jar (61 kB at 12 kB/s)
#14 184.0 [INFO] Downloaded from central: https://repo.maven.apache.org/maven2/io/projectreactor/reactor-core/3.6.4/reactor-core-3.6.4.jar (1.9 MB at 368 kB/s)
#14 184.9 [INFO] Downloaded from central: https://repo.maven.apache.org/maven2/org/springframework/data/spring-data-redis/3.2.5/spring-data-redis-3.2.5.jar (2.2 MB at 367 kB/s)
#14 185.0 [INFO] Downloaded from central: https://repo.maven.apache.org/maven2/org/springframework/spring-tx/6.1.6/spring-tx-6.1.6.jar (285 kB at 47 kB/s)
#14 185.8 [INFO] Downloaded from central: https://repo.maven.apache.org/maven2/org/springframework/data/spring-data-commons/3.2.5/spring-data-commons-3.2.5.jar (1.4 MB at 208 kB/s)
#14 185.8 [INFO] Downloading from central: https://repo.maven.apache.org/maven2/org/postgresql/postgresql/42.6.2/postgresql-42.6.2.pom
#14 185.9 [INFO] Downloaded from central: https://repo.maven.apache.org/maven2/org/postgresql/postgresql/42.6.2/postgresql-42.6.2.pom (2.7 kB at 39 kB/s)
#14 185.9 [INFO] Downloading from central: https://repo.maven.apache.org/maven2/org/checkerframework/checker-qual/3.31.0/checker-qual-3.31.0.pom
#14 186.0 [INFO] Downloaded from central: https://repo.maven.apache.org/maven2/org/checkerframework/checker-qual/3.31.0/checker-qual-3.31.0.pom (2.1 kB at 30 kB/s)
#14 186.0 [INFO] Downloading from central: https://repo.maven.apache.org/maven2/com/github/waffle/waffle-jna/1.9.1/waffle-jna-1.9.1.pom
#14 186.1 [INFO] Downloaded from central: https://repo.maven.apache.org/maven2/com/github/waffle/waffle-jna/1.9.1/waffle-jna-1.9.1.pom (3.1 kB at 32 kB/s)
#14 186.1 [INFO] Downloading from central: https://repo.maven.apache.org/maven2/com/github/waffle/waffle-parent/1.9.1/waffle-parent-1.9.1.pom
#14 186.2 [INFO] Downloaded from central: https://repo.maven.apache.org/maven2/com/github/waffle/waffle-parent/1.9.1/waffle-parent-1.9.1.pom (67 kB at 887 kB/s)
#14 186.2 [INFO] Downloading from central: https://repo.maven.apache.org/maven2/net/java/dev/jna/jna/4.5.1/jna-4.5.1.pom
#14 186.2 [INFO] Downloaded from central: https://repo.maven.apache.org/maven2/net/java/dev/jna/jna/4.5.1/jna-4.5.1.pom (1.6 kB at 19 kB/s)
#14 186.2 [INFO] Downloading from central: https://repo.maven.apache.org/maven2/net/java/dev/jna/jna-platform/4.5.1/jna-platform-4.5.1.pom
#14 186.3 [INFO] Downloaded from central: https://repo.maven.apache.org/maven2/net/java/dev/jna/jna-platform/4.5.1/jna-platform-4.5.1.pom (1.8 kB at 27 kB/s)
#14 186.3 [INFO] Downloading from central: https://repo.maven.apache.org/maven2/org/slf4j/jcl-over-slf4j/1.7.25/jcl-over-slf4j-1.7.25.pom
#14 186.4 [INFO] Downloaded from central: https://repo.maven.apache.org/maven2/org/slf4j/jcl-over-slf4j/1.7.25/jcl-over-slf4j-1.7.25.pom (959 B at 10 kB/s)
#14 186.4 [INFO] Downloading from central: https://repo.maven.apache.org/maven2/org/slf4j/slf4j-parent/1.7.25/slf4j-parent-1.7.25.pom
#14 186.5 [INFO] Downloaded from central: https://repo.maven.apache.org/maven2/org/slf4j/slf4j-parent/1.7.25/slf4j-parent-1.7.25.pom (14 kB at 202 kB/s)
#14 186.5 [INFO] Downloading from central: https://repo.maven.apache.org/maven2/org/slf4j/slf4j-api/1.7.25/slf4j-api-1.7.25.pom
#14 186.5 [INFO] Downloaded from central: https://repo.maven.apache.org/maven2/org/slf4j/slf4j-api/1.7.25/slf4j-api-1.7.25.pom (3.8 kB at 56 kB/s)
#14 186.6 [INFO] Downloading from central: https://repo.maven.apache.org/maven2/com/github/ben-manes/caffeine/caffeine/2.6.2/caffeine-2.6.2.pom
#14 186.6 [INFO] Downloaded from central: https://repo.maven.apache.org/maven2/com/github/ben-manes/caffeine/caffeine/2.6.2/caffeine-2.6.2.pom (5.6 kB at 70 kB/s)
#14 186.6 [INFO] Downloading from central: https://repo.maven.apache.org/maven2/org/postgresql/postgresql/42.6.2/postgresql-42.6.2.jar
#14 189.0 [INFO] Downloaded from central: https://repo.maven.apache.org/maven2/org/postgresql/postgresql/42.6.2/postgresql-42.6.2.jar (1.1 MB at 458 kB/s)
#14 189.0 [INFO] Downloading from central: https://repo.maven.apache.org/maven2/org/checkerframework/checker-qual/3.31.0/checker-qual-3.31.0.jar
#14 189.0 [INFO] Downloading from central: https://repo.maven.apache.org/maven2/com/github/waffle/waffle-jna/1.9.1/waffle-jna-1.9.1.jar
#14 189.0 [INFO] Downloading from central: https://repo.maven.apache.org/maven2/net/java/dev/jna/jna/4.5.1/jna-4.5.1.jar
#14 189.0 [INFO] Downloading from central: https://repo.maven.apache.org/maven2/net/java/dev/jna/jna-platform/4.5.1/jna-platform-4.5.1.jar
#14 189.0 [INFO] Downloading from central: https://repo.maven.apache.org/maven2/org/slf4j/jcl-over-slf4j/1.7.25/jcl-over-slf4j-1.7.25.jar
#14 189.2 [INFO] Downloaded from central: https://repo.maven.apache.org/maven2/org/slf4j/jcl-over-slf4j/1.7.25/jcl-over-slf4j-1.7.25.jar (17 kB at 84 kB/s)
#14 189.2 [INFO] Downloading from central: https://repo.maven.apache.org/maven2/org/slf4j/slf4j-api/1.7.25/slf4j-api-1.7.25.jar
#14 189.5 [INFO] Downloaded from central: https://repo.maven.apache.org/maven2/com/github/waffle/waffle-jna/1.9.1/waffle-jna-1.9.1.jar (68 kB at 127 kB/s)
#14 189.5 [INFO] Downloading from central: https://repo.maven.apache.org/maven2/com/github/ben-manes/caffeine/caffeine/2.6.2/caffeine-2.6.2.jar
#14 189.8 [INFO] Downloaded from central: https://repo.maven.apache.org/maven2/org/checkerframework/checker-qual/3.31.0/checker-qual-3.31.0.jar (224 kB at 280 kB/s)
#14 189.8 [INFO] Downloaded from central: https://repo.maven.apache.org/maven2/org/slf4j/slf4j-api/1.7.25/slf4j-api-1.7.25.jar (41 kB at 49 kB/s)
#14 190.9 [INFO] Downloaded from central: https://repo.maven.apache.org/maven2/net/java/dev/jna/jna/4.5.1/jna-4.5.1.jar (1.4 MB at 767 kB/s)
#14 192.4 [INFO] Downloaded from central: https://repo.maven.apache.org/maven2/com/github/ben-manes/caffeine/caffeine/2.6.2/caffeine-2.6.2.jar (660 kB at 191 kB/s)
#14 192.5 [INFO] Downloaded from central: https://repo.maven.apache.org/maven2/net/java/dev/jna/jna-platform/4.5.1/jna-platform-4.5.1.jar (2.3 MB at 670 kB/s)
#14 192.5 [INFO] Downloading from central: https://repo.maven.apache.org/maven2/org/projectlombok/lombok/1.18.32/lombok-1.18.32.pom
#14 192.5 [INFO] Downloaded from central: https://repo.maven.apache.org/maven2/org/projectlombok/lombok/1.18.32/lombok-1.18.32.pom (1.5 kB at 20 kB/s)
#14 192.6 [INFO] Downloading from central: https://repo.maven.apache.org/maven2/org/projectlombok/lombok/1.18.32/lombok-1.18.32.jar
#14 194.2 [INFO] Downloaded from central: https://repo.maven.apache.org/maven2/org/projectlombok/lombok/1.18.32/lombok-1.18.32.jar (2.0 MB at 1.2 MB/s)
#14 194.2 [INFO] Downloading from central: https://repo.maven.apache.org/maven2/org/springframework/security/spring-security-test/6.2.4/spring-security-test-6.2.4.pom
#14 194.3 [INFO] Downloaded from central: https://repo.maven.apache.org/maven2/org/springframework/security/spring-security-test/6.2.4/spring-security-test-6.2.4.pom (2.7 kB at 29 kB/s)
#14 194.3 [INFO] Downloading from central: https://repo.maven.apache.org/maven2/org/springframework/security/spring-security-core/6.2.4/spring-security-core-6.2.4.pom
#14 194.4 [INFO] Downloaded from central: https://repo.maven.apache.org/maven2/org/springframework/security/spring-security-core/6.2.4/spring-security-core-6.2.4.pom (3.2 kB at 40 kB/s)
#14 194.4 [INFO] Downloading from central: https://repo.maven.apache.org/maven2/org/springframework/security/spring-security-crypto/6.2.4/spring-security-crypto-6.2.4.pom
#14 194.5 [INFO] Downloaded from central: https://repo.maven.apache.org/maven2/org/springframework/security/spring-security-crypto/6.2.4/spring-security-crypto-6.2.4.pom (1.9 kB at 23 kB/s)
#14 194.5 [INFO] Downloading from central: https://repo.maven.apache.org/maven2/org/springframework/security/spring-security-web/6.2.4/spring-security-web-6.2.4.pom
#14 194.6 [INFO] Downloaded from central: https://repo.maven.apache.org/maven2/org/springframework/security/spring-security-web/6.2.4/spring-security-web-6.2.4.pom (3.2 kB at 35 kB/s)
#14 194.6 [INFO] Downloading from central: https://repo.maven.apache.org/maven2/org/springframework/security/spring-security-test/6.2.4/spring-security-test-6.2.4.jar
#14 194.7 [INFO] Downloaded from central: https://repo.maven.apache.org/maven2/org/springframework/security/spring-security-test/6.2.4/spring-security-test-6.2.4.jar (132 kB at 912 kB/s)
#14 194.7 [INFO] Downloading from central: https://repo.maven.apache.org/maven2/org/springframework/security/spring-security-core/6.2.4/spring-security-core-6.2.4.jar
#14 194.7 [INFO] Downloading from central: https://repo.maven.apache.org/maven2/org/springframework/security/spring-security-crypto/6.2.4/spring-security-crypto-6.2.4.jar
#14 194.7 [INFO] Downloading from central: https://repo.maven.apache.org/maven2/org/springframework/security/spring-security-web/6.2.4/spring-security-web-6.2.4.jar
#14 195.1 [INFO] Downloaded from central: https://repo.maven.apache.org/maven2/org/springframework/security/spring-security-crypto/6.2.4/spring-security-crypto-6.2.4.jar (84 kB at 204 kB/s)
#14 195.3 [INFO] Downloaded from central: https://repo.maven.apache.org/maven2/org/springframework/security/spring-security-core/6.2.4/spring-security-core-6.2.4.jar (513 kB at 926 kB/s)
#14 195.8 [INFO] Downloaded from central: https://repo.maven.apache.org/maven2/org/springframework/security/spring-security-web/6.2.4/spring-security-web-6.2.4.jar (781 kB at 712 kB/s)
#14 195.8 [INFO] Downloading from central: https://repo.maven.apache.org/maven2/org/springframework/boot/spring-boot-starter-security/3.2.5/spring-boot-starter-security-3.2.5.pom
#14 195.9 [INFO] Downloaded from central: https://repo.maven.apache.org/maven2/org/springframework/boot/spring-boot-starter-security/3.2.5/spring-boot-starter-security-3.2.5.pom (2.7 kB at 36 kB/s)
#14 195.9 [INFO] Downloading from central: https://repo.maven.apache.org/maven2/org/springframework/security/spring-security-config/6.2.4/spring-security-config-6.2.4.pom
#14 196.0 [INFO] Downloaded from central: https://repo.maven.apache.org/maven2/org/springframework/security/spring-security-config/6.2.4/spring-security-config-6.2.4.pom (2.8 kB at 38 kB/s)
#14 196.0 [INFO] Downloading from central: https://repo.maven.apache.org/maven2/org/springframework/boot/spring-boot-starter-security/3.2.5/spring-boot-starter-security-3.2.5.jar
#14 196.0 [INFO] Downloaded from central: https://repo.maven.apache.org/maven2/org/springframework/boot/spring-boot-starter-security/3.2.5/spring-boot-starter-security-3.2.5.jar (4.7 kB at 70 kB/s)
#14 196.0 [INFO] Downloading from central: https://repo.maven.apache.org/maven2/org/springframework/security/spring-security-config/6.2.4/spring-security-config-6.2.4.jar
#14 197.5 [INFO] Downloaded from central: https://repo.maven.apache.org/maven2/org/springframework/security/spring-security-config/6.2.4/spring-security-config-6.2.4.jar (1.8 MB at 1.3 MB/s)
#14 197.5 [INFO] Downloading from central: https://repo.maven.apache.org/maven2/org/springframework/boot/spring-boot-starter-oauth2-client/3.2.5/spring-boot-starter-oauth2-client-3.2.5.pom
#14 197.6 [INFO] Downloaded from central: https://repo.maven.apache.org/maven2/org/springframework/boot/spring-boot-starter-oauth2-client/3.2.5/spring-boot-starter-oauth2-client-3.2.5.pom (3.0 kB at 19 kB/s)
#14 197.6 [INFO] Downloading from central: https://repo.maven.apache.org/maven2/org/springframework/security/spring-security-oauth2-client/6.2.4/spring-security-oauth2-client-6.2.4.pom
#14 197.7 [INFO] Downloaded from central: https://repo.maven.apache.org/maven2/org/springframework/security/spring-security-oauth2-client/6.2.4/spring-security-oauth2-client-6.2.4.pom (2.9 kB at 38 kB/s)
#14 197.7 [INFO] Downloading from central: https://repo.maven.apache.org/maven2/org/springframework/security/spring-security-oauth2-core/6.2.4/spring-security-oauth2-core-6.2.4.pom
#14 197.8 [INFO] Downloaded from central: https://repo.maven.apache.org/maven2/org/springframework/security/spring-security-oauth2-core/6.2.4/spring-security-oauth2-core-6.2.4.pom (2.5 kB at 34 kB/s)
#14 197.8 [INFO] Downloading from central: https://repo.maven.apache.org/maven2/com/nimbusds/oauth2-oidc-sdk/9.43.3/oauth2-oidc-sdk-9.43.3.pom
#14 197.8 [INFO] Downloaded from central: https://repo.maven.apache.org/maven2/com/nimbusds/oauth2-oidc-sdk/9.43.3/oauth2-oidc-sdk-9.43.3.pom (14 kB at 185 kB/s)
#14 197.9 [INFO] Downloading from central: https://repo.maven.apache.org/maven2/com/github/stephenc/jcip/jcip-annotations/1.0-1/jcip-annotations-1.0-1.pom
#14 197.9 [INFO] Downloaded from central: https://repo.maven.apache.org/maven2/com/github/stephenc/jcip/jcip-annotations/1.0-1/jcip-annotations-1.0-1.pom (5.4 kB at 65 kB/s)
#14 197.9 [INFO] Downloading from central: https://repo.maven.apache.org/maven2/com/nimbusds/content-type/2.2/content-type-2.2.pom
#14 198.0 [INFO] Downloaded from central: https://repo.maven.apache.org/maven2/com/nimbusds/content-type/2.2/content-type-2.2.pom (8.9 kB at 119 kB/s)
#14 198.0 [INFO] Downloading from central: https://repo.maven.apache.org/maven2/net/minidev/json-smart/maven-metadata.xml
#14 198.0 [INFO] Downloading from shibboleth-repo: https://build.shibboleth.net/nexus/content/repositories/releases/net/minidev/json-smart/maven-metadata.xml
#14 198.1 [INFO] Downloaded from central: https://repo.maven.apache.org/maven2/net/minidev/json-smart/maven-metadata.xml (1.4 kB at 20 kB/s)
#14 198.7 [INFO] Downloading from central: https://repo.maven.apache.org/maven2/net/minidev/json-smart/1.3.3/json-smart-1.3.3.pom
#14 198.8 [INFO] Downloaded from central: https://repo.maven.apache.org/maven2/net/minidev/json-smart/1.3.3/json-smart-1.3.3.pom (2.0 kB at 29 kB/s)
#14 198.8 [INFO] Downloading from central: https://repo.maven.apache.org/maven2/net/minidev/parent/1.3.2/parent-1.3.2.pom
#14 198.9 [INFO] Downloaded from central: https://repo.maven.apache.org/maven2/net/minidev/parent/1.3.2/parent-1.3.2.pom (7.9 kB at 111 kB/s)
#14 198.9 [INFO] Downloading from central: https://repo.maven.apache.org/maven2/net/minidev/json-smart/2.0-RC1/json-smart-2.0-RC1.pom
#14 199.0 [INFO] Downloaded from central: https://repo.maven.apache.org/maven2/net/minidev/json-smart/2.0-RC1/json-smart-2.0-RC1.pom (1.4 kB at 21 kB/s)
#14 199.0 [INFO] Downloading from central: https://repo.maven.apache.org/maven2/net/minidev/parent/2.0-RC1/parent-2.0-RC1.pom
#14 199.0 [INFO] Downloaded from central: https://repo.maven.apache.org/maven2/net/minidev/parent/2.0-RC1/parent-2.0-RC1.pom (11 kB at 151 kB/s)
#14 199.0 [INFO] Downloading from central: https://repo.maven.apache.org/maven2/net/minidev/asm/1.0-RC1/asm-1.0-RC1.pom
#14 199.1 [INFO] Downloaded from central: https://repo.maven.apache.org/maven2/net/minidev/asm/1.0-RC1/asm-1.0-RC1.pom (1.6 kB at 21 kB/s)
#14 199.1 [INFO] Downloading from central: https://repo.maven.apache.org/maven2/asm/asm/3.3.1/asm-3.3.1.pom
#14 199.2 [INFO] Downloaded from central: https://repo.maven.apache.org/maven2/asm/asm/3.3.1/asm-3.3.1.pom (266 B at 3.6 kB/s)
#14 199.2 [INFO] Downloading from central: https://repo.maven.apache.org/maven2/asm/asm-parent/3.3.1/asm-parent-3.3.1.pom
#14 199.3 [INFO] Downloaded from central: https://repo.maven.apache.org/maven2/asm/asm-parent/3.3.1/asm-parent-3.3.1.pom (4.3 kB at 60 kB/s)
#14 199.3 [INFO] Downloading from central: https://repo.maven.apache.org/maven2/net/minidev/json-smart/2.0-RC2/json-smart-2.0-RC2.pom
#14 199.3 [INFO] Downloaded from central: https://repo.maven.apache.org/maven2/net/minidev/json-smart/2.0-RC2/json-smart-2.0-RC2.pom (1.4 kB at 21 kB/s)
#14 199.3 [INFO] Downloading from central: https://repo.maven.apache.org/maven2/net/minidev/parent/2.0-RC2/parent-2.0-RC2.pom
#14 199.4 [INFO] Downloaded from central: https://repo.maven.apache.org/maven2/net/minidev/parent/2.0-RC2/parent-2.0-RC2.pom (11 kB at 161 kB/s)
#14 199.4 [INFO] Downloading from central: https://repo.maven.apache.org/maven2/net/minidev/json-smart/2.0-RC3/json-smart-2.0-RC3.pom
#14 199.5 [INFO] Downloaded from central: https://repo.maven.apache.org/maven2/net/minidev/json-smart/2.0-RC3/json-smart-2.0-RC3.pom (1.4 kB at 21 kB/s)
#14 199.5 [INFO] Downloading from central: https://repo.maven.apache.org/maven2/net/minidev/parent/2.0-RC3/parent-2.0-RC3.pom
#14 199.6 [INFO] Downloaded from central: https://repo.maven.apache.org/maven2/net/minidev/parent/2.0-RC3/parent-2.0-RC3.pom (8.4 kB at 65 kB/s)
#14 199.6 [INFO] Downloading from central: https://repo.maven.apache.org/maven2/net/minidev/asm/1.0-RC3/asm-1.0-RC3.pom
#14 199.7 [INFO] Downloaded from central: https://repo.maven.apache.org/maven2/net/minidev/asm/1.0-RC3/asm-1.0-RC3.pom (1.6 kB at 22 kB/s)
#14 199.7 [INFO] Downloading from central: https://repo.maven.apache.org/maven2/net/minidev/json-smart/2.0/json-smart-2.0.pom
#14 199.8 [INFO] Downloaded from central: https://repo.maven.apache.org/maven2/net/minidev/json-smart/2.0/json-smart-2.0.pom (1.4 kB at 21 kB/s)
#14 199.8 [INFO] Downloading from central: https://repo.maven.apache.org/maven2/net/minidev/parent/2.0/parent-2.0.pom
#14 199.9 [INFO] Downloaded from central: https://repo.maven.apache.org/maven2/net/minidev/parent/2.0/parent-2.0.pom (8.6 kB at 93 kB/s)
#14 199.9 [INFO] Downloading from central: https://repo.maven.apache.org/maven2/net/minidev/asm/1.0/asm-1.0.pom
#14 199.9 [INFO] Downloaded from central: https://repo.maven.apache.org/maven2/net/minidev/asm/1.0/asm-1.0.pom (1.6 kB at 24 kB/s)
#14 199.9 [INFO] Downloading from central: https://repo.maven.apache.org/maven2/net/minidev/json-smart/2.1.0/json-smart-2.1.0.pom
#14 200.0 [INFO] Downloaded from central: https://repo.maven.apache.org/maven2/net/minidev/json-smart/2.1.0/json-smart-2.1.0.pom (2.2 kB at 30 kB/s)
#14 200.0 [INFO] Downloading from central: https://repo.maven.apache.org/maven2/net/minidev/parent/2.1.0/parent-2.1.0.pom
#14 200.1 [INFO] Downloaded from central: https://repo.maven.apache.org/maven2/net/minidev/parent/2.1.0/parent-2.1.0.pom (8.6 kB at 120 kB/s)
#14 200.1 [INFO] Downloading from central: https://repo.maven.apache.org/maven2/net/minidev/asm/1.0.2/asm-1.0.2.pom
#14 200.2 [INFO] Downloaded from central: https://repo.maven.apache.org/maven2/net/minidev/asm/1.0.2/asm-1.0.2.pom (1.8 kB at 21 kB/s)
#14 200.2 [INFO] Downloading from central: https://repo.maven.apache.org/maven2/net/minidev/json-smart/2.1.1/json-smart-2.1.1.pom
#14 200.2 [INFO] Downloaded from central: https://repo.maven.apache.org/maven2/net/minidev/json-smart/2.1.1/json-smart-2.1.1.pom (2.2 kB at 29 kB/s)
#14 200.2 [INFO] Downloading from central: https://repo.maven.apache.org/maven2/net/minidev/json-smart/2.2/json-smart-2.2.pom
#14 200.3 [INFO] Downloaded from central: https://repo.maven.apache.org/maven2/net/minidev/json-smart/2.2/json-smart-2.2.pom (2.3 kB at 33 kB/s)
#14 200.3 [INFO] Downloading from central: https://repo.maven.apache.org/maven2/net/minidev/minidev-parent/2.2/minidev-parent-2.2.pom
#14 200.4 [INFO] Downloaded from central: https://repo.maven.apache.org/maven2/net/minidev/minidev-parent/2.2/minidev-parent-2.2.pom (9.1 kB at 125 kB/s)
#14 200.4 [INFO] Downloading from central: https://repo.maven.apache.org/maven2/net/minidev/accessors-smart/1.1/accessors-smart-1.1.pom
#14 200.5 [INFO] Downloaded from central: https://repo.maven.apache.org/maven2/net/minidev/accessors-smart/1.1/accessors-smart-1.1.pom (2.1 kB at 26 kB/s)
#14 200.5 [INFO] Downloading from central: https://repo.maven.apache.org/maven2/org/ow2/asm/asm/5.0.3/asm-5.0.3.pom
#14 200.6 [INFO] Downloaded from central: https://repo.maven.apache.org/maven2/org/ow2/asm/asm/5.0.3/asm-5.0.3.pom (1.9 kB at 27 kB/s)
#14 200.6 [INFO] Downloading from central: https://repo.maven.apache.org/maven2/org/ow2/asm/asm-parent/5.0.3/asm-parent-5.0.3.pom
#14 200.6 [INFO] Downloaded from central: https://repo.maven.apache.org/maven2/org/ow2/asm/asm-parent/5.0.3/asm-parent-5.0.3.pom (5.5 kB at 76 kB/s)
#14 200.6 [INFO] Downloading from central: https://repo.maven.apache.org/maven2/org/ow2/ow2/1.3/ow2-1.3.pom
#14 200.7 [INFO] Downloaded from central: https://repo.maven.apache.org/maven2/org/ow2/ow2/1.3/ow2-1.3.pom (9.5 kB at 132 kB/s)
#14 200.7 [INFO] Downloading from central: https://repo.maven.apache.org/maven2/net/minidev/json-smart/2.2.1/json-smart-2.2.1.pom
#14 200.8 [INFO] Downloaded from central: https://repo.maven.apache.org/maven2/net/minidev/json-smart/2.2.1/json-smart-2.2.1.pom (12 kB at 178 kB/s)
#14 200.8 [INFO] Downloading from central: https://repo.maven.apache.org/maven2/net/minidev/json-smart/2.3/json-smart-2.3.pom
#14 200.8 [INFO] Downloaded from central: https://repo.maven.apache.org/maven2/net/minidev/json-smart/2.3/json-smart-2.3.pom (9.0 kB at 127 kB/s)
#14 200.8 [INFO] Downloading from central: https://repo.maven.apache.org/maven2/net/minidev/minidev-parent/2.3/minidev-parent-2.3.pom
#14 200.9 [INFO] Downloaded from central: https://repo.maven.apache.org/maven2/net/minidev/minidev-parent/2.3/minidev-parent-2.3.pom (8.5 kB at 112 kB/s)
#14 200.9 [INFO] Downloading from central: https://repo.maven.apache.org/maven2/net/minidev/accessors-smart/1.2/accessors-smart-1.2.pom
#14 201.0 [INFO] Downloaded from central: https://repo.maven.apache.org/maven2/net/minidev/accessors-smart/1.2/accessors-smart-1.2.pom (12 kB at 163 kB/s)
#14 201.0 [INFO] Downloading from central: https://repo.maven.apache.org/maven2/org/ow2/asm/asm/5.0.4/asm-5.0.4.pom
#14 201.1 [INFO] Downloaded from central: https://repo.maven.apache.org/maven2/org/ow2/asm/asm/5.0.4/asm-5.0.4.pom (1.9 kB at 26 kB/s)
#14 201.1 [INFO] Downloading from central: https://repo.maven.apache.org/maven2/org/ow2/asm/asm-parent/5.0.4/asm-parent-5.0.4.pom
#14 201.2 [INFO] Downloaded from central: https://repo.maven.apache.org/maven2/org/ow2/asm/asm-parent/5.0.4/asm-parent-5.0.4.pom (5.5 kB at 73 kB/s)
#14 201.2 [INFO] Downloading from central: https://repo.maven.apache.org/maven2/net/minidev/json-smart/2.3.1/json-smart-2.3.1.pom
#14 201.2 [INFO] Downloaded from central: https://repo.maven.apache.org/maven2/net/minidev/json-smart/2.3.1/json-smart-2.3.1.pom (9.3 kB at 125 kB/s)
#14 201.2 [INFO] Downloading from central: https://repo.maven.apache.org/maven2/net/minidev/minidev-parent/2.3.1/minidev-parent-2.3.1.pom
#14 201.3 [INFO] Downloaded from central: https://repo.maven.apache.org/maven2/net/minidev/minidev-parent/2.3.1/minidev-parent-2.3.1.pom (8.4 kB at 117 kB/s)
#14 201.3 [INFO] Downloading from central: https://repo.maven.apache.org/maven2/net/minidev/accessors-smart/2.3.1/accessors-smart-2.3.1.pom
#14 201.4 [INFO] Downloaded from central: https://repo.maven.apache.org/maven2/net/minidev/accessors-smart/2.3.1/accessors-smart-2.3.1.pom (12 kB at 165 kB/s)
#14 201.4 [INFO] Downloading from central: https://repo.maven.apache.org/maven2/net/minidev/json-smart/2.4.1/json-smart-2.4.1.pom
#14 201.4 [INFO] Downloaded from central: https://repo.maven.apache.org/maven2/net/minidev/json-smart/2.4.1/json-smart-2.4.1.pom (9.2 kB at 135 kB/s)
#14 201.4 [INFO] Downloading from central: https://repo.maven.apache.org/maven2/net/minidev/minidev-parent/2.4.1/minidev-parent-2.4.1.pom
#14 201.5 [INFO] Downloaded from central: https://repo.maven.apache.org/maven2/net/minidev/minidev-parent/2.4.1/minidev-parent-2.4.1.pom (8.9 kB at 127 kB/s)
#14 201.5 [INFO] Downloading from central: https://repo.maven.apache.org/maven2/net/minidev/accessors-smart/1.3/accessors-smart-1.3.pom
#14 201.6 [INFO] Downloaded from central: https://repo.maven.apache.org/maven2/net/minidev/accessors-smart/1.3/accessors-smart-1.3.pom (12 kB at 159 kB/s)
#14 201.6 [INFO] Downloading from central: https://repo.maven.apache.org/maven2/org/ow2/asm/asm/8.0.1/asm-8.0.1.pom
#14 201.7 [INFO] Downloaded from central: https://repo.maven.apache.org/maven2/org/ow2/asm/asm/8.0.1/asm-8.0.1.pom (2.9 kB at 43 kB/s)
#14 201.7 [INFO] Downloading from central: https://repo.maven.apache.org/maven2/net/minidev/json-smart/2.4.2/json-smart-2.4.2.pom
#14 201.7 [INFO] Downloaded from central: https://repo.maven.apache.org/maven2/net/minidev/json-smart/2.4.2/json-smart-2.4.2.pom (9.2 kB at 121 kB/s)
#14 201.7 [INFO] Downloading from central: https://repo.maven.apache.org/maven2/net/minidev/minidev-parent/2.4.2/minidev-parent-2.4.2.pom
#14 201.8 [INFO] Downloaded from central: https://repo.maven.apache.org/maven2/net/minidev/minidev-parent/2.4.2/minidev-parent-2.4.2.pom (8.6 kB at 116 kB/s)
#14 201.8 [INFO] Downloading from central: https://repo.maven.apache.org/maven2/net/minidev/accessors-smart/2.4.2/accessors-smart-2.4.2.pom
#14 201.9 [INFO] Downloaded from central: https://repo.maven.apache.org/maven2/net/minidev/accessors-smart/2.4.2/accessors-smart-2.4.2.pom (12 kB at 163 kB/s)
#14 201.9 [INFO] Downloading from central: https://repo.maven.apache.org/maven2/net/minidev/json-smart/2.4.4/json-smart-2.4.4.pom
#14 202.0 [INFO] Downloaded from central: https://repo.maven.apache.org/maven2/net/minidev/json-smart/2.4.4/json-smart-2.4.4.pom (9.3 kB at 130 kB/s)
#14 202.0 [INFO] Downloading from central: https://repo.maven.apache.org/maven2/net/minidev/minidev-parent/2.4.3/minidev-parent-2.4.3.pom
#14 202.1 [INFO] Downloaded from central: https://repo.maven.apache.org/maven2/net/minidev/minidev-parent/2.4.3/minidev-parent-2.4.3.pom (8.6 kB at 114 kB/s)
#14 202.1 [INFO] Downloading from central: https://repo.maven.apache.org/maven2/net/minidev/accessors-smart/2.4.3/accessors-smart-2.4.3.pom
#14 202.2 [INFO] Downloaded from central: https://repo.maven.apache.org/maven2/net/minidev/accessors-smart/2.4.3/accessors-smart-2.4.3.pom (9.9 kB at 74 kB/s)
#14 202.2 [INFO] Downloading from central: https://repo.maven.apache.org/maven2/net/minidev/json-smart/2.4.5/json-smart-2.4.5.pom
#14 202.4 [INFO] Downloaded from central: https://repo.maven.apache.org/maven2/net/minidev/json-smart/2.4.5/json-smart-2.4.5.pom (9.3 kB at 56 kB/s)
#14 202.4 [INFO] Downloading from central: https://repo.maven.apache.org/maven2/net/minidev/minidev-parent/2.4.4/minidev-parent-2.4.4.pom
#14 202.5 [INFO] Downloaded from central: https://repo.maven.apache.org/maven2/net/minidev/minidev-parent/2.4.4/minidev-parent-2.4.4.pom (8.6 kB at 66 kB/s)
#14 202.5 [INFO] Downloading from central: https://repo.maven.apache.org/maven2/net/minidev/json-smart/2.4.6/json-smart-2.4.6.pom
#14 202.6 [INFO] Downloaded from central: https://repo.maven.apache.org/maven2/net/minidev/json-smart/2.4.6/json-smart-2.4.6.pom (8.2 kB at 70 kB/s)
#14 202.6 [INFO] Downloading from central: https://repo.maven.apache.org/maven2/net/minidev/accessors-smart/2.4.6/accessors-smart-2.4.6.pom
#14 202.7 [INFO] Downloaded from central: https://repo.maven.apache.org/maven2/net/minidev/accessors-smart/2.4.6/accessors-smart-2.4.6.pom (9.9 kB at 87 kB/s)
#14 202.7 [INFO] Downloading from central: https://repo.maven.apache.org/maven2/org/ow2/asm/asm/9.1/asm-9.1.pom
#14 202.8 [INFO] Downloaded from central: https://repo.maven.apache.org/maven2/org/ow2/asm/asm/9.1/asm-9.1.pom (2.4 kB at 22 kB/s)
#14 202.8 [INFO] Downloading from central: https://repo.maven.apache.org/maven2/net/minidev/json-smart/2.4.7/json-smart-2.4.7.pom
#14 203.0 [INFO] Downloaded from central: https://repo.maven.apache.org/maven2/net/minidev/json-smart/2.4.7/json-smart-2.4.7.pom (8.2 kB at 68 kB/s)
#14 203.0 [INFO] Downloading from central: https://repo.maven.apache.org/maven2/net/minidev/accessors-smart/2.4.7/accessors-smart-2.4.7.pom
#14 203.1 [INFO] Downloaded from central: https://repo.maven.apache.org/maven2/net/minidev/accessors-smart/2.4.7/accessors-smart-2.4.7.pom (9.9 kB at 86 kB/s)
#14 203.1 [INFO] Downloading from central: https://repo.maven.apache.org/maven2/net/minidev/json-smart/2.4.8/json-smart-2.4.8.pom
#14 203.2 [INFO] Downloaded from central: https://repo.maven.apache.org/maven2/net/minidev/json-smart/2.4.8/json-smart-2.4.8.pom (8.3 kB at 67 kB/s)
#14 203.2 [INFO] Downloading from central: https://repo.maven.apache.org/maven2/net/minidev/accessors-smart/2.4.8/accessors-smart-2.4.8.pom
#14 203.3 [INFO] Downloaded from central: https://repo.maven.apache.org/maven2/net/minidev/accessors-smart/2.4.8/accessors-smart-2.4.8.pom (10 kB at 91 kB/s)
#14 203.3 [INFO] Downloading from central: https://repo.maven.apache.org/maven2/net/minidev/json-smart/2.4.9/json-smart-2.4.9.pom
#14 203.4 [INFO] Downloaded from central: https://repo.maven.apache.org/maven2/net/minidev/json-smart/2.4.9/json-smart-2.4.9.pom (9.2 kB at 75 kB/s)
#14 203.5 [INFO] Downloading from central: https://repo.maven.apache.org/maven2/net/minidev/accessors-smart/2.4.9/accessors-smart-2.4.9.pom
#14 203.6 [INFO] Downloaded from central: https://repo.maven.apache.org/maven2/net/minidev/accessors-smart/2.4.9/accessors-smart-2.4.9.pom (11 kB at 103 kB/s)
#14 203.6 [INFO] Downloading from central: https://repo.maven.apache.org/maven2/net/minidev/json-smart/2.4.10/json-smart-2.4.10.pom
#14 203.7 [INFO] Downloaded from central: https://repo.maven.apache.org/maven2/net/minidev/json-smart/2.4.10/json-smart-2.4.10.pom (9.2 kB at 83 kB/s)
#14 203.7 [INFO] Downloading from central: https://repo.maven.apache.org/maven2/com/nimbusds/lang-tag/1.7/lang-tag-1.7.pom
#14 203.8 [INFO] Downloaded from central: https://repo.maven.apache.org/maven2/com/nimbusds/lang-tag/1.7/lang-tag-1.7.pom (9.2 kB at 96 kB/s)
#14 203.8 [INFO] Downloading from central: https://repo.maven.apache.org/maven2/com/nimbusds/nimbus-jose-jwt/9.24.4/nimbus-jose-jwt-9.24.4.pom
#14 203.9 [INFO] Downloaded from central: https://repo.maven.apache.org/maven2/com/nimbusds/nimbus-jose-jwt/9.24.4/nimbus-jose-jwt-9.24.4.pom (12 kB at 112 kB/s)
#14 203.9 [INFO] Downloading from central: https://repo.maven.apache.org/maven2/org/springframework/security/spring-security-oauth2-jose/6.2.4/spring-security-oauth2-jose-6.2.4.pom
#14 204.0 [INFO] Downloaded from central: https://repo.maven.apache.org/maven2/org/springframework/security/spring-security-oauth2-jose/6.2.4/spring-security-oauth2-jose-6.2.4.pom (2.7 kB at 32 kB/s)
#14 204.0 [INFO] Downloading from central: https://repo.maven.apache.org/maven2/org/springframework/boot/spring-boot-starter-oauth2-client/3.2.5/spring-boot-starter-oauth2-client-3.2.5.jar
#14 204.1 [INFO] Downloaded from central: https://repo.maven.apache.org/maven2/org/springframework/boot/spring-boot-starter-oauth2-client/3.2.5/spring-boot-starter-oauth2-client-3.2.5.jar (4.8 kB at 28 kB/s)
#14 204.1 [INFO] Downloading from central: https://repo.maven.apache.org/maven2/org/springframework/security/spring-security-oauth2-client/6.2.4/spring-security-oauth2-client-6.2.4.jar
#14 204.1 [INFO] Downloading from central: https://repo.maven.apache.org/maven2/org/springframework/security/spring-security-oauth2-core/6.2.4/spring-security-oauth2-core-6.2.4.jar
#14 204.1 [INFO] Downloading from central: https://repo.maven.apache.org/maven2/com/nimbusds/oauth2-oidc-sdk/9.43.3/oauth2-oidc-sdk-9.43.3.jar
#14 204.1 [INFO] Downloading from central: https://repo.maven.apache.org/maven2/com/github/stephenc/jcip/jcip-annotations/1.0-1/jcip-annotations-1.0-1.jar
#14 204.1 [INFO] Downloading from central: https://repo.maven.apache.org/maven2/com/nimbusds/content-type/2.2/content-type-2.2.jar
#14 204.3 [INFO] Downloaded from central: https://repo.maven.apache.org/maven2/com/nimbusds/content-type/2.2/content-type-2.2.jar (8.2 kB at 73 kB/s)
#14 204.3 [INFO] Downloading from central: https://repo.maven.apache.org/maven2/net/minidev/json-smart/2.4.10/json-smart-2.4.10.jar
#14 204.3 [INFO] Downloaded from central: https://repo.maven.apache.org/maven2/com/github/stephenc/jcip/jcip-annotations/1.0-1/jcip-annotations-1.0-1.jar (4.7 kB at 42 kB/s)
#14 204.3 [INFO] Downloading from central: https://repo.maven.apache.org/maven2/net/minidev/accessors-smart/2.4.9/accessors-smart-2.4.9.jar
#14 204.4 [INFO] Downloaded from central: https://repo.maven.apache.org/maven2/net/minidev/accessors-smart/2.4.9/accessors-smart-2.4.9.jar (30 kB at 134 kB/s)
#14 204.4 [INFO] Downloading from central: https://repo.maven.apache.org/maven2/org/ow2/asm/asm/9.3/asm-9.3.jar
#14 204.4 [INFO] Downloaded from central: https://repo.maven.apache.org/maven2/org/springframework/security/spring-security-oauth2-core/6.2.4/spring-security-oauth2-core-6.2.4.jar (105 kB at 381 kB/s)
#14 204.4 [INFO] Downloading from central: https://repo.maven.apache.org/maven2/com/nimbusds/lang-tag/1.7/lang-tag-1.7.jar
#14 204.7 [INFO] Downloaded from central: https://repo.maven.apache.org/maven2/net/minidev/json-smart/2.4.10/json-smart-2.4.10.jar (120 kB at 234 kB/s)
#14 204.7 [INFO] Downloaded from central: https://repo.maven.apache.org/maven2/com/nimbusds/lang-tag/1.7/lang-tag-1.7.jar (11 kB at 22 kB/s)
#14 204.7 [INFO] Downloading from central: https://repo.maven.apache.org/maven2/com/nimbusds/nimbus-jose-jwt/9.24.4/nimbus-jose-jwt-9.24.4.jar
#14 204.7 [INFO] Downloading from central: https://repo.maven.apache.org/maven2/org/springframework/security/spring-security-oauth2-jose/6.2.4/spring-security-oauth2-jose-6.2.4.jar
#14 204.7 [INFO] Downloaded from central: https://repo.maven.apache.org/maven2/org/ow2/asm/asm/9.3/asm-9.3.jar (122 kB at 208 kB/s)
#14 205.1 [INFO] Downloaded from central: https://repo.maven.apache.org/maven2/org/springframework/security/spring-security-oauth2-jose/6.2.4/spring-security-oauth2-jose-6.2.4.jar (97 kB at 98 kB/s)
#14 205.5 [INFO] Downloaded from central: https://repo.maven.apache.org/maven2/com/nimbusds/nimbus-jose-jwt/9.24.4/nimbus-jose-jwt-9.24.4.jar (681 kB at 504 kB/s)
#14 205.9 [INFO] Downloaded from central: https://repo.maven.apache.org/maven2/com/nimbusds/oauth2-oidc-sdk/9.43.3/oauth2-oidc-sdk-9.43.3.jar (821 kB at 480 kB/s)
#14 206.9 [INFO] Downloaded from central: https://repo.maven.apache.org/maven2/org/springframework/security/spring-security-oauth2-client/6.2.4/spring-security-oauth2-client-6.2.4.jar (401 kB at 147 kB/s)
#14 206.9 [INFO] Downloading from central: https://repo.maven.apache.org/maven2/org/springframework/boot/spring-boot-starter-data-jpa/3.2.5/spring-boot-starter-data-jpa-3.2.5.pom
#14 207.0 [INFO] Downloaded from central: https://repo.maven.apache.org/maven2/org/springframework/boot/spring-boot-starter-data-jpa/3.2.5/spring-boot-starter-data-jpa-3.2.5.pom (2.9 kB at 38 kB/s)
#14 207.0 [INFO] Downloading from central: https://repo.maven.apache.org/maven2/org/springframework/boot/spring-boot-starter-aop/3.2.5/spring-boot-starter-aop-3.2.5.pom
#14 207.0 [INFO] Downloaded from central: https://repo.maven.apache.org/maven2/org/springframework/boot/spring-boot-starter-aop/3.2.5/spring-boot-starter-aop-3.2.5.pom (2.5 kB at 34 kB/s)
#14 207.0 [INFO] Downloading from central: https://repo.maven.apache.org/maven2/org/aspectj/aspectjweaver/1.9.22/aspectjweaver-1.9.22.pom
#14 207.1 [INFO] Downloaded from central: https://repo.maven.apache.org/maven2/org/aspectj/aspectjweaver/1.9.22/aspectjweaver-1.9.22.pom (2.2 kB at 30 kB/s)
#14 207.1 [INFO] Downloading from central: https://repo.maven.apache.org/maven2/org/springframework/boot/spring-boot-starter-jdbc/3.2.5/spring-boot-starter-jdbc-3.2.5.pom
#14 207.2 [INFO] Downloaded from central: https://repo.maven.apache.org/maven2/org/springframework/boot/spring-boot-starter-jdbc/3.2.5/spring-boot-starter-jdbc-3.2.5.pom (2.5 kB at 35 kB/s)
#14 207.2 [INFO] Downloading from central: https://repo.maven.apache.org/maven2/com/zaxxer/HikariCP/5.0.1/HikariCP-5.0.1.pom
#14 207.3 [INFO] Downloaded from central: https://repo.maven.apache.org/maven2/com/zaxxer/HikariCP/5.0.1/HikariCP-5.0.1.pom (25 kB at 321 kB/s)
#14 207.3 [INFO] Downloading from central: https://repo.maven.apache.org/maven2/org/slf4j/slf4j-api/2.0.0-alpha1/slf4j-api-2.0.0-alpha1.pom
#14 207.3 [INFO] Downloaded from central: https://repo.maven.apache.org/maven2/org/slf4j/slf4j-api/2.0.0-alpha1/slf4j-api-2.0.0-alpha1.pom (1.7 kB at 23 kB/s)
#14 207.3 [INFO] Downloading from central: https://repo.maven.apache.org/maven2/org/slf4j/slf4j-parent/2.0.0-alpha1/slf4j-parent-2.0.0-alpha1.pom
#14 207.4 [INFO] Downloaded from central: https://repo.maven.apache.org/maven2/org/slf4j/slf4j-parent/2.0.0-alpha1/slf4j-parent-2.0.0-alpha1.pom (16 kB at 217 kB/s)
#14 207.4 [INFO] Downloading from central: https://repo.maven.apache.org/maven2/org/springframework/spring-jdbc/6.1.6/spring-jdbc-6.1.6.pom
#14 207.5 [INFO] Downloaded from central: https://repo.maven.apache.org/maven2/org/springframework/spring-jdbc/6.1.6/spring-jdbc-6.1.6.pom (2.4 kB at 34 kB/s)
#14 207.5 [INFO] Downloading from central: https://repo.maven.apache.org/maven2/org/hibernate/orm/hibernate-core/6.4.4.Final/hibernate-core-6.4.4.Final.pom
#14 207.6 [INFO] Downloaded from central: https://repo.maven.apache.org/maven2/org/hibernate/orm/hibernate-core/6.4.4.Final/hibernate-core-6.4.4.Final.pom (5.8 kB at 73 kB/s)
#14 207.6 [INFO] Downloading from central: https://repo.maven.apache.org/maven2/jakarta/persistence/jakarta.persistence-api/3.1.0/jakarta.persistence-api-3.1.0.pom
#14 207.7 [INFO] Downloaded from central: https://repo.maven.apache.org/maven2/jakarta/persistence/jakarta.persistence-api/3.1.0/jakarta.persistence-api-3.1.0.pom (16 kB at 167 kB/s)
#14 207.7 [INFO] Downloading from central: https://repo.maven.apache.org/maven2/jakarta/transaction/jakarta.transaction-api/2.0.1/jakarta.transaction-api-2.0.1.pom
#14 207.8 [INFO] Downloaded from central: https://repo.maven.apache.org/maven2/jakarta/transaction/jakarta.transaction-api/2.0.1/jakarta.transaction-api-2.0.1.pom (14 kB at 187 kB/s)
#14 207.8 [INFO] Downloading from central: https://repo.maven.apache.org/maven2/org/jboss/logging/jboss-logging/3.5.0.Final/jboss-logging-3.5.0.Final.pom
#14 207.8 [INFO] Downloaded from central: https://repo.maven.apache.org/maven2/org/jboss/logging/jboss-logging/3.5.0.Final/jboss-logging-3.5.0.Final.pom (18 kB at 237 kB/s)
#14 207.8 [INFO] Downloading from central: https://repo.maven.apache.org/maven2/org/hibernate/common/hibernate-commons-annotations/6.0.6.Final/hibernate-commons-annotations-6.0.6.Final.pom
#14 207.9 [INFO] Downloaded from central: https://repo.maven.apache.org/maven2/org/hibernate/common/hibernate-commons-annotations/6.0.6.Final/hibernate-commons-annotations-6.0.6.Final.pom (2.1 kB at 27 kB/s)
#14 207.9 [INFO] Downloading from central: https://repo.maven.apache.org/maven2/io/smallrye/jandex/3.1.2/jandex-3.1.2.pom
#14 208.0 [INFO] Downloaded from central: https://repo.maven.apache.org/maven2/io/smallrye/jandex/3.1.2/jandex-3.1.2.pom (7.0 kB at 87 kB/s)
#14 208.0 [INFO] Downloading from central: https://repo.maven.apache.org/maven2/io/smallrye/jandex-parent/3.1.2/jandex-parent-3.1.2.pom
#14 208.1 [INFO] Downloaded from central: https://repo.maven.apache.org/maven2/io/smallrye/jandex-parent/3.1.2/jandex-parent-3.1.2.pom (7.2 kB at 101 kB/s)
#14 208.1 [INFO] Downloading from central: https://repo.maven.apache.org/maven2/io/smallrye/smallrye-build-parent/39/smallrye-build-parent-39.pom
#14 208.2 [INFO] Downloaded from central: https://repo.maven.apache.org/maven2/io/smallrye/smallrye-build-parent/39/smallrye-build-parent-39.pom (28 kB at 318 kB/s)
#14 208.2 [INFO] Downloading from central: https://repo.maven.apache.org/maven2/com/fasterxml/classmate/1.5.1/classmate-1.5.1.pom
#14 208.2 [INFO] Downloaded from central: https://repo.maven.apache.org/maven2/com/fasterxml/classmate/1.5.1/classmate-1.5.1.pom (7.3 kB at 92 kB/s)
#14 208.2 [INFO] Downloading from central: https://repo.maven.apache.org/maven2/com/fasterxml/oss-parent/35/oss-parent-35.pom
#14 208.3 [INFO] Downloaded from central: https://repo.maven.apache.org/maven2/com/fasterxml/oss-parent/35/oss-parent-35.pom (23 kB at 219 kB/s)
#14 208.3 [INFO] Downloading from central: https://repo.maven.apache.org/maven2/net/bytebuddy/byte-buddy/1.14.11/byte-buddy-1.14.11.pom
#14 208.4 [INFO] Downloaded from central: https://repo.maven.apache.org/maven2/net/bytebuddy/byte-buddy/1.14.11/byte-buddy-1.14.11.pom (16 kB at 200 kB/s)
#14 208.4 [INFO] Downloading from central: https://repo.maven.apache.org/maven2/net/bytebuddy/byte-buddy-parent/1.14.11/byte-buddy-parent-1.14.11.pom
#14 208.5 [INFO] Downloaded from central: https://repo.maven.apache.org/maven2/net/bytebuddy/byte-buddy-parent/1.14.11/byte-buddy-parent-1.14.11.pom (62 kB at 700 kB/s)
#14 208.5 [INFO] Downloading from central: https://repo.maven.apache.org/maven2/jakarta/xml/bind/jakarta.xml.bind-api/4.0.0/jakarta.xml.bind-api-4.0.0.pom
#14 208.6 [INFO] Downloaded from central: https://repo.maven.apache.org/maven2/jakarta/xml/bind/jakarta.xml.bind-api/4.0.0/jakarta.xml.bind-api-4.0.0.pom (12 kB at 150 kB/s)
#14 208.6 [INFO] Downloading from central: https://repo.maven.apache.org/maven2/jakarta/xml/bind/jakarta.xml.bind-api-parent/4.0.0/jakarta.xml.bind-api-parent-4.0.0.pom
#14 208.7 [INFO] Downloaded from central: https://repo.maven.apache.org/maven2/jakarta/xml/bind/jakarta.xml.bind-api-parent/4.0.0/jakarta.xml.bind-api-parent-4.0.0.pom (9.2 kB at 116 kB/s)
#14 208.7 [INFO] Downloading from central: https://repo.maven.apache.org/maven2/jakarta/activation/jakarta.activation-api/2.1.0/jakarta.activation-api-2.1.0.pom
#14 208.8 [INFO] Downloaded from central: https://repo.maven.apache.org/maven2/jakarta/activation/jakarta.activation-api/2.1.0/jakarta.activation-api-2.1.0.pom (18 kB at 233 kB/s)
#14 208.8 [INFO] Downloading from central: https://repo.maven.apache.org/maven2/org/glassfish/jaxb/jaxb-runtime/4.0.2/jaxb-runtime-4.0.2.pom
#14 208.8 [INFO] Downloaded from central: https://repo.maven.apache.org/maven2/org/glassfish/jaxb/jaxb-runtime/4.0.2/jaxb-runtime-4.0.2.pom (4.8 kB at 66 kB/s)
#14 208.8 [INFO] Downloading from central: https://repo.maven.apache.org/maven2/com/sun/xml/bind/mvn/jaxb-runtime-parent/4.0.2/jaxb-runtime-parent-4.0.2.pom
#14 208.9 [INFO] Downloaded from central: https://repo.maven.apache.org/maven2/com/sun/xml/bind/mvn/jaxb-runtime-parent/4.0.2/jaxb-runtime-parent-4.0.2.pom (1.2 kB at 16 kB/s)
#14 208.9 [INFO] Downloading from central: https://repo.maven.apache.org/maven2/com/sun/xml/bind/mvn/jaxb-parent/4.0.2/jaxb-parent-4.0.2.pom
#14 209.0 [INFO] Downloaded from central: https://repo.maven.apache.org/maven2/com/sun/xml/bind/mvn/jaxb-parent/4.0.2/jaxb-parent-4.0.2.pom (33 kB at 428 kB/s)
#14 209.0 [INFO] Downloading from central: https://repo.maven.apache.org/maven2/com/sun/xml/bind/jaxb-bom-ext/4.0.2/jaxb-bom-ext-4.0.2.pom
#14 209.1 [INFO] Downloaded from central: https://repo.maven.apache.org/maven2/com/sun/xml/bind/jaxb-bom-ext/4.0.2/jaxb-bom-ext-4.0.2.pom (3.5 kB at 46 kB/s)
#14 209.1 [INFO] Downloading from central: https://repo.maven.apache.org/maven2/org/glassfish/jaxb/jaxb-bom/4.0.2/jaxb-bom-4.0.2.pom
#14 209.2 [INFO] Downloaded from central: https://repo.maven.apache.org/maven2/org/glassfish/jaxb/jaxb-bom/4.0.2/jaxb-bom-4.0.2.pom (11 kB at 147 kB/s)
#14 209.2 [INFO] Downloading from central: https://repo.maven.apache.org/maven2/org/glassfish/jaxb/jaxb-core/4.0.2/jaxb-core-4.0.2.pom
#14 209.2 [INFO] Downloaded from central: https://repo.maven.apache.org/maven2/org/glassfish/jaxb/jaxb-core/4.0.2/jaxb-core-4.0.2.pom (3.7 kB at 51 kB/s)
#14 209.2 [INFO] Downloading from central: https://repo.maven.apache.org/maven2/jakarta/activation/jakarta.activation-api/2.1.1/jakarta.activation-api-2.1.1.pom
#14 209.3 [INFO] Downloaded from central: https://repo.maven.apache.org/maven2/jakarta/activation/jakarta.activation-api/2.1.1/jakarta.activation-api-2.1.1.pom (18 kB at 202 kB/s)
#14 209.3 [INFO] Downloading from central: https://repo.maven.apache.org/maven2/org/eclipse/angus/angus-activation/2.0.0/angus-activation-2.0.0.pom
#14 209.4 [INFO] Downloaded from central: https://repo.maven.apache.org/maven2/org/eclipse/angus/angus-activation/2.0.0/angus-activation-2.0.0.pom (4.1 kB at 47 kB/s)
#14 209.4 [INFO] Downloading from central: https://repo.maven.apache.org/maven2/org/eclipse/angus/angus-activation-project/2.0.0/angus-activation-project-2.0.0.pom
#14 209.5 [INFO] Downloaded from central: https://repo.maven.apache.org/maven2/org/eclipse/angus/angus-activation-project/2.0.0/angus-activation-project-2.0.0.pom (20 kB at 246 kB/s)
#14 209.5 [INFO] Downloading from central: https://repo.maven.apache.org/maven2/org/glassfish/jaxb/txw2/4.0.2/txw2-4.0.2.pom
#14 209.6 [INFO] Downloaded from central: https://repo.maven.apache.org/maven2/org/glassfish/jaxb/txw2/4.0.2/txw2-4.0.2.pom (1.8 kB at 22 kB/s)
#14 209.6 [INFO] Downloading from central: https://repo.maven.apache.org/maven2/com/sun/xml/bind/mvn/jaxb-txw-parent/4.0.2/jaxb-txw-parent-4.0.2.pom
#14 209.7 [INFO] Downloaded from central: https://repo.maven.apache.org/maven2/com/sun/xml/bind/mvn/jaxb-txw-parent/4.0.2/jaxb-txw-parent-4.0.2.pom (1.2 kB at 17 kB/s)
#14 209.7 [INFO] Downloading from central: https://repo.maven.apache.org/maven2/com/sun/istack/istack-commons-runtime/4.1.1/istack-commons-runtime-4.1.1.pom
#14 209.7 [INFO] Downloaded from central: https://repo.maven.apache.org/maven2/com/sun/istack/istack-commons-runtime/4.1.1/istack-commons-runtime-4.1.1.pom (2.3 kB at 31 kB/s)
#14 209.7 [INFO] Downloading from central: https://repo.maven.apache.org/maven2/com/sun/istack/istack-commons/4.1.1/istack-commons-4.1.1.pom
#14 209.8 [INFO] Downloaded from central: https://repo.maven.apache.org/maven2/com/sun/istack/istack-commons/4.1.1/istack-commons-4.1.1.pom (24 kB at 319 kB/s)
#14 209.8 [INFO] Downloading from central: https://repo.maven.apache.org/maven2/jakarta/inject/jakarta.inject-api/2.0.1/jakarta.inject-api-2.0.1.pom
#14 209.9 [INFO] Downloaded from central: https://repo.maven.apache.org/maven2/jakarta/inject/jakarta.inject-api/2.0.1/jakarta.inject-api-2.0.1.pom (5.9 kB at 79 kB/s)
#14 209.9 [INFO] Downloading from central: https://repo.maven.apache.org/maven2/org/antlr/antlr4-runtime/4.13.0/antlr4-runtime-4.13.0.pom
#14 210.0 [INFO] Downloaded from central: https://repo.maven.apache.org/maven2/org/antlr/antlr4-runtime/4.13.0/antlr4-runtime-4.13.0.pom (3.6 kB at 32 kB/s)
#14 210.0 [INFO] Downloading from central: https://repo.maven.apache.org/maven2/org/antlr/antlr4-master/4.13.0/antlr4-master-4.13.0.pom
#14 210.1 [INFO] Downloaded from central: https://repo.maven.apache.org/maven2/org/antlr/antlr4-master/4.13.0/antlr4-master-4.13.0.pom (4.8 kB at 71 kB/s)
#14 210.1 [INFO] Downloading from central: https://repo.maven.apache.org/maven2/org/springframework/data/spring-data-jpa/3.2.5/spring-data-jpa-3.2.5.pom
#14 210.1 [INFO] Downloaded from central: https://repo.maven.apache.org/maven2/org/springframework/data/spring-data-jpa/3.2.5/spring-data-jpa-3.2.5.pom (11 kB at 155 kB/s)
#14 210.1 [INFO] Downloading from central: https://repo.maven.apache.org/maven2/org/springframework/data/spring-data-jpa-parent/3.2.5/spring-data-jpa-parent-3.2.5.pom
#14 210.2 [INFO] Downloaded from central: https://repo.maven.apache.org/maven2/org/springframework/data/spring-data-jpa-parent/3.2.5/spring-data-jpa-parent-3.2.5.pom (8.1 kB at 109 kB/s)
#14 210.2 [INFO] Downloading from central: https://repo.maven.apache.org/maven2/org/springframework/spring-orm/6.1.6/spring-orm-6.1.6.pom
#14 210.3 [INFO] Downloaded from central: https://repo.maven.apache.org/maven2/org/springframework/spring-orm/6.1.6/spring-orm-6.1.6.pom (2.6 kB at 41 kB/s)
#14 210.3 [INFO] Downloading from central: https://repo.maven.apache.org/maven2/jakarta/annotation/jakarta.annotation-api/2.0.0/jakarta.annotation-api-2.0.0.pom
#14 210.4 [INFO] Downloaded from central: https://repo.maven.apache.org/maven2/jakarta/annotation/jakarta.annotation-api/2.0.0/jakarta.annotation-api-2.0.0.pom (16 kB at 237 kB/s)
#14 210.4 [INFO] Downloading from central: https://repo.maven.apache.org/maven2/org/springframework/spring-aspects/6.1.6/spring-aspects-6.1.6.pom
#14 210.4 [INFO] Downloaded from central: https://repo.maven.apache.org/maven2/org/springframework/spring-aspects/6.1.6/spring-aspects-6.1.6.pom (2.0 kB at 29 kB/s)
#14 210.4 [INFO] Downloading from central: https://repo.maven.apache.org/maven2/org/springframework/boot/spring-boot-starter-data-jpa/3.2.5/spring-boot-starter-data-jpa-3.2.5.jar
#14 210.5 [INFO] Downloaded from central: https://repo.maven.apache.org/maven2/org/springframework/boot/spring-boot-starter-data-jpa/3.2.5/spring-boot-starter-data-jpa-3.2.5.jar (4.8 kB at 72 kB/s)
#14 210.5 [INFO] Downloading from central: https://repo.maven.apache.org/maven2/org/springframework/boot/spring-boot-starter-aop/3.2.5/spring-boot-starter-aop-3.2.5.jar
#14 210.5 [INFO] Downloading from central: https://repo.maven.apache.org/maven2/org/aspectj/aspectjweaver/1.9.22/aspectjweaver-1.9.22.jar
#14 210.5 [INFO] Downloading from central: https://repo.maven.apache.org/maven2/org/springframework/boot/spring-boot-starter-jdbc/3.2.5/spring-boot-starter-jdbc-3.2.5.jar
#14 210.5 [INFO] Downloading from central: https://repo.maven.apache.org/maven2/com/zaxxer/HikariCP/5.0.1/HikariCP-5.0.1.jar
#14 210.5 [INFO] Downloading from central: https://repo.maven.apache.org/maven2/org/springframework/spring-jdbc/6.1.6/spring-jdbc-6.1.6.jar
#14 210.6 [INFO] Downloaded from central: https://repo.maven.apache.org/maven2/org/springframework/boot/spring-boot-starter-aop/3.2.5/spring-boot-starter-aop-3.2.5.jar (4.8 kB at 68 kB/s)
#14 210.6 [INFO] Downloading from central: https://repo.maven.apache.org/maven2/org/hibernate/orm/hibernate-core/6.4.4.Final/hibernate-core-6.4.4.Final.jar
#14 210.6 [INFO] Downloaded from central: https://repo.maven.apache.org/maven2/org/springframework/boot/spring-boot-starter-jdbc/3.2.5/spring-boot-starter-jdbc-3.2.5.jar (4.8 kB at 44 kB/s)
#14 210.6 [INFO] Downloading from central: https://repo.maven.apache.org/maven2/jakarta/persistence/jakarta.persistence-api/3.1.0/jakarta.persistence-api-3.1.0.jar
#14 211.1 [INFO] Downloaded from central: https://repo.maven.apache.org/maven2/jakarta/persistence/jakarta.persistence-api/3.1.0/jakarta.persistence-api-3.1.0.jar (165 kB at 282 kB/s)
#14 211.1 [INFO] Downloading from central: https://repo.maven.apache.org/maven2/jakarta/transaction/jakarta.transaction-api/2.0.1/jakarta.transaction-api-2.0.1.jar
#14 211.1 [INFO] Downloaded from central: https://repo.maven.apache.org/maven2/com/zaxxer/HikariCP/5.0.1/HikariCP-5.0.1.jar (162 kB at 269 kB/s)
#14 211.1 [INFO] Downloading from central: https://repo.maven.apache.org/maven2/org/jboss/logging/jboss-logging/3.5.0.Final/jboss-logging-3.5.0.Final.jar
#14 211.3 [INFO] Downloaded from central: https://repo.maven.apache.org/maven2/jakarta/transaction/jakarta.transaction-api/2.0.1/jakarta.transaction-api-2.0.1.jar (29 kB at 36 kB/s)
#14 211.3 [INFO] Downloading from central: https://repo.maven.apache.org/maven2/org/hibernate/common/hibernate-commons-annotations/6.0.6.Final/hibernate-commons-annotations-6.0.6.Final.jar
#14 211.5 [INFO] Downloaded from central: https://repo.maven.apache.org/maven2/org/springframework/spring-jdbc/6.1.6/spring-jdbc-6.1.6.jar (467 kB at 488 kB/s)
#14 211.5 [INFO] Downloading from central: https://repo.maven.apache.org/maven2/io/smallrye/jandex/3.1.2/jandex-3.1.2.jar
#14 211.5 [INFO] Downloaded from central: https://repo.maven.apache.org/maven2/org/hibernate/common/hibernate-commons-annotations/6.0.6.Final/hibernate-commons-annotations-6.0.6.Final.jar (68 kB at 69 kB/s)
#14 211.5 [INFO] Downloading from central: https://repo.maven.apache.org/maven2/com/fasterxml/classmate/1.5.1/classmate-1.5.1.jar
#14 211.6 [INFO] Downloaded from central: https://repo.maven.apache.org/maven2/org/jboss/logging/jboss-logging/3.5.0.Final/jboss-logging-3.5.0.Final.jar (63 kB at 57 kB/s)
#14 211.6 [INFO] Downloading from central: https://repo.maven.apache.org/maven2/net/bytebuddy/byte-buddy/1.14.11/byte-buddy-1.14.11.jar
#14 211.8 [INFO] Downloaded from central: https://repo.maven.apache.org/maven2/com/fasterxml/classmate/1.5.1/classmate-1.5.1.jar (68 kB at 51 kB/s)
#14 211.8 [INFO] Downloading from central: https://repo.maven.apache.org/maven2/jakarta/xml/bind/jakarta.xml.bind-api/4.0.0/jakarta.xml.bind-api-4.0.0.jar
#14 212.2 [INFO] Downloaded from central: https://repo.maven.apache.org/maven2/jakarta/xml/bind/jakarta.xml.bind-api/4.0.0/jakarta.xml.bind-api-4.0.0.jar (127 kB at 73 kB/s)
#14 212.2 [INFO] Downloading from central: https://repo.maven.apache.org/maven2/jakarta/activation/jakarta.activation-api/2.1.0/jakarta.activation-api-2.1.0.jar
#14 212.3 [INFO] Downloaded from central: https://repo.maven.apache.org/maven2/io/smallrye/jandex/3.1.2/jandex-3.1.2.jar (327 kB at 182 kB/s)
#14 212.3 [INFO] Downloading from central: https://repo.maven.apache.org/maven2/org/glassfish/jaxb/jaxb-runtime/4.0.2/jaxb-runtime-4.0.2.jar
#14 212.5 [INFO] Downloaded from central: https://repo.maven.apache.org/maven2/jakarta/activation/jakarta.activation-api/2.1.0/jakarta.activation-api-2.1.0.jar (63 kB at 32 kB/s)
#14 212.5 [INFO] Downloading from central: https://repo.maven.apache.org/maven2/org/glassfish/jaxb/jaxb-core/4.0.2/jaxb-core-4.0.2.jar
#14 213.2 [INFO] Downloaded from central: https://repo.maven.apache.org/maven2/org/glassfish/jaxb/jaxb-core/4.0.2/jaxb-core-4.0.2.jar (139 kB at 52 kB/s)
#14 213.2 [INFO] Downloading from central: https://repo.maven.apache.org/maven2/org/eclipse/angus/angus-activation/2.0.0/angus-activation-2.0.0.jar
#14 213.7 [INFO] Downloaded from central: https://repo.maven.apache.org/maven2/org/eclipse/angus/angus-activation/2.0.0/angus-activation-2.0.0.jar (27 kB at 8.7 kB/s)
#14 213.7 [INFO] Downloading from central: https://repo.maven.apache.org/maven2/org/glassfish/jaxb/txw2/4.0.2/txw2-4.0.2.jar
#14 214.1 [INFO] Downloaded from central: https://repo.maven.apache.org/maven2/org/glassfish/jaxb/txw2/4.0.2/txw2-4.0.2.jar (73 kB at 21 kB/s)
#14 214.1 [INFO] Downloading from central: https://repo.maven.apache.org/maven2/com/sun/istack/istack-commons-runtime/4.1.1/istack-commons-runtime-4.1.1.jar
#14 214.1 [INFO] Downloaded from central: https://repo.maven.apache.org/maven2/org/aspectj/aspectjweaver/1.9.22/aspectjweaver-1.9.22.jar (2.2 MB at 609 kB/s)
#14 214.1 [INFO] Downloading from central: https://repo.maven.apache.org/maven2/jakarta/inject/jakarta.inject-api/2.0.1/jakarta.inject-api-2.0.1.jar
#14 214.2 [INFO] Downloaded from central: https://repo.maven.apache.org/maven2/jakarta/inject/jakarta.inject-api/2.0.1/jakarta.inject-api-2.0.1.jar (11 kB at 2.9 kB/s)
#14 214.2 [INFO] Downloading from central: https://repo.maven.apache.org/maven2/org/antlr/antlr4-runtime/4.13.0/antlr4-runtime-4.13.0.jar
#14 214.2 [INFO] Downloaded from central: https://repo.maven.apache.org/maven2/com/sun/istack/istack-commons-runtime/4.1.1/istack-commons-runtime-4.1.1.jar (26 kB at 7.0 kB/s)
#14 214.2 [INFO] Downloading from central: https://repo.maven.apache.org/maven2/org/springframework/data/spring-data-jpa/3.2.5/spring-data-jpa-3.2.5.jar
#14 214.6 [INFO] Downloaded from central: https://repo.maven.apache.org/maven2/org/glassfish/jaxb/jaxb-runtime/4.0.2/jaxb-runtime-4.0.2.jar (908 kB at 222 kB/s)
#14 214.6 [INFO] Downloading from central: https://repo.maven.apache.org/maven2/org/springframework/spring-orm/6.1.6/spring-orm-6.1.6.jar
#14 214.7 [INFO] Downloaded from central: https://repo.maven.apache.org/maven2/org/antlr/antlr4-runtime/4.13.0/antlr4-runtime-4.13.0.jar (326 kB at 77 kB/s)
#14 214.7 [INFO] Downloading from central: https://repo.maven.apache.org/maven2/jakarta/annotation/jakarta.annotation-api/2.0.0/jakarta.annotation-api-2.0.0.jar
#14 214.8 [INFO] Downloaded from central: https://repo.maven.apache.org/maven2/jakarta/annotation/jakarta.annotation-api/2.0.0/jakarta.annotation-api-2.0.0.jar (25 kB at 5.9 kB/s)
#14 214.8 [INFO] Downloading from central: https://repo.maven.apache.org/maven2/org/springframework/spring-aspects/6.1.6/spring-aspects-6.1.6.jar
#14 215.0 [INFO] Downloaded from central: https://repo.maven.apache.org/maven2/org/springframework/spring-aspects/6.1.6/spring-aspects-6.1.6.jar (50 kB at 11 kB/s)
#14 215.2 [INFO] Downloaded from central: https://repo.maven.apache.org/maven2/org/springframework/spring-orm/6.1.6/spring-orm-6.1.6.jar (237 kB at 50 kB/s)
#14 220.0 [INFO] Downloaded from central: https://repo.maven.apache.org/maven2/net/bytebuddy/byte-buddy/1.14.11/byte-buddy-1.14.11.jar (4.2 MB at 442 kB/s)
#14 220.7 [INFO] Downloaded from central: https://repo.maven.apache.org/maven2/org/springframework/data/spring-data-jpa/3.2.5/spring-data-jpa-3.2.5.jar (1.5 MB at 150 kB/s)
#14 228.0 [INFO] Downloaded from central: https://repo.maven.apache.org/maven2/org/hibernate/orm/hibernate-core/6.4.4.Final/hibernate-core-6.4.4.Final.jar (12 MB at 661 kB/s)
#14 228.0 [INFO] Downloading from central: https://repo.maven.apache.org/maven2/org/springframework/security/spring-security-oauth2-authorization-server/1.2.4/spring-security-oauth2-authorization-server-1.2.4.pom
#14 228.1 [INFO] Downloaded from central: https://repo.maven.apache.org/maven2/org/springframework/security/spring-security-oauth2-authorization-server/1.2.4/spring-security-oauth2-authorization-server-1.2.4.pom (4.1 kB at 59 kB/s)
#14 228.1 [INFO] Downloading from central: https://repo.maven.apache.org/maven2/org/springframework/security/spring-security-oauth2-resource-server/6.2.4/spring-security-oauth2-resource-server-6.2.4.pom
#14 228.2 [INFO] Downloaded from central: https://repo.maven.apache.org/maven2/org/springframework/security/spring-security-oauth2-resource-server/6.2.4/spring-security-oauth2-resource-server-6.2.4.pom (2.7 kB at 37 kB/s)
#14 228.2 [INFO] Downloading from central: https://repo.maven.apache.org/maven2/com/nimbusds/nimbus-jose-jwt/9.37.3/nimbus-jose-jwt-9.37.3.pom
#14 228.3 [INFO] Downloaded from central: https://repo.maven.apache.org/maven2/com/nimbusds/nimbus-jose-jwt/9.37.3/nimbus-jose-jwt-9.37.3.pom (13 kB at 171 kB/s)
#14 228.3 [INFO] Downloading from central: https://repo.maven.apache.org/maven2/com/fasterxml/jackson/core/jackson-databind/2.16.2/jackson-databind-2.16.2.pom
#14 228.3 [INFO] Downloaded from central: https://repo.maven.apache.org/maven2/com/fasterxml/jackson/core/jackson-databind/2.16.2/jackson-databind-2.16.2.pom (21 kB at 289 kB/s)
#14 228.3 [INFO] Downloading from central: https://repo.maven.apache.org/maven2/com/fasterxml/jackson/jackson-base/2.16.2/jackson-base-2.16.2.pom
#14 228.4 [INFO] Downloaded from central: https://repo.maven.apache.org/maven2/com/fasterxml/jackson/jackson-base/2.16.2/jackson-base-2.16.2.pom (11 kB at 151 kB/s)
#14 228.4 [INFO] Downloading from central: https://repo.maven.apache.org/maven2/com/fasterxml/jackson/jackson-bom/2.16.2/jackson-bom-2.16.2.pom
#14 228.5 [INFO] Downloaded from central: https://repo.maven.apache.org/maven2/com/fasterxml/jackson/jackson-bom/2.16.2/jackson-bom-2.16.2.pom (18 kB at 256 kB/s)
#14 228.5 [INFO] Downloading from central: https://repo.maven.apache.org/maven2/com/fasterxml/jackson/jackson-parent/2.16/jackson-parent-2.16.pom
#14 228.6 [INFO] Downloaded from central: https://repo.maven.apache.org/maven2/com/fasterxml/jackson/jackson-parent/2.16/jackson-parent-2.16.pom (6.5 kB at 91 kB/s)
#14 228.6 [INFO] Downloading from central: https://repo.maven.apache.org/maven2/com/fasterxml/oss-parent/56/oss-parent-56.pom
#14 228.6 [INFO] Downloaded from central: https://repo.maven.apache.org/maven2/com/fasterxml/oss-parent/56/oss-parent-56.pom (24 kB at 341 kB/s)
#14 228.6 [INFO] Downloading from central: https://repo.maven.apache.org/maven2/com/fasterxml/jackson/core/jackson-annotations/2.16.2/jackson-annotations-2.16.2.pom
#14 228.7 [INFO] Downloaded from central: https://repo.maven.apache.org/maven2/com/fasterxml/jackson/core/jackson-annotations/2.16.2/jackson-annotations-2.16.2.pom (7.1 kB at 99 kB/s)
#14 228.7 [INFO] Downloading from central: https://repo.maven.apache.org/maven2/com/fasterxml/jackson/core/jackson-core/2.16.2/jackson-core-2.16.2.pom
#14 228.8 [INFO] Downloaded from central: https://repo.maven.apache.org/maven2/com/fasterxml/jackson/core/jackson-core/2.16.2/jackson-core-2.16.2.pom (9.9 kB at 136 kB/s)
#14 228.8 [INFO] Downloading from central: https://repo.maven.apache.org/maven2/org/springframework/security/spring-security-oauth2-authorization-server/1.2.4/spring-security-oauth2-authorization-server-1.2.4.jar
#14 229.2 [INFO] Downloaded from central: https://repo.maven.apache.org/maven2/org/springframework/security/spring-security-oauth2-authorization-server/1.2.4/spring-security-oauth2-authorization-server-1.2.4.jar (512 kB at 1.4 MB/s)
#14 229.2 [INFO] Downloading from central: https://repo.maven.apache.org/maven2/org/springframework/security/spring-security-oauth2-resource-server/6.2.4/spring-security-oauth2-resource-server-6.2.4.jar
#14 229.2 [INFO] Downloading from central: https://repo.maven.apache.org/maven2/com/nimbusds/nimbus-jose-jwt/9.37.3/nimbus-jose-jwt-9.37.3.jar
#14 229.2 [INFO] Downloading from central: https://repo.maven.apache.org/maven2/com/fasterxml/jackson/core/jackson-databind/2.16.2/jackson-databind-2.16.2.jar
#14 229.2 [INFO] Downloading from central: https://repo.maven.apache.org/maven2/com/fasterxml/jackson/core/jackson-annotations/2.16.2/jackson-annotations-2.16.2.jar
#14 229.2 [INFO] Downloading from central: https://repo.maven.apache.org/maven2/com/fasterxml/jackson/core/jackson-core/2.16.2/jackson-core-2.16.2.jar
#14 229.6 [INFO] Downloaded from central: https://repo.maven.apache.org/maven2/org/springframework/security/spring-security-oauth2-resource-server/6.2.4/spring-security-oauth2-resource-server-6.2.4.jar (99 kB at 218 kB/s)
#14 229.6 [INFO] Downloaded from central: https://repo.maven.apache.org/maven2/com/fasterxml/jackson/core/jackson-annotations/2.16.2/jackson-annotations-2.16.2.jar (78 kB at 161 kB/s)
#14 230.2 [INFO] Downloaded from central: https://repo.maven.apache.org/maven2/com/fasterxml/jackson/core/jackson-core/2.16.2/jackson-core-2.16.2.jar (583 kB at 567 kB/s)
#14 230.9 [INFO] Downloaded from central: https://repo.maven.apache.org/maven2/com/nimbusds/nimbus-jose-jwt/9.37.3/nimbus-jose-jwt-9.37.3.jar (779 kB at 450 kB/s)
#14 231.3 [INFO] Downloaded from central: https://repo.maven.apache.org/maven2/com/fasterxml/jackson/core/jackson-databind/2.16.2/jackson-databind-2.16.2.jar (1.6 MB at 767 kB/s)
#14 231.3 [INFO] Resolved plugin: jetty-servlet-9.4.46.v20220331.jar
#14 231.3 [INFO] Resolved plugin: maven-compiler-plugin-3.11.0.jar
#14 231.3 [INFO] Resolved plugin: doxia-module-twiki-1.11.1.jar
#14 231.3 [INFO] Resolved plugin: jdependency-2.8.0.jar
#14 231.3 [INFO] Resolved plugin: maven-deploy-plugin-3.1.1.jar
#14 231.3 [INFO] Resolved plugin: velocity-tools-2.0.jar
#14 231.3 [INFO] Resolved plugin: flexmark-ext-gfm-tasklist-0.42.14.jar
#14 231.3 [INFO] Resolved plugin: flexmark-ext-admonition-0.42.14.jar
#14 231.3 [INFO] Resolved plugin: jna-5.13.0.jar
#14 231.3 [INFO] Resolved plugin: maven-core-3.2.5.jar
#14 231.3 [INFO] Resolved plugin: flexmark-ext-footnotes-0.42.14.jar
#14 231.3 [INFO] Resolved plugin: flexmark-ext-gfm-strikethrough-0.42.14.jar
#14 231.3 [INFO] Resolved plugin: flexmark-ext-media-tags-0.42.14.jar
#14 231.3 [INFO] Resolved plugin: doxia-module-xhtml-1.11.1.jar
#14 231.3 [INFO] Resolved plugin: flexmark-util-0.42.14.jar
#14 231.3 [INFO] Resolved plugin: flexmark-ext-anchorlink-0.42.14.jar
#14 231.3 [INFO] Resolved plugin: aether-api-1.0.0.v20140518.jar
#14 231.3 [INFO] Resolved plugin: autolink-0.6.0.jar
#14 231.3 [INFO] Resolved plugin: maven-filtering-3.3.1.jar
#14 231.3 [INFO] Resolved plugin: maven-clean-plugin-3.3.2.jar
#14 231.3 [INFO] Resolved plugin: doxia-skin-model-1.11.1.jar
#14 231.3 [INFO] Resolved plugin: dom4j-1.1.jar
#14 231.3 [INFO] Resolved plugin: flexmark-youtrack-converter-0.42.14.jar
#14 231.3 [INFO] Resolved plugin: maven-jar-plugin-3.3.0.jar
#14 231.3 [INFO] Resolved plugin: tomlj-1.0.0.jar
#14 231.3 [INFO] Resolved plugin: httpclient-4.5.13.jar
#14 231.3 [INFO] Resolved plugin: flexmark-ext-toc-0.42.14.jar
#14 231.3 [INFO] Resolved plugin: qdox-2.0.3.jar
#14 231.3 [INFO] Resolved plugin: plexus-compiler-manager-2.13.0.jar
#14 231.3 [INFO] Resolved plugin: jetty-http-9.4.46.v20220331.jar
#14 231.3 [INFO] Resolved plugin: flexmark-jira-converter-0.42.14.jar
#14 231.3 [INFO] Resolved plugin: maven-reporting-api-3.1.1.jar
#14 231.3 [INFO] Resolved plugin: maven-plugin-api-3.2.5.jar
#14 231.3 [INFO] Resolved plugin: sisu-guice-3.2.3-no_aop.jar
#14 231.3 [INFO] Resolved plugin: flexmark-ext-attributes-0.42.14.jar
#14 231.3 [INFO] Resolved plugin: commons-lang3-3.8.1.jar
#14 231.3 [INFO] Resolved plugin: maven-aether-provider-3.2.5.jar
#14 231.3 [INFO] Resolved plugin: aether-util-1.0.0.v20140518.jar
#14 231.3 [INFO] Resolved plugin: jetty-security-9.4.46.v20220331.jar
#14 231.3 [INFO] Resolved plugin: maven-archiver-3.6.0.jar
#14 231.3 [INFO] Resolved plugin: commons-io-2.12.0.jar
#14 231.3 [INFO] Resolved plugin: plexus-compiler-api-2.13.0.jar
#14 231.3 [INFO] Resolved plugin: org.eclipse.sisu.plexus-0.3.5.jar
#14 231.3 [INFO] Resolved plugin: spring-boot-loader-tools-3.2.5.jar
#14 231.3 [INFO] Resolved plugin: micrometer-commons-1.12.5.jar
#14 231.3 [INFO] Resolved plugin: doxia-core-1.11.1.jar
#14 231.3 [INFO] Resolved plugin: flexmark-ext-ins-0.42.14.jar
#14 231.3 [INFO] Resolved plugin: surefire-shared-utils-3.1.2.jar
#14 231.3 [INFO] Resolved plugin: maven-install-plugin-3.1.1.jar
#14 231.3 [INFO] Resolved plugin: google-collections-1.0.jar
#14 231.3 [INFO] Resolved plugin: plexus-java-1.1.2.jar
#14 231.3 [INFO] Resolved plugin: flexmark-ext-emoji-0.42.14.jar
#14 231.3 [INFO] Resolved plugin: doxia-integration-tools-1.11.1.jar
#14 231.3 [INFO] Resolved plugin: httpcore5-5.2.4.jar
#14 231.3 [INFO] Resolved plugin: plexus-component-annotations-1.5.5.jar
#14 231.3 [INFO] Resolved plugin: maven-repository-metadata-3.2.5.jar
#14 231.3 [INFO] Resolved plugin: surefire-api-3.1.2.jar
#14 231.3 [INFO] Resolved plugin: flexmark-ext-jekyll-front-matter-0.42.14.jar
#14 231.3 [INFO] Resolved plugin: doxia-decoration-model-1.11.1.jar
#14 231.3 [INFO] Resolved plugin: flexmark-all-0.42.14.jar
#14 231.3 [INFO] Resolved plugin: plexus-utils-3.5.0.jar
#14 231.3 [INFO] Resolved plugin: maven-shared-incremental-1.1.jar
#14 231.3 [INFO] Resolved plugin: file-management-3.1.0.jar
#14 231.3 [INFO] Resolved plugin: plexus-archiver-4.4.0.jar
#14 231.3 [INFO] Resolved plugin: jetty-webapp-9.4.46.v20220331.jar
#14 231.3 [INFO] Resolved plugin: plexus-io-3.2.0.jar
#14 231.3 [INFO] Resolved plugin: xbean-reflect-3.7.jar
#14 231.3 [INFO] Resolved plugin: maven-reporting-exec-1.6.0.jar
#14 231.3 [INFO] Resolved plugin: doxia-sink-api-1.11.1.jar
#14 231.3 [INFO] Resolved plugin: jetty-xml-9.4.46.v20220331.jar
#14 231.3 [INFO] Resolved plugin: plexus-velocity-1.2.jar
#14 231.3 [INFO] Resolved plugin: plexus-container-default-2.1.0.jar
#14 231.3 [INFO] Resolved plugin: commons-codec-1.11.jar
#14 231.3 [INFO] Resolved plugin: snappy-0.4.jar
#14 231.3 [INFO] Resolved plugin: surefire-logger-api-3.1.2.jar
#14 231.3 [INFO] Resolved plugin: maven-surefire-plugin-3.1.2.jar
#14 231.3 [INFO] Resolved plugin: jsr305-3.0.2.jar
#14 231.3 [INFO] Resolved plugin: plexus-compiler-javac-2.13.0.jar
#14 231.3 [INFO] Resolved plugin: plexus-build-api-0.0.7.jar
#14 231.3 [INFO] Resolved plugin: commons-compress-1.21.jar
#14 231.3 [INFO] Resolved plugin: asm-9.5.jar
#14 231.3 [INFO] Resolved plugin: maven-dependency-tree-3.2.1.jar
#14 231.3 [INFO] Resolved plugin: doxia-module-fml-1.11.1.jar
#14 231.3 [INFO] Resolved plugin: commons-digester-1.8.jar
#14 231.3 [INFO] Resolved plugin: jetty-server-9.4.46.v20220331.jar
#14 231.3 [INFO] Resolved plugin: flexmark-ext-abbreviation-0.42.14.jar
#14 231.3 [INFO] Resolved plugin: maven-archiver-3.5.2.jar
#14 231.3 [INFO] Resolved plugin: httpcore5-h2-5.2.4.jar
#14 231.3 [INFO] Resolved plugin: flexmark-ext-definition-0.42.14.jar
#14 231.3 [INFO] Resolved plugin: doxia-logging-api-1.11.1.jar
#14 231.3 [INFO] Resolved plugin: flexmark-ext-yaml-front-matter-0.42.14.jar
#14 231.3 [INFO] Resolved plugin: spring-boot-maven-plugin-3.2.5.jar
#14 231.3 [INFO] Resolved plugin: maven-shade-plugin-3.5.0.jar
#14 231.3 [INFO] Resolved plugin: maven-site-plugin-3.12.1.jar
#14 231.3 [INFO] Resolved plugin: flexmark-ext-superscript-0.42.14.jar
#14 231.3 [INFO] Resolved plugin: commons-collections-3.2.2.jar
#14 231.3 [INFO] Resolved plugin: surefire-extensions-spi-3.1.2.jar
#14 231.3 [INFO] Resolved plugin: doxia-module-markdown-1.11.1.jar
#14 231.3 [INFO] Resolved plugin: flexmark-ext-xwiki-macros-0.42.14.jar
#14 231.3 [INFO] Resolved plugin: spring-context-6.1.6.jar
#14 231.3 [INFO] Resolved plugin: plexus-io-3.4.0.jar
#14 231.3 [INFO] Resolved plugin: commons-compress-1.20.jar
#14 231.3 [INFO] Resolved plugin: maven-resources-plugin-3.3.1.jar
#14 231.3 [INFO] Resolved plugin: asm-9.4.jar
#14 231.3 [INFO] Resolved plugin: velocity-1.7.jar
#14 231.3 [INFO] Resolved plugin: plexus-utils-3.5.1.jar
#14 231.3 [INFO] Resolved plugin: httpclient5-5.2.3.jar
#14 231.3 [INFO] Resolved plugin: aopalliance-1.0.jar
#14 231.3 [INFO] Resolved plugin: aether-spi-1.0.0.v20140518.jar
#14 231.3 [INFO] Resolved plugin: plexus-interpolation-1.26.jar
#14 231.3 [INFO] Resolved plugin: maven-settings-builder-3.2.5.jar
#14 231.3 [INFO] Resolved plugin: httpcore-4.4.14.jar
#14 231.3 [INFO] Resolved plugin: surefire-booter-3.1.2.jar
#14 231.3 [INFO] Resolved plugin: commons-lang3-3.12.0.jar
#14 231.3 [INFO] Resolved plugin: maven-artifact-3.2.5.jar
#14 231.3 [INFO] Resolved plugin: flexmark-ext-enumerated-reference-0.42.14.jar
#14 231.3 [INFO] Resolved plugin: plexus-component-annotations-2.1.1.jar
#14 231.3 [INFO] Resolved plugin: maven-surefire-common-3.1.2.jar
#14 231.3 [INFO] Resolved plugin: spring-beans-6.1.6.jar
#14 231.3 [INFO] Resolved plugin: commons-logging-1.2.jar
#14 231.3 [INFO] Resolved plugin: flexmark-ext-escaped-character-0.42.14.jar
#14 231.3 [INFO] Resolved plugin: jackson-annotations-2.14.2.jar
#14 231.3 [INFO] Resolved plugin: plexus-cipher-1.4.jar
#14 231.3 [INFO] Resolved plugin: flexmark-0.42.14.jar
#14 231.3 [INFO] Resolved plugin: plexus-utils-3.4.2.jar
#14 231.3 [INFO] Resolved plugin: flexmark-ext-aside-0.42.14.jar
#14 231.3 [INFO] Resolved plugin: flexmark-ext-wikilink-0.42.14.jar
#14 231.3 [INFO] Resolved plugin: spring-jcl-6.1.6.jar
#14 231.3 [INFO] Resolved plugin: org.eclipse.sisu.inject-0.3.5.jar
#14 231.3 [INFO] Resolved plugin: flexmark-ext-gfm-tables-0.42.14.jar
#14 231.3 [INFO] Resolved plugin: antlr4-runtime-4.7.2.jar
#14 231.3 [INFO] Resolved plugin: spring-aop-6.1.6.jar
#14 231.3 [INFO] Resolved plugin: commons-io-2.11.0.jar
#14 231.3 [INFO] Resolved plugin: jetty-io-9.4.46.v20220331.jar
#14 231.3 [INFO] Resolved plugin: plexus-utils-1.5.8.jar
#14 231.3 [INFO] Resolved plugin: cdi-api-1.2.jar
#14 231.3 [INFO] Resolved plugin: commons-chain-1.1.jar
#14 231.3 [INFO] Resolved plugin: spring-expression-6.1.6.jar
#14 231.3 [INFO] Resolved plugin: flexmark-html-parser-0.42.14.jar
#14 231.3 [INFO] Resolved plugin: javax.inject-1.jar
#14 231.3 [INFO] Resolved plugin: asm-tree-9.5.jar
#14 231.3 [INFO] Resolved plugin: maven-shared-utils-3.3.4.jar
#14 231.3 [INFO] Resolved plugin: javax.servlet-api-3.1.0.jar
#14 231.3 [INFO] Resolved plugin: jetty-util-ajax-9.4.46.v20220331.jar
#14 231.3 [INFO] Resolved plugin: commons-io-2.13.0.jar
#14 231.3 [INFO] Resolved plugin: maven-settings-3.2.5.jar
#14 231.3 [INFO] Resolved plugin: jna-platform-5.13.0.jar
#14 231.3 [INFO] Resolved plugin: jackson-core-2.14.2.jar
#14 231.3 [INFO] Resolved plugin: jsoup-1.10.2.jar
#14 231.3 [INFO] Resolved plugin: oro-2.0.8.jar
#14 231.3 [INFO] Resolved plugin: maven-common-artifact-filters-3.3.2.jar
#14 231.3 [INFO] Resolved plugin: xz-1.9.jar
#14 231.3 [INFO] Resolved plugin: aether-impl-1.0.0.v20140518.jar
#14 231.3 [INFO] Resolved plugin: commons-text-1.3.jar
#14 231.3 [INFO] Resolved plugin: plexus-utils-4.0.0.jar
#14 231.3 [INFO] Resolved plugin: commons-lang-2.4.jar
#14 231.3 [INFO] Resolved plugin: slf4j-api-1.7.36.jar
#14 231.3 [INFO] Resolved plugin: doxia-module-apt-1.11.1.jar
#14 231.3 [INFO] Resolved plugin: flexmark-ext-gfm-issues-0.42.14.jar
#14 231.3 [INFO] Resolved plugin: jetty-util-9.4.46.v20220331.jar
#14 231.3 [INFO] Resolved plugin: maven-model-builder-3.2.5.jar
#14 231.3 [INFO] Resolved plugin: jackson-databind-2.14.2.jar
#14 231.3 [INFO] Resolved plugin: plexus-archiver-4.2.7.jar
#14 231.3 [INFO] Resolved plugin: commons-io-2.6.jar
#14 231.3 [INFO] Resolved plugin: flexmark-ext-youtube-embedded-0.42.14.jar
#14 231.3 [INFO] Resolved plugin: flexmark-formatter-0.42.14.jar
#14 231.3 [INFO] Resolved plugin: maven-model-3.2.5.jar
#14 231.3 [INFO] Resolved plugin: jdom2-2.0.6.1.jar
#14 231.3 [INFO] Resolved plugin: surefire-extensions-api-3.1.2.jar
#14 231.3 [INFO] Resolved plugin: flexmark-profile-pegdown-0.42.14.jar
#14 231.3 [INFO] Resolved plugin: doxia-module-docbook-simple-1.11.1.jar
#14 231.3 [INFO] Resolved plugin: guava-16.0.1.jar
#14 231.3 [INFO] Resolved plugin: plexus-interpolation-1.21.jar
#14 231.3 [INFO] Resolved plugin: flexmark-ext-typographic-0.42.14.jar
#14 231.3 [INFO] Resolved plugin: flexmark-ext-autolink-0.42.14.jar
#14 231.3 [INFO] Resolved plugin: micrometer-observation-1.12.5.jar
#14 231.3 [INFO] Resolved plugin: flexmark-ext-jekyll-tag-0.42.14.jar
#14 231.3 [INFO] Resolved plugin: flexmark-ext-gitlab-0.42.14.jar
#14 231.3 [INFO] Resolved plugin: doxia-module-xdoc-1.11.1.jar
#14 231.3 [INFO] Resolved plugin: doxia-site-renderer-1.11.1.jar
#14 231.3 [INFO] Resolved plugin: commons-beanutils-1.7.0.jar
#14 231.3 [INFO] Resolved plugin: spring-boot-buildpack-platform-3.2.5.jar
#14 231.3 [INFO] Resolved plugin: plexus-classworlds-2.5.2.jar
#14 231.3 [INFO] Resolved plugin: spring-core-6.1.6.jar
#14 231.3 [INFO] Resolved plugin: doxia-module-confluence-1.11.1.jar
#14 231.3 [INFO] Resolved plugin: doxia-module-xhtml5-1.11.1.jar
#14 231.3 [INFO] Resolved plugin: flexmark-ext-tables-0.42.14.jar
#14 231.3 [INFO] Resolved plugin: javax.annotation-api-1.2.jar
#14 231.3 [INFO] Resolved plugin: flexmark-ext-macros-0.42.14.jar
#14 231.3 [INFO] Resolved plugin: plexus-sec-dispatcher-1.3.jar
#14 231.3 [INFO] Resolved plugin: jackson-module-parameter-names-2.14.2.jar
#14 231.3 [INFO] Resolved plugin: commons-collections4-4.4.jar
#14 231.3 [INFO] Resolved plugin: plexus-i18n-1.0-beta-10.jar
#14 231.3 [INFO] Resolved plugin: flexmark-ext-gfm-users-0.42.14.jar
#14 231.3 [INFO] Resolved plugin: maven-common-artifact-filters-3.1.1.jar
#14 231.3 [INFO] Resolved plugin: asm-commons-9.5.jar
#14 231.3 [INFO] Resolved dependency: jackson-core-2.15.4.jar
#14 231.3 [INFO] Resolved dependency: spring-boot-starter-test-3.2.5.jar
#14 231.3 [INFO] Resolved dependency: netty-common-4.1.107.Final.jar
#14 231.3 [INFO] Resolved dependency: jackson-datatype-jdk8-2.15.4.jar
#14 231.3 [INFO] Resolved dependency: spring-boot-starter-security-3.2.5.jar
#14 231.3 [INFO] Resolved dependency: spring-security-oauth2-jose-6.2.4.jar
#14 231.3 [INFO] Resolved dependency: jaxb-core-4.0.2.jar
#14 231.3 [INFO] Resolved dependency: log4j-to-slf4j-2.21.1.jar
#14 231.3 [INFO] Resolved dependency: spring-data-keyvalue-3.2.5.jar
#14 231.3 [INFO] Resolved dependency: jackson-annotations-2.15.4.jar
#14 231.3 [INFO] Resolved dependency: jakarta.activation-api-2.1.0.jar
#14 231.3 [INFO] Resolved dependency: spring-boot-starter-web-3.2.5.jar
#14 231.3 [INFO] Resolved dependency: spring-webmvc-6.1.6.jar
#14 231.3 [INFO] Resolved dependency: json-smart-2.5.1.jar
#14 231.3 [INFO] Resolved dependency: spring-beans-6.1.6.jar
#14 231.3 [INFO] Resolved dependency: asm-9.6.jar
#14 231.3 [INFO] Resolved dependency: opentest4j-1.3.0.jar
#14 231.3 [INFO] Resolved dependency: lombok-1.18.32.jar
#14 231.3 [INFO] Resolved dependency: spring-boot-3.2.5.jar
#14 231.3 [INFO] Resolved dependency: xmlunit-core-2.9.1.jar
#14 231.3 [INFO] Resolved dependency: aspectjweaver-1.9.22.jar
#14 231.3 [INFO] Resolved dependency: spring-security-oauth2-client-6.2.4.jar
#14 231.3 [INFO] Resolved dependency: postgresql-42.6.2.jar
#14 231.3 [INFO] Resolved dependency: spring-boot-starter-oauth2-client-3.2.5.jar
#14 231.3 [INFO] Resolved dependency: accessors-smart-2.5.1.jar
#14 231.3 [INFO] Resolved dependency: junit-platform-commons-1.10.2.jar
#14 231.3 [INFO] Resolved dependency: jakarta.transaction-api-2.0.1.jar
#14 231.3 [INFO] Resolved dependency: spring-boot-starter-data-jpa-3.2.5.jar
#14 231.3 [INFO] Resolved dependency: nimbus-jose-jwt-9.24.4.jar
#14 231.3 [INFO] Resolved dependency: netty-handler-4.1.107.Final.jar
#14 231.3 [INFO] Resolved dependency: spring-data-redis-3.2.5.jar
#14 231.3 [INFO] Resolved dependency: jna-4.5.1.jar
#14 231.3 [INFO] Resolved dependency: angus-activation-2.0.0.jar
#14 231.3 [INFO] Resolved dependency: spring-jcl-6.1.6.jar
#14 231.3 [INFO] Resolved dependency: netty-resolver-4.1.107.Final.jar
#14 231.3 [INFO] Resolved dependency: HikariCP-5.0.1.jar
#14 231.3 [INFO] Resolved dependency: spring-web-6.1.6.jar
#14 231.3 [INFO] Resolved dependency: snakeyaml-2.2.jar
#14 231.3 [INFO] Resolved dependency: mockito-core-5.7.0.jar
#14 231.3 [INFO] Resolved dependency: mockito-junit-jupiter-5.7.0.jar
#14 231.3 [INFO] Resolved dependency: spring-boot-starter-data-redis-3.2.5.jar
#14 231.3 [INFO] Resolved dependency: spring-aop-6.1.6.jar
#14 231.3 [INFO] Resolved dependency: spring-security-crypto-6.2.4.jar
#14 231.3 [INFO] Resolved dependency: spring-security-config-6.2.4.jar
#14 231.3 [INFO] Resolved dependency: spring-expression-6.1.6.jar
#14 231.3 [INFO] Resolved dependency: assertj-core-3.24.2.jar
#14 231.3 [INFO] Resolved dependency: checker-qual-3.31.0.jar
#14 231.3 [INFO] Resolved dependency: spring-boot-autoconfigure-3.2.5.jar
#14 231.3 [INFO] Resolved dependency: jackson-datatype-jsr310-2.15.4.jar
#14 231.3 [INFO] Resolved dependency: txw2-4.0.2.jar
#14 231.3 [INFO] Resolved dependency: spring-boot-test-3.2.5.jar
#14 231.3 [INFO] Resolved dependency: spring-security-core-6.2.4.jar
#14 231.3 [INFO] Resolved dependency: waffle-jna-1.9.1.jar
#14 231.3 [INFO] Resolved dependency: spring-boot-starter-aop-3.2.5.jar
#14 231.3 [INFO] Resolved dependency: hamcrest-2.2.jar
#14 231.3 [INFO] Resolved dependency: spring-boot-starter-logging-3.2.5.jar
#14 231.3 [INFO] Resolved dependency: istack-commons-runtime-4.1.1.jar
#14 231.3 [INFO] Resolved dependency: jsonassert-1.5.1.jar
#14 231.3 [INFO] Resolved dependency: netty-transport-native-unix-common-4.1.107.Final.jar
#14 231.3 [INFO] Resolved dependency: jboss-logging-3.5.0.Final.jar
#14 231.3 [INFO] Resolved dependency: byte-buddy-agent-1.14.9.jar
#14 231.3 [INFO] Resolved dependency: slf4j-api-2.0.11.jar
#14 231.3 [INFO] Resolved dependency: log4j-api-2.21.1.jar
#14 231.3 [INFO] Resolved dependency: tomcat-embed-websocket-10.1.20.jar
#14 231.3 [INFO] Resolved dependency: classmate-1.5.1.jar
#14 231.3 [INFO] Resolved dependency: jakarta.xml.bind-api-4.0.0.jar
#14 231.3 [INFO] Resolved dependency: spring-context-support-6.1.6.jar
#14 231.3 [INFO] Resolved dependency: spring-jdbc-6.1.6.jar
#14 231.3 [INFO] Resolved dependency: junit-jupiter-engine-5.10.2.jar
#14 231.3 [INFO] Resolved dependency: spring-security-test-6.2.4.jar
#14 231.3 [INFO] Resolved dependency: content-type-2.2.jar
#14 231.3 [INFO] Resolved dependency: micrometer-commons-1.12.5.jar
#14 231.3 [INFO] Resolved dependency: slf4j-api-2.0.2.jar
#14 231.3 [INFO] Resolved dependency: oauth2-oidc-sdk-9.43.3.jar
#14 231.3 [INFO] Resolved dependency: awaitility-4.2.1.jar
#14 231.3 [INFO] Resolved dependency: byte-buddy-1.12.21.jar
#14 231.3 [INFO] Resolved dependency: objenesis-3.3.jar
#14 231.3 [INFO] Resolved dependency: spring-boot-starter-json-3.2.5.jar
#14 231.3 [INFO] Resolved dependency: hibernate-commons-annotations-6.0.6.Final.jar
#14 231.3 [INFO] Resolved dependency: antlr4-runtime-4.13.0.jar
#14 231.3 [INFO] Resolved dependency: junit-platform-engine-1.10.2.jar
#14 231.3 [INFO] Resolved dependency: asm-9.3.jar
#14 231.3 [INFO] Resolved dependency: spring-tx-6.1.6.jar
#14 231.3 [INFO] Resolved dependency: jcl-over-slf4j-1.7.25.jar
#14 231.3 [INFO] Resolved dependency: caffeine-2.6.2.jar
#14 231.3 [INFO] Resolved dependency: json-smart-2.4.10.jar
#14 231.3 [INFO] Resolved dependency: jackson-databind-2.15.4.jar
#14 231.3 [INFO] Resolved dependency: logback-classic-1.4.14.jar
#14 231.3 [INFO] Resolved dependency: byte-buddy-1.14.11.jar
#14 231.3 [INFO] Resolved dependency: junit-jupiter-5.10.2.jar
#14 231.3 [INFO] Resolved dependency: jakarta.persistence-api-3.1.0.jar
#14 231.3 [INFO] Resolved dependency: jakarta.activation-api-2.1.3.jar
#14 231.3 [INFO] Resolved dependency: jackson-core-2.16.2.jar
#14 231.3 [INFO] Resolved dependency: netty-buffer-4.1.107.Final.jar
#14 231.3 [INFO] Resolved dependency: spring-security-web-6.2.4.jar
#14 231.3 [INFO] Resolved dependency: jul-to-slf4j-2.0.13.jar
#14 231.3 [INFO] Resolved dependency: micrometer-observation-1.12.5.jar
#14 231.3 [INFO] Resolved dependency: jackson-module-parameter-names-2.15.4.jar
#14 231.3 [INFO] Resolved dependency: jcip-annotations-1.0-1.jar
#14 231.3 [INFO] Resolved dependency: slf4j-api-2.0.7.jar
#14 231.3 [INFO] Resolved dependency: spring-boot-starter-tomcat-3.2.5.jar
#14 231.3 [INFO] Resolved dependency: jakarta.xml.bind-api-4.0.2.jar
#14 231.3 [INFO] Resolved dependency: spring-test-6.1.6.jar
#14 231.3 [INFO] Resolved dependency: tomcat-embed-el-10.1.20.jar
#14 231.3 [INFO] Resolved dependency: jackson-databind-2.16.2.jar
#14 231.3 [INFO] Resolved dependency: jakarta.annotation-api-2.1.1.jar
#14 231.3 [INFO] Resolved dependency: jaxb-runtime-4.0.2.jar
#14 231.3 [INFO] Resolved dependency: spring-orm-6.1.6.jar
#14 231.3 [INFO] Resolved dependency: jakarta.inject-api-2.0.1.jar
#14 231.3 [INFO] Resolved dependency: jakarta.annotation-api-2.0.0.jar
#14 231.3 [INFO] Resolved dependency: spring-security-oauth2-core-6.2.4.jar
#14 231.3 [INFO] Resolved dependency: junit-jupiter-api-5.10.2.jar
#14 231.3 [INFO] Resolved dependency: spring-core-6.1.6.jar
#14 231.3 [INFO] Resolved dependency: nimbus-jose-jwt-9.37.3.jar
#14 231.3 [INFO] Resolved dependency: netty-codec-4.1.107.Final.jar
#14 231.3 [INFO] Resolved dependency: jna-platform-4.5.1.jar
#14 231.3 [INFO] Resolved dependency: lang-tag-1.7.jar
#14 231.3 [INFO] Resolved dependency: logback-core-1.4.14.jar
#14 231.3 [INFO] Resolved dependency: spring-boot-starter-jdbc-3.2.5.jar
#14 231.3 [INFO] Resolved dependency: jandex-3.1.2.jar
#14 231.3 [INFO] Resolved dependency: spring-security-oauth2-resource-server-6.2.4.jar
#14 231.3 [INFO] Resolved dependency: json-path-2.9.0.jar
#14 231.3 [INFO] Resolved dependency: junit-jupiter-params-5.10.2.jar
#14 231.3 [INFO] Resolved dependency: netty-transport-4.1.107.Final.jar
#14 231.3 [INFO] Resolved dependency: reactor-core-3.6.4.jar
#14 231.3 [INFO] Resolved dependency: spring-data-commons-3.2.5.jar
#14 231.3 [INFO] Resolved dependency: apiguardian-api-1.1.2.jar
#14 231.3 [INFO] Resolved dependency: spring-boot-starter-3.2.5.jar
#14 231.3 [INFO] Resolved dependency: lettuce-core-6.3.2.RELEASE.jar
#14 231.3 [INFO] Resolved dependency: slf4j-api-1.7.25.jar
#14 231.3 [INFO] Resolved dependency: spring-security-oauth2-authorization-server-1.2.4.jar
#14 231.3 [INFO] Resolved dependency: spring-boot-test-autoconfigure-3.2.5.jar
#14 231.3 [INFO] Resolved dependency: hibernate-core-6.4.4.Final.jar
#14 231.3 [INFO] Resolved dependency: android-json-0.0.20131108.vaadin1.jar
#14 231.3 [INFO] Resolved dependency: spring-aspects-6.1.6.jar
#14 231.3 [INFO] Resolved dependency: spring-context-6.1.6.jar
#14 231.3 [INFO] Resolved dependency: reactive-streams-1.0.4.jar
#14 231.3 [INFO] Resolved dependency: spring-data-jpa-3.2.5.jar
#14 231.3 [INFO] Resolved dependency: spring-oxm-6.1.6.jar
#14 231.3 [INFO] Resolved dependency: accessors-smart-2.4.9.jar
#14 231.3 [INFO] Resolved dependency: tomcat-embed-core-10.1.20.jar
#14 231.3 [INFO] Resolved dependency: jackson-annotations-2.16.2.jar
#14 231.3 [INFO] 
#14 231.3 [INFO] -------------------< com.elearning:resource-server >--------------------
#14 231.3 [INFO] Building resource-server 0.0.1-SNAPSHOT                            [3/3]
#14 231.3 [INFO]   from resource-server/pom.xml
#14 231.3 [INFO] --------------------------------[ jar ]---------------------------------
#14 231.3 [INFO] 
#14 231.3 [INFO] --- dependency:3.6.1:go-offline (default-cli) @ resource-server ---
#14 231.3 [INFO] Downloading from central: https://repo.maven.apache.org/maven2/org/mapstruct/mapstruct/1.5.5.Final/mapstruct-1.5.5.Final.pom
#14 231.4 [INFO] Downloaded from central: https://repo.maven.apache.org/maven2/org/mapstruct/mapstruct/1.5.5.Final/mapstruct-1.5.5.Final.pom (1.8 kB at 20 kB/s)
#14 231.4 [INFO] Downloading from central: https://repo.maven.apache.org/maven2/org/mapstruct/mapstruct-parent/1.5.5.Final/mapstruct-parent-1.5.5.Final.pom
#14 231.5 [INFO] Downloaded from central: https://repo.maven.apache.org/maven2/org/mapstruct/mapstruct-parent/1.5.5.Final/mapstruct-parent-1.5.5.Final.pom (1.6 kB at 19 kB/s)
#14 231.5 [INFO] Downloading from central: https://repo.maven.apache.org/maven2/org/mapstruct/mapstruct/1.5.5.Final/mapstruct-1.5.5.Final.jar
#14 231.6 [INFO] Downloaded from central: https://repo.maven.apache.org/maven2/org/mapstruct/mapstruct/1.5.5.Final/mapstruct-1.5.5.Final.jar (29 kB at 309 kB/s)
#14 231.6 [INFO] Downloading from central: https://repo.maven.apache.org/maven2/org/springframework/boot/spring-boot-starter-oauth2-resource-server/3.2.5/spring-boot-starter-oauth2-resource-server-3.2.5.pom
#14 231.7 [INFO] Downloaded from central: https://repo.maven.apache.org/maven2/org/springframework/boot/spring-boot-starter-oauth2-resource-server/3.2.5/spring-boot-starter-oauth2-resource-server-3.2.5.pom (3.0 kB at 38 kB/s)
#14 231.7 [INFO] Downloading from central: https://repo.maven.apache.org/maven2/org/springframework/boot/spring-boot-starter-oauth2-resource-server/3.2.5/spring-boot-starter-oauth2-resource-server-3.2.5.jar
#14 231.8 [INFO] Downloaded from central: https://repo.maven.apache.org/maven2/org/springframework/boot/spring-boot-starter-oauth2-resource-server/3.2.5/spring-boot-starter-oauth2-resource-server-3.2.5.jar (4.8 kB at 58 kB/s)
#14 231.8 [INFO] Downloading from central: https://repo.maven.apache.org/maven2/org/springframework/boot/spring-boot-starter-websocket/3.2.5/spring-boot-starter-websocket-3.2.5.pom
#14 231.9 [INFO] Downloaded from central: https://repo.maven.apache.org/maven2/org/springframework/boot/spring-boot-starter-websocket/3.2.5/spring-boot-starter-websocket-3.2.5.pom (2.5 kB at 23 kB/s)
#14 231.9 [INFO] Downloading from central: https://repo.maven.apache.org/maven2/org/springframework/spring-messaging/6.1.6/spring-messaging-6.1.6.pom
#14 232.0 [INFO] Downloaded from central: https://repo.maven.apache.org/maven2/org/springframework/spring-messaging/6.1.6/spring-messaging-6.1.6.pom (2.2 kB at 25 kB/s)
#14 232.0 [INFO] Downloading from central: https://repo.maven.apache.org/maven2/org/springframework/spring-websocket/6.1.6/spring-websocket-6.1.6.pom
#14 232.1 [INFO] Downloaded from central: https://repo.maven.apache.org/maven2/org/springframework/spring-websocket/6.1.6/spring-websocket-6.1.6.pom (2.4 kB at 22 kB/s)
#14 232.1 [INFO] Downloading from central: https://repo.maven.apache.org/maven2/org/springframework/boot/spring-boot-starter-websocket/3.2.5/spring-boot-starter-websocket-3.2.5.jar
#14 232.2 [INFO] Downloaded from central: https://repo.maven.apache.org/maven2/org/springframework/boot/spring-boot-starter-websocket/3.2.5/spring-boot-starter-websocket-3.2.5.jar (4.8 kB at 52 kB/s)
#14 232.2 [INFO] Downloading from central: https://repo.maven.apache.org/maven2/org/springframework/spring-messaging/6.1.6/spring-messaging-6.1.6.jar
#14 232.2 [INFO] Downloading from central: https://repo.maven.apache.org/maven2/org/springframework/spring-websocket/6.1.6/spring-websocket-6.1.6.jar
#14 232.9 [INFO] Downloaded from central: https://repo.maven.apache.org/maven2/org/springframework/spring-messaging/6.1.6/spring-messaging-6.1.6.jar (615 kB at 918 kB/s)
#14 233.0 [INFO] Downloaded from central: https://repo.maven.apache.org/maven2/org/springframework/spring-websocket/6.1.6/spring-websocket-6.1.6.jar (444 kB at 567 kB/s)
#14 233.0 [INFO] Downloading from central: https://repo.maven.apache.org/maven2/org/projectlombok/lombok-mapstruct-binding/0.2.0/lombok-mapstruct-binding-0.2.0.pom
#14 233.1 [INFO] Downloaded from central: https://repo.maven.apache.org/maven2/org/projectlombok/lombok-mapstruct-binding/0.2.0/lombok-mapstruct-binding-0.2.0.pom (1.4 kB at 10 kB/s)
#14 233.1 [INFO] Downloading from central: https://repo.maven.apache.org/maven2/org/projectlombok/lombok-mapstruct-binding/0.2.0/lombok-mapstruct-binding-0.2.0.jar
#14 233.2 [INFO] Downloaded from central: https://repo.maven.apache.org/maven2/org/projectlombok/lombok-mapstruct-binding/0.2.0/lombok-mapstruct-binding-0.2.0.jar (2.4 kB at 26 kB/s)
#14 233.2 [INFO] Downloading from central: https://repo.maven.apache.org/maven2/com/itextpdf/itext7-core/8.0.2/itext7-core-8.0.2.pom
#14 233.3 [INFO] Downloaded from central: https://repo.maven.apache.org/maven2/com/itextpdf/itext7-core/8.0.2/itext7-core-8.0.2.pom (2.1 kB at 23 kB/s)
#14 233.3 [INFO] Downloading from central: https://repo.maven.apache.org/maven2/com/itextpdf/itext-core/8.0.2/itext-core-8.0.2.pom
#14 233.4 [INFO] Downloaded from central: https://repo.maven.apache.org/maven2/com/itextpdf/itext-core/8.0.2/itext-core-8.0.2.pom (4.5 kB at 55 kB/s)
#14 233.4 [INFO] Downloading from central: https://repo.maven.apache.org/maven2/com/itextpdf/barcodes/8.0.2/barcodes-8.0.2.pom
#14 233.5 [INFO] Downloaded from central: https://repo.maven.apache.org/maven2/com/itextpdf/barcodes/8.0.2/barcodes-8.0.2.pom (893 B at 12 kB/s)
#14 233.5 [INFO] Downloading from central: https://repo.maven.apache.org/maven2/com/itextpdf/root/8.0.2/root-8.0.2.pom
#14 233.6 [INFO] Downloaded from central: https://repo.maven.apache.org/maven2/com/itextpdf/root/8.0.2/root-8.0.2.pom (29 kB at 337 kB/s)
#14 233.6 [INFO] Downloading from central: https://repo.maven.apache.org/maven2/com/itextpdf/kernel/8.0.2/kernel-8.0.2.pom
#14 233.6 [INFO] Downloaded from central: https://repo.maven.apache.org/maven2/com/itextpdf/kernel/8.0.2/kernel-8.0.2.pom (2.1 kB at 28 kB/s)
#14 233.6 [INFO] Downloading from central: https://repo.maven.apache.org/maven2/com/itextpdf/bouncy-castle-connector/8.0.2/bouncy-castle-connector-8.0.2.pom
#14 233.7 [INFO] Downloaded from central: https://repo.maven.apache.org/maven2/com/itextpdf/bouncy-castle-connector/8.0.2/bouncy-castle-connector-8.0.2.pom (2.4 kB at 28 kB/s)
#14 233.7 [INFO] Downloading from central: https://repo.maven.apache.org/maven2/com/itextpdf/io/8.0.2/io-8.0.2.pom
#14 233.9 [INFO] Downloaded from central: https://repo.maven.apache.org/maven2/com/itextpdf/io/8.0.2/io-8.0.2.pom (1.7 kB at 12 kB/s)
#14 233.9 [INFO] Downloading from central: https://repo.maven.apache.org/maven2/com/itextpdf/commons/8.0.2/commons-8.0.2.pom
#14 234.0 [INFO] Downloaded from central: https://repo.maven.apache.org/maven2/com/itextpdf/commons/8.0.2/commons-8.0.2.pom (1.0 kB at 11 kB/s)
#14 234.0 [INFO] Downloading from central: https://repo.maven.apache.org/maven2/com/itextpdf/font-asian/8.0.2/font-asian-8.0.2.pom
#14 234.1 [INFO] Downloaded from central: https://repo.maven.apache.org/maven2/com/itextpdf/font-asian/8.0.2/font-asian-8.0.2.pom (1.5 kB at 20 kB/s)
#14 234.1 [INFO] Downloading from central: https://repo.maven.apache.org/maven2/com/itextpdf/forms/8.0.2/forms-8.0.2.pom
#14 234.2 [INFO] Downloaded from central: https://repo.maven.apache.org/maven2/com/itextpdf/forms/8.0.2/forms-8.0.2.pom (2.0 kB at 21 kB/s)
#14 234.2 [INFO] Downloading from central: https://repo.maven.apache.org/maven2/com/itextpdf/layout/8.0.2/layout-8.0.2.pom
#14 234.2 [INFO] Downloaded from central: https://repo.maven.apache.org/maven2/com/itextpdf/layout/8.0.2/layout-8.0.2.pom (1.3 kB at 15 kB/s)
#14 234.2 [INFO] Downloading from central: https://repo.maven.apache.org/maven2/com/itextpdf/hyph/8.0.2/hyph-8.0.2.pom
#14 234.3 [INFO] Downloaded from central: https://repo.maven.apache.org/maven2/com/itextpdf/hyph/8.0.2/hyph-8.0.2.pom (1.5 kB at 19 kB/s)
#14 234.3 [INFO] Downloading from central: https://repo.maven.apache.org/maven2/com/itextpdf/pdfa/8.0.2/pdfa-8.0.2.pom
#14 234.4 [INFO] Downloaded from central: https://repo.maven.apache.org/maven2/com/itextpdf/pdfa/8.0.2/pdfa-8.0.2.pom (1.4 kB at 20 kB/s)
#14 234.4 [INFO] Downloading from central: https://repo.maven.apache.org/maven2/com/itextpdf/sign/8.0.2/sign-8.0.2.pom
#14 234.5 [INFO] Downloaded from central: https://repo.maven.apache.org/maven2/com/itextpdf/sign/8.0.2/sign-8.0.2.pom (2.3 kB at 32 kB/s)
#14 234.5 [INFO] Downloading from central: https://repo.maven.apache.org/maven2/com/itextpdf/styled-xml-parser/8.0.2/styled-xml-parser-8.0.2.pom
#14 234.6 [INFO] Downloaded from central: https://repo.maven.apache.org/maven2/com/itextpdf/styled-xml-parser/8.0.2/styled-xml-parser-8.0.2.pom (1.3 kB at 17 kB/s)
#14 234.6 [INFO] Downloading from central: https://repo.maven.apache.org/maven2/com/itextpdf/svg/8.0.2/svg-8.0.2.pom
#14 234.6 [INFO] Downloaded from central: https://repo.maven.apache.org/maven2/com/itextpdf/svg/8.0.2/svg-8.0.2.pom (1.4 kB at 15 kB/s)
#14 234.7 [INFO] Downloading from central: https://repo.maven.apache.org/maven2/com/itextpdf/barcodes/8.0.2/barcodes-8.0.2.jar
#14 234.9 [INFO] Downloaded from central: https://repo.maven.apache.org/maven2/com/itextpdf/barcodes/8.0.2/barcodes-8.0.2.jar (151 kB at 548 kB/s)
#14 234.9 [INFO] Downloading from central: https://repo.maven.apache.org/maven2/com/itextpdf/font-asian/8.0.2/font-asian-8.0.2.jar
#14 234.9 [INFO] Downloading from central: https://repo.maven.apache.org/maven2/com/itextpdf/forms/8.0.2/forms-8.0.2.jar
#14 234.9 [INFO] Downloading from central: https://repo.maven.apache.org/maven2/com/itextpdf/hyph/8.0.2/hyph-8.0.2.jar
#14 234.9 [INFO] Downloading from central: https://repo.maven.apache.org/maven2/com/itextpdf/io/8.0.2/io-8.0.2.jar
#14 234.9 [INFO] Downloading from central: https://repo.maven.apache.org/maven2/com/itextpdf/commons/8.0.2/commons-8.0.2.jar
#14 236.2 [INFO] Downloaded from central: https://repo.maven.apache.org/maven2/com/itextpdf/commons/8.0.2/commons-8.0.2.jar (175 kB at 135 kB/s)
#14 236.2 [INFO] Downloading from central: https://repo.maven.apache.org/maven2/com/itextpdf/kernel/8.0.2/kernel-8.0.2.jar
#14 236.3 [INFO] Downloaded from central: https://repo.maven.apache.org/maven2/com/itextpdf/forms/8.0.2/forms-8.0.2.jar (272 kB at 205 kB/s)
#14 236.3 [INFO] Downloading from central: https://repo.maven.apache.org/maven2/com/itextpdf/layout/8.0.2/layout-8.0.2.jar
#14 237.4 [INFO] Downloaded from central: https://repo.maven.apache.org/maven2/com/itextpdf/hyph/8.0.2/hyph-8.0.2.jar (984 kB at 394 kB/s)
#14 237.4 [INFO] Downloading from central: https://repo.maven.apache.org/maven2/com/itextpdf/pdfa/8.0.2/pdfa-8.0.2.jar
#14 237.8 [INFO] Downloaded from central: https://repo.maven.apache.org/maven2/com/itextpdf/io/8.0.2/io-8.0.2.jar (813 kB at 286 kB/s)
#14 237.8 [INFO] Downloading from central: https://repo.maven.apache.org/maven2/com/itextpdf/sign/8.0.2/sign-8.0.2.jar
#14 238.4 [INFO] Downloaded from central: https://repo.maven.apache.org/maven2/com/itextpdf/pdfa/8.0.2/pdfa-8.0.2.jar (79 kB at 23 kB/s)
#14 238.4 [INFO] Downloading from central: https://repo.maven.apache.org/maven2/com/itextpdf/styled-xml-parser/8.0.2/styled-xml-parser-8.0.2.jar
#14 238.5 [INFO] Downloaded from central: https://repo.maven.apache.org/maven2/com/itextpdf/sign/8.0.2/sign-8.0.2.jar (155 kB at 44 kB/s)
#14 238.5 [INFO] Downloading from central: https://repo.maven.apache.org/maven2/com/itextpdf/svg/8.0.2/svg-8.0.2.jar
#14 238.6 [INFO] Downloaded from central: https://repo.maven.apache.org/maven2/com/itextpdf/layout/8.0.2/layout-8.0.2.jar (581 kB at 158 kB/s)
#14 238.6 [INFO] Downloading from central: https://repo.maven.apache.org/maven2/com/itextpdf/bouncy-castle-connector/8.0.2/bouncy-castle-connector-8.0.2.jar
#14 238.9 [INFO] Downloaded from central: https://repo.maven.apache.org/maven2/com/itextpdf/bouncy-castle-connector/8.0.2/bouncy-castle-connector-8.0.2.jar (11 kB at 2.8 kB/s)
#14 239.3 [INFO] Downloaded from central: https://repo.maven.apache.org/maven2/com/itextpdf/svg/8.0.2/svg-8.0.2.jar (169 kB at 39 kB/s)
#14 239.4 [INFO] Downloaded from central: https://repo.maven.apache.org/maven2/com/itextpdf/font-asian/8.0.2/font-asian-8.0.2.jar (2.8 MB at 633 kB/s)
#14 240.0 [INFO] Downloaded from central: https://repo.maven.apache.org/maven2/com/itextpdf/styled-xml-parser/8.0.2/styled-xml-parser-8.0.2.jar (619 kB at 122 kB/s)
#14 240.6 [INFO] Downloaded from central: https://repo.maven.apache.org/maven2/com/itextpdf/kernel/8.0.2/kernel-8.0.2.jar (1.3 MB at 223 kB/s)
#14 240.6 [INFO] Downloading from central: https://repo.maven.apache.org/maven2/org/springframework/boot/spring-boot-starter-validation/3.2.5/spring-boot-starter-validation-3.2.5.pom
#14 240.7 [INFO] Downloaded from central: https://repo.maven.apache.org/maven2/org/springframework/boot/spring-boot-starter-validation/3.2.5/spring-boot-starter-validation-3.2.5.pom (2.5 kB at 34 kB/s)
#14 240.7 [INFO] Downloading from central: https://repo.maven.apache.org/maven2/org/hibernate/validator/hibernate-validator/8.0.1.Final/hibernate-validator-8.0.1.Final.pom
#14 240.8 [INFO] Downloaded from central: https://repo.maven.apache.org/maven2/org/hibernate/validator/hibernate-validator/8.0.1.Final/hibernate-validator-8.0.1.Final.pom (15 kB at 196 kB/s)
#14 240.8 [INFO] Downloading from central: https://repo.maven.apache.org/maven2/org/hibernate/validator/hibernate-validator-parent/8.0.1.Final/hibernate-validator-parent-8.0.1.Final.pom
#14 240.9 [INFO] Downloaded from central: https://repo.maven.apache.org/maven2/org/hibernate/validator/hibernate-validator-parent/8.0.1.Final/hibernate-validator-parent-8.0.1.Final.pom (81 kB at 1.0 MB/s)
#14 240.9 [INFO] Downloading from central: https://repo.maven.apache.org/maven2/org/jboss/arquillian/arquillian-bom/1.7.0.Alpha10/arquillian-bom-1.7.0.Alpha10.pom
#14 240.9 [INFO] Downloaded from central: https://repo.maven.apache.org/maven2/org/jboss/arquillian/arquillian-bom/1.7.0.Alpha10/arquillian-bom-1.7.0.Alpha10.pom (10 kB at 144 kB/s)
#14 240.9 [INFO] Downloading from central: https://repo.maven.apache.org/maven2/org/jboss/shrinkwrap/shrinkwrap-bom/1.2.6/shrinkwrap-bom-1.2.6.pom
#14 241.0 [INFO] Downloaded from central: https://repo.maven.apache.org/maven2/org/jboss/shrinkwrap/shrinkwrap-bom/1.2.6/shrinkwrap-bom-1.2.6.pom (4.0 kB at 55 kB/s)
#14 241.0 [INFO] Downloading from central: https://repo.maven.apache.org/maven2/org/jboss/shrinkwrap/resolver/shrinkwrap-resolver-bom/3.1.4/shrinkwrap-resolver-bom-3.1.4.pom
#14 241.1 [INFO] Downloaded from central: https://repo.maven.apache.org/maven2/org/jboss/shrinkwrap/resolver/shrinkwrap-resolver-bom/3.1.4/shrinkwrap-resolver-bom-3.1.4.pom (7.0 kB at 90 kB/s)
#14 241.1 [INFO] Downloading from central: https://repo.maven.apache.org/maven2/org/apache/maven/maven/3.6.3/maven-3.6.3.pom
#14 241.2 [INFO] Downloaded from central: https://repo.maven.apache.org/maven2/org/apache/maven/maven/3.6.3/maven-3.6.3.pom (26 kB at 339 kB/s)
#14 241.2 [INFO] Downloading from central: https://repo.maven.apache.org/maven2/org/jboss/shrinkwrap/descriptors/shrinkwrap-descriptors-bom/2.0.0/shrinkwrap-descriptors-bom-2.0.0.pom
#14 241.3 [INFO] Downloaded from central: https://repo.maven.apache.org/maven2/org/jboss/shrinkwrap/descriptors/shrinkwrap-descriptors-bom/2.0.0/shrinkwrap-descriptors-bom-2.0.0.pom (5.2 kB at 68 kB/s)
#14 241.3 [INFO] Downloading from central: https://repo.maven.apache.org/maven2/jakarta/validation/jakarta.validation-api/3.0.2/jakarta.validation-api-3.0.2.pom
#14 241.3 [INFO] Downloaded from central: https://repo.maven.apache.org/maven2/jakarta/validation/jakarta.validation-api/3.0.2/jakarta.validation-api-3.0.2.pom (11 kB at 151 kB/s)
#14 241.3 [INFO] Downloading from central: https://repo.maven.apache.org/maven2/org/jboss/logging/jboss-logging/3.4.3.Final/jboss-logging-3.4.3.Final.pom
#14 241.4 [INFO] Downloaded from central: https://repo.maven.apache.org/maven2/org/jboss/logging/jboss-logging/3.4.3.Final/jboss-logging-3.4.3.Final.pom (15 kB at 189 kB/s)
#14 241.4 [INFO] Downloading from central: https://repo.maven.apache.org/maven2/org/springframework/boot/spring-boot-starter-validation/3.2.5/spring-boot-starter-validation-3.2.5.jar
#14 241.5 [INFO] Downloaded from central: https://repo.maven.apache.org/maven2/org/springframework/boot/spring-boot-starter-validation/3.2.5/spring-boot-starter-validation-3.2.5.jar (4.8 kB at 65 kB/s)
#14 241.5 [INFO] Downloading from central: https://repo.maven.apache.org/maven2/org/hibernate/validator/hibernate-validator/8.0.1.Final/hibernate-validator-8.0.1.Final.jar
#14 241.5 [INFO] Downloading from central: https://repo.maven.apache.org/maven2/jakarta/validation/jakarta.validation-api/3.0.2/jakarta.validation-api-3.0.2.jar
#14 241.5 [INFO] Downloading from central: https://repo.maven.apache.org/maven2/org/jboss/logging/jboss-logging/3.4.3.Final/jboss-logging-3.4.3.Final.jar
#14 241.8 [INFO] Downloaded from central: https://repo.maven.apache.org/maven2/jakarta/validation/jakarta.validation-api/3.0.2/jakarta.validation-api-3.0.2.jar (93 kB at 318 kB/s)
#14 241.8 [INFO] Downloaded from central: https://repo.maven.apache.org/maven2/org/jboss/logging/jboss-logging/3.4.3.Final/jboss-logging-3.4.3.Final.jar (61 kB at 186 kB/s)
#14 243.4 [INFO] Downloaded from central: https://repo.maven.apache.org/maven2/org/hibernate/validator/hibernate-validator/8.0.1.Final/hibernate-validator-8.0.1.Final.jar (1.3 MB at 705 kB/s)
#14 243.4 [INFO] Downloading from central: https://repo.maven.apache.org/maven2/io/minio/minio/8.5.9/minio-8.5.9.pom
#14 243.5 [INFO] Downloaded from central: https://repo.maven.apache.org/maven2/io/minio/minio/8.5.9/minio-8.5.9.pom (3.4 kB at 44 kB/s)
#14 243.5 [INFO] Downloading from central: https://repo.maven.apache.org/maven2/com/carrotsearch/thirdparty/simple-xml-safe/2.7.1/simple-xml-safe-2.7.1.pom
#14 243.5 [INFO] Downloaded from central: https://repo.maven.apache.org/maven2/com/carrotsearch/thirdparty/simple-xml-safe/2.7.1/simple-xml-safe-2.7.1.pom (1.5 kB at 22 kB/s)
#14 243.5 [INFO] Downloading from central: https://repo.maven.apache.org/maven2/com/google/guava/guava/33.0.0-jre/guava-33.0.0-jre.pom
#14 243.6 [INFO] Downloaded from central: https://repo.maven.apache.org/maven2/com/google/guava/guava/33.0.0-jre/guava-33.0.0-jre.pom (13 kB at 193 kB/s)
#14 243.6 [INFO] Downloading from central: https://repo.maven.apache.org/maven2/com/google/guava/guava-parent/33.0.0-jre/guava-parent-33.0.0-jre.pom
#14 243.7 [INFO] Downloaded from central: https://repo.maven.apache.org/maven2/com/google/guava/guava-parent/33.0.0-jre/guava-parent-33.0.0-jre.pom (19 kB at 185 kB/s)
#14 243.7 [INFO] Downloading from central: https://repo.maven.apache.org/maven2/com/google/guava/failureaccess/1.0.2/failureaccess-1.0.2.pom
#14 243.8 [INFO] Downloaded from central: https://repo.maven.apache.org/maven2/com/google/guava/failureaccess/1.0.2/failureaccess-1.0.2.pom (3.3 kB at 51 kB/s)
#14 243.8 [INFO] Downloading from central: https://repo.maven.apache.org/maven2/com/google/guava/guava-parent/26.0-android/guava-parent-26.0-android.pom
#14 243.8 [INFO] Downloaded from central: https://repo.maven.apache.org/maven2/com/google/guava/guava-parent/26.0-android/guava-parent-26.0-android.pom (10 kB at 152 kB/s)
#14 243.9 [INFO] Downloading from central: https://repo.maven.apache.org/maven2/com/google/guava/listenablefuture/9999.0-empty-to-avoid-conflict-with-guava/listenablefuture-9999.0-empty-to-avoid-conflict-with-guava.pom
#14 243.9 [INFO] Downloaded from central: https://repo.maven.apache.org/maven2/com/google/guava/listenablefuture/9999.0-empty-to-avoid-conflict-with-guava/listenablefuture-9999.0-empty-to-avoid-conflict-with-guava.pom (2.3 kB at 32 kB/s)
#14 243.9 [INFO] Downloading from central: https://repo.maven.apache.org/maven2/org/checkerframework/checker-qual/3.41.0/checker-qual-3.41.0.pom
#14 244.0 [INFO] Downloaded from central: https://repo.maven.apache.org/maven2/org/checkerframework/checker-qual/3.41.0/checker-qual-3.41.0.pom (2.1 kB at 33 kB/s)
#14 244.0 [INFO] Downloading from central: https://repo.maven.apache.org/maven2/com/google/errorprone/error_prone_annotations/2.23.0/error_prone_annotations-2.23.0.pom
#14 244.1 [INFO] Downloaded from central: https://repo.maven.apache.org/maven2/com/google/errorprone/error_prone_annotations/2.23.0/error_prone_annotations-2.23.0.pom (1.8 kB at 28 kB/s)
#14 244.1 [INFO] Downloading from central: https://repo.maven.apache.org/maven2/com/google/errorprone/error_prone_parent/2.23.0/error_prone_parent-2.23.0.pom
#14 244.1 [INFO] Downloaded from central: https://repo.maven.apache.org/maven2/com/google/errorprone/error_prone_parent/2.23.0/error_prone_parent-2.23.0.pom (13 kB at 200 kB/s)
#14 244.1 [INFO] Downloading from central: https://repo.maven.apache.org/maven2/com/google/j2objc/j2objc-annotations/2.8/j2objc-annotations-2.8.pom
#14 244.2 [INFO] Downloaded from central: https://repo.maven.apache.org/maven2/com/google/j2objc/j2objc-annotations/2.8/j2objc-annotations-2.8.pom (2.9 kB at 43 kB/s)
#14 244.2 [INFO] Downloading from central: https://repo.maven.apache.org/maven2/com/squareup/okhttp3/okhttp/4.12.0/okhttp-4.12.0.pom
#14 244.3 [INFO] Downloaded from central: https://repo.maven.apache.org/maven2/com/squareup/okhttp3/okhttp/4.12.0/okhttp-4.12.0.pom (1.8 kB at 27 kB/s)
#14 244.3 [INFO] Downloading from central: https://repo.maven.apache.org/maven2/com/squareup/okio/okio/3.6.0/okio-3.6.0.pom
#14 244.3 [INFO] Downloaded from central: https://repo.maven.apache.org/maven2/com/squareup/okio/okio/3.6.0/okio-3.6.0.pom (1.7 kB at 25 kB/s)
#14 244.3 [INFO] Downloading from central: https://repo.maven.apache.org/maven2/com/squareup/okio/okio-jvm/3.6.0/okio-jvm-3.6.0.pom
#14 244.4 [INFO] Downloaded from central: https://repo.maven.apache.org/maven2/com/squareup/okio/okio-jvm/3.6.0/okio-jvm-3.6.0.pom (1.9 kB at 29 kB/s)
#14 244.4 [INFO] Downloading from central: https://repo.maven.apache.org/maven2/org/jetbrains/kotlin/kotlin-stdlib-jdk8/1.9.10/kotlin-stdlib-jdk8-1.9.10.pom
#14 244.5 [INFO] Downloaded from central: https://repo.maven.apache.org/maven2/org/jetbrains/kotlin/kotlin-stdlib-jdk8/1.9.10/kotlin-stdlib-jdk8-1.9.10.pom (1.6 kB at 23 kB/s)
#14 244.5 [INFO] Downloading from central: https://repo.maven.apache.org/maven2/org/jetbrains/kotlin/kotlin-stdlib/1.9.10/kotlin-stdlib-1.9.10.pom
#14 244.5 [INFO] Downloaded from central: https://repo.maven.apache.org/maven2/org/jetbrains/kotlin/kotlin-stdlib/1.9.10/kotlin-stdlib-1.9.10.pom (1.6 kB at 24 kB/s)
#14 244.5 [INFO] Downloading from central: https://repo.maven.apache.org/maven2/org/jetbrains/kotlin/kotlin-stdlib-common/1.9.10/kotlin-stdlib-common-1.9.10.pom
#14 244.6 [INFO] Downloaded from central: https://repo.maven.apache.org/maven2/org/jetbrains/kotlin/kotlin-stdlib-common/1.9.10/kotlin-stdlib-common-1.9.10.pom (1.2 kB at 19 kB/s)
#14 244.6 [INFO] Downloading from central: https://repo.maven.apache.org/maven2/org/jetbrains/annotations/13.0/annotations-13.0.pom
#14 244.7 [INFO] Downloaded from central: https://repo.maven.apache.org/maven2/org/jetbrains/annotations/13.0/annotations-13.0.pom (4.9 kB at 76 kB/s)
#14 244.7 [INFO] Downloading from central: https://repo.maven.apache.org/maven2/org/jetbrains/kotlin/kotlin-stdlib-jdk7/1.9.10/kotlin-stdlib-jdk7-1.9.10.pom
#14 244.7 [INFO] Downloaded from central: https://repo.maven.apache.org/maven2/org/jetbrains/kotlin/kotlin-stdlib-jdk7/1.9.10/kotlin-stdlib-jdk7-1.9.10.pom (1.4 kB at 22 kB/s)
#14 244.7 [INFO] Downloading from central: https://repo.maven.apache.org/maven2/org/jetbrains/kotlin/kotlin-stdlib-jdk8/1.8.21/kotlin-stdlib-jdk8-1.8.21.pom
#14 244.8 [INFO] Downloaded from central: https://repo.maven.apache.org/maven2/org/jetbrains/kotlin/kotlin-stdlib-jdk8/1.8.21/kotlin-stdlib-jdk8-1.8.21.pom (1.6 kB at 21 kB/s)
#14 244.8 [INFO] Downloading from central: https://repo.maven.apache.org/maven2/org/jetbrains/kotlin/kotlin-stdlib/1.8.21/kotlin-stdlib-1.8.21.pom
#14 244.9 [INFO] Downloaded from central: https://repo.maven.apache.org/maven2/org/jetbrains/kotlin/kotlin-stdlib/1.8.21/kotlin-stdlib-1.8.21.pom (1.6 kB at 22 kB/s)
#14 244.9 [INFO] Downloading from central: https://repo.maven.apache.org/maven2/org/jetbrains/kotlin/kotlin-stdlib-common/1.8.21/kotlin-stdlib-common-1.8.21.pom
#14 245.0 [INFO] Downloaded from central: https://repo.maven.apache.org/maven2/org/jetbrains/kotlin/kotlin-stdlib-common/1.8.21/kotlin-stdlib-common-1.8.21.pom (1.2 kB at 18 kB/s)
#14 245.0 [INFO] Downloading from central: https://repo.maven.apache.org/maven2/org/jetbrains/kotlin/kotlin-stdlib-jdk7/1.8.21/kotlin-stdlib-jdk7-1.8.21.pom
#14 245.0 [INFO] Downloaded from central: https://repo.maven.apache.org/maven2/org/jetbrains/kotlin/kotlin-stdlib-jdk7/1.8.21/kotlin-stdlib-jdk7-1.8.21.pom (1.4 kB at 21 kB/s)
#14 245.0 [INFO] Downloading from central: https://repo.maven.apache.org/maven2/com/fasterxml/jackson/core/jackson-annotations/2.16.1/jackson-annotations-2.16.1.pom
#14 245.1 [INFO] Downloaded from central: https://repo.maven.apache.org/maven2/com/fasterxml/jackson/core/jackson-annotations/2.16.1/jackson-annotations-2.16.1.pom (7.1 kB at 92 kB/s)
#14 245.1 [INFO] Downloading from central: https://repo.maven.apache.org/maven2/com/fasterxml/jackson/core/jackson-core/2.16.1/jackson-core-2.16.1.pom
#14 245.2 [INFO] Downloaded from central: https://repo.maven.apache.org/maven2/com/fasterxml/jackson/core/jackson-core/2.16.1/jackson-core-2.16.1.pom (9.9 kB at 153 kB/s)
#14 245.2 [INFO] Downloading from central: https://repo.maven.apache.org/maven2/com/fasterxml/jackson/jackson-base/2.16.1/jackson-base-2.16.1.pom
#14 245.2 [INFO] Downloaded from central: https://repo.maven.apache.org/maven2/com/fasterxml/jackson/jackson-base/2.16.1/jackson-base-2.16.1.pom (11 kB at 172 kB/s)
#14 245.3 [INFO] Downloading from central: https://repo.maven.apache.org/maven2/com/fasterxml/jackson/jackson-bom/2.16.1/jackson-bom-2.16.1.pom
#14 245.3 [INFO] Downloaded from central: https://repo.maven.apache.org/maven2/com/fasterxml/jackson/jackson-bom/2.16.1/jackson-bom-2.16.1.pom (18 kB at 276 kB/s)
#14 245.3 [INFO] Downloading from central: https://repo.maven.apache.org/maven2/com/fasterxml/jackson/core/jackson-databind/2.16.1/jackson-databind-2.16.1.pom
#14 245.4 [INFO] Downloaded from central: https://repo.maven.apache.org/maven2/com/fasterxml/jackson/core/jackson-databind/2.16.1/jackson-databind-2.16.1.pom (21 kB at 319 kB/s)
#14 245.4 [INFO] Downloading from central: https://repo.maven.apache.org/maven2/org/bouncycastle/bcprov-jdk18on/1.77/bcprov-jdk18on-1.77.pom
#14 245.5 [INFO] Downloaded from central: https://repo.maven.apache.org/maven2/org/bouncycastle/bcprov-jdk18on/1.77/bcprov-jdk18on-1.77.pom (1.1 kB at 18 kB/s)
#14 245.5 [INFO] Downloading from central: https://repo.maven.apache.org/maven2/org/apache/commons/commons-compress/1.26.0/commons-compress-1.26.0.pom
#14 245.5 [INFO] Downloaded from central: https://repo.maven.apache.org/maven2/org/apache/commons/commons-compress/1.26.0/commons-compress-1.26.0.pom (22 kB at 319 kB/s)
#14 245.5 [INFO] Downloading from central: https://repo.maven.apache.org/maven2/org/apache/commons/commons-parent/66/commons-parent-66.pom
#14 245.6 [INFO] Downloaded from central: https://repo.maven.apache.org/maven2/org/apache/commons/commons-parent/66/commons-parent-66.pom (77 kB at 1.0 MB/s)
#14 245.6 [INFO] Downloading from central: https://repo.maven.apache.org/maven2/org/apache/apache/31/apache-31.pom
#14 245.7 [INFO] Downloaded from central: https://repo.maven.apache.org/maven2/org/apache/apache/31/apache-31.pom (24 kB at 327 kB/s)
#14 245.7 [INFO] Downloading from central: https://repo.maven.apache.org/maven2/org/junit/junit-bom/5.10.1/junit-bom-5.10.1.pom
#14 245.7 [INFO] Downloaded from central: https://repo.maven.apache.org/maven2/org/junit/junit-bom/5.10.1/junit-bom-5.10.1.pom (5.6 kB at 84 kB/s)
#14 245.8 [INFO] Downloading from central: https://repo.maven.apache.org/maven2/commons-io/commons-io/2.15.1/commons-io-2.15.1.pom
#14 245.8 [INFO] Downloaded from central: https://repo.maven.apache.org/maven2/commons-io/commons-io/2.15.1/commons-io-2.15.1.pom (20 kB at 274 kB/s)
#14 245.8 [INFO] Downloading from central: https://repo.maven.apache.org/maven2/org/apache/commons/commons-parent/65/commons-parent-65.pom
#14 245.9 [INFO] Downloaded from central: https://repo.maven.apache.org/maven2/org/apache/commons/commons-parent/65/commons-parent-65.pom (78 kB at 1.1 MB/s)
#14 245.9 [INFO] Downloading from central: https://repo.maven.apache.org/maven2/org/apache/commons/commons-lang3/3.14.0/commons-lang3-3.14.0.pom
#14 246.0 [INFO] Downloaded from central: https://repo.maven.apache.org/maven2/org/apache/commons/commons-lang3/3.14.0/commons-lang3-3.14.0.pom (31 kB at 448 kB/s)
#14 246.0 [INFO] Downloading from central: https://repo.maven.apache.org/maven2/org/apache/commons/commons-parent/64/commons-parent-64.pom
#14 246.1 [INFO] Downloaded from central: https://repo.maven.apache.org/maven2/org/apache/commons/commons-parent/64/commons-parent-64.pom (78 kB at 780 kB/s)
#14 246.1 [INFO] Downloading from central: https://repo.maven.apache.org/maven2/commons-codec/commons-codec/1.16.1/commons-codec-1.16.1.pom
#14 246.1 [INFO] Downloaded from central: https://repo.maven.apache.org/maven2/commons-codec/commons-codec/1.16.1/commons-codec-1.16.1.pom (16 kB at 227 kB/s)
#14 246.2 [INFO] Downloading from central: https://repo.maven.apache.org/maven2/org/xerial/snappy/snappy-java/1.1.10.5/snappy-java-1.1.10.5.pom
#14 246.3 [INFO] Downloaded from central: https://repo.maven.apache.org/maven2/org/xerial/snappy/snappy-java/1.1.10.5/snappy-java-1.1.10.5.pom (3.1 kB at 25 kB/s)
#14 246.3 [INFO] Downloading from central: https://repo.maven.apache.org/maven2/io/minio/minio/8.5.9/minio-8.5.9.jar
#14 246.6 [INFO] Downloaded from central: https://repo.maven.apache.org/maven2/io/minio/minio/8.5.9/minio-8.5.9.jar (400 kB at 1.1 MB/s)
#14 246.6 [INFO] Downloading from central: https://repo.maven.apache.org/maven2/com/carrotsearch/thirdparty/simple-xml-safe/2.7.1/simple-xml-safe-2.7.1.jar
#14 246.6 [INFO] Downloading from central: https://repo.maven.apache.org/maven2/com/google/guava/guava/33.0.0-jre/guava-33.0.0-jre.jar
#14 246.6 [INFO] Downloading from central: https://repo.maven.apache.org/maven2/com/google/guava/listenablefuture/9999.0-empty-to-avoid-conflict-with-guava/listenablefuture-9999.0-empty-to-avoid-conflict-with-guava.jar
#14 246.6 [INFO] Downloading from central: https://repo.maven.apache.org/maven2/com/google/guava/failureaccess/1.0.2/failureaccess-1.0.2.jar
#14 246.6 [INFO] Downloading from central: https://repo.maven.apache.org/maven2/org/checkerframework/checker-qual/3.41.0/checker-qual-3.41.0.jar
#14 246.7 [INFO] Downloaded from central: https://repo.maven.apache.org/maven2/com/google/guava/listenablefuture/9999.0-empty-to-avoid-conflict-with-guava/listenablefuture-9999.0-empty-to-avoid-conflict-with-guava.jar (2.2 kB at 26 kB/s)
#14 246.7 [INFO] Downloading from central: https://repo.maven.apache.org/maven2/com/google/errorprone/error_prone_annotations/2.23.0/error_prone_annotations-2.23.0.jar
#14 246.9 [INFO] Downloaded from central: https://repo.maven.apache.org/maven2/com/google/guava/failureaccess/1.0.2/failureaccess-1.0.2.jar (4.7 kB at 18 kB/s)
#14 246.9 [INFO] Downloading from central: https://repo.maven.apache.org/maven2/com/google/j2objc/j2objc-annotations/2.8/j2objc-annotations-2.8.jar
#14 247.1 [INFO] Downloaded from central: https://repo.maven.apache.org/maven2/com/google/errorprone/error_prone_annotations/2.23.0/error_prone_annotations-2.23.0.jar (17 kB at 39 kB/s)
#14 247.1 [INFO] Downloading from central: https://repo.maven.apache.org/maven2/com/squareup/okhttp3/okhttp/4.12.0/okhttp-4.12.0.jar
#14 247.3 [INFO] Downloaded from central: https://repo.maven.apache.org/maven2/com/carrotsearch/thirdparty/simple-xml-safe/2.7.1/simple-xml-safe-2.7.1.jar (418 kB at 592 kB/s)
#14 247.3 [INFO] Downloading from central: https://repo.maven.apache.org/maven2/com/squareup/okio/okio/3.6.0/okio-3.6.0.jar
#14 247.5 [INFO] Downloaded from central: https://repo.maven.apache.org/maven2/com/google/j2objc/j2objc-annotations/2.8/j2objc-annotations-2.8.jar (9.3 kB at 10 kB/s)
#14 247.5 [INFO] Downloading from central: https://repo.maven.apache.org/maven2/com/squareup/okio/okio-jvm/3.6.0/okio-jvm-3.6.0.jar
#14 247.7 [INFO] Downloaded from central: https://repo.maven.apache.org/maven2/com/squareup/okio/okio/3.6.0/okio-3.6.0.jar (26 kB at 24 kB/s)
#14 247.7 [INFO] Downloading from central: https://repo.maven.apache.org/maven2/org/jetbrains/kotlin/kotlin-stdlib-common/1.9.10/kotlin-stdlib-common-1.9.10.jar
#14 247.7 [INFO] Downloaded from central: https://repo.maven.apache.org/maven2/org/checkerframework/checker-qual/3.41.0/checker-qual-3.41.0.jar (229 kB at 215 kB/s)
#14 247.7 [INFO] Downloading from central: https://repo.maven.apache.org/maven2/org/jetbrains/kotlin/kotlin-stdlib-jdk8/1.8.21/kotlin-stdlib-jdk8-1.8.21.jar
#14 248.0 [INFO] Downloaded from central: https://repo.maven.apache.org/maven2/org/jetbrains/kotlin/kotlin-stdlib-common/1.9.10/kotlin-stdlib-common-1.9.10.jar (225 kB at 164 kB/s)
#14 248.0 [INFO] Downloading from central: https://repo.maven.apache.org/maven2/org/jetbrains/kotlin/kotlin-stdlib/1.8.21/kotlin-stdlib-1.8.21.jar
#14 248.1 [INFO] Downloaded from central: https://repo.maven.apache.org/maven2/org/jetbrains/kotlin/kotlin-stdlib-jdk8/1.8.21/kotlin-stdlib-jdk8-1.8.21.jar (968 B at 663 B/s)
#14 248.1 [INFO] Downloading from central: https://repo.maven.apache.org/maven2/org/jetbrains/annotations/13.0/annotations-13.0.jar
#14 248.6 [INFO] Downloaded from central: https://repo.maven.apache.org/maven2/org/jetbrains/annotations/13.0/annotations-13.0.jar (18 kB at 9.2 kB/s)
#14 248.6 [INFO] Downloading from central: https://repo.maven.apache.org/maven2/org/jetbrains/kotlin/kotlin-stdlib-jdk7/1.8.21/kotlin-stdlib-jdk7-1.8.21.jar
#14 249.0 [INFO] Downloaded from central: https://repo.maven.apache.org/maven2/org/jetbrains/kotlin/kotlin-stdlib-jdk7/1.8.21/kotlin-stdlib-jdk7-1.8.21.jar (963 B at 408 B/s)
#14 249.0 [INFO] Downloading from central: https://repo.maven.apache.org/maven2/com/fasterxml/jackson/core/jackson-annotations/2.16.1/jackson-annotations-2.16.1.jar
#14 249.1 [INFO] Downloaded from central: https://repo.maven.apache.org/maven2/com/squareup/okio/okio-jvm/3.6.0/okio-jvm-3.6.0.jar (360 kB at 149 kB/s)
#14 249.1 [INFO] Downloading from central: https://repo.maven.apache.org/maven2/com/fasterxml/jackson/core/jackson-core/2.16.1/jackson-core-2.16.1.jar
#14 250.5 [INFO] Downloaded from central: https://repo.maven.apache.org/maven2/com/squareup/okhttp3/okhttp/4.12.0/okhttp-4.12.0.jar (790 kB at 205 kB/s)
#14 250.5 [INFO] Downloading from central: https://repo.maven.apache.org/maven2/com/fasterxml/jackson/core/jackson-databind/2.16.1/jackson-databind-2.16.1.jar
#14 250.5 [INFO] Downloaded from central: https://repo.maven.apache.org/maven2/com/fasterxml/jackson/core/jackson-annotations/2.16.1/jackson-annotations-2.16.1.jar (78 kB at 20 kB/s)
#14 250.5 [INFO] Downloading from central: https://repo.maven.apache.org/maven2/org/bouncycastle/bcprov-jdk18on/1.77/bcprov-jdk18on-1.77.jar
#14 251.8 [INFO] Downloaded from central: https://repo.maven.apache.org/maven2/com/fasterxml/jackson/core/jackson-core/2.16.1/jackson-core-2.16.1.jar (578 kB at 112 kB/s)
#14 251.8 [INFO] Downloading from central: https://repo.maven.apache.org/maven2/org/apache/commons/commons-compress/1.26.0/commons-compress-1.26.0.jar
#14 252.6 [INFO] Downloaded from central: https://repo.maven.apache.org/maven2/com/google/guava/guava/33.0.0-jre/guava-33.0.0-jre.jar (3.0 MB at 515 kB/s)
#14 252.6 [INFO] Downloading from central: https://repo.maven.apache.org/maven2/commons-io/commons-io/2.15.1/commons-io-2.15.1.jar
#14 252.6 [INFO] Downloaded from central: https://repo.maven.apache.org/maven2/org/jetbrains/kotlin/kotlin-stdlib/1.8.21/kotlin-stdlib-1.8.21.jar (1.7 MB at 282 kB/s)
#14 252.6 [INFO] Downloading from central: https://repo.maven.apache.org/maven2/org/apache/commons/commons-lang3/3.14.0/commons-lang3-3.14.0.jar
#14 253.9 [INFO] Downloaded from central: https://repo.maven.apache.org/maven2/commons-io/commons-io/2.15.1/commons-io-2.15.1.jar (501 kB at 69 kB/s)
#14 253.9 [INFO] Downloading from central: https://repo.maven.apache.org/maven2/commons-codec/commons-codec/1.16.1/commons-codec-1.16.1.jar
#14 254.8 [INFO] Downloaded from central: https://repo.maven.apache.org/maven2/org/apache/commons/commons-lang3/3.14.0/commons-lang3-3.14.0.jar (658 kB at 81 kB/s)
#14 254.8 [INFO] Downloading from central: https://repo.maven.apache.org/maven2/org/xerial/snappy/snappy-java/1.1.10.5/snappy-java-1.1.10.5.jar
#14 254.9 [INFO] Downloaded from central: https://repo.maven.apache.org/maven2/commons-codec/commons-codec/1.16.1/commons-codec-1.16.1.jar (365 kB at 44 kB/s)
#14 255.4 [INFO] Downloaded from central: https://repo.maven.apache.org/maven2/org/apache/commons/commons-compress/1.26.0/commons-compress-1.26.0.jar (1.1 MB at 123 kB/s)
#14 256.5 [INFO] Downloaded from central: https://repo.maven.apache.org/maven2/com/fasterxml/jackson/core/jackson-databind/2.16.1/jackson-databind-2.16.1.jar (1.6 MB at 166 kB/s)
#14 257.7 [INFO] Downloaded from central: https://repo.maven.apache.org/maven2/org/xerial/snappy/snappy-java/1.1.10.5/snappy-java-1.1.10.5.jar (2.3 MB at 208 kB/s)
#14 264.3 [INFO] Downloaded from central: https://repo.maven.apache.org/maven2/org/bouncycastle/bcprov-jdk18on/1.77/bcprov-jdk18on-1.77.jar (8.4 MB at 473 kB/s)
#14 264.4 [INFO] Downloading from central: https://repo.maven.apache.org/maven2/com/google/firebase/firebase-admin/9.2.0/firebase-admin-9.2.0.pom
#14 264.5 [INFO] Downloaded from central: https://repo.maven.apache.org/maven2/com/google/firebase/firebase-admin/9.2.0/firebase-admin-9.2.0.pom (20 kB at 111 kB/s)
#14 264.5 [INFO] Downloading from central: https://repo.maven.apache.org/maven2/com/google/cloud/libraries-bom/26.17.0/libraries-bom-26.17.0.pom
#14 264.6 [INFO] Downloaded from central: https://repo.maven.apache.org/maven2/com/google/cloud/libraries-bom/26.17.0/libraries-bom-26.17.0.pom (4.9 kB at 62 kB/s)
#14 264.6 [INFO] Downloading from central: https://repo.maven.apache.org/maven2/com/google/cloud/first-party-dependencies/3.11.0/first-party-dependencies-3.11.0.pom
#14 264.7 [INFO] Downloaded from central: https://repo.maven.apache.org/maven2/com/google/cloud/first-party-dependencies/3.11.0/first-party-dependencies-3.11.0.pom (3.8 kB at 48 kB/s)
#14 264.7 [INFO] Downloading from central: https://repo.maven.apache.org/maven2/com/google/cloud/google-cloud-shared-config/1.5.5/google-cloud-shared-config-1.5.5.pom
#14 264.8 [INFO] Downloaded from central: https://repo.maven.apache.org/maven2/com/google/cloud/google-cloud-shared-config/1.5.5/google-cloud-shared-config-1.5.5.pom (30 kB at 313 kB/s)
#14 264.8 [INFO] Downloading from central: https://repo.maven.apache.org/maven2/com/google/api/gapic-generator-java-bom/2.21.0/gapic-generator-java-bom-2.21.0.pom
#14 264.9 [INFO] Downloaded from central: https://repo.maven.apache.org/maven2/com/google/api/gapic-generator-java-bom/2.21.0/gapic-generator-java-bom-2.21.0.pom (4.9 kB at 53 kB/s)
#14 264.9 [INFO] Downloading from central: https://repo.maven.apache.org/maven2/com/google/api/gapic-generator-java-pom-parent/2.21.0/gapic-generator-java-pom-parent-2.21.0.pom
#14 265.0 [INFO] Downloaded from central: https://repo.maven.apache.org/maven2/com/google/api/gapic-generator-java-pom-parent/2.21.0/gapic-generator-java-pom-parent-2.21.0.pom (6.7 kB at 77 kB/s)
#14 265.0 [INFO] Downloading from google-maven-central-copy: https://maven-central.storage-download.googleapis.com/maven2/com/google/auth/google-auth-library-bom/1.17.0/google-auth-library-bom-1.17.0.pom
#14 265.3 [INFO] Downloaded from google-maven-central-copy: https://maven-central.storage-download.googleapis.com/maven2/com/google/auth/google-auth-library-bom/1.17.0/google-auth-library-bom-1.17.0.pom (4.5 kB at 13 kB/s)
#14 265.3 [INFO] Downloading from google-maven-central-copy: https://maven-central.storage-download.googleapis.com/maven2/com/google/guava/guava-bom/31.1-jre/guava-bom-31.1-jre.pom
#14 265.4 [INFO] Downloaded from google-maven-central-copy: https://maven-central.storage-download.googleapis.com/maven2/com/google/guava/guava-bom/31.1-jre/guava-bom-31.1-jre.pom (1.7 kB at 22 kB/s)
#14 265.4 [INFO] Downloading from google-maven-central-copy: https://maven-central.storage-download.googleapis.com/maven2/com/google/protobuf/protobuf-bom/3.23.2/protobuf-bom-3.23.2.pom
#14 265.5 [INFO] Downloaded from google-maven-central-copy: https://maven-central.storage-download.googleapis.com/maven2/com/google/protobuf/protobuf-bom/3.23.2/protobuf-bom-3.23.2.pom (3.5 kB at 41 kB/s)
#14 265.5 [INFO] Downloading from google-maven-central-copy: https://maven-central.storage-download.googleapis.com/maven2/io/grpc/grpc-bom/1.55.1/grpc-bom-1.55.1.pom
#14 265.8 [INFO] Downloaded from google-maven-central-copy: https://maven-central.storage-download.googleapis.com/maven2/io/grpc/grpc-bom/1.55.1/grpc-bom-1.55.1.pom (5.4 kB at 20 kB/s)
#14 265.8 [INFO] Downloading from google-maven-central-copy: https://maven-central.storage-download.googleapis.com/maven2/com/google/api/gax-bom/2.29.0/gax-bom-2.29.0.pom
#14 265.9 [INFO] Downloaded from google-maven-central-copy: https://maven-central.storage-download.googleapis.com/maven2/com/google/api/gax-bom/2.29.0/gax-bom-2.29.0.pom (4.3 kB at 31 kB/s)
#14 265.9 [INFO] Downloading from central: https://repo.maven.apache.org/maven2/com/google/cloud/google-cloud-core-bom/2.19.0/google-cloud-core-bom-2.19.0.pom
#14 266.0 [INFO] Downloaded from central: https://repo.maven.apache.org/maven2/com/google/cloud/google-cloud-core-bom/2.19.0/google-cloud-core-bom-2.19.0.pom (1.6 kB at 19 kB/s)
#14 266.0 [INFO] Downloading from central: https://repo.maven.apache.org/maven2/com/google/http-client/google-http-client-bom/1.43.1/google-http-client-bom-1.43.1.pom
#14 266.1 [INFO] Downloaded from central: https://repo.maven.apache.org/maven2/com/google/http-client/google-http-client-bom/1.43.1/google-http-client-bom-1.43.1.pom (6.8 kB at 89 kB/s)
#14 266.1 [INFO] Downloading from central: https://repo.maven.apache.org/maven2/com/google/oauth-client/google-oauth-client-bom/1.34.1/google-oauth-client-bom-1.34.1.pom
#14 266.2 [INFO] Downloaded from central: https://repo.maven.apache.org/maven2/com/google/oauth-client/google-oauth-client-bom/1.34.1/google-oauth-client-bom-1.34.1.pom (5.8 kB at 61 kB/s)
#14 266.2 [INFO] Downloading from central: https://repo.maven.apache.org/maven2/com/google/api-client/google-api-client-bom/2.2.0/google-api-client-bom-2.2.0.pom
#14 266.3 [INFO] Downloaded from central: https://repo.maven.apache.org/maven2/com/google/api-client/google-api-client-bom/2.2.0/google-api-client-bom-2.2.0.pom (6.8 kB at 78 kB/s)
#14 266.3 [INFO] Downloading from central: https://repo.maven.apache.org/maven2/com/google/cloud/google-cloud-bom/0.198.0/google-cloud-bom-0.198.0.pom
#14 266.4 [INFO] Downloaded from central: https://repo.maven.apache.org/maven2/com/google/cloud/google-cloud-bom/0.198.0/google-cloud-bom-0.198.0.pom (12 kB at 160 kB/s)
#14 266.4 [INFO] Downloading from central: https://repo.maven.apache.org/maven2/com/google/cloud/gapic-libraries-bom/1.13.0/gapic-libraries-bom-1.13.0.pom
#14 266.5 [INFO] Downloaded from central: https://repo.maven.apache.org/maven2/com/google/cloud/gapic-libraries-bom/1.13.0/gapic-libraries-bom-1.13.0.pom (46 kB at 394 kB/s)
#14 266.5 [INFO] Downloading from central: https://repo.maven.apache.org/maven2/com/google/cloud/google-cloud-pom-parent/1.13.0/google-cloud-pom-parent-1.13.0.pom
#14 266.6 [INFO] Downloaded from central: https://repo.maven.apache.org/maven2/com/google/cloud/google-cloud-pom-parent/1.13.0/google-cloud-pom-parent-1.13.0.pom (3.8 kB at 49 kB/s)
#14 266.6 [INFO] Downloading from central: https://repo.maven.apache.org/maven2/com/google/cloud/google-cloud-shared-config/1.5.6/google-cloud-shared-config-1.5.6.pom
#14 266.6 [INFO] Downloaded from central: https://repo.maven.apache.org/maven2/com/google/cloud/google-cloud-shared-config/1.5.6/google-cloud-shared-config-1.5.6.pom (30 kB at 376 kB/s)
#14 266.6 [INFO] Downloading from google-maven-central-copy: https://maven-central.storage-download.googleapis.com/maven2/com/google/cloud/google-cloud-accessapproval-bom/2.20.0/google-cloud-accessapproval-bom-2.20.0.pom
#14 266.7 [INFO] Downloaded from google-maven-central-copy: https://maven-central.storage-download.googleapis.com/maven2/com/google/cloud/google-cloud-accessapproval-bom/2.20.0/google-cloud-accessapproval-bom-2.20.0.pom (1.8 kB at 22 kB/s)
#14 266.7 [INFO] Downloading from google-maven-central-copy: https://maven-central.storage-download.googleapis.com/maven2/com/google/cloud/google-identity-accesscontextmanager-bom/1.20.0/google-identity-accesscontextmanager-bom-1.20.0.pom
#14 266.8 [INFO] Downloaded from google-maven-central-copy: https://maven-central.storage-download.googleapis.com/maven2/com/google/cloud/google-identity-accesscontextmanager-bom/1.20.0/google-identity-accesscontextmanager-bom-1.20.0.pom (2.2 kB at 28 kB/s)
#14 266.8 [INFO] Downloading from google-maven-central-copy: https://maven-central.storage-download.googleapis.com/maven2/com/google/cloud/google-cloud-advisorynotifications-bom/0.8.0/google-cloud-advisorynotifications-bom-0.8.0.pom
#14 266.9 [INFO] Downloaded from google-maven-central-copy: https://maven-central.storage-download.googleapis.com/maven2/com/google/cloud/google-cloud-advisorynotifications-bom/0.8.0/google-cloud-advisorynotifications-bom-0.8.0.pom (1.9 kB at 23 kB/s)
#14 266.9 [INFO] Downloading from google-maven-central-copy: https://maven-central.storage-download.googleapis.com/maven2/com/google/cloud/google-cloud-aiplatform-bom/3.20.0/google-cloud-aiplatform-bom-3.20.0.pom
#14 267.0 [INFO] Downloaded from google-maven-central-copy: https://maven-central.storage-download.googleapis.com/maven2/com/google/cloud/google-cloud-aiplatform-bom/3.20.0/google-cloud-aiplatform-bom-3.20.0.pom (2.3 kB at 29 kB/s)
#14 267.0 [INFO] Downloading from google-maven-central-copy: https://maven-central.storage-download.googleapis.com/maven2/com/google/cloud/google-cloud-alloydb-bom/0.8.0/google-cloud-alloydb-bom-0.8.0.pom
#14 267.1 [INFO] Downloaded from google-maven-central-copy: https://maven-central.storage-download.googleapis.com/maven2/com/google/cloud/google-cloud-alloydb-bom/0.8.0/google-cloud-alloydb-bom-0.8.0.pom (2.8 kB at 35 kB/s)
#14 267.1 [INFO] Downloading from google-maven-central-copy: https://maven-central.storage-download.googleapis.com/maven2/com/google/analytics/google-analytics-admin-bom/0.29.0/google-analytics-admin-bom-0.29.0.pom
#14 267.1 [INFO] Downloaded from google-maven-central-copy: https://maven-central.storage-download.googleapis.com/maven2/com/google/analytics/google-analytics-admin-bom/0.29.0/google-analytics-admin-bom-0.29.0.pom (2.3 kB at 28 kB/s)
#14 267.1 [INFO] Downloading from google-maven-central-copy: https://maven-central.storage-download.googleapis.com/maven2/com/google/analytics/google-analytics-data-bom/0.30.0/google-analytics-data-bom-0.30.0.pom
#14 267.2 [INFO] Downloaded from google-maven-central-copy: https://maven-central.storage-download.googleapis.com/maven2/com/google/analytics/google-analytics-data-bom/0.30.0/google-analytics-data-bom-0.30.0.pom (2.3 kB at 30 kB/s)
#14 267.2 [INFO] Downloading from google-maven-central-copy: https://maven-central.storage-download.googleapis.com/maven2/com/google/cloud/google-cloud-analyticshub-bom/0.16.0/google-cloud-analyticshub-bom-0.16.0.pom
#14 267.3 [INFO] Downloaded from google-maven-central-copy: https://maven-central.storage-download.googleapis.com/maven2/com/google/cloud/google-cloud-analyticshub-bom/0.16.0/google-cloud-analyticshub-bom-0.16.0.pom (1.8 kB at 23 kB/s)
#14 267.3 [INFO] Downloading from google-maven-central-copy: https://maven-central.storage-download.googleapis.com/maven2/com/google/cloud/google-cloud-api-gateway-bom/2.19.0/google-cloud-api-gateway-bom-2.19.0.pom
#14 267.4 [INFO] Downloaded from google-maven-central-copy: https://maven-central.storage-download.googleapis.com/maven2/com/google/cloud/google-cloud-api-gateway-bom/2.19.0/google-cloud-api-gateway-bom-2.19.0.pom (1.8 kB at 23 kB/s)
#14 267.4 [INFO] Downloading from google-maven-central-copy: https://maven-central.storage-download.googleapis.com/maven2/com/google/cloud/google-cloud-apigee-connect-bom/2.19.0/google-cloud-apigee-connect-bom-2.19.0.pom
#14 267.5 [INFO] Downloaded from google-maven-central-copy: https://maven-central.storage-download.googleapis.com/maven2/com/google/cloud/google-cloud-apigee-connect-bom/2.19.0/google-cloud-apigee-connect-bom-2.19.0.pom (1.8 kB at 24 kB/s)
#14 267.5 [INFO] Downloading from google-maven-central-copy: https://maven-central.storage-download.googleapis.com/maven2/com/google/cloud/google-cloud-apigee-registry-bom/0.19.0/google-cloud-apigee-registry-bom-0.19.0.pom
#14 267.5 [INFO] Downloaded from google-maven-central-copy: https://maven-central.storage-download.googleapis.com/maven2/com/google/cloud/google-cloud-apigee-registry-bom/0.19.0/google-cloud-apigee-registry-bom-0.19.0.pom (1.8 kB at 24 kB/s)
#14 267.5 [INFO] Downloading from google-maven-central-copy: https://maven-central.storage-download.googleapis.com/maven2/com/google/cloud/google-cloud-apikeys-bom/0.17.0/google-cloud-apikeys-bom-0.17.0.pom
#14 267.6 [INFO] Downloaded from google-maven-central-copy: https://maven-central.storage-download.googleapis.com/maven2/com/google/cloud/google-cloud-apikeys-bom/0.17.0/google-cloud-apikeys-bom-0.17.0.pom (1.8 kB at 25 kB/s)
#14 267.6 [INFO] Downloading from google-maven-central-copy: https://maven-central.storage-download.googleapis.com/maven2/com/google/cloud/google-cloud-appengine-admin-bom/2.19.0/google-cloud-appengine-admin-bom-2.19.0.pom
#14 267.7 [INFO] Downloaded from google-maven-central-copy: https://maven-central.storage-download.googleapis.com/maven2/com/google/cloud/google-cloud-appengine-admin-bom/2.19.0/google-cloud-appengine-admin-bom-2.19.0.pom (1.8 kB at 26 kB/s)
#14 267.7 [INFO] Downloading from google-maven-central-copy: https://maven-central.storage-download.googleapis.com/maven2/com/google/area120/google-area120-tables-bom/0.23.0/google-area120-tables-bom-0.23.0.pom
#14 267.8 [INFO] Downloaded from google-maven-central-copy: https://maven-central.storage-download.googleapis.com/maven2/com/google/area120/google-area120-tables-bom/0.23.0/google-area120-tables-bom-0.23.0.pom (1.8 kB at 25 kB/s)
#14 267.8 [INFO] Downloading from google-maven-central-copy: https://maven-central.storage-download.googleapis.com/maven2/com/google/cloud/google-cloud-artifact-registry-bom/1.18.0/google-cloud-artifact-registry-bom-1.18.0.pom
#14 267.8 [INFO] Downloaded from google-maven-central-copy: https://maven-central.storage-download.googleapis.com/maven2/com/google/cloud/google-cloud-artifact-registry-bom/1.18.0/google-cloud-artifact-registry-bom-1.18.0.pom (2.4 kB at 34 kB/s)
#14 267.8 [INFO] Downloading from google-maven-central-copy: https://maven-central.storage-download.googleapis.com/maven2/com/google/cloud/google-cloud-asset-bom/3.23.0/google-cloud-asset-bom-3.23.0.pom
#14 267.9 [INFO] Downloaded from google-maven-central-copy: https://maven-central.storage-download.googleapis.com/maven2/com/google/cloud/google-cloud-asset-bom/3.23.0/google-cloud-asset-bom-3.23.0.pom (3.7 kB at 52 kB/s)
#14 267.9 [INFO] Downloading from google-maven-central-copy: https://maven-central.storage-download.googleapis.com/maven2/com/google/cloud/google-cloud-assured-workloads-bom/2.19.0/google-cloud-assured-workloads-bom-2.19.0.pom
#14 268.0 [INFO] Downloaded from google-maven-central-copy: https://maven-central.storage-download.googleapis.com/maven2/com/google/cloud/google-cloud-assured-workloads-bom/2.19.0/google-cloud-assured-workloads-bom-2.19.0.pom (2.4 kB at 34 kB/s)
#14 268.0 [INFO] Downloading from google-maven-central-copy: https://maven-central.storage-download.googleapis.com/maven2/com/google/cloud/google-cloud-automl-bom/2.19.0/google-cloud-automl-bom-2.19.0.pom
#14 268.1 [INFO] Downloaded from google-maven-central-copy: https://maven-central.storage-download.googleapis.com/maven2/com/google/cloud/google-cloud-automl-bom/2.19.0/google-cloud-automl-bom-2.19.0.pom (2.2 kB at 30 kB/s)
#14 268.1 [INFO] Downloading from google-maven-central-copy: https://maven-central.storage-download.googleapis.com/maven2/com/google/cloud/google-cloud-bare-metal-solution-bom/0.19.0/google-cloud-bare-metal-solution-bom-0.19.0.pom
#14 268.1 [INFO] Downloaded from google-maven-central-copy: https://maven-central.storage-download.googleapis.com/maven2/com/google/cloud/google-cloud-bare-metal-solution-bom/0.19.0/google-cloud-bare-metal-solution-bom-0.19.0.pom (1.9 kB at 25 kB/s)
#14 268.1 [INFO] Downloading from google-maven-central-copy: https://maven-central.storage-download.googleapis.com/maven2/com/google/cloud/google-cloud-batch-bom/0.19.0/google-cloud-batch-bom-0.19.0.pom
#14 268.2 [INFO] Downloaded from google-maven-central-copy: https://maven-central.storage-download.googleapis.com/maven2/com/google/cloud/google-cloud-batch-bom/0.19.0/google-cloud-batch-bom-0.19.0.pom (2.3 kB at 32 kB/s)
#14 268.2 [INFO] Downloading from google-maven-central-copy: https://maven-central.storage-download.googleapis.com/maven2/com/google/cloud/google-cloud-beyondcorp-appconnections-bom/0.17.0/google-cloud-beyondcorp-appconnections-bom-0.17.0.pom
#14 268.3 [INFO] Downloaded from google-maven-central-copy: https://maven-central.storage-download.googleapis.com/maven2/com/google/cloud/google-cloud-beyondcorp-appconnections-bom/0.17.0/google-cloud-beyondcorp-appconnections-bom-0.17.0.pom (1.9 kB at 27 kB/s)
#14 268.3 [INFO] Downloading from google-maven-central-copy: https://maven-central.storage-download.googleapis.com/maven2/com/google/cloud/google-cloud-beyondcorp-appconnectors-bom/0.17.0/google-cloud-beyondcorp-appconnectors-bom-0.17.0.pom
#14 268.4 [INFO] Downloaded from google-maven-central-copy: https://maven-central.storage-download.googleapis.com/maven2/com/google/cloud/google-cloud-beyondcorp-appconnectors-bom/0.17.0/google-cloud-beyondcorp-appconnectors-bom-0.17.0.pom (1.9 kB at 23 kB/s)
#14 268.4 [INFO] Downloading from google-maven-central-copy: https://maven-central.storage-download.googleapis.com/maven2/com/google/cloud/google-cloud-beyondcorp-appgateways-bom/0.17.0/google-cloud-beyondcorp-appgateways-bom-0.17.0.pom
#14 268.4 [INFO] Downloaded from google-maven-central-copy: https://maven-central.storage-download.googleapis.com/maven2/com/google/cloud/google-cloud-beyondcorp-appgateways-bom/0.17.0/google-cloud-beyondcorp-appgateways-bom-0.17.0.pom (1.9 kB at 26 kB/s)
#14 268.5 [INFO] Downloading from google-maven-central-copy: https://maven-central.storage-download.googleapis.com/maven2/com/google/cloud/google-cloud-beyondcorp-clientconnectorservices-bom/0.17.0/google-cloud-beyondcorp-clientconnectorservices-bom-0.17.0.pom
#14 268.5 [INFO] Downloaded from google-maven-central-copy: https://maven-central.storage-download.googleapis.com/maven2/com/google/cloud/google-cloud-beyondcorp-clientconnectorservices-bom/0.17.0/google-cloud-beyondcorp-clientconnectorservices-bom-0.17.0.pom (2.0 kB at 29 kB/s)
#14 268.5 [INFO] Downloading from google-maven-central-copy: https://maven-central.storage-download.googleapis.com/maven2/com/google/cloud/google-cloud-beyondcorp-clientgateways-bom/0.17.0/google-cloud-beyondcorp-clientgateways-bom-0.17.0.pom
#14 268.6 [INFO] Downloaded from google-maven-central-copy: https://maven-central.storage-download.googleapis.com/maven2/com/google/cloud/google-cloud-beyondcorp-clientgateways-bom/0.17.0/google-cloud-beyondcorp-clientgateways-bom-0.17.0.pom (1.9 kB at 28 kB/s)
#14 268.6 [INFO] Downloading from google-maven-central-copy: https://maven-central.storage-download.googleapis.com/maven2/com/google/cloud/google-cloud-biglake-bom/0.7.0/google-cloud-biglake-bom-0.7.0.pom
#14 268.7 [INFO] Downloaded from google-maven-central-copy: https://maven-central.storage-download.googleapis.com/maven2/com/google/cloud/google-cloud-biglake-bom/0.7.0/google-cloud-biglake-bom-0.7.0.pom (2.3 kB at 32 kB/s)
#14 268.7 [INFO] Downloading from google-maven-central-copy: https://maven-central.storage-download.googleapis.com/maven2/com/google/cloud/google-cloud-bigqueryconnection-bom/2.21.0/google-cloud-bigqueryconnection-bom-2.21.0.pom
#14 268.7 [INFO] Downloaded from google-maven-central-copy: https://maven-central.storage-download.googleapis.com/maven2/com/google/cloud/google-cloud-bigqueryconnection-bom/2.21.0/google-cloud-bigqueryconnection-bom-2.21.0.pom (2.4 kB at 33 kB/s)
#14 268.7 [INFO] Downloading from google-maven-central-copy: https://maven-central.storage-download.googleapis.com/maven2/com/google/cloud/google-cloud-bigquery-data-exchange-bom/2.14.0/google-cloud-bigquery-data-exchange-bom-2.14.0.pom
#14 268.8 [INFO] Downloaded from google-maven-central-copy: https://maven-central.storage-download.googleapis.com/maven2/com/google/cloud/google-cloud-bigquery-data-exchange-bom/2.14.0/google-cloud-bigquery-data-exchange-bom-2.14.0.pom (1.9 kB at 25 kB/s)
#14 268.8 [INFO] Downloading from google-maven-central-copy: https://maven-central.storage-download.googleapis.com/maven2/com/google/cloud/google-cloud-bigquerydatapolicy-bom/0.16.0/google-cloud-bigquerydatapolicy-bom-0.16.0.pom
#14 268.9 [INFO] Downloaded from google-maven-central-copy: https://maven-central.storage-download.googleapis.com/maven2/com/google/cloud/google-cloud-bigquerydatapolicy-bom/0.16.0/google-cloud-bigquerydatapolicy-bom-0.16.0.pom (2.4 kB at 28 kB/s)
#14 268.9 [INFO] Downloading from google-maven-central-copy: https://maven-central.storage-download.googleapis.com/maven2/com/google/cloud/google-cloud-bigquerydatatransfer-bom/2.19.0/google-cloud-bigquerydatatransfer-bom-2.19.0.pom
#14 269.0 [INFO] Downloaded from google-maven-central-copy: https://maven-central.storage-download.googleapis.com/maven2/com/google/cloud/google-cloud-bigquerydatatransfer-bom/2.19.0/google-cloud-bigquerydatatransfer-bom-2.19.0.pom (1.8 kB at 25 kB/s)
#14 269.0 [INFO] Downloading from google-maven-central-copy: https://maven-central.storage-download.googleapis.com/maven2/com/google/cloud/google-cloud-bigquerymigration-bom/0.22.0/google-cloud-bigquerymigration-bom-0.22.0.pom
#14 269.1 [INFO] Downloaded from google-maven-central-copy: https://maven-central.storage-download.googleapis.com/maven2/com/google/cloud/google-cloud-bigquerymigration-bom/0.22.0/google-cloud-bigquerymigration-bom-0.22.0.pom (2.4 kB at 32 kB/s)
#14 269.1 [INFO] Downloading from google-maven-central-copy: https://maven-central.storage-download.googleapis.com/maven2/com/google/cloud/google-cloud-bigqueryreservation-bom/2.20.0/google-cloud-bigqueryreservation-bom-2.20.0.pom
#14 269.1 [INFO] Downloaded from google-maven-central-copy: https://maven-central.storage-download.googleapis.com/maven2/com/google/cloud/google-cloud-bigqueryreservation-bom/2.20.0/google-cloud-bigqueryreservation-bom-2.20.0.pom (1.8 kB at 26 kB/s)
#14 269.1 [INFO] Downloading from google-maven-central-copy: https://maven-central.storage-download.googleapis.com/maven2/com/google/cloud/google-cloud-billingbudgets-bom/2.19.0/google-cloud-billingbudgets-bom-2.19.0.pom
#14 269.2 [INFO] Downloaded from google-maven-central-copy: https://maven-central.storage-download.googleapis.com/maven2/com/google/cloud/google-cloud-billingbudgets-bom/2.19.0/google-cloud-billingbudgets-bom-2.19.0.pom (2.3 kB at 33 kB/s)
#14 269.2 [INFO] Downloading from google-maven-central-copy: https://maven-central.storage-download.googleapis.com/maven2/com/google/cloud/google-cloud-billing-bom/2.19.0/google-cloud-billing-bom-2.19.0.pom
#14 269.3 [INFO] Downloaded from google-maven-central-copy: https://maven-central.storage-download.googleapis.com/maven2/com/google/cloud/google-cloud-billing-bom/2.19.0/google-cloud-billing-bom-2.19.0.pom (1.7 kB at 23 kB/s)
#14 269.3 [INFO] Downloading from google-maven-central-copy: https://maven-central.storage-download.googleapis.com/maven2/com/google/cloud/google-cloud-binary-authorization-bom/1.18.0/google-cloud-binary-authorization-bom-1.18.0.pom
#14 269.4 [INFO] Downloaded from google-maven-central-copy: https://maven-central.storage-download.googleapis.com/maven2/com/google/cloud/google-cloud-binary-authorization-bom/1.18.0/google-cloud-binary-authorization-bom-1.18.0.pom (2.4 kB at 33 kB/s)
#14 269.4 [INFO] Downloading from google-maven-central-copy: https://maven-central.storage-download.googleapis.com/maven2/com/google/cloud/google-cloud-certificate-manager-bom/0.22.0/google-cloud-certificate-manager-bom-0.22.0.pom
#14 269.4 [INFO] Downloaded from google-maven-central-copy: https://maven-central.storage-download.googleapis.com/maven2/com/google/cloud/google-cloud-certificate-manager-bom/0.22.0/google-cloud-certificate-manager-bom-0.22.0.pom (1.9 kB at 24 kB/s)
#14 269.4 [INFO] Downloading from google-maven-central-copy: https://maven-central.storage-download.googleapis.com/maven2/com/google/cloud/google-cloud-channel-bom/3.23.0/google-cloud-channel-bom-3.23.0.pom
#14 269.5 [INFO] Downloaded from google-maven-central-copy: https://maven-central.storage-download.googleapis.com/maven2/com/google/cloud/google-cloud-channel-bom/3.23.0/google-cloud-channel-bom-3.23.0.pom (1.8 kB at 25 kB/s)
#14 269.5 [INFO] Downloading from google-maven-central-copy: https://maven-central.storage-download.googleapis.com/maven2/com/google/cloud/google-cloud-build-bom/3.21.0/google-cloud-build-bom-3.21.0.pom
#14 269.6 [INFO] Downloaded from google-maven-central-copy: https://maven-central.storage-download.googleapis.com/maven2/com/google/cloud/google-cloud-build-bom/3.21.0/google-cloud-build-bom-3.21.0.pom (2.1 kB at 26 kB/s)
#14 269.6 [INFO] Downloading from google-maven-central-copy: https://maven-central.storage-download.googleapis.com/maven2/com/google/cloud/google-cloud-cloudcommerceconsumerprocurement-bom/0.17.0/google-cloud-cloudcommerceconsumerprocurement-bom-0.17.0.pom
#14 269.7 [INFO] Downloaded from google-maven-central-copy: https://maven-central.storage-download.googleapis.com/maven2/com/google/cloud/google-cloud-cloudcommerceconsumerprocurement-bom/0.17.0/google-cloud-cloudcommerceconsumerprocurement-bom-0.17.0.pom (2.0 kB at 28 kB/s)
#14 269.7 [INFO] Downloading from google-maven-central-copy: https://maven-central.storage-download.googleapis.com/maven2/com/google/cloud/google-cloud-cloudsupport-bom/0.3.0/google-cloud-cloudsupport-bom-0.3.0.pom
#14 269.7 [INFO] Downloaded from google-maven-central-copy: https://maven-central.storage-download.googleapis.com/maven2/com/google/cloud/google-cloud-cloudsupport-bom/0.3.0/google-cloud-cloudsupport-bom-0.3.0.pom (1.8 kB at 26 kB/s)
#14 269.7 [INFO] Downloading from google-maven-central-copy: https://maven-central.storage-download.googleapis.com/maven2/com/google/cloud/google-cloud-compute-bom/1.29.0/google-cloud-compute-bom-1.29.0.pom
#14 269.8 [INFO] Downloaded from google-maven-central-copy: https://maven-central.storage-download.googleapis.com/maven2/com/google/cloud/google-cloud-compute-bom/1.29.0/google-cloud-compute-bom-1.29.0.pom (1.4 kB at 19 kB/s)
#14 269.8 [INFO] Downloading from google-maven-central-copy: https://maven-central.storage-download.googleapis.com/maven2/com/google/cloud/google-cloud-confidentialcomputing-bom/0.5.0/google-cloud-confidentialcomputing-bom-0.5.0.pom
#14 269.9 [INFO] Downloaded from google-maven-central-copy: https://maven-central.storage-download.googleapis.com/maven2/com/google/cloud/google-cloud-confidentialcomputing-bom/0.5.0/google-cloud-confidentialcomputing-bom-0.5.0.pom (2.5 kB at 35 kB/s)
#14 269.9 [INFO] Downloading from google-maven-central-copy: https://maven-central.storage-download.googleapis.com/maven2/com/google/cloud/google-cloud-contact-center-insights-bom/2.19.0/google-cloud-contact-center-insights-bom-2.19.0.pom
#14 270.0 [INFO] Downloaded from google-maven-central-copy: https://maven-central.storage-download.googleapis.com/maven2/com/google/cloud/google-cloud-contact-center-insights-bom/2.19.0/google-cloud-contact-center-insights-bom-2.19.0.pom (1.9 kB at 26 kB/s)
#14 270.0 [INFO] Downloading from google-maven-central-copy: https://maven-central.storage-download.googleapis.com/maven2/com/google/cloud/google-cloud-containeranalysis-bom/2.20.0/google-cloud-containeranalysis-bom-2.20.0.pom
#14 270.0 [INFO] Downloaded from google-maven-central-copy: https://maven-central.storage-download.googleapis.com/maven2/com/google/cloud/google-cloud-containeranalysis-bom/2.20.0/google-cloud-containeranalysis-bom-2.20.0.pom (2.3 kB at 33 kB/s)
#14 270.0 [INFO] Downloading from google-maven-central-copy: https://maven-central.storage-download.googleapis.com/maven2/com/google/cloud/google-cloud-container-bom/2.22.0/google-cloud-container-bom-2.22.0.pom
#14 270.1 [INFO] Downloaded from google-maven-central-copy: https://maven-central.storage-download.googleapis.com/maven2/com/google/cloud/google-cloud-container-bom/2.22.0/google-cloud-container-bom-2.22.0.pom (2.2 kB at 32 kB/s)
#14 270.1 [INFO] Downloading from google-maven-central-copy: https://maven-central.storage-download.googleapis.com/maven2/com/google/cloud/google-cloud-contentwarehouse-bom/0.15.0/google-cloud-contentwarehouse-bom-0.15.0.pom
#14 270.2 [INFO] Downloaded from google-maven-central-copy: https://maven-central.storage-download.googleapis.com/maven2/com/google/cloud/google-cloud-contentwarehouse-bom/0.15.0/google-cloud-contentwarehouse-bom-0.15.0.pom (1.8 kB at 25 kB/s)
#14 270.2 [INFO] Downloading from google-maven-central-copy: https://maven-central.storage-download.googleapis.com/maven2/com/google/cloud/google-cloud-datacatalog-bom/1.25.0/google-cloud-datacatalog-bom-1.25.0.pom
#14 270.3 [INFO] Downloaded from google-maven-central-copy: https://maven-central.storage-download.googleapis.com/maven2/com/google/cloud/google-cloud-datacatalog-bom/1.25.0/google-cloud-datacatalog-bom-1.25.0.pom (2.3 kB at 32 kB/s)
#14 270.3 [INFO] Downloading from google-maven-central-copy: https://maven-central.storage-download.googleapis.com/maven2/com/google/cloud/google-cloud-dataflow-bom/0.23.0/google-cloud-dataflow-bom-0.23.0.pom
#14 270.3 [INFO] Downloaded from google-maven-central-copy: https://maven-central.storage-download.googleapis.com/maven2/com/google/cloud/google-cloud-dataflow-bom/0.23.0/google-cloud-dataflow-bom-0.23.0.pom (1.8 kB at 24 kB/s)
#14 270.3 [INFO] Downloading from google-maven-central-copy: https://maven-central.storage-download.googleapis.com/maven2/com/google/cloud/google-cloud-dataform-bom/0.18.0/google-cloud-dataform-bom-0.18.0.pom
#14 270.4 [INFO] Downloaded from google-maven-central-copy: https://maven-central.storage-download.googleapis.com/maven2/com/google/cloud/google-cloud-dataform-bom/0.18.0/google-cloud-dataform-bom-0.18.0.pom (2.3 kB at 32 kB/s)
#14 270.4 [INFO] Downloading from google-maven-central-copy: https://maven-central.storage-download.googleapis.com/maven2/com/google/cloud/google-cloud-data-fusion-bom/1.19.0/google-cloud-data-fusion-bom-1.19.0.pom
#14 270.5 [INFO] Downloaded from google-maven-central-copy: https://maven-central.storage-download.googleapis.com/maven2/com/google/cloud/google-cloud-data-fusion-bom/1.19.0/google-cloud-data-fusion-bom-1.19.0.pom (2.3 kB at 29 kB/s)
#14 270.5 [INFO] Downloading from google-maven-central-copy: https://maven-central.storage-download.googleapis.com/maven2/com/google/cloud/google-cloud-datalabeling-bom/0.139.0/google-cloud-datalabeling-bom-0.139.0.pom
#14 270.6 [INFO] Downloaded from google-maven-central-copy: https://maven-central.storage-download.googleapis.com/maven2/com/google/cloud/google-cloud-datalabeling-bom/0.139.0/google-cloud-datalabeling-bom-0.139.0.pom (1.8 kB at 24 kB/s)
#14 270.6 [INFO] Downloading from google-maven-central-copy: https://maven-central.storage-download.googleapis.com/maven2/com/google/cloud/google-cloud-datalineage-bom/0.11.0/google-cloud-datalineage-bom-0.11.0.pom
#14 270.6 [INFO] Downloaded from google-maven-central-copy: https://maven-central.storage-download.googleapis.com/maven2/com/google/cloud/google-cloud-datalineage-bom/0.11.0/google-cloud-datalineage-bom-0.11.0.pom (1.8 kB at 25 kB/s)
#14 270.6 [INFO] Downloading from google-maven-central-copy: https://maven-central.storage-download.googleapis.com/maven2/com/google/cloud/google-cloud-dataplex-bom/1.17.0/google-cloud-dataplex-bom-1.17.0.pom
#14 270.7 [INFO] Downloaded from google-maven-central-copy: https://maven-central.storage-download.googleapis.com/maven2/com/google/cloud/google-cloud-dataplex-bom/1.17.0/google-cloud-dataplex-bom-1.17.0.pom (1.8 kB at 26 kB/s)
#14 270.7 [INFO] Downloading from google-maven-central-copy: https://maven-central.storage-download.googleapis.com/maven2/com/google/cloud/google-cloud-dataproc-bom/4.16.0/google-cloud-dataproc-bom-4.16.0.pom
#14 270.8 [INFO] Downloaded from google-maven-central-copy: https://maven-central.storage-download.googleapis.com/maven2/com/google/cloud/google-cloud-dataproc-bom/4.16.0/google-cloud-dataproc-bom-4.16.0.pom (1.7 kB at 25 kB/s)
#14 270.8 [INFO] Downloading from google-maven-central-copy: https://maven-central.storage-download.googleapis.com/maven2/com/google/cloud/google-cloud-dataproc-metastore-bom/2.20.0/google-cloud-dataproc-metastore-bom-2.20.0.pom
#14 270.9 [INFO] Downloaded from google-maven-central-copy: https://maven-central.storage-download.googleapis.com/maven2/com/google/cloud/google-cloud-dataproc-metastore-bom/2.20.0/google-cloud-dataproc-metastore-bom-2.20.0.pom (3.0 kB at 41 kB/s)
#14 270.9 [INFO] Downloading from google-maven-central-copy: https://maven-central.storage-download.googleapis.com/maven2/com/google/cloud/google-cloud-datastream-bom/1.18.0/google-cloud-datastream-bom-1.18.0.pom
#14 270.9 [INFO] Downloaded from google-maven-central-copy: https://maven-central.storage-download.googleapis.com/maven2/com/google/cloud/google-cloud-datastream-bom/1.18.0/google-cloud-datastream-bom-1.18.0.pom (2.3 kB at 32 kB/s)
#14 270.9 [INFO] Downloading from google-maven-central-copy: https://maven-central.storage-download.googleapis.com/maven2/com/google/cloud/google-cloud-debugger-client-bom/1.19.0/google-cloud-debugger-client-bom-1.19.0.pom
#14 271.0 [INFO] Downloaded from google-maven-central-copy: https://maven-central.storage-download.googleapis.com/maven2/com/google/cloud/google-cloud-debugger-client-bom/1.19.0/google-cloud-debugger-client-bom-1.19.0.pom (2.1 kB at 29 kB/s)
#14 271.0 [INFO] Downloading from google-maven-central-copy: https://maven-central.storage-download.googleapis.com/maven2/com/google/cloud/google-cloud-deploy-bom/1.17.0/google-cloud-deploy-bom-1.17.0.pom
#14 271.1 [INFO] Downloaded from google-maven-central-copy: https://maven-central.storage-download.googleapis.com/maven2/com/google/cloud/google-cloud-deploy-bom/1.17.0/google-cloud-deploy-bom-1.17.0.pom (1.8 kB at 25 kB/s)
#14 271.1 [INFO] Downloading from google-maven-central-copy: https://maven-central.storage-download.googleapis.com/maven2/com/google/cloud/google-cloud-dialogflow-cx-bom/0.30.0/google-cloud-dialogflow-cx-bom-0.30.0.pom
#14 271.2 [INFO] Downloaded from google-maven-central-copy: https://maven-central.storage-download.googleapis.com/maven2/com/google/cloud/google-cloud-dialogflow-cx-bom/0.30.0/google-cloud-dialogflow-cx-bom-0.30.0.pom (2.3 kB at 33 kB/s)
#14 271.2 [INFO] Downloading from google-maven-central-copy: https://maven-central.storage-download.googleapis.com/maven2/com/google/cloud/google-cloud-dialogflow-bom/4.25.0/google-cloud-dialogflow-bom-4.25.0.pom
#14 271.2 [INFO] Downloaded from google-maven-central-copy: https://maven-central.storage-download.googleapis.com/maven2/com/google/cloud/google-cloud-dialogflow-bom/4.25.0/google-cloud-dialogflow-bom-4.25.0.pom (2.2 kB at 31 kB/s)
#14 271.2 [INFO] Downloading from google-maven-central-copy: https://maven-central.storage-download.googleapis.com/maven2/com/google/cloud/google-cloud-discoveryengine-bom/0.15.0/google-cloud-discoveryengine-bom-0.15.0.pom
#14 271.3 [INFO] Downloaded from google-maven-central-copy: https://maven-central.storage-download.googleapis.com/maven2/com/google/cloud/google-cloud-discoveryengine-bom/0.15.0/google-cloud-discoveryengine-bom-0.15.0.pom (2.4 kB at 34 kB/s)
#14 271.3 [INFO] Downloading from google-maven-central-copy: https://maven-central.storage-download.googleapis.com/maven2/com/google/cloud/google-cloud-distributedcloudedge-bom/0.16.0/google-cloud-distributedcloudedge-bom-0.16.0.pom
#14 271.4 [INFO] Downloaded from google-maven-central-copy: https://maven-central.storage-download.googleapis.com/maven2/com/google/cloud/google-cloud-distributedcloudedge-bom/0.16.0/google-cloud-distributedcloudedge-bom-0.16.0.pom (1.9 kB at 26 kB/s)
#14 271.4 [INFO] Downloading from google-maven-central-copy: https://maven-central.storage-download.googleapis.com/maven2/com/google/cloud/google-cloud-dlp-bom/3.23.0/google-cloud-dlp-bom-3.23.0.pom
#14 271.5 [INFO] Downloaded from google-maven-central-copy: https://maven-central.storage-download.googleapis.com/maven2/com/google/cloud/google-cloud-dlp-bom/3.23.0/google-cloud-dlp-bom-3.23.0.pom (1.6 kB at 23 kB/s)
#14 271.5 [INFO] Downloading from google-maven-central-copy: https://maven-central.storage-download.googleapis.com/maven2/com/google/cloud/google-cloud-dms-bom/2.18.0/google-cloud-dms-bom-2.18.0.pom
#14 271.5 [INFO] Downloaded from google-maven-central-copy: https://maven-central.storage-download.googleapis.com/maven2/com/google/cloud/google-cloud-dms-bom/2.18.0/google-cloud-dms-bom-2.18.0.pom (1.8 kB at 25 kB/s)
#14 271.5 [INFO] Downloading from google-maven-central-copy: https://maven-central.storage-download.googleapis.com/maven2/com/google/cloud/google-cloud-document-ai-bom/2.23.0/google-cloud-document-ai-bom-2.23.0.pom
#14 271.6 [INFO] Downloaded from google-maven-central-copy: https://maven-central.storage-download.googleapis.com/maven2/com/google/cloud/google-cloud-document-ai-bom/2.23.0/google-cloud-document-ai-bom-2.23.0.pom (3.3 kB at 41 kB/s)
#14 271.6 [INFO] Downloading from google-maven-central-copy: https://maven-central.storage-download.googleapis.com/maven2/com/google/cloud/google-cloud-domains-bom/1.16.0/google-cloud-domains-bom-1.16.0.pom
#14 271.7 [INFO] Downloaded from google-maven-central-copy: https://maven-central.storage-download.googleapis.com/maven2/com/google/cloud/google-cloud-domains-bom/1.16.0/google-cloud-domains-bom-1.16.0.pom (2.8 kB at 39 kB/s)
#14 271.7 [INFO] Downloading from google-maven-central-copy: https://maven-central.storage-download.googleapis.com/maven2/com/google/cloud/google-cloud-enterpriseknowledgegraph-bom/0.15.0/google-cloud-enterpriseknowledgegraph-bom-0.15.0.pom
#14 271.8 [INFO] Downloaded from google-maven-central-copy: https://maven-central.storage-download.googleapis.com/maven2/com/google/cloud/google-cloud-enterpriseknowledgegraph-bom/0.15.0/google-cloud-enterpriseknowledgegraph-bom-0.15.0.pom (1.9 kB at 27 kB/s)
#14 271.8 [INFO] Downloading from google-maven-central-copy: https://maven-central.storage-download.googleapis.com/maven2/com/google/cloud/google-cloud-errorreporting-bom/0.140.0-beta/google-cloud-errorreporting-bom-0.140.0-beta.pom
#14 271.8 [INFO] Downloaded from google-maven-central-copy: https://maven-central.storage-download.googleapis.com/maven2/com/google/cloud/google-cloud-errorreporting-bom/0.140.0-beta/google-cloud-errorreporting-bom-0.140.0-beta.pom (1.8 kB at 26 kB/s)
#14 271.8 [INFO] Downloading from google-maven-central-copy: https://maven-central.storage-download.googleapis.com/maven2/com/google/cloud/google-cloud-essential-contacts-bom/2.19.0/google-cloud-essential-contacts-bom-2.19.0.pom
#14 271.9 [INFO] Downloaded from google-maven-central-copy: https://maven-central.storage-download.googleapis.com/maven2/com/google/cloud/google-cloud-essential-contacts-bom/2.19.0/google-cloud-essential-contacts-bom-2.19.0.pom (1.9 kB at 27 kB/s)
#14 271.9 [INFO] Downloading from google-maven-central-copy: https://maven-central.storage-download.googleapis.com/maven2/com/google/cloud/google-cloud-eventarc-bom/1.19.0/google-cloud-eventarc-bom-1.19.0.pom
#14 272.0 [INFO] Downloaded from google-maven-central-copy: https://maven-central.storage-download.googleapis.com/maven2/com/google/cloud/google-cloud-eventarc-bom/1.19.0/google-cloud-eventarc-bom-1.19.0.pom (1.8 kB at 26 kB/s)
#14 272.0 [INFO] Downloading from google-maven-central-copy: https://maven-central.storage-download.googleapis.com/maven2/com/google/cloud/google-cloud-eventarc-publishing-bom/0.19.0/google-cloud-eventarc-publishing-bom-0.19.0.pom
#14 272.0 [INFO] Downloaded from google-maven-central-copy: https://maven-central.storage-download.googleapis.com/maven2/com/google/cloud/google-cloud-eventarc-publishing-bom/0.19.0/google-cloud-eventarc-publishing-bom-0.19.0.pom (1.9 kB at 27 kB/s)
#14 272.0 [INFO] Downloading from google-maven-central-copy: https://maven-central.storage-download.googleapis.com/maven2/com/google/cloud/google-cloud-filestore-bom/1.20.0/google-cloud-filestore-bom-1.20.0.pom
#14 272.1 [INFO] Downloaded from google-maven-central-copy: https://maven-central.storage-download.googleapis.com/maven2/com/google/cloud/google-cloud-filestore-bom/1.20.0/google-cloud-filestore-bom-1.20.0.pom (2.3 kB at 26 kB/s)
#14 272.1 [INFO] Downloading from google-maven-central-copy: https://maven-central.storage-download.googleapis.com/maven2/com/google/cloud/google-cloud-functions-bom/2.21.0/google-cloud-functions-bom-2.21.0.pom
#14 272.2 [INFO] Downloaded from google-maven-central-copy: https://maven-central.storage-download.googleapis.com/maven2/com/google/cloud/google-cloud-functions-bom/2.21.0/google-cloud-functions-bom-2.21.0.pom (3.3 kB at 39 kB/s)
#14 272.2 [INFO] Downloading from google-maven-central-copy: https://maven-central.storage-download.googleapis.com/maven2/com/google/cloud/google-cloud-game-servers-bom/2.19.0/google-cloud-game-servers-bom-2.19.0.pom
#14 272.3 [INFO] Downloaded from google-maven-central-copy: https://maven-central.storage-download.googleapis.com/maven2/com/google/cloud/google-cloud-game-servers-bom/2.19.0/google-cloud-game-servers-bom-2.19.0.pom (2.3 kB at 29 kB/s)
#14 272.3 [INFO] Downloading from google-maven-central-copy: https://maven-central.storage-download.googleapis.com/maven2/com/google/cloud/google-cloud-gke-backup-bom/0.18.0/google-cloud-gke-backup-bom-0.18.0.pom
#14 272.4 [INFO] Downloaded from google-maven-central-copy: https://maven-central.storage-download.googleapis.com/maven2/com/google/cloud/google-cloud-gke-backup-bom/0.18.0/google-cloud-gke-backup-bom-0.18.0.pom (1.8 kB at 14 kB/s)
#14 272.4 [INFO] Downloading from google-maven-central-copy: https://maven-central.storage-download.googleapis.com/maven2/com/google/cloud/google-cloud-gke-connect-gateway-bom/0.20.0/google-cloud-gke-connect-gateway-bom-0.20.0.pom
#14 272.5 [INFO] Downloaded from google-maven-central-copy: https://maven-central.storage-download.googleapis.com/maven2/com/google/cloud/google-cloud-gke-connect-gateway-bom/0.20.0/google-cloud-gke-connect-gateway-bom-0.20.0.pom (1.9 kB at 27 kB/s)
#14 272.5 [INFO] Downloading from google-maven-central-copy: https://maven-central.storage-download.googleapis.com/maven2/com/google/cloud/google-cloud-gkehub-bom/1.19.0/google-cloud-gkehub-bom-1.19.0.pom
#14 272.6 [INFO] Downloaded from google-maven-central-copy: https://maven-central.storage-download.googleapis.com/maven2/com/google/cloud/google-cloud-gkehub-bom/1.19.0/google-cloud-gkehub-bom-1.19.0.pom (3.8 kB at 52 kB/s)
#14 272.6 [INFO] Downloading from google-maven-central-copy: https://maven-central.storage-download.googleapis.com/maven2/com/google/cloud/google-cloud-gke-multi-cloud-bom/0.18.0/google-cloud-gke-multi-cloud-bom-0.18.0.pom
#14 272.7 [INFO] Downloaded from google-maven-central-copy: https://maven-central.storage-download.googleapis.com/maven2/com/google/cloud/google-cloud-gke-multi-cloud-bom/0.18.0/google-cloud-gke-multi-cloud-bom-0.18.0.pom (1.8 kB at 26 kB/s)
#14 272.7 [INFO] Downloading from google-maven-central-copy: https://maven-central.storage-download.googleapis.com/maven2/com/google/cloud/google-cloud-gsuite-addons-bom/2.19.0/google-cloud-gsuite-addons-bom-2.19.0.pom
#14 272.7 [INFO] Downloaded from google-maven-central-copy: https://maven-central.storage-download.googleapis.com/maven2/com/google/cloud/google-cloud-gsuite-addons-bom/2.19.0/google-cloud-gsuite-addons-bom-2.19.0.pom (2.1 kB at 29 kB/s)
#14 272.7 [INFO] Downloading from google-maven-central-copy: https://maven-central.storage-download.googleapis.com/maven2/com/google/cloud/google-iam-admin-bom/3.14.0/google-iam-admin-bom-3.14.0.pom
#14 272.8 [INFO] Downloaded from google-maven-central-copy: https://maven-central.storage-download.googleapis.com/maven2/com/google/cloud/google-iam-admin-bom/3.14.0/google-iam-admin-bom-3.14.0.pom (1.7 kB at 25 kB/s)
#14 272.8 [INFO] Downloading from google-maven-central-copy: https://maven-central.storage-download.googleapis.com/maven2/com/google/cloud/google-cloud-iamcredentials-bom/2.19.0/google-cloud-iamcredentials-bom-2.19.0.pom
#14 272.9 [INFO] Downloaded from google-maven-central-copy: https://maven-central.storage-download.googleapis.com/maven2/com/google/cloud/google-cloud-iamcredentials-bom/2.19.0/google-cloud-iamcredentials-bom-2.19.0.pom (1.8 kB at 26 kB/s)
#14 272.9 [INFO] Downloading from google-maven-central-copy: https://maven-central.storage-download.googleapis.com/maven2/com/google/cloud/google-iam-policy-bom/1.17.0/google-iam-policy-bom-1.17.0.pom
#14 273.0 [INFO] Downloaded from google-maven-central-copy: https://maven-central.storage-download.googleapis.com/maven2/com/google/cloud/google-iam-policy-bom/1.17.0/google-iam-policy-bom-1.17.0.pom (1.3 kB at 17 kB/s)
#14 273.0 [INFO] Downloading from google-maven-central-copy: https://maven-central.storage-download.googleapis.com/maven2/com/google/cloud/google-cloud-ids-bom/1.18.0/google-cloud-ids-bom-1.18.0.pom
#14 273.0 [INFO] Downloaded from google-maven-central-copy: https://maven-central.storage-download.googleapis.com/maven2/com/google/cloud/google-cloud-ids-bom/1.18.0/google-cloud-ids-bom-1.18.0.pom (1.8 kB at 23 kB/s)
#14 273.0 [INFO] Downloading from google-maven-central-copy: https://maven-central.storage-download.googleapis.com/maven2/com/google/cloud/google-cloud-iot-bom/2.19.0/google-cloud-iot-bom-2.19.0.pom
#14 273.1 [INFO] Downloaded from google-maven-central-copy: https://maven-central.storage-download.googleapis.com/maven2/com/google/cloud/google-cloud-iot-bom/2.19.0/google-cloud-iot-bom-2.19.0.pom (1.6 kB at 23 kB/s)
#14 273.1 [INFO] Downloading from google-maven-central-copy: https://maven-central.storage-download.googleapis.com/maven2/com/google/cloud/google-cloud-kms-bom/2.22.0/google-cloud-kms-bom-2.22.0.pom
#14 273.2 [INFO] Downloaded from google-maven-central-copy: https://maven-central.storage-download.googleapis.com/maven2/com/google/cloud/google-cloud-kms-bom/2.22.0/google-cloud-kms-bom-2.22.0.pom (1.6 kB at 22 kB/s)
#14 273.2 [INFO] Downloading from google-maven-central-copy: https://maven-central.storage-download.googleapis.com/maven2/com/google/cloud/google-cloud-kmsinventory-bom/0.8.0/google-cloud-kmsinventory-bom-0.8.0.pom
#14 273.3 [INFO] Downloaded from google-maven-central-copy: https://maven-central.storage-download.googleapis.com/maven2/com/google/cloud/google-cloud-kmsinventory-bom/0.8.0/google-cloud-kmsinventory-bom-0.8.0.pom (1.8 kB at 22 kB/s)
#14 273.3 [INFO] Downloading from google-maven-central-copy: https://maven-central.storage-download.googleapis.com/maven2/com/google/cloud/google-cloud-language-bom/2.20.0/google-cloud-language-bom-2.20.0.pom
#14 273.3 [INFO] Downloaded from google-maven-central-copy: https://maven-central.storage-download.googleapis.com/maven2/com/google/cloud/google-cloud-language-bom/2.20.0/google-cloud-language-bom-2.20.0.pom (2.2 kB at 30 kB/s)
#14 273.3 [INFO] Downloading from google-maven-central-copy: https://maven-central.storage-download.googleapis.com/maven2/com/google/cloud/google-cloud-life-sciences-bom/0.21.0/google-cloud-life-sciences-bom-0.21.0.pom
#14 273.4 [INFO] Downloaded from google-maven-central-copy: https://maven-central.storage-download.googleapis.com/maven2/com/google/cloud/google-cloud-life-sciences-bom/0.21.0/google-cloud-life-sciences-bom-0.21.0.pom (1.8 kB at 20 kB/s)
#14 273.4 [INFO] Downloading from google-maven-central-copy: https://maven-central.storage-download.googleapis.com/maven2/com/google/cloud/google-cloud-managed-identities-bom/1.17.0/google-cloud-managed-identities-bom-1.17.0.pom
#14 273.5 [INFO] Downloaded from google-maven-central-copy: https://maven-central.storage-download.googleapis.com/maven2/com/google/cloud/google-cloud-managed-identities-bom/1.17.0/google-cloud-managed-identities-bom-1.17.0.pom (1.9 kB at 27 kB/s)
#14 273.5 [INFO] Downloading from google-maven-central-copy: https://maven-central.storage-download.googleapis.com/maven2/com/google/cloud/google-cloud-mediatranslation-bom/0.25.0/google-cloud-mediatranslation-bom-0.25.0.pom
#14 273.6 [INFO] Downloaded from google-maven-central-copy: https://maven-central.storage-download.googleapis.com/maven2/com/google/cloud/google-cloud-mediatranslation-bom/0.25.0/google-cloud-mediatranslation-bom-0.25.0.pom (1.8 kB at 25 kB/s)
#14 273.6 [INFO] Downloading from google-maven-central-copy: https://maven-central.storage-download.googleapis.com/maven2/com/google/cloud/google-cloud-memcache-bom/2.19.0/google-cloud-memcache-bom-2.19.0.pom
#14 273.7 [INFO] Downloaded from google-maven-central-copy: https://maven-central.storage-download.googleapis.com/maven2/com/google/cloud/google-cloud-memcache-bom/2.19.0/google-cloud-memcache-bom-2.19.0.pom (2.3 kB at 29 kB/s)
#14 273.7 [INFO] Downloading from google-maven-central-copy: https://maven-central.storage-download.googleapis.com/maven2/com/google/cloud/google-cloud-migrationcenter-bom/0.1.0/google-cloud-migrationcenter-bom-0.1.0.pom
#14 273.7 [INFO] Downloaded from google-maven-central-copy: https://maven-central.storage-download.googleapis.com/maven2/com/google/cloud/google-cloud-migrationcenter-bom/0.1.0/google-cloud-migrationcenter-bom-0.1.0.pom (1.8 kB at 25 kB/s)
#14 273.8 [INFO] Downloading from google-maven-central-copy: https://maven-central.storage-download.googleapis.com/maven2/com/google/cloud/google-cloud-monitoring-dashboard-bom/2.21.0/google-cloud-monitoring-dashboard-bom-2.21.0.pom
#14 273.8 [INFO] Downloaded from google-maven-central-copy: https://maven-central.storage-download.googleapis.com/maven2/com/google/cloud/google-cloud-monitoring-dashboard-bom/2.21.0/google-cloud-monitoring-dashboard-bom-2.21.0.pom (1.8 kB at 24 kB/s)
#14 273.8 [INFO] Downloading from google-maven-central-copy: https://maven-central.storage-download.googleapis.com/maven2/com/google/cloud/google-cloud-monitoring-bom/3.20.0/google-cloud-monitoring-bom-3.20.0.pom
#14 273.9 [INFO] Downloaded from google-maven-central-copy: https://maven-central.storage-download.googleapis.com/maven2/com/google/cloud/google-cloud-monitoring-bom/3.20.0/google-cloud-monitoring-bom-3.20.0.pom (1.7 kB at 24 kB/s)
#14 273.9 [INFO] Downloading from google-maven-central-copy: https://maven-central.storage-download.googleapis.com/maven2/com/google/cloud/google-cloud-monitoring-metricsscope-bom/0.13.0/google-cloud-monitoring-metricsscope-bom-0.13.0.pom
#14 274.0 [INFO] Downloaded from google-maven-central-copy: https://maven-central.storage-download.googleapis.com/maven2/com/google/cloud/google-cloud-monitoring-metricsscope-bom/0.13.0/google-cloud-monitoring-metricsscope-bom-0.13.0.pom (1.9 kB at 27 kB/s)
#14 274.0 [INFO] Downloading from google-maven-central-copy: https://maven-central.storage-download.googleapis.com/maven2/com/google/cloud/google-cloud-networkconnectivity-bom/1.18.0/google-cloud-networkconnectivity-bom-1.18.0.pom
#14 274.1 [INFO] Downloaded from google-maven-central-copy: https://maven-central.storage-download.googleapis.com/maven2/com/google/cloud/google-cloud-networkconnectivity-bom/1.18.0/google-cloud-networkconnectivity-bom-1.18.0.pom (2.4 kB at 30 kB/s)
#14 274.1 [INFO] Downloading from google-maven-central-copy: https://maven-central.storage-download.googleapis.com/maven2/com/google/cloud/google-cloud-network-management-bom/1.20.0/google-cloud-network-management-bom-1.20.0.pom
#14 274.1 [INFO] Downloaded from google-maven-central-copy: https://maven-central.storage-download.googleapis.com/maven2/com/google/cloud/google-cloud-network-management-bom/1.20.0/google-cloud-network-management-bom-1.20.0.pom (2.4 kB at 32 kB/s)
#14 274.1 [INFO] Downloading from google-maven-central-copy: https://maven-central.storage-download.googleapis.com/maven2/com/google/cloud/google-cloud-network-security-bom/0.22.0/google-cloud-network-security-bom-0.22.0.pom
#14 274.2 [INFO] Downloaded from google-maven-central-copy: https://maven-central.storage-download.googleapis.com/maven2/com/google/cloud/google-cloud-network-security-bom/0.22.0/google-cloud-network-security-bom-0.22.0.pom (2.4 kB at 32 kB/s)
#14 274.2 [INFO] Downloading from google-maven-central-copy: https://maven-central.storage-download.googleapis.com/maven2/com/google/cloud/google-cloud-notebooks-bom/1.17.0/google-cloud-notebooks-bom-1.17.0.pom
#14 274.3 [INFO] Downloaded from google-maven-central-copy: https://maven-central.storage-download.googleapis.com/maven2/com/google/cloud/google-cloud-notebooks-bom/1.17.0/google-cloud-notebooks-bom-1.17.0.pom (2.3 kB at 30 kB/s)
#14 274.3 [INFO] Downloading from google-maven-central-copy: https://maven-central.storage-download.googleapis.com/maven2/com/google/cloud/google-cloud-optimization-bom/1.17.0/google-cloud-optimization-bom-1.17.0.pom
#14 274.4 [INFO] Downloaded from google-maven-central-copy: https://maven-central.storage-download.googleapis.com/maven2/com/google/cloud/google-cloud-optimization-bom/1.17.0/google-cloud-optimization-bom-1.17.0.pom (1.8 kB at 14 kB/s)
#14 274.4 [INFO] Downloading from google-maven-central-copy: https://maven-central.storage-download.googleapis.com/maven2/com/google/cloud/google-cloud-orchestration-airflow-bom/1.19.0/google-cloud-orchestration-airflow-bom-1.19.0.pom
#14 274.5 [INFO] Downloaded from google-maven-central-copy: https://maven-central.storage-download.googleapis.com/maven2/com/google/cloud/google-cloud-orchestration-airflow-bom/1.19.0/google-cloud-orchestration-airflow-bom-1.19.0.pom (2.4 kB at 34 kB/s)
#14 274.5 [INFO] Downloading from google-maven-central-copy: https://maven-central.storage-download.googleapis.com/maven2/com/google/cloud/google-cloud-orgpolicy-bom/2.19.0/google-cloud-orgpolicy-bom-2.19.0.pom
#14 274.6 [INFO] Downloaded from google-maven-central-copy: https://maven-central.storage-download.googleapis.com/maven2/com/google/cloud/google-cloud-orgpolicy-bom/2.19.0/google-cloud-orgpolicy-bom-2.19.0.pom (2.0 kB at 29 kB/s)
#14 274.6 [INFO] Downloading from google-maven-central-copy: https://maven-central.storage-download.googleapis.com/maven2/com/google/cloud/google-cloud-os-config-bom/2.21.0/google-cloud-os-config-bom-2.21.0.pom
#14 274.6 [INFO] Downloaded from google-maven-central-copy: https://maven-central.storage-download.googleapis.com/maven2/com/google/cloud/google-cloud-os-config-bom/2.21.0/google-cloud-os-config-bom-2.21.0.pom (2.7 kB at 39 kB/s)
#14 274.6 [INFO] Downloading from google-maven-central-copy: https://maven-central.storage-download.googleapis.com/maven2/com/google/cloud/google-cloud-os-login-bom/2.18.0/google-cloud-os-login-bom-2.18.0.pom
#14 274.7 [INFO] Downloaded from google-maven-central-copy: https://maven-central.storage-download.googleapis.com/maven2/com/google/cloud/google-cloud-os-login-bom/2.18.0/google-cloud-os-login-bom-2.18.0.pom (1.7 kB at 25 kB/s)
#14 274.7 [INFO] Downloading from google-maven-central-copy: https://maven-central.storage-download.googleapis.com/maven2/com/google/cloud/google-cloud-phishingprotection-bom/0.50.0/google-cloud-phishingprotection-bom-0.50.0.pom
#14 274.8 [INFO] Downloaded from google-maven-central-copy: https://maven-central.storage-download.googleapis.com/maven2/com/google/cloud/google-cloud-phishingprotection-bom/0.50.0/google-cloud-phishingprotection-bom-0.50.0.pom (1.8 kB at 26 kB/s)
#14 274.8 [INFO] Downloading from google-maven-central-copy: https://maven-central.storage-download.googleapis.com/maven2/com/google/cloud/google-cloud-policy-troubleshooter-bom/1.18.0/google-cloud-policy-troubleshooter-bom-1.18.0.pom
#14 274.9 [INFO] Downloaded from google-maven-central-copy: https://maven-central.storage-download.googleapis.com/maven2/com/google/cloud/google-cloud-policy-troubleshooter-bom/1.18.0/google-cloud-policy-troubleshooter-bom-1.18.0.pom (1.9 kB at 25 kB/s)
#14 274.9 [INFO] Downloading from google-maven-central-copy: https://maven-central.storage-download.googleapis.com/maven2/com/google/cloud/google-cloud-private-catalog-bom/0.21.0/google-cloud-private-catalog-bom-0.21.0.pom
#14 274.9 [INFO] Downloaded from google-maven-central-copy: https://maven-central.storage-download.googleapis.com/maven2/com/google/cloud/google-cloud-private-catalog-bom/0.21.0/google-cloud-private-catalog-bom-0.21.0.pom (1.8 kB at 26 kB/s)
#14 274.9 [INFO] Downloading from google-maven-central-copy: https://maven-central.storage-download.googleapis.com/maven2/com/google/cloud/google-cloud-profiler-bom/2.19.0/google-cloud-profiler-bom-2.19.0.pom
#14 275.0 [INFO] Downloaded from google-maven-central-copy: https://maven-central.storage-download.googleapis.com/maven2/com/google/cloud/google-cloud-profiler-bom/2.19.0/google-cloud-profiler-bom-2.19.0.pom (1.8 kB at 25 kB/s)
#14 275.0 [INFO] Downloading from google-maven-central-copy: https://maven-central.storage-download.googleapis.com/maven2/com/google/cloud/google-cloud-publicca-bom/0.16.0/google-cloud-publicca-bom-0.16.0.pom
#14 275.1 [INFO] Downloaded from google-maven-central-copy: https://maven-central.storage-download.googleapis.com/maven2/com/google/cloud/google-cloud-publicca-bom/0.16.0/google-cloud-publicca-bom-0.16.0.pom (1.8 kB at 26 kB/s)
#14 275.1 [INFO] Downloading from google-maven-central-copy: https://maven-central.storage-download.googleapis.com/maven2/com/google/cloud/google-cloud-rapidmigrationassessment-bom/0.2.0/google-cloud-rapidmigrationassessment-bom-0.2.0.pom
#14 275.2 [INFO] Downloaded from google-maven-central-copy: https://maven-central.storage-download.googleapis.com/maven2/com/google/cloud/google-cloud-rapidmigrationassessment-bom/0.2.0/google-cloud-rapidmigrationassessment-bom-0.2.0.pom (1.9 kB at 27 kB/s)
#14 275.2 [INFO] Downloading from google-maven-central-copy: https://maven-central.storage-download.googleapis.com/maven2/com/google/cloud/google-cloud-recaptchaenterprise-bom/3.16.0/google-cloud-recaptchaenterprise-bom-3.16.0.pom
#14 275.2 [INFO] Downloaded from google-maven-central-copy: https://maven-central.storage-download.googleapis.com/maven2/com/google/cloud/google-cloud-recaptchaenterprise-bom/3.16.0/google-cloud-recaptchaenterprise-bom-3.16.0.pom (2.4 kB at 33 kB/s)
#14 275.2 [INFO] Downloading from google-maven-central-copy: https://maven-central.storage-download.googleapis.com/maven2/com/google/cloud/google-cloud-recommendations-ai-bom/0.26.0/google-cloud-recommendations-ai-bom-0.26.0.pom
#14 275.3 [INFO] Downloaded from google-maven-central-copy: https://maven-central.storage-download.googleapis.com/maven2/com/google/cloud/google-cloud-recommendations-ai-bom/0.26.0/google-cloud-recommendations-ai-bom-0.26.0.pom (1.8 kB at 26 kB/s)
#14 275.3 [INFO] Downloading from google-maven-central-copy: https://maven-central.storage-download.googleapis.com/maven2/com/google/cloud/google-cloud-recommender-bom/2.21.0/google-cloud-recommender-bom-2.21.0.pom
#14 275.4 [INFO] Downloaded from google-maven-central-copy: https://maven-central.storage-download.googleapis.com/maven2/com/google/cloud/google-cloud-recommender-bom/2.21.0/google-cloud-recommender-bom-2.21.0.pom (2.3 kB at 32 kB/s)
#14 275.4 [INFO] Downloading from google-maven-central-copy: https://maven-central.storage-download.googleapis.com/maven2/com/google/cloud/google-cloud-redis-bom/2.22.0/google-cloud-redis-bom-2.22.0.pom
#14 275.5 [INFO] Downloaded from google-maven-central-copy: https://maven-central.storage-download.googleapis.com/maven2/com/google/cloud/google-cloud-redis-bom/2.22.0/google-cloud-redis-bom-2.22.0.pom (2.2 kB at 30 kB/s)
#14 275.5 [INFO] Downloading from google-maven-central-copy: https://maven-central.storage-download.googleapis.com/maven2/com/google/cloud/google-cloud-resourcemanager-bom/1.21.0/google-cloud-resourcemanager-bom-1.21.0.pom
#14 275.5 [INFO] Downloaded from google-maven-central-copy: https://maven-central.storage-download.googleapis.com/maven2/com/google/cloud/google-cloud-resourcemanager-bom/1.21.0/google-cloud-resourcemanager-bom-1.21.0.pom (1.8 kB at 26 kB/s)
#14 275.5 [INFO] Downloading from google-maven-central-copy: https://maven-central.storage-download.googleapis.com/maven2/com/google/cloud/google-cloud-resource-settings-bom/1.19.0/google-cloud-resource-settings-bom-1.19.0.pom
#14 275.6 [INFO] Downloaded from google-maven-central-copy: https://maven-central.storage-download.googleapis.com/maven2/com/google/cloud/google-cloud-resource-settings-bom/1.19.0/google-cloud-resource-settings-bom-1.19.0.pom (1.9 kB at 26 kB/s)
#14 275.6 [INFO] Downloading from google-maven-central-copy: https://maven-central.storage-download.googleapis.com/maven2/com/google/cloud/google-cloud-retail-bom/2.21.0/google-cloud-retail-bom-2.21.0.pom
#14 275.7 [INFO] Downloaded from google-maven-central-copy: https://maven-central.storage-download.googleapis.com/maven2/com/google/cloud/google-cloud-retail-bom/2.21.0/google-cloud-retail-bom-2.21.0.pom (2.8 kB at 38 kB/s)
#14 275.7 [INFO] Downloading from google-maven-central-copy: https://maven-central.storage-download.googleapis.com/maven2/com/google/cloud/google-cloud-run-bom/0.19.0/google-cloud-run-bom-0.19.0.pom
#14 275.8 [INFO] Downloaded from google-maven-central-copy: https://maven-central.storage-download.googleapis.com/maven2/com/google/cloud/google-cloud-run-bom/0.19.0/google-cloud-run-bom-0.19.0.pom (1.7 kB at 25 kB/s)
#14 275.8 [INFO] Downloading from google-maven-central-copy: https://maven-central.storage-download.googleapis.com/maven2/com/google/cloud/google-cloud-scheduler-bom/2.19.0/google-cloud-scheduler-bom-2.19.0.pom
#14 275.8 [INFO] Downloaded from google-maven-central-copy: https://maven-central.storage-download.googleapis.com/maven2/com/google/cloud/google-cloud-scheduler-bom/2.19.0/google-cloud-scheduler-bom-2.19.0.pom (2.2 kB at 31 kB/s)
#14 275.8 [INFO] Downloading from google-maven-central-copy: https://maven-central.storage-download.googleapis.com/maven2/com/google/cloud/google-cloud-secretmanager-bom/2.19.0/google-cloud-secretmanager-bom-2.19.0.pom
#14 275.9 [INFO] Downloaded from google-maven-central-copy: https://maven-central.storage-download.googleapis.com/maven2/com/google/cloud/google-cloud-secretmanager-bom/2.19.0/google-cloud-secretmanager-bom-2.19.0.pom (2.3 kB at 29 kB/s)
#14 275.9 [INFO] Downloading from google-maven-central-copy: https://maven-central.storage-download.googleapis.com/maven2/com/google/cloud/google-cloud-securitycenter-bom/2.27.0/google-cloud-securitycenter-bom-2.27.0.pom
#14 276.0 [INFO] Downloaded from google-maven-central-copy: https://maven-central.storage-download.googleapis.com/maven2/com/google/cloud/google-cloud-securitycenter-bom/2.27.0/google-cloud-securitycenter-bom-2.27.0.pom (2.9 kB at 39 kB/s)
#14 276.0 [INFO] Downloading from google-maven-central-copy: https://maven-central.storage-download.googleapis.com/maven2/com/google/cloud/google-cloud-securitycenter-settings-bom/0.22.0/google-cloud-securitycenter-settings-bom-0.22.0.pom
#14 276.1 [INFO] Downloaded from google-maven-central-copy: https://maven-central.storage-download.googleapis.com/maven2/com/google/cloud/google-cloud-securitycenter-settings-bom/0.22.0/google-cloud-securitycenter-settings-bom-0.22.0.pom (1.9 kB at 25 kB/s)
#14 276.1 [INFO] Downloading from google-maven-central-copy: https://maven-central.storage-download.googleapis.com/maven2/com/google/cloud/google-cloud-security-private-ca-bom/2.21.0/google-cloud-security-private-ca-bom-2.21.0.pom
#14 276.1 [INFO] Downloaded from google-maven-central-copy: https://maven-central.storage-download.googleapis.com/maven2/com/google/cloud/google-cloud-security-private-ca-bom/2.21.0/google-cloud-security-private-ca-bom-2.21.0.pom (2.4 kB at 34 kB/s)
#14 276.1 [INFO] Downloading from google-maven-central-copy: https://maven-central.storage-download.googleapis.com/maven2/com/google/cloud/google-cloud-service-control-bom/1.19.0/google-cloud-service-control-bom-1.19.0.pom
#14 276.2 [INFO] Downloaded from google-maven-central-copy: https://maven-central.storage-download.googleapis.com/maven2/com/google/cloud/google-cloud-service-control-bom/1.19.0/google-cloud-service-control-bom-1.19.0.pom (2.4 kB at 32 kB/s)
#14 276.2 [INFO] Downloading from google-maven-central-copy: https://maven-central.storage-download.googleapis.com/maven2/com/google/cloud/google-cloud-servicedirectory-bom/2.20.0/google-cloud-servicedirectory-bom-2.20.0.pom
#14 276.3 [INFO] Downloaded from google-maven-central-copy: https://maven-central.storage-download.googleapis.com/maven2/com/google/cloud/google-cloud-servicedirectory-bom/2.20.0/google-cloud-servicedirectory-bom-2.20.0.pom (2.3 kB at 32 kB/s)
#14 276.3 [INFO] Downloading from google-maven-central-copy: https://maven-central.storage-download.googleapis.com/maven2/com/google/cloud/google-cloud-service-management-bom/3.17.0/google-cloud-service-management-bom-3.17.0.pom
#14 276.4 [INFO] Downloaded from google-maven-central-copy: https://maven-central.storage-download.googleapis.com/maven2/com/google/cloud/google-cloud-service-management-bom/3.17.0/google-cloud-service-management-bom-3.17.0.pom (1.9 kB at 22 kB/s)
#14 276.4 [INFO] Downloading from google-maven-central-copy: https://maven-central.storage-download.googleapis.com/maven2/com/google/cloud/google-cloud-service-usage-bom/2.19.0/google-cloud-service-usage-bom-2.19.0.pom
#14 276.4 [INFO] Downloaded from google-maven-central-copy: https://maven-central.storage-download.googleapis.com/maven2/com/google/cloud/google-cloud-service-usage-bom/2.19.0/google-cloud-service-usage-bom-2.19.0.pom (2.3 kB at 34 kB/s)
#14 276.4 [INFO] Downloading from google-maven-central-copy: https://maven-central.storage-download.googleapis.com/maven2/com/google/cloud/google-cloud-shell-bom/2.18.0/google-cloud-shell-bom-2.18.0.pom
#14 276.5 [INFO] Downloaded from google-maven-central-copy: https://maven-central.storage-download.googleapis.com/maven2/com/google/cloud/google-cloud-shell-bom/2.18.0/google-cloud-shell-bom-2.18.0.pom (1.7 kB at 25 kB/s)
#14 276.5 [INFO] Downloading from google-maven-central-copy: https://maven-central.storage-download.googleapis.com/maven2/com/google/cloud/google-cloud-speech-bom/4.14.0/google-cloud-speech-bom-4.14.0.pom
#14 276.6 [INFO] Downloaded from google-maven-central-copy: https://maven-central.storage-download.googleapis.com/maven2/com/google/cloud/google-cloud-speech-bom/4.14.0/google-cloud-speech-bom-4.14.0.pom (3.2 kB at 42 kB/s)
#14 276.6 [INFO] Downloading from google-maven-central-copy: https://maven-central.storage-download.googleapis.com/maven2/com/google/cloud/google-cloud-storageinsights-bom/0.4.0/google-cloud-storageinsights-bom-0.4.0.pom
#14 276.7 [INFO] Downloaded from google-maven-central-copy: https://maven-central.storage-download.googleapis.com/maven2/com/google/cloud/google-cloud-storageinsights-bom/0.4.0/google-cloud-storageinsights-bom-0.4.0.pom (1.8 kB at 25 kB/s)
#14 276.7 [INFO] Downloading from google-maven-central-copy: https://maven-central.storage-download.googleapis.com/maven2/com/google/cloud/google-cloud-storage-transfer-bom/1.19.0/google-cloud-storage-transfer-bom-1.19.0.pom
#14 276.8 [INFO] Downloaded from google-maven-central-copy: https://maven-central.storage-download.googleapis.com/maven2/com/google/cloud/google-cloud-storage-transfer-bom/1.19.0/google-cloud-storage-transfer-bom-1.19.0.pom (1.9 kB at 25 kB/s)
#14 276.8 [INFO] Downloading from google-maven-central-copy: https://maven-central.storage-download.googleapis.com/maven2/com/google/cloud/google-cloud-talent-bom/2.20.0/google-cloud-talent-bom-2.20.0.pom
#14 276.8 [INFO] Downloaded from google-maven-central-copy: https://maven-central.storage-download.googleapis.com/maven2/com/google/cloud/google-cloud-talent-bom/2.20.0/google-cloud-talent-bom-2.20.0.pom (2.2 kB at 26 kB/s)
#14 276.8 [INFO] Downloading from google-maven-central-copy: https://maven-central.storage-download.googleapis.com/maven2/com/google/cloud/google-cloud-tasks-bom/2.19.0/google-cloud-tasks-bom-2.19.0.pom
#14 276.9 [INFO] Downloaded from google-maven-central-copy: https://maven-central.storage-download.googleapis.com/maven2/com/google/cloud/google-cloud-tasks-bom/2.19.0/google-cloud-tasks-bom-2.19.0.pom (2.7 kB at 33 kB/s)
#14 276.9 [INFO] Downloading from google-maven-central-copy: https://maven-central.storage-download.googleapis.com/maven2/com/google/cloud/google-cloud-texttospeech-bom/2.20.0/google-cloud-texttospeech-bom-2.20.0.pom
#14 277.0 [INFO] Downloaded from google-maven-central-copy: https://maven-central.storage-download.googleapis.com/maven2/com/google/cloud/google-cloud-texttospeech-bom/2.20.0/google-cloud-texttospeech-bom-2.20.0.pom (2.3 kB at 23 kB/s)
#14 277.0 [INFO] Downloading from google-maven-central-copy: https://maven-central.storage-download.googleapis.com/maven2/com/google/cloud/google-cloud-tpu-bom/2.20.0/google-cloud-tpu-bom-2.20.0.pom
#14 277.1 [INFO] Downloaded from google-maven-central-copy: https://maven-central.storage-download.googleapis.com/maven2/com/google/cloud/google-cloud-tpu-bom/2.20.0/google-cloud-tpu-bom-2.20.0.pom (2.7 kB at 38 kB/s)
#14 277.1 [INFO] Downloading from google-maven-central-copy: https://maven-central.storage-download.googleapis.com/maven2/com/google/cloud/google-cloud-trace-bom/2.19.0/google-cloud-trace-bom-2.19.0.pom
#14 277.2 [INFO] Downloaded from google-maven-central-copy: https://maven-central.storage-download.googleapis.com/maven2/com/google/cloud/google-cloud-trace-bom/2.19.0/google-cloud-trace-bom-2.19.0.pom (2.2 kB at 29 kB/s)
#14 277.2 [INFO] Downloading from google-maven-central-copy: https://maven-central.storage-download.googleapis.com/maven2/com/google/cloud/google-cloud-translate-bom/2.19.0/google-cloud-translate-bom-2.19.0.pom
#14 277.2 [INFO] Downloaded from google-maven-central-copy: https://maven-central.storage-download.googleapis.com/maven2/com/google/cloud/google-cloud-translate-bom/2.19.0/google-cloud-translate-bom-2.19.0.pom (2.2 kB at 31 kB/s)
#14 277.2 [INFO] Downloading from google-maven-central-copy: https://maven-central.storage-download.googleapis.com/maven2/com/google/cloud/google-cloud-video-intelligence-bom/2.18.0/google-cloud-video-intelligence-bom-2.18.0.pom
#14 277.3 [INFO] Downloaded from google-maven-central-copy: https://maven-central.storage-download.googleapis.com/maven2/com/google/cloud/google-cloud-video-intelligence-bom/2.18.0/google-cloud-video-intelligence-bom-2.18.0.pom (4.1 kB at 56 kB/s)
#14 277.3 [INFO] Downloading from google-maven-central-copy: https://maven-central.storage-download.googleapis.com/maven2/com/google/cloud/google-cloud-live-stream-bom/0.21.0/google-cloud-live-stream-bom-0.21.0.pom
#14 277.4 [INFO] Downloaded from google-maven-central-copy: https://maven-central.storage-download.googleapis.com/maven2/com/google/cloud/google-cloud-live-stream-bom/0.21.0/google-cloud-live-stream-bom-0.21.0.pom (1.8 kB at 25 kB/s)
#14 277.4 [INFO] Downloading from google-maven-central-copy: https://maven-central.storage-download.googleapis.com/maven2/com/google/cloud/google-cloud-video-stitcher-bom/0.19.0/google-cloud-video-stitcher-bom-0.19.0.pom
#14 277.5 [INFO] Downloaded from google-maven-central-copy: https://maven-central.storage-download.googleapis.com/maven2/com/google/cloud/google-cloud-video-stitcher-bom/0.19.0/google-cloud-video-stitcher-bom-0.19.0.pom (1.8 kB at 26 kB/s)
#14 277.5 [INFO] Downloading from google-maven-central-copy: https://maven-central.storage-download.googleapis.com/maven2/com/google/cloud/google-cloud-video-transcoder-bom/1.18.0/google-cloud-video-transcoder-bom-1.18.0.pom
#14 277.5 [INFO] Downloaded from google-maven-central-copy: https://maven-central.storage-download.googleapis.com/maven2/com/google/cloud/google-cloud-video-transcoder-bom/1.18.0/google-cloud-video-transcoder-bom-1.18.0.pom (1.8 kB at 26 kB/s)
#14 277.5 [INFO] Downloading from google-maven-central-copy: https://maven-central.storage-download.googleapis.com/maven2/com/google/cloud/google-cloud-vision-bom/3.17.0/google-cloud-vision-bom-3.17.0.pom
#14 277.6 [INFO] Downloaded from google-maven-central-copy: https://maven-central.storage-download.googleapis.com/maven2/com/google/cloud/google-cloud-vision-bom/3.17.0/google-cloud-vision-bom-3.17.0.pom (3.8 kB at 53 kB/s)
#14 277.6 [INFO] Downloading from google-maven-central-copy: https://maven-central.storage-download.googleapis.com/maven2/com/google/cloud/google-cloud-vmmigration-bom/1.19.0/google-cloud-vmmigration-bom-1.19.0.pom
#14 277.7 [INFO] Downloaded from google-maven-central-copy: https://maven-central.storage-download.googleapis.com/maven2/com/google/cloud/google-cloud-vmmigration-bom/1.19.0/google-cloud-vmmigration-bom-1.19.0.pom (1.8 kB at 25 kB/s)
#14 277.7 [INFO] Downloading from google-maven-central-copy: https://maven-central.storage-download.googleapis.com/maven2/com/google/cloud/google-cloud-vmwareengine-bom/0.13.0/google-cloud-vmwareengine-bom-0.13.0.pom
#14 277.8 [INFO] Downloaded from google-maven-central-copy: https://maven-central.storage-download.googleapis.com/maven2/com/google/cloud/google-cloud-vmwareengine-bom/0.13.0/google-cloud-vmwareengine-bom-0.13.0.pom (1.8 kB at 25 kB/s)
#14 277.8 [INFO] Downloading from google-maven-central-copy: https://maven-central.storage-download.googleapis.com/maven2/com/google/cloud/google-cloud-vpcaccess-bom/2.20.0/google-cloud-vpcaccess-bom-2.20.0.pom
#14 277.8 [INFO] Downloaded from google-maven-central-copy: https://maven-central.storage-download.googleapis.com/maven2/com/google/cloud/google-cloud-vpcaccess-bom/2.20.0/google-cloud-vpcaccess-bom-2.20.0.pom (1.8 kB at 23 kB/s)
#14 277.8 [INFO] Downloading from google-maven-central-copy: https://maven-central.storage-download.googleapis.com/maven2/com/google/cloud/google-cloud-webrisk-bom/2.18.0/google-cloud-webrisk-bom-2.18.0.pom
#14 277.9 [INFO] Downloaded from google-maven-central-copy: https://maven-central.storage-download.googleapis.com/maven2/com/google/cloud/google-cloud-webrisk-bom/2.18.0/google-cloud-webrisk-bom-2.18.0.pom (2.2 kB at 31 kB/s)
#14 277.9 [INFO] Downloading from google-maven-central-copy: https://maven-central.storage-download.googleapis.com/maven2/com/google/cloud/google-cloud-websecurityscanner-bom/2.19.0/google-cloud-websecurityscanner-bom-2.19.0.pom
#14 278.0 [INFO] Downloaded from google-maven-central-copy: https://maven-central.storage-download.googleapis.com/maven2/com/google/cloud/google-cloud-websecurityscanner-bom/2.19.0/google-cloud-websecurityscanner-bom-2.19.0.pom (2.9 kB at 41 kB/s)
#14 278.0 [INFO] Downloading from google-maven-central-copy: https://maven-central.storage-download.googleapis.com/maven2/com/google/cloud/google-cloud-workflow-executions-bom/2.19.0/google-cloud-workflow-executions-bom-2.19.0.pom
#14 278.1 [INFO] Downloaded from google-maven-central-copy: https://maven-central.storage-download.googleapis.com/maven2/com/google/cloud/google-cloud-workflow-executions-bom/2.19.0/google-cloud-workflow-executions-bom-2.19.0.pom (2.4 kB at 23 kB/s)
#14 278.1 [INFO] Downloading from google-maven-central-copy: https://maven-central.storage-download.googleapis.com/maven2/com/google/cloud/google-cloud-workflows-bom/2.19.0/google-cloud-workflows-bom-2.19.0.pom
#14 278.2 [INFO] Downloaded from google-maven-central-copy: https://maven-central.storage-download.googleapis.com/maven2/com/google/cloud/google-cloud-workflows-bom/2.19.0/google-cloud-workflows-bom-2.19.0.pom (2.3 kB at 24 kB/s)
#14 278.2 [INFO] Downloading from google-maven-central-copy: https://maven-central.storage-download.googleapis.com/maven2/com/google/cloud/google-cloud-workstations-bom/0.7.0/google-cloud-workstations-bom-0.7.0.pom
#14 278.3 [INFO] Downloaded from google-maven-central-copy: https://maven-central.storage-download.googleapis.com/maven2/com/google/cloud/google-cloud-workstations-bom/0.7.0/google-cloud-workstations-bom-0.7.0.pom (2.3 kB at 32 kB/s)
#14 278.3 [INFO] Downloading from central: https://repo.maven.apache.org/maven2/com/google/cloud/google-cloud-bigquerystorage-bom/2.38.0/google-cloud-bigquerystorage-bom-2.38.0.pom
#14 278.4 [INFO] Downloaded from central: https://repo.maven.apache.org/maven2/com/google/cloud/google-cloud-bigquerystorage-bom/2.38.0/google-cloud-bigquerystorage-bom-2.38.0.pom (4.4 kB at 58 kB/s)
#14 278.4 [INFO] Downloading from central: https://repo.maven.apache.org/maven2/com/google/cloud/google-cloud-bigtable-bom/2.23.3/google-cloud-bigtable-bom-2.23.3.pom
#14 278.4 [INFO] Downloaded from central: https://repo.maven.apache.org/maven2/com/google/cloud/google-cloud-bigtable-bom/2.23.3/google-cloud-bigtable-bom-2.23.3.pom (4.8 kB at 67 kB/s)
#14 278.4 [INFO] Downloading from central: https://repo.maven.apache.org/maven2/com/google/cloud/google-cloud-datastore-bom/2.15.0/google-cloud-datastore-bom-2.15.0.pom
#14 278.5 [INFO] Downloaded from central: https://repo.maven.apache.org/maven2/com/google/cloud/google-cloud-datastore-bom/2.15.0/google-cloud-datastore-bom-2.15.0.pom (3.0 kB at 40 kB/s)
#14 278.5 [INFO] Downloading from central: https://repo.maven.apache.org/maven2/com/google/cloud/google-cloud-firestore-bom/3.13.0/google-cloud-firestore-bom-3.13.0.pom
#14 278.6 [INFO] Downloaded from central: https://repo.maven.apache.org/maven2/com/google/cloud/google-cloud-firestore-bom/3.13.0/google-cloud-firestore-bom-3.13.0.pom (3.8 kB at 53 kB/s)
#14 278.6 [INFO] Downloading from central: https://repo.maven.apache.org/maven2/com/google/cloud/google-cloud-logging-bom/3.15.3/google-cloud-logging-bom-3.15.3.pom
#14 278.7 [INFO] Downloaded from central: https://repo.maven.apache.org/maven2/com/google/cloud/google-cloud-logging-bom/3.15.3/google-cloud-logging-bom-3.15.3.pom (2.7 kB at 26 kB/s)
#14 278.7 [INFO] Downloading from central: https://repo.maven.apache.org/maven2/com/google/cloud/google-cloud-pubsub-bom/1.123.14/google-cloud-pubsub-bom-1.123.14.pom
#14 278.8 [INFO] Downloaded from central: https://repo.maven.apache.org/maven2/com/google/cloud/google-cloud-pubsub-bom/1.123.14/google-cloud-pubsub-bom-1.123.14.pom (2.7 kB at 37 kB/s)
#14 278.8 [INFO] Downloading from central: https://repo.maven.apache.org/maven2/com/google/cloud/google-cloud-pubsublite-bom/1.12.8/google-cloud-pubsublite-bom-1.12.8.pom
#14 278.8 [INFO] Downloaded from central: https://repo.maven.apache.org/maven2/com/google/cloud/google-cloud-pubsublite-bom/1.12.8/google-cloud-pubsublite-bom-1.12.8.pom (2.7 kB at 38 kB/s)
#14 278.8 [INFO] Downloading from central: https://repo.maven.apache.org/maven2/com/google/cloud/google-cloud-spanner-bom/6.43.0/google-cloud-spanner-bom-6.43.0.pom
#14 278.9 [INFO] Downloaded from central: https://repo.maven.apache.org/maven2/com/google/cloud/google-cloud-spanner-bom/6.43.0/google-cloud-spanner-bom-6.43.0.pom (4.9 kB at 65 kB/s)
#14 278.9 [INFO] Downloading from central: https://repo.maven.apache.org/maven2/com/google/cloud/google-cloud-storage-bom/2.22.4/google-cloud-storage-bom-2.22.4.pom
#14 279.0 [INFO] Downloaded from central: https://repo.maven.apache.org/maven2/com/google/cloud/google-cloud-storage-bom/2.22.4/google-cloud-storage-bom-2.22.4.pom (3.6 kB at 46 kB/s)
#14 279.0 [INFO] Downloading from central: https://repo.maven.apache.org/maven2/com/google/api-client/google-api-client/2.2.0/google-api-client-2.2.0.pom
#14 279.1 [INFO] Downloaded from central: https://repo.maven.apache.org/maven2/com/google/api-client/google-api-client/2.2.0/google-api-client-2.2.0.pom (6.6 kB at 93 kB/s)
#14 279.1 [INFO] Downloading from central: https://repo.maven.apache.org/maven2/com/google/api-client/google-api-client-parent/2.2.0/google-api-client-parent-2.2.0.pom
#14 279.2 [INFO] Downloaded from central: https://repo.maven.apache.org/maven2/com/google/api-client/google-api-client-parent/2.2.0/google-api-client-parent-2.2.0.pom (23 kB at 266 kB/s)
#14 279.2 [INFO] Downloading from central: https://repo.maven.apache.org/maven2/com/google/http-client/google-http-client-bom/1.42.3/google-http-client-bom-1.42.3.pom
#14 279.2 [INFO] Downloaded from central: https://repo.maven.apache.org/maven2/com/google/http-client/google-http-client-bom/1.42.3/google-http-client-bom-1.42.3.pom (6.8 kB at 95 kB/s)
#14 279.2 [INFO] Downloading from central: https://repo.maven.apache.org/maven2/commons-codec/commons-codec/1.15/commons-codec-1.15.pom
#14 279.3 [INFO] Downloaded from central: https://repo.maven.apache.org/maven2/commons-codec/commons-codec/1.15/commons-codec-1.15.pom (15 kB at 214 kB/s)
#14 279.3 [INFO] Downloading from central: https://repo.maven.apache.org/maven2/com/google/oauth-client/google-oauth-client/1.34.1/google-oauth-client-1.34.1.pom
#14 279.4 [INFO] Downloaded from central: https://repo.maven.apache.org/maven2/com/google/oauth-client/google-oauth-client/1.34.1/google-oauth-client-1.34.1.pom (3.4 kB at 36 kB/s)
#14 279.4 [INFO] Downloading from central: https://repo.maven.apache.org/maven2/com/google/oauth-client/google-oauth-client-parent/1.34.1/google-oauth-client-parent-1.34.1.pom
#14 279.5 [INFO] Downloaded from central: https://repo.maven.apache.org/maven2/com/google/oauth-client/google-oauth-client-parent/1.34.1/google-oauth-client-parent-1.34.1.pom (21 kB at 271 kB/s)
#14 279.5 [INFO] Downloading from central: https://repo.maven.apache.org/maven2/com/google/http-client/google-http-client-bom/1.42.0/google-http-client-bom-1.42.0.pom
#14 279.6 [INFO] Downloaded from central: https://repo.maven.apache.org/maven2/com/google/http-client/google-http-client-bom/1.42.0/google-http-client-bom-1.42.0.pom (6.8 kB at 99 kB/s)
#14 279.6 [INFO] Downloading from central: https://repo.maven.apache.org/maven2/com/google/http-client/google-http-client/1.43.1/google-http-client-1.43.1.pom
#14 279.6 [INFO] Downloaded from central: https://repo.maven.apache.org/maven2/com/google/http-client/google-http-client/1.43.1/google-http-client-1.43.1.pom (6.1 kB at 87 kB/s)
#14 279.6 [INFO] Downloading from central: https://repo.maven.apache.org/maven2/com/google/http-client/google-http-client-parent/1.43.1/google-http-client-parent-1.43.1.pom
#14 279.7 [INFO] Downloaded from central: https://repo.maven.apache.org/maven2/com/google/http-client/google-http-client-parent/1.43.1/google-http-client-parent-1.43.1.pom (27 kB at 361 kB/s)
#14 279.7 [INFO] Downloading from central: https://repo.maven.apache.org/maven2/org/apache/httpcomponents/httpclient/4.5.14/httpclient-4.5.14.pom
#14 279.8 [INFO] Downloaded from central: https://repo.maven.apache.org/maven2/org/apache/httpcomponents/httpclient/4.5.14/httpclient-4.5.14.pom (6.6 kB at 86 kB/s)
#14 279.8 [INFO] Downloading from central: https://repo.maven.apache.org/maven2/org/apache/httpcomponents/httpcomponents-client/4.5.14/httpcomponents-client-4.5.14.pom
#14 279.9 [INFO] Downloaded from central: https://repo.maven.apache.org/maven2/org/apache/httpcomponents/httpcomponents-client/4.5.14/httpcomponents-client-4.5.14.pom (15 kB at 186 kB/s)
#14 279.9 [INFO] Downloading from central: https://repo.maven.apache.org/maven2/org/apache/httpcomponents/httpcore/4.4.16/httpcore-4.4.16.pom
#14 -838.044 [INFO] Downloaded from central: https://repo.maven.apache.org/maven2/org/apache/httpcomponents/httpcore/4.4.16/httpcore-4.4.16.pom (5.0 kB)
#14 -838.043 [INFO] Downloading from central: https://repo.maven.apache.org/maven2/org/apache/httpcomponents/httpcomponents-core/4.4.16/httpcomponents-core-4.4.16.pom
#14 -837.968 [INFO] Downloaded from central: https://repo.maven.apache.org/maven2/org/apache/httpcomponents/httpcomponents-core/4.4.16/httpcomponents-core-4.4.16.pom (12 kB at 159 kB/s)
#14 -837.965 [INFO] Downloading from central: https://repo.maven.apache.org/maven2/com/google/errorprone/error_prone_annotations/2.18.0/error_prone_annotations-2.18.0.pom
#14 281.2 [INFO] Downloaded from central: https://repo.maven.apache.org/maven2/com/google/errorprone/error_prone_annotations/2.18.0/error_prone_annotations-2.18.0.pom (2.2 kB at 1 B/s)
#14 281.2 [INFO] Downloading from central: https://repo.maven.apache.org/maven2/com/google/errorprone/error_prone_parent/2.18.0/error_prone_parent-2.18.0.pom
#14 281.2 [INFO] Downloaded from central: https://repo.maven.apache.org/maven2/com/google/errorprone/error_prone_parent/2.18.0/error_prone_parent-2.18.0.pom (11 kB at 156 kB/s)
#14 281.2 [INFO] Downloading from central: https://repo.maven.apache.org/maven2/com/google/guava/guava/31.1-jre/guava-31.1-jre.pom
#14 281.3 [INFO] Downloaded from central: https://repo.maven.apache.org/maven2/com/google/guava/guava/31.1-jre/guava-31.1-jre.pom (11 kB at 110 kB/s)
#14 281.3 [INFO] Downloading from central: https://repo.maven.apache.org/maven2/com/google/guava/guava-parent/31.1-jre/guava-parent-31.1-jre.pom
#14 281.4 [INFO] Downloaded from central: https://repo.maven.apache.org/maven2/com/google/guava/guava-parent/31.1-jre/guava-parent-31.1-jre.pom (15 kB at 180 kB/s)
#14 281.4 [INFO] Downloading from central: https://repo.maven.apache.org/maven2/com/google/guava/failureaccess/1.0.1/failureaccess-1.0.1.pom
#14 281.5 [INFO] Downloaded from central: https://repo.maven.apache.org/maven2/com/google/guava/failureaccess/1.0.1/failureaccess-1.0.1.pom (2.4 kB at 22 kB/s)
#14 281.6 [INFO] Downloading from central: https://repo.maven.apache.org/maven2/org/checkerframework/checker-qual/3.12.0/checker-qual-3.12.0.pom
#14 281.6 [INFO] Downloaded from central: https://repo.maven.apache.org/maven2/org/checkerframework/checker-qual/3.12.0/checker-qual-3.12.0.pom (2.1 kB at 31 kB/s)
#14 281.6 [INFO] Downloading from central: https://repo.maven.apache.org/maven2/com/google/errorprone/error_prone_annotations/2.11.0/error_prone_annotations-2.11.0.pom
#14 281.7 [INFO] Downloaded from central: https://repo.maven.apache.org/maven2/com/google/errorprone/error_prone_annotations/2.11.0/error_prone_annotations-2.11.0.pom (2.2 kB at 31 kB/s)
#14 281.7 [INFO] Downloading from central: https://repo.maven.apache.org/maven2/com/google/errorprone/error_prone_parent/2.11.0/error_prone_parent-2.11.0.pom
#14 281.8 [INFO] Downloaded from central: https://repo.maven.apache.org/maven2/com/google/errorprone/error_prone_parent/2.11.0/error_prone_parent-2.11.0.pom (11 kB at 122 kB/s)
#14 281.8 [INFO] Downloading from central: https://repo.maven.apache.org/maven2/com/google/j2objc/j2objc-annotations/1.3/j2objc-annotations-1.3.pom
#14 281.9 [INFO] Downloaded from central: https://repo.maven.apache.org/maven2/com/google/j2objc/j2objc-annotations/1.3/j2objc-annotations-1.3.pom (2.8 kB at 37 kB/s)
#14 281.9 [INFO] Downloading from central: https://repo.maven.apache.org/maven2/io/opencensus/opencensus-api/0.31.1/opencensus-api-0.31.1.pom
#14 281.9 [INFO] Downloaded from central: https://repo.maven.apache.org/maven2/io/opencensus/opencensus-api/0.31.1/opencensus-api-0.31.1.pom (2.2 kB at 30 kB/s)
#14 281.9 [INFO] Downloading from central: https://repo.maven.apache.org/maven2/io/grpc/grpc-context/1.55.1/grpc-context-1.55.1.pom
#14 282.0 [INFO] Downloaded from central: https://repo.maven.apache.org/maven2/io/grpc/grpc-context/1.55.1/grpc-context-1.55.1.pom (1.2 kB at 17 kB/s)
#14 282.0 [INFO] Downloading from central: https://repo.maven.apache.org/maven2/io/opencensus/opencensus-contrib-http-util/0.31.1/opencensus-contrib-http-util-0.31.1.pom
#14 282.1 [INFO] Downloaded from central: https://repo.maven.apache.org/maven2/io/opencensus/opencensus-contrib-http-util/0.31.1/opencensus-contrib-http-util-0.31.1.pom (2.4 kB at 24 kB/s)
#14 282.1 [INFO] Downloading from central: https://repo.maven.apache.org/maven2/com/google/http-client/google-http-client-gson/1.43.1/google-http-client-gson-1.43.1.pom
#14 282.2 [INFO] Downloaded from central: https://repo.maven.apache.org/maven2/com/google/http-client/google-http-client-gson/1.43.1/google-http-client-gson-1.43.1.pom (2.9 kB at 43 kB/s)
#14 282.2 [INFO] Downloading from central: https://repo.maven.apache.org/maven2/com/google/code/gson/gson/2.10.1/gson-2.10.1.pom
#14 282.3 [INFO] Downloaded from central: https://repo.maven.apache.org/maven2/com/google/code/gson/gson/2.10.1/gson-2.10.1.pom (9.4 kB at 89 kB/s)
#14 282.3 [INFO] Downloading from central: https://repo.maven.apache.org/maven2/com/google/code/gson/gson-parent/2.10.1/gson-parent-2.10.1.pom
#14 282.4 [INFO] Downloaded from central: https://repo.maven.apache.org/maven2/com/google/code/gson/gson-parent/2.10.1/gson-parent-2.10.1.pom (13 kB at 184 kB/s)
#14 282.4 [INFO] Downloading from central: https://repo.maven.apache.org/maven2/com/google/http-client/google-http-client-apache-v2/1.43.1/google-http-client-apache-v2-1.43.1.pom
#14 282.4 [INFO] Downloaded from central: https://repo.maven.apache.org/maven2/com/google/http-client/google-http-client-apache-v2/1.43.1/google-http-client-apache-v2-1.43.1.pom (3.5 kB at 50 kB/s)
#14 282.4 [INFO] Downloading from central: https://repo.maven.apache.org/maven2/com/google/api-client/google-api-client-gson/2.2.0/google-api-client-gson-2.2.0.pom
#14 282.5 [INFO] Downloaded from central: https://repo.maven.apache.org/maven2/com/google/api-client/google-api-client-gson/2.2.0/google-api-client-gson-2.2.0.pom (3.3 kB at 38 kB/s)
#14 282.5 [INFO] Downloading from central: https://repo.maven.apache.org/maven2/com/google/api/api-common/2.12.0/api-common-2.12.0.pom
#14 282.6 [INFO] Downloaded from central: https://repo.maven.apache.org/maven2/com/google/api/api-common/2.12.0/api-common-2.12.0.pom (4.9 kB at 68 kB/s)
#14 282.6 [INFO] Downloading from central: https://repo.maven.apache.org/maven2/com/google/auto/value/auto-value-annotations/1.10.1/auto-value-annotations-1.10.1.pom
#14 282.7 [INFO] Downloaded from central: https://repo.maven.apache.org/maven2/com/google/auto/value/auto-value-annotations/1.10.1/auto-value-annotations-1.10.1.pom (2.7 kB at 37 kB/s)
#14 282.7 [INFO] Downloading from central: https://repo.maven.apache.org/maven2/com/google/auto/value/auto-value-parent/1.10.1/auto-value-parent-1.10.1.pom
#14 282.8 [INFO] Downloaded from central: https://repo.maven.apache.org/maven2/com/google/auto/value/auto-value-parent/1.10.1/auto-value-parent-1.10.1.pom (8.2 kB at 108 kB/s)
#14 282.8 [INFO] Downloading from central: https://repo.maven.apache.org/maven2/javax/annotation/javax.annotation-api/1.3.2/javax.annotation-api-1.3.2.pom
#14 282.8 [INFO] Downloaded from central: https://repo.maven.apache.org/maven2/javax/annotation/javax.annotation-api/1.3.2/javax.annotation-api-1.3.2.pom (14 kB at 181 kB/s)
#14 282.8 [INFO] Downloading from central: https://repo.maven.apache.org/maven2/com/google/auth/google-auth-library-oauth2-http/1.17.0/google-auth-library-oauth2-http-1.17.0.pom
#14 282.9 [INFO] Downloaded from central: https://repo.maven.apache.org/maven2/com/google/auth/google-auth-library-oauth2-http/1.17.0/google-auth-library-oauth2-http-1.17.0.pom (7.4 kB at 75 kB/s)
#14 282.9 [INFO] Downloading from central: https://repo.maven.apache.org/maven2/com/google/auth/google-auth-library-parent/1.17.0/google-auth-library-parent-1.17.0.pom
#14 283.0 [INFO] Downloaded from central: https://repo.maven.apache.org/maven2/com/google/auth/google-auth-library-parent/1.17.0/google-auth-library-parent-1.17.0.pom (18 kB at 249 kB/s)
#14 283.0 [INFO] Downloading from central: https://repo.maven.apache.org/maven2/com/google/auth/google-auth-library-credentials/1.17.0/google-auth-library-credentials-1.17.0.pom
#14 283.1 [INFO] Downloaded from central: https://repo.maven.apache.org/maven2/com/google/auth/google-auth-library-credentials/1.17.0/google-auth-library-credentials-1.17.0.pom (2.0 kB at 29 kB/s)
#14 283.1 [INFO] Downloading from central: https://repo.maven.apache.org/maven2/com/google/cloud/google-cloud-storage/2.22.4/google-cloud-storage-2.22.4.pom
#14 283.2 [INFO] Downloaded from central: https://repo.maven.apache.org/maven2/com/google/cloud/google-cloud-storage/2.22.4/google-cloud-storage-2.22.4.pom (49 kB at 589 kB/s)
#14 283.2 [INFO] Downloading from central: https://repo.maven.apache.org/maven2/com/google/http-client/google-http-client-jackson2/1.43.1/google-http-client-jackson2-1.43.1.pom
#14 283.2 [INFO] Downloaded from central: https://repo.maven.apache.org/maven2/com/google/http-client/google-http-client-jackson2/1.43.1/google-http-client-jackson2-1.43.1.pom (2.9 kB at 38 kB/s)
#14 283.3 [INFO] Downloading from central: https://repo.maven.apache.org/maven2/com/google/apis/google-api-services-storage/v1-rev20230301-2.0.0/google-api-services-storage-v1-rev20230301-2.0.0.pom
#14 283.3 [INFO] Downloaded from central: https://repo.maven.apache.org/maven2/com/google/apis/google-api-services-storage/v1-rev20230301-2.0.0/google-api-services-storage-v1-rev20230301-2.0.0.pom (5.3 kB at 54 kB/s)
#14 283.4 [INFO] Downloading from central: https://repo.maven.apache.org/maven2/com/google/cloud/google-cloud-core/2.19.0/google-cloud-core-2.19.0.pom
#14 283.4 [INFO] Downloaded from central: https://repo.maven.apache.org/maven2/com/google/cloud/google-cloud-core/2.19.0/google-cloud-core-2.19.0.pom (3.3 kB at 42 kB/s)
#14 283.4 [INFO] Downloading from central: https://repo.maven.apache.org/maven2/com/google/cloud/google-cloud-core-parent/2.19.0/google-cloud-core-parent-2.19.0.pom
#14 283.5 [INFO] Downloaded from central: https://repo.maven.apache.org/maven2/com/google/cloud/google-cloud-core-parent/2.19.0/google-cloud-core-parent-2.19.0.pom (3.0 kB at 43 kB/s)
#14 283.5 [INFO] Downloading from central: https://repo.maven.apache.org/maven2/com/google/cloud/google-cloud-shared-dependencies/3.11.0/google-cloud-shared-dependencies-3.11.0.pom
#14 283.6 [INFO] Downloaded from central: https://repo.maven.apache.org/maven2/com/google/cloud/google-cloud-shared-dependencies/3.11.0/google-cloud-shared-dependencies-3.11.0.pom (1.9 kB at 23 kB/s)
#14 283.6 [INFO] Downloading from google-maven-central-copy: https://maven-central.storage-download.googleapis.com/maven2/com/google/cloud/third-party-dependencies/3.11.0/third-party-dependencies-3.11.0.pom
#14 283.7 [INFO] Downloaded from google-maven-central-copy: https://maven-central.storage-download.googleapis.com/maven2/com/google/cloud/third-party-dependencies/3.11.0/third-party-dependencies-3.11.0.pom (5.6 kB at 72 kB/s)
#14 283.7 [INFO] Downloading from central: https://repo.maven.apache.org/maven2/com/google/cloud/google-cloud-core-http/2.19.0/google-cloud-core-http-2.19.0.pom
#14 283.8 [INFO] Downloaded from central: https://repo.maven.apache.org/maven2/com/google/cloud/google-cloud-core-http/2.19.0/google-cloud-core-http-2.19.0.pom (3.0 kB at 34 kB/s)
#14 283.8 [INFO] Downloading from central: https://repo.maven.apache.org/maven2/com/google/http-client/google-http-client-appengine/1.43.1/google-http-client-appengine-1.43.1.pom
#14 283.9 [INFO] Downloaded from central: https://repo.maven.apache.org/maven2/com/google/http-client/google-http-client-appengine/1.43.1/google-http-client-appengine-1.43.1.pom (3.7 kB at 36 kB/s)
#14 283.9 [INFO] Downloading from central: https://repo.maven.apache.org/maven2/com/google/api/gax-httpjson/0.114.0/gax-httpjson-0.114.0.pom
#14 283.9 [INFO] Downloaded from central: https://repo.maven.apache.org/maven2/com/google/api/gax-httpjson/0.114.0/gax-httpjson-0.114.0.pom (3.6 kB at 45 kB/s)
#14 283.9 [INFO] Downloading from central: https://repo.maven.apache.org/maven2/com/google/api/gax-parent/2.29.0/gax-parent-2.29.0.pom
#14 284.1 [INFO] Downloaded from central: https://repo.maven.apache.org/maven2/com/google/api/gax-parent/2.29.0/gax-parent-2.29.0.pom (8.8 kB at 85 kB/s)
#14 284.1 [INFO] Downloading from central: https://repo.maven.apache.org/maven2/com/google/cloud/google-cloud-core-grpc/2.19.0/google-cloud-core-grpc-2.19.0.pom
#14 284.2 [INFO] Downloaded from central: https://repo.maven.apache.org/maven2/com/google/cloud/google-cloud-core-grpc/2.19.0/google-cloud-core-grpc-2.19.0.pom (2.2 kB at 21 kB/s)
#14 284.2 [INFO] Downloading from central: https://repo.maven.apache.org/maven2/com/google/api/gax/2.29.0/gax-2.29.0.pom
#14 284.2 [INFO] Downloaded from central: https://repo.maven.apache.org/maven2/com/google/api/gax/2.29.0/gax-2.29.0.pom (3.1 kB at 40 kB/s)
#14 284.2 [INFO] Downloading from central: https://repo.maven.apache.org/maven2/com/google/api/gax-grpc/2.29.0/gax-grpc-2.29.0.pom
#14 284.4 [INFO] Downloaded from central: https://repo.maven.apache.org/maven2/com/google/api/gax-grpc/2.29.0/gax-grpc-2.29.0.pom (3.9 kB at 30 kB/s)
#14 284.4 [INFO] Downloading from central: https://repo.maven.apache.org/maven2/io/grpc/grpc-alts/1.55.1/grpc-alts-1.55.1.pom
#14 284.5 [INFO] Downloaded from central: https://repo.maven.apache.org/maven2/io/grpc/grpc-alts/1.55.1/grpc-alts-1.55.1.pom (2.9 kB at 29 kB/s)
#14 284.5 [INFO] Downloading from central: https://repo.maven.apache.org/maven2/io/grpc/grpc-grpclb/1.55.1/grpc-grpclb-1.55.1.pom
#14 284.6 [INFO] Downloaded from central: https://repo.maven.apache.org/maven2/io/grpc/grpc-grpclb/1.55.1/grpc-grpclb-1.55.1.pom (2.5 kB at 28 kB/s)
#14 284.6 [INFO] Downloading from central: https://repo.maven.apache.org/maven2/org/conscrypt/conscrypt-openjdk-uber/2.5.2/conscrypt-openjdk-uber-2.5.2.pom
#14 284.7 [INFO] Downloaded from central: https://repo.maven.apache.org/maven2/org/conscrypt/conscrypt-openjdk-uber/2.5.2/conscrypt-openjdk-uber-2.5.2.pom (1.3 kB at 8.6 kB/s)
#14 284.7 [INFO] Downloading from central: https://repo.maven.apache.org/maven2/io/grpc/grpc-auth/1.55.1/grpc-auth-1.55.1.pom
#14 284.8 [INFO] Downloaded from central: https://repo.maven.apache.org/maven2/io/grpc/grpc-auth/1.55.1/grpc-auth-1.55.1.pom (1.8 kB at 20 kB/s)
#14 284.8 [INFO] Downloading from central: https://repo.maven.apache.org/maven2/io/grpc/grpc-protobuf/1.55.1/grpc-protobuf-1.55.1.pom
#14 284.9 [INFO] Downloaded from central: https://repo.maven.apache.org/maven2/io/grpc/grpc-protobuf/1.55.1/grpc-protobuf-1.55.1.pom (2.7 kB at 36 kB/s)
#14 284.9 [INFO] Downloading from central: https://repo.maven.apache.org/maven2/io/grpc/grpc-protobuf-lite/1.55.1/grpc-protobuf-lite-1.55.1.pom
#14 285.0 [INFO] Downloaded from central: https://repo.maven.apache.org/maven2/io/grpc/grpc-protobuf-lite/1.55.1/grpc-protobuf-lite-1.55.1.pom (2.0 kB at 27 kB/s)
#14 285.0 [INFO] Downloading from central: https://repo.maven.apache.org/maven2/com/google/api/grpc/proto-google-iam-v1/1.15.0/proto-google-iam-v1-1.15.0.pom
#14 285.0 [INFO] Downloaded from central: https://repo.maven.apache.org/maven2/com/google/api/grpc/proto-google-iam-v1/1.15.0/proto-google-iam-v1-1.15.0.pom (3.0 kB at 39 kB/s)
#14 285.1 [INFO] Downloading from central: https://repo.maven.apache.org/maven2/com/google/protobuf/protobuf-java/3.23.2/protobuf-java-3.23.2.pom
#14 285.1 [INFO] Downloaded from central: https://repo.maven.apache.org/maven2/com/google/protobuf/protobuf-java/3.23.2/protobuf-java-3.23.2.pom (1.6 kB at 20 kB/s)
#14 285.1 [INFO] Downloading from central: https://repo.maven.apache.org/maven2/com/google/protobuf/protobuf-parent/3.23.2/protobuf-parent-3.23.2.pom
#14 285.2 [INFO] Downloaded from central: https://repo.maven.apache.org/maven2/com/google/protobuf/protobuf-parent/3.23.2/protobuf-parent-3.23.2.pom (9.0 kB at 83 kB/s)
#14 285.2 [INFO] Downloading from central: https://repo.maven.apache.org/maven2/com/google/protobuf/protobuf-java-util/3.23.2/protobuf-java-util-3.23.2.pom
#14 285.3 [INFO] Downloaded from central: https://repo.maven.apache.org/maven2/com/google/protobuf/protobuf-java-util/3.23.2/protobuf-java-util-3.23.2.pom (2.5 kB at 35 kB/s)
#14 285.3 [INFO] Downloading from central: https://repo.maven.apache.org/maven2/com/google/api/grpc/proto-google-common-protos/2.20.0/proto-google-common-protos-2.20.0.pom
#14 285.4 [INFO] Downloaded from central: https://repo.maven.apache.org/maven2/com/google/api/grpc/proto-google-common-protos/2.20.0/proto-google-common-protos-2.20.0.pom (2.7 kB at 34 kB/s)
#14 285.4 [INFO] Downloading from central: https://repo.maven.apache.org/maven2/org/threeten/threetenbp/1.6.8/threetenbp-1.6.8.pom
#14 285.5 [INFO] Downloaded from central: https://repo.maven.apache.org/maven2/org/threeten/threetenbp/1.6.8/threetenbp-1.6.8.pom (33 kB at 431 kB/s)
#14 285.5 [INFO] Downloading from central: https://repo.maven.apache.org/maven2/com/google/api/grpc/proto-google-cloud-storage-v2/2.22.4-alpha/proto-google-cloud-storage-v2-2.22.4-alpha.pom
#14 285.5 [INFO] Downloaded from central: https://repo.maven.apache.org/maven2/com/google/api/grpc/proto-google-cloud-storage-v2/2.22.4-alpha/proto-google-cloud-storage-v2-2.22.4-alpha.pom (1.4 kB at 21 kB/s)
#14 285.6 [INFO] Downloading from central: https://repo.maven.apache.org/maven2/com/google/cloud/google-cloud-storage-parent/2.22.4/google-cloud-storage-parent-2.22.4.pom
#14 285.6 [INFO] Downloaded from central: https://repo.maven.apache.org/maven2/com/google/cloud/google-cloud-storage-parent/2.22.4/google-cloud-storage-parent-2.22.4.pom (6.9 kB at 91 kB/s)
#14 285.6 [INFO] Downloading from central: https://repo.maven.apache.org/maven2/com/google/api/grpc/grpc-google-cloud-storage-v2/2.22.4-alpha/grpc-google-cloud-storage-v2-2.22.4-alpha.pom
#14 285.7 [INFO] Downloaded from central: https://repo.maven.apache.org/maven2/com/google/api/grpc/grpc-google-cloud-storage-v2/2.22.4-alpha/grpc-google-cloud-storage-v2-2.22.4-alpha.pom (2.0 kB at 21 kB/s)
#14 285.7 [INFO] Downloading from central: https://repo.maven.apache.org/maven2/com/google/api/grpc/gapic-google-cloud-storage-v2/2.22.4-alpha/gapic-google-cloud-storage-v2-2.22.4-alpha.pom
#14 285.8 [INFO] Downloaded from central: https://repo.maven.apache.org/maven2/com/google/api/grpc/gapic-google-cloud-storage-v2/2.22.4-alpha/gapic-google-cloud-storage-v2-2.22.4-alpha.pom (3.0 kB at 42 kB/s)
#14 285.8 [INFO] Downloading from central: https://repo.maven.apache.org/maven2/io/grpc/grpc-api/1.55.1/grpc-api-1.55.1.pom
#14 285.9 [INFO] Downloaded from central: https://repo.maven.apache.org/maven2/io/grpc/grpc-api/1.55.1/grpc-api-1.55.1.pom (2.0 kB at 24 kB/s)
#14 285.9 [INFO] Downloading from central: https://repo.maven.apache.org/maven2/io/grpc/grpc-netty-shaded/1.55.1/grpc-netty-shaded-1.55.1.pom
#14 286.0 [INFO] Downloaded from central: https://repo.maven.apache.org/maven2/io/grpc/grpc-netty-shaded/1.55.1/grpc-netty-shaded-1.55.1.pom (2.0 kB at 26 kB/s)
#14 286.0 [INFO] Downloading from central: https://repo.maven.apache.org/maven2/io/perfmark/perfmark-api/0.26.0/perfmark-api-0.26.0.pom
#14 286.0 [INFO] Downloaded from central: https://repo.maven.apache.org/maven2/io/perfmark/perfmark-api/0.26.0/perfmark-api-0.26.0.pom (1.5 kB at 22 kB/s)
#14 286.0 [INFO] Downloading from central: https://repo.maven.apache.org/maven2/io/grpc/grpc-core/1.55.1/grpc-core-1.55.1.pom
#14 286.1 [INFO] Downloaded from central: https://repo.maven.apache.org/maven2/io/grpc/grpc-core/1.55.1/grpc-core-1.55.1.pom (2.5 kB at 34 kB/s)
#14 286.1 [INFO] Downloading from central: https://repo.maven.apache.org/maven2/com/google/android/annotations/4.1.1.4/annotations-4.1.1.4.pom
#14 286.2 [INFO] Downloaded from central: https://repo.maven.apache.org/maven2/com/google/android/annotations/4.1.1.4/annotations-4.1.1.4.pom (1.8 kB at 20 kB/s)
#14 286.2 [INFO] Downloading from central: https://repo.maven.apache.org/maven2/org/codehaus/mojo/animal-sniffer-annotations/1.23/animal-sniffer-annotations-1.23.pom
#14 286.3 [INFO] Downloaded from central: https://repo.maven.apache.org/maven2/org/codehaus/mojo/animal-sniffer-annotations/1.23/animal-sniffer-annotations-1.23.pom (1.7 kB at 20 kB/s)
#14 286.3 [INFO] Downloading from central: https://repo.maven.apache.org/maven2/org/codehaus/mojo/animal-sniffer-parent/1.23/animal-sniffer-parent-1.23.pom
#14 286.4 [INFO] Downloaded from central: https://repo.maven.apache.org/maven2/org/codehaus/mojo/animal-sniffer-parent/1.23/animal-sniffer-parent-1.23.pom (5.9 kB at 70 kB/s)
#14 286.4 [INFO] Downloading from central: https://repo.maven.apache.org/maven2/io/grpc/grpc-stub/1.55.1/grpc-stub-1.55.1.pom
#14 286.5 [INFO] Downloaded from central: https://repo.maven.apache.org/maven2/io/grpc/grpc-stub/1.55.1/grpc-stub-1.55.1.pom (1.8 kB at 24 kB/s)
#14 286.5 [INFO] Downloading from central: https://repo.maven.apache.org/maven2/io/grpc/grpc-googleapis/1.55.1/grpc-googleapis-1.55.1.pom
#14 286.5 [INFO] Downloaded from central: https://repo.maven.apache.org/maven2/io/grpc/grpc-googleapis/1.55.1/grpc-googleapis-1.55.1.pom (2.1 kB at 28 kB/s)
#14 286.5 [INFO] Downloading from central: https://repo.maven.apache.org/maven2/org/checkerframework/checker-qual/3.32.0/checker-qual-3.32.0.pom
#14 286.6 [INFO] Downloaded from central: https://repo.maven.apache.org/maven2/org/checkerframework/checker-qual/3.32.0/checker-qual-3.32.0.pom (2.1 kB at 29 kB/s)
#14 286.6 [INFO] Downloading from central: https://repo.maven.apache.org/maven2/io/grpc/grpc-xds/1.55.1/grpc-xds-1.55.1.pom
#14 286.7 [INFO] Downloaded from central: https://repo.maven.apache.org/maven2/io/grpc/grpc-xds/1.55.1/grpc-xds-1.55.1.pom (3.4 kB at 44 kB/s)
#14 286.7 [INFO] Downloading from central: https://repo.maven.apache.org/maven2/io/opencensus/opencensus-proto/0.2.0/opencensus-proto-0.2.0.pom
#14 286.8 [INFO] Downloaded from central: https://repo.maven.apache.org/maven2/io/opencensus/opencensus-proto/0.2.0/opencensus-proto-0.2.0.pom (1.9 kB at 23 kB/s)
#14 286.8 [INFO] Downloading from central: https://repo.maven.apache.org/maven2/io/grpc/grpc-services/1.55.1/grpc-services-1.55.1.pom
#14 286.8 [INFO] Downloaded from central: https://repo.maven.apache.org/maven2/io/grpc/grpc-services/1.55.1/grpc-services-1.55.1.pom (2.3 kB at 30 kB/s)
#14 286.8 [INFO] Downloading from central: https://repo.maven.apache.org/maven2/com/google/re2j/re2j/1.6/re2j-1.6.pom
#14 286.9 [INFO] Downloaded from central: https://repo.maven.apache.org/maven2/com/google/re2j/re2j/1.6/re2j-1.6.pom (933 B at 10 kB/s)
#14 286.9 [INFO] Downloading from central: https://repo.maven.apache.org/maven2/io/grpc/grpc-rls/1.55.1/grpc-rls-1.55.1.pom
#14 287.0 [INFO] Downloaded from central: https://repo.maven.apache.org/maven2/io/grpc/grpc-rls/1.55.1/grpc-rls-1.55.1.pom (2.2 kB at 24 kB/s)
#14 287.0 [INFO] Downloading from central: https://repo.maven.apache.org/maven2/com/google/cloud/google-cloud-firestore/3.13.0/google-cloud-firestore-3.13.0.pom
#14 287.1 [INFO] Downloaded from central: https://repo.maven.apache.org/maven2/com/google/cloud/google-cloud-firestore/3.13.0/google-cloud-firestore-3.13.0.pom (43 kB at 579 kB/s)
#14 287.1 [INFO] Downloading from central: https://repo.maven.apache.org/maven2/com/google/api/grpc/proto-google-cloud-firestore-v1/3.13.0/proto-google-cloud-firestore-v1-3.13.0.pom
#14 287.2 [INFO] Downloaded from central: https://repo.maven.apache.org/maven2/com/google/api/grpc/proto-google-cloud-firestore-v1/3.13.0/proto-google-cloud-firestore-v1-3.13.0.pom (9.3 kB at 83 kB/s)
#14 287.2 [INFO] Downloading from central: https://repo.maven.apache.org/maven2/com/google/cloud/proto-google-cloud-firestore-bundle-v1/3.13.0/proto-google-cloud-firestore-bundle-v1-3.13.0.pom
#14 287.3 [INFO] Downloaded from central: https://repo.maven.apache.org/maven2/com/google/cloud/proto-google-cloud-firestore-bundle-v1/3.13.0/proto-google-cloud-firestore-bundle-v1-3.13.0.pom (10 kB at 121 kB/s)
#14 287.3 [INFO] Downloading from central: https://repo.maven.apache.org/maven2/io/opencensus/opencensus-contrib-grpc-util/0.31.1/opencensus-contrib-grpc-util-0.31.1.pom
#14 287.4 [INFO] Downloaded from central: https://repo.maven.apache.org/maven2/io/opencensus/opencensus-contrib-grpc-util/0.31.1/opencensus-contrib-grpc-util-0.31.1.pom (2.9 kB at 39 kB/s)
#14 287.4 [INFO] Downloading from central: https://repo.maven.apache.org/maven2/io/netty/netty-codec-http/4.1.94.Final/netty-codec-http-4.1.94.Final.pom
#14 287.5 [INFO] Downloaded from central: https://repo.maven.apache.org/maven2/io/netty/netty-codec-http/4.1.94.Final/netty-codec-http-4.1.94.Final.pom (4.2 kB at 54 kB/s)
#14 287.5 [INFO] Downloading from central: https://repo.maven.apache.org/maven2/io/netty/netty-parent/4.1.94.Final/netty-parent-4.1.94.Final.pom
#14 287.5 [INFO] Downloaded from central: https://repo.maven.apache.org/maven2/io/netty/netty-parent/4.1.94.Final/netty-parent-4.1.94.Final.pom (83 kB at 1.1 MB/s)
#14 287.5 [INFO] Downloading from central: https://repo.maven.apache.org/maven2/io/netty/netty-common/4.1.94.Final/netty-common-4.1.94.Final.pom
#14 287.6 [INFO] Downloaded from central: https://repo.maven.apache.org/maven2/io/netty/netty-common/4.1.94.Final/netty-common-4.1.94.Final.pom (12 kB at 164 kB/s)
#14 287.6 [INFO] Downloading from central: https://repo.maven.apache.org/maven2/io/netty/netty-buffer/4.1.94.Final/netty-buffer-4.1.94.Final.pom
#14 287.7 [INFO] Downloaded from central: https://repo.maven.apache.org/maven2/io/netty/netty-buffer/4.1.94.Final/netty-buffer-4.1.94.Final.pom (1.6 kB at 16 kB/s)
#14 287.7 [INFO] Downloading from central: https://repo.maven.apache.org/maven2/io/netty/netty-transport/4.1.94.Final/netty-transport-4.1.94.Final.pom
#14 288.0 [INFO] Downloaded from central: https://repo.maven.apache.org/maven2/io/netty/netty-transport/4.1.94.Final/netty-transport-4.1.94.Final.pom (2.2 kB at 8.2 kB/s)
#14 288.0 [INFO] Downloading from central: https://repo.maven.apache.org/maven2/io/netty/netty-resolver/4.1.94.Final/netty-resolver-4.1.94.Final.pom
#14 288.1 [INFO] Downloaded from central: https://repo.maven.apache.org/maven2/io/netty/netty-resolver/4.1.94.Final/netty-resolver-4.1.94.Final.pom (1.6 kB at 17 kB/s)
#14 288.1 [INFO] Downloading from central: https://repo.maven.apache.org/maven2/io/netty/netty-codec/4.1.94.Final/netty-codec-4.1.94.Final.pom
#14 288.2 [INFO] Downloaded from central: https://repo.maven.apache.org/maven2/io/netty/netty-codec/4.1.94.Final/netty-codec-4.1.94.Final.pom (5.3 kB at 65 kB/s)
#14 288.2 [INFO] Downloading from central: https://repo.maven.apache.org/maven2/io/netty/netty-handler/4.1.94.Final/netty-handler-4.1.94.Final.pom
#14 288.2 [INFO] Downloaded from central: https://repo.maven.apache.org/maven2/io/netty/netty-handler/4.1.94.Final/netty-handler-4.1.94.Final.pom (4.6 kB at 65 kB/s)
#14 288.2 [INFO] Downloading from central: https://repo.maven.apache.org/maven2/io/netty/netty-transport-native-unix-common/4.1.94.Final/netty-transport-native-unix-common-4.1.94.Final.pom
#14 288.3 [INFO] Downloaded from central: https://repo.maven.apache.org/maven2/io/netty/netty-transport-native-unix-common/4.1.94.Final/netty-transport-native-unix-common-4.1.94.Final.pom (29 kB at 387 kB/s)
#14 288.3 [INFO] Downloading from central: https://repo.maven.apache.org/maven2/com/google/firebase/firebase-admin/9.2.0/firebase-admin-9.2.0.jar
#14 289.0 [INFO] Downloaded from central: https://repo.maven.apache.org/maven2/com/google/firebase/firebase-admin/9.2.0/firebase-admin-9.2.0.jar (1.0 MB at 1.5 MB/s)
#14 289.0 [INFO] Downloading from central: https://repo.maven.apache.org/maven2/com/google/api-client/google-api-client/2.2.0/google-api-client-2.2.0.jar
#14 289.0 [INFO] Downloading from central: https://repo.maven.apache.org/maven2/commons-codec/commons-codec/1.15/commons-codec-1.15.jar
#14 289.0 [INFO] Downloading from central: https://repo.maven.apache.org/maven2/com/google/oauth-client/google-oauth-client/1.34.1/google-oauth-client-1.34.1.jar
#14 289.0 [INFO] Downloading from central: https://repo.maven.apache.org/maven2/com/google/http-client/google-http-client-gson/1.43.1/google-http-client-gson-1.43.1.jar
#14 289.0 [INFO] Downloading from central: https://repo.maven.apache.org/maven2/com/google/http-client/google-http-client-apache-v2/1.43.1/google-http-client-apache-v2-1.43.1.jar
#14 289.4 [INFO] Downloaded from central: https://repo.maven.apache.org/maven2/com/google/oauth-client/google-oauth-client/1.34.1/google-oauth-client-1.34.1.jar (81 kB at 204 kB/s)
#14 289.4 [INFO] Downloading from central: https://repo.maven.apache.org/maven2/org/apache/httpcomponents/httpcore/4.4.16/httpcore-4.4.16.jar
#14 289.5 [INFO] Downloaded from central: https://repo.maven.apache.org/maven2/commons-codec/commons-codec/1.15/commons-codec-1.15.jar (354 kB at 748 kB/s)
#14 289.5 [INFO] Downloading from central: https://repo.maven.apache.org/maven2/org/apache/httpcomponents/httpclient/4.5.14/httpclient-4.5.14.jar
#14 289.5 [INFO] Downloaded from central: https://repo.maven.apache.org/maven2/com/google/http-client/google-http-client-apache-v2/1.43.1/google-http-client-apache-v2-1.43.1.jar (11 kB at 20 kB/s)
#14 289.5 [INFO] Downloading from central: https://repo.maven.apache.org/maven2/com/google/api-client/google-api-client-gson/2.2.0/google-api-client-gson-2.2.0.jar
#14 289.5 [INFO] Downloaded from central: https://repo.maven.apache.org/maven2/com/google/http-client/google-http-client-gson/1.43.1/google-http-client-gson-1.43.1.jar (12 kB at 22 kB/s)
#14 289.5 [INFO] Downloading from central: https://repo.maven.apache.org/maven2/com/google/http-client/google-http-client/1.43.1/google-http-client-1.43.1.jar
#14 289.6 [INFO] Downloaded from central: https://repo.maven.apache.org/maven2/com/google/api-client/google-api-client/2.2.0/google-api-client-2.2.0.jar (300 kB at 555 kB/s)
#14 289.6 [INFO] Downloading from central: https://repo.maven.apache.org/maven2/com/google/errorprone/error_prone_annotations/2.18.0/error_prone_annotations-2.18.0.jar
#14 289.7 [INFO] Downloaded from central: https://repo.maven.apache.org/maven2/com/google/api-client/google-api-client-gson/2.2.0/google-api-client-gson-2.2.0.jar (4.8 kB at 7.5 kB/s)
#14 289.7 [INFO] Downloading from central: https://repo.maven.apache.org/maven2/com/google/j2objc/j2objc-annotations/1.3/j2objc-annotations-1.3.jar
#14 289.7 [INFO] Downloaded from central: https://repo.maven.apache.org/maven2/com/google/errorprone/error_prone_annotations/2.18.0/error_prone_annotations-2.18.0.jar (16 kB at 24 kB/s)
#14 289.7 [INFO] Downloading from central: https://repo.maven.apache.org/maven2/io/opencensus/opencensus-api/0.31.1/opencensus-api-0.31.1.jar
#14 289.9 [INFO] Downloaded from central: https://repo.maven.apache.org/maven2/com/google/j2objc/j2objc-annotations/1.3/j2objc-annotations-1.3.jar (8.8 kB at 9.6 kB/s)
#14 289.9 [INFO] Downloading from central: https://repo.maven.apache.org/maven2/io/opencensus/opencensus-contrib-http-util/0.31.1/opencensus-contrib-http-util-0.31.1.jar
#14 290.4 [INFO] Downloaded from central: https://repo.maven.apache.org/maven2/io/opencensus/opencensus-contrib-http-util/0.31.1/opencensus-contrib-http-util-0.31.1.jar (23 kB at 17 kB/s)
#14 290.4 [INFO] Downloading from central: https://repo.maven.apache.org/maven2/com/google/api/api-common/2.12.0/api-common-2.12.0.jar
#14 290.4 [INFO] Downloaded from central: https://repo.maven.apache.org/maven2/org/apache/httpcomponents/httpclient/4.5.14/httpclient-4.5.14.jar (786 kB at 549 kB/s)
#14 290.4 [INFO] Downloading from central: https://repo.maven.apache.org/maven2/com/google/auto/value/auto-value-annotations/1.10.1/auto-value-annotations-1.10.1.jar
#14 290.5 [INFO] Downloaded from central: https://repo.maven.apache.org/maven2/com/google/auto/value/auto-value-annotations/1.10.1/auto-value-annotations-1.10.1.jar (7.5 kB at 4.9 kB/s)
#14 290.5 [INFO] Downloading from central: https://repo.maven.apache.org/maven2/javax/annotation/javax.annotation-api/1.3.2/javax.annotation-api-1.3.2.jar
#14 290.6 [INFO] Downloaded from central: https://repo.maven.apache.org/maven2/com/google/api/api-common/2.12.0/api-common-2.12.0.jar (50 kB at 31 kB/s)
#14 290.6 [INFO] Downloading from central: https://repo.maven.apache.org/maven2/com/google/auth/google-auth-library-oauth2-http/1.17.0/google-auth-library-oauth2-http-1.17.0.jar
#14 290.6 [INFO] Downloaded from central: https://repo.maven.apache.org/maven2/com/google/http-client/google-http-client/1.43.1/google-http-client-1.43.1.jar (293 kB at 184 kB/s)
#14 290.6 [INFO] Downloading from central: https://repo.maven.apache.org/maven2/com/google/auth/google-auth-library-credentials/1.17.0/google-auth-library-credentials-1.17.0.jar
#14 290.6 [INFO] Downloaded from central: https://repo.maven.apache.org/maven2/javax/annotation/javax.annotation-api/1.3.2/javax.annotation-api-1.3.2.jar (27 kB at 16 kB/s)
#14 290.6 [INFO] Downloading from central: https://repo.maven.apache.org/maven2/com/google/cloud/google-cloud-storage/2.22.4/google-cloud-storage-2.22.4.jar
#14 290.7 [INFO] Downloaded from central: https://repo.maven.apache.org/maven2/org/apache/httpcomponents/httpcore/4.4.16/httpcore-4.4.16.jar (328 kB at 192 kB/s)
#14 290.7 [INFO] Downloading from central: https://repo.maven.apache.org/maven2/com/google/guava/failureaccess/1.0.1/failureaccess-1.0.1.jar
#14 290.8 [INFO] Downloaded from central: https://repo.maven.apache.org/maven2/com/google/auth/google-auth-library-credentials/1.17.0/google-auth-library-credentials-1.17.0.jar (6.0 kB at 3.4 kB/s)
#14 290.8 [INFO] Downloading from central: https://repo.maven.apache.org/maven2/com/google/http-client/google-http-client-jackson2/1.43.1/google-http-client-jackson2-1.43.1.jar
#14 290.8 [INFO] Downloaded from central: https://repo.maven.apache.org/maven2/com/google/guava/failureaccess/1.0.1/failureaccess-1.0.1.jar (4.6 kB at 2.6 kB/s)
#14 290.8 [INFO] Downloading from central: https://repo.maven.apache.org/maven2/com/google/apis/google-api-services-storage/v1-rev20230301-2.0.0/google-api-services-storage-v1-rev20230301-2.0.0.jar
#14 291.3 [INFO] Downloaded from central: https://repo.maven.apache.org/maven2/com/google/apis/google-api-services-storage/v1-rev20230301-2.0.0/google-api-services-storage-v1-rev20230301-2.0.0.jar (173 kB at 75 kB/s)
#14 291.3 [INFO] Downloading from central: https://repo.maven.apache.org/maven2/com/google/code/gson/gson/2.10.1/gson-2.10.1.jar
#14 291.3 [INFO] Downloaded from central: https://repo.maven.apache.org/maven2/com/google/cloud/google-cloud-storage/2.22.4/google-cloud-storage-2.22.4.jar (714 kB at 310 kB/s)
#14 291.3 [INFO] Downloading from central: https://repo.maven.apache.org/maven2/com/google/cloud/google-cloud-core/2.19.0/google-cloud-core-2.19.0.jar
#14 291.6 [INFO] Downloaded from central: https://repo.maven.apache.org/maven2/com/google/cloud/google-cloud-core/2.19.0/google-cloud-core-2.19.0.jar (133 kB at 51 kB/s)
#14 291.6 [INFO] Downloading from central: https://repo.maven.apache.org/maven2/com/google/cloud/google-cloud-core-http/2.19.0/google-cloud-core-http-2.19.0.jar
#14 291.6 [INFO] Downloaded from central: https://repo.maven.apache.org/maven2/com/google/auth/google-auth-library-oauth2-http/1.17.0/google-auth-library-oauth2-http-1.17.0.jar (247 kB at 94 kB/s)
#14 291.6 [INFO] Downloading from central: https://repo.maven.apache.org/maven2/com/google/http-client/google-http-client-appengine/1.43.1/google-http-client-appengine-1.43.1.jar
#14 291.7 [INFO] Downloaded from central: https://repo.maven.apache.org/maven2/com/google/cloud/google-cloud-core-http/2.19.0/google-cloud-core-http-2.19.0.jar (15 kB at 5.5 kB/s)
#14 291.7 [INFO] Downloading from central: https://repo.maven.apache.org/maven2/com/google/api/gax-httpjson/0.114.0/gax-httpjson-0.114.0.jar
#14 291.7 [INFO] Downloaded from central: https://repo.maven.apache.org/maven2/com/google/http-client/google-http-client-appengine/1.43.1/google-http-client-appengine-1.43.1.jar (19 kB at 6.8 kB/s)
#14 291.7 [INFO] Downloading from central: https://repo.maven.apache.org/maven2/com/google/cloud/google-cloud-core-grpc/2.19.0/google-cloud-core-grpc-2.19.0.jar
#14 291.9 [INFO] Downloaded from central: https://repo.maven.apache.org/maven2/com/google/http-client/google-http-client-jackson2/1.43.1/google-http-client-jackson2-1.43.1.jar (8.7 kB at 3.0 kB/s)
#14 291.9 [INFO] Downloading from central: https://repo.maven.apache.org/maven2/com/google/api/gax/2.29.0/gax-2.29.0.jar
#14 292.0 [INFO] Downloaded from central: https://repo.maven.apache.org/maven2/com/google/api/gax-httpjson/0.114.0/gax-httpjson-0.114.0.jar (160 kB at 54 kB/s)
#14 292.0 [INFO] Downloading from central: https://repo.maven.apache.org/maven2/com/google/api/gax-grpc/2.29.0/gax-grpc-2.29.0.jar
#14 292.0 [INFO] Downloaded from central: https://repo.maven.apache.org/maven2/com/google/code/gson/gson/2.10.1/gson-2.10.1.jar (283 kB at 94 kB/s)
#14 292.0 [INFO] Downloading from central: https://repo.maven.apache.org/maven2/io/grpc/grpc-alts/1.55.1/grpc-alts-1.55.1.jar
#14 292.2 [INFO] Downloaded from central: https://repo.maven.apache.org/maven2/com/google/api/gax-grpc/2.29.0/gax-grpc-2.29.0.jar (145 kB at 45 kB/s)
#14 292.2 [INFO] Downloading from central: https://repo.maven.apache.org/maven2/io/grpc/grpc-grpclb/1.55.1/grpc-grpclb-1.55.1.jar
#14 292.7 [INFO] Downloaded from central: https://repo.maven.apache.org/maven2/com/google/cloud/google-cloud-core-grpc/2.19.0/google-cloud-core-grpc-2.19.0.jar (17 kB at 4.5 kB/s)
#14 292.7 [INFO] Downloading from central: https://repo.maven.apache.org/maven2/org/conscrypt/conscrypt-openjdk-uber/2.5.2/conscrypt-openjdk-uber-2.5.2.jar
#14 292.7 [INFO] Downloaded from central: https://repo.maven.apache.org/maven2/io/grpc/grpc-grpclb/1.55.1/grpc-grpclb-1.55.1.jar (171 kB at 46 kB/s)
#14 292.7 [INFO] Downloading from central: https://repo.maven.apache.org/maven2/io/grpc/grpc-auth/1.55.1/grpc-auth-1.55.1.jar
#14 292.8 [INFO] Downloaded from central: https://repo.maven.apache.org/maven2/io/grpc/grpc-alts/1.55.1/grpc-alts-1.55.1.jar (309 kB at 83 kB/s)
#14 292.8 [INFO] Downloading from central: https://repo.maven.apache.org/maven2/io/grpc/grpc-protobuf/1.55.1/grpc-protobuf-1.55.1.jar
#14 292.8 [INFO] Downloaded from central: https://repo.maven.apache.org/maven2/io/opencensus/opencensus-api/0.31.1/opencensus-api-0.31.1.jar (355 kB at 95 kB/s)
#14 292.8 [INFO] Downloading from central: https://repo.maven.apache.org/maven2/io/grpc/grpc-protobuf-lite/1.55.1/grpc-protobuf-lite-1.55.1.jar
#14 292.8 [INFO] Downloaded from central: https://repo.maven.apache.org/maven2/com/google/api/gax/2.29.0/gax-2.29.0.jar (377 kB at 100 kB/s)
#14 292.8 [INFO] Downloading from central: https://repo.maven.apache.org/maven2/io/grpc/grpc-context/1.55.1/grpc-context-1.55.1.jar
#14 292.9 [INFO] Downloaded from central: https://repo.maven.apache.org/maven2/io/grpc/grpc-auth/1.55.1/grpc-auth-1.55.1.jar (15 kB at 3.8 kB/s)
#14 292.9 [INFO] Downloading from central: https://repo.maven.apache.org/maven2/com/google/api/grpc/proto-google-iam-v1/1.15.0/proto-google-iam-v1-1.15.0.jar
#14 292.9 [INFO] Downloaded from central: https://repo.maven.apache.org/maven2/io/grpc/grpc-protobuf/1.55.1/grpc-protobuf-1.55.1.jar (5.1 kB at 1.3 kB/s)
#14 292.9 [INFO] Downloading from central: https://repo.maven.apache.org/maven2/com/google/protobuf/protobuf-java/3.23.2/protobuf-java-3.23.2.jar
#14 292.9 [INFO] Downloaded from central: https://repo.maven.apache.org/maven2/io/grpc/grpc-protobuf-lite/1.55.1/grpc-protobuf-lite-1.55.1.jar (7.6 kB at 1.9 kB/s)
#14 292.9 [INFO] Downloading from central: https://repo.maven.apache.org/maven2/com/google/protobuf/protobuf-java-util/3.23.2/protobuf-java-util-3.23.2.jar
#14 293.3 [INFO] Downloaded from central: https://repo.maven.apache.org/maven2/com/google/api/grpc/proto-google-iam-v1/1.15.0/proto-google-iam-v1-1.15.0.jar (172 kB at 40 kB/s)
#14 293.3 [INFO] Downloading from central: https://repo.maven.apache.org/maven2/com/google/api/grpc/proto-google-common-protos/2.20.0/proto-google-common-protos-2.20.0.jar
#14 293.3 [INFO] Downloaded from central: https://repo.maven.apache.org/maven2/com/google/protobuf/protobuf-java-util/3.23.2/protobuf-java-util-3.23.2.jar (73 kB at 17 kB/s)
#14 293.3 [INFO] Downloading from central: https://repo.maven.apache.org/maven2/org/threeten/threetenbp/1.6.8/threetenbp-1.6.8.jar
#14 293.6 [INFO] Downloaded from central: https://repo.maven.apache.org/maven2/io/grpc/grpc-context/1.55.1/grpc-context-1.55.1.jar (31 kB at 6.7 kB/s)
#14 293.6 [INFO] Downloading from central: https://repo.maven.apache.org/maven2/com/google/api/grpc/proto-google-cloud-storage-v2/2.22.4-alpha/proto-google-cloud-storage-v2-2.22.4-alpha.jar
#14 296.7 [INFO] Downloaded from central: https://repo.maven.apache.org/maven2/org/threeten/threetenbp/1.6.8/threetenbp-1.6.8.jar (514 kB at 67 kB/s)
#14 296.7 [INFO] Downloaded from central: https://repo.maven.apache.org/maven2/com/google/api/grpc/proto-google-cloud-storage-v2/2.22.4-alpha/proto-google-cloud-storage-v2-2.22.4-alpha.jar (929 kB at 121 kB/s)
#14 296.7 [INFO] Downloading from central: https://repo.maven.apache.org/maven2/com/google/api/grpc/grpc-google-cloud-storage-v2/2.22.4-alpha/grpc-google-cloud-storage-v2-2.22.4-alpha.jar
#14 296.7 [INFO] Downloading from central: https://repo.maven.apache.org/maven2/com/google/api/grpc/gapic-google-cloud-storage-v2/2.22.4-alpha/gapic-google-cloud-storage-v2-2.22.4-alpha.jar
#14 296.7 [INFO] Downloaded from central: https://repo.maven.apache.org/maven2/com/google/protobuf/protobuf-java/3.23.2/protobuf-java-3.23.2.jar (1.7 MB at 227 kB/s)
#14 296.7 [INFO] Downloading from central: https://repo.maven.apache.org/maven2/io/grpc/grpc-api/1.55.1/grpc-api-1.55.1.jar
#14 296.9 [INFO] Downloaded from central: https://repo.maven.apache.org/maven2/com/google/api/grpc/grpc-google-cloud-storage-v2/2.22.4-alpha/grpc-google-cloud-storage-v2-2.22.4-alpha.jar (31 kB at 3.9 kB/s)
#14 296.9 [INFO] Downloading from central: https://repo.maven.apache.org/maven2/io/grpc/grpc-netty-shaded/1.55.1/grpc-netty-shaded-1.55.1.jar
#14 297.0 [INFO] Downloaded from central: https://repo.maven.apache.org/maven2/com/google/api/grpc/gapic-google-cloud-storage-v2/2.22.4-alpha/gapic-google-cloud-storage-v2-2.22.4-alpha.jar (69 kB at 8.6 kB/s)
#14 297.0 [INFO] Downloading from central: https://repo.maven.apache.org/maven2/io/perfmark/perfmark-api/0.26.0/perfmark-api-0.26.0.jar
#14 297.1 [INFO] Downloaded from central: https://repo.maven.apache.org/maven2/io/perfmark/perfmark-api/0.26.0/perfmark-api-0.26.0.jar (6.8 kB at 842 B/s)
#14 297.1 [INFO] Downloading from central: https://repo.maven.apache.org/maven2/io/grpc/grpc-core/1.55.1/grpc-core-1.55.1.jar
#14 297.2 [INFO] Downloaded from central: https://repo.maven.apache.org/maven2/io/grpc/grpc-api/1.55.1/grpc-api-1.55.1.jar (263 kB at 32 kB/s)
#14 297.2 [INFO] Downloading from central: https://repo.maven.apache.org/maven2/com/google/android/annotations/4.1.1.4/annotations-4.1.1.4.jar
#14 297.2 [INFO] Downloaded from central: https://repo.maven.apache.org/maven2/com/google/android/annotations/4.1.1.4/annotations-4.1.1.4.jar (3.1 kB at 379 B/s)
#14 297.2 [INFO] Downloading from central: https://repo.maven.apache.org/maven2/org/codehaus/mojo/animal-sniffer-annotations/1.23/animal-sniffer-annotations-1.23.jar
#14 297.3 [INFO] Downloaded from central: https://repo.maven.apache.org/maven2/org/codehaus/mojo/animal-sniffer-annotations/1.23/animal-sniffer-annotations-1.23.jar (3.1 kB at 375 B/s)
#14 297.3 [INFO] Downloading from central: https://repo.maven.apache.org/maven2/io/grpc/grpc-stub/1.55.1/grpc-stub-1.55.1.jar
#14 297.4 [INFO] Downloaded from central: https://repo.maven.apache.org/maven2/io/grpc/grpc-stub/1.55.1/grpc-stub-1.55.1.jar (51 kB at 6.0 kB/s)
#14 297.4 [INFO] Downloading from central: https://repo.maven.apache.org/maven2/io/grpc/grpc-googleapis/1.55.1/grpc-googleapis-1.55.1.jar
#14 297.5 [INFO] Downloaded from central: https://repo.maven.apache.org/maven2/io/grpc/grpc-googleapis/1.55.1/grpc-googleapis-1.55.1.jar (15 kB at 1.7 kB/s)
#14 297.5 [INFO] Downloading from central: https://repo.maven.apache.org/maven2/org/checkerframework/checker-qual/3.32.0/checker-qual-3.32.0.jar
#14 298.1 [INFO] Downloaded from central: https://repo.maven.apache.org/maven2/org/checkerframework/checker-qual/3.32.0/checker-qual-3.32.0.jar (224 kB at 25 kB/s)
#14 298.1 [INFO] Downloading from central: https://repo.maven.apache.org/maven2/io/grpc/grpc-xds/1.55.1/grpc-xds-1.55.1.jar
#14 298.8 [INFO] Downloaded from central: https://repo.maven.apache.org/maven2/com/google/api/grpc/proto-google-common-protos/2.20.0/proto-google-common-protos-2.20.0.jar (2.0 MB at 204 kB/s)
#14 298.8 [INFO] Downloading from central: https://repo.maven.apache.org/maven2/io/opencensus/opencensus-proto/0.2.0/opencensus-proto-0.2.0.jar
#14 298.8 [INFO] Downloaded from central: https://repo.maven.apache.org/maven2/io/grpc/grpc-core/1.55.1/grpc-core-1.55.1.jar (742 kB at 76 kB/s)
#14 298.8 [INFO] Downloading from central: https://repo.maven.apache.org/maven2/io/grpc/grpc-services/1.55.1/grpc-services-1.55.1.jar
#14 301.1 [INFO] Downloaded from central: https://repo.maven.apache.org/maven2/io/opencensus/opencensus-proto/0.2.0/opencensus-proto-0.2.0.jar (750 kB at 62 kB/s)
#14 301.1 [INFO] Downloading from central: https://repo.maven.apache.org/maven2/com/google/re2j/re2j/1.6/re2j-1.6.jar
#14 301.1 [INFO] Downloaded from central: https://repo.maven.apache.org/maven2/io/grpc/grpc-services/1.55.1/grpc-services-1.55.1.jar (790 kB at 65 kB/s)
#14 301.1 [INFO] Downloading from central: https://repo.maven.apache.org/maven2/io/grpc/grpc-rls/1.55.1/grpc-rls-1.55.1.jar
#14 301.5 [INFO] Downloaded from central: https://repo.maven.apache.org/maven2/com/google/re2j/re2j/1.6/re2j-1.6.jar (113 kB at 9.1 kB/s)
#14 301.5 [INFO] Downloading from central: https://repo.maven.apache.org/maven2/com/google/cloud/google-cloud-firestore/3.13.0/google-cloud-firestore-3.13.0.jar
#14 302.0 [INFO] Downloaded from central: https://repo.maven.apache.org/maven2/io/grpc/grpc-rls/1.55.1/grpc-rls-1.55.1.jar (251 kB at 19 kB/s)
#14 302.0 [INFO] Downloading from central: https://repo.maven.apache.org/maven2/com/google/api/grpc/proto-google-cloud-firestore-v1/3.13.0/proto-google-cloud-firestore-v1-3.13.0.jar
#14 302.9 [INFO] Downloaded from central: https://repo.maven.apache.org/maven2/com/google/cloud/google-cloud-firestore/3.13.0/google-cloud-firestore-3.13.0.jar (367 kB at 27 kB/s)
#14 302.9 [INFO] Downloading from central: https://repo.maven.apache.org/maven2/com/google/cloud/proto-google-cloud-firestore-bundle-v1/3.13.0/proto-google-cloud-firestore-bundle-v1-3.13.0.jar
#14 303.4 [INFO] Downloaded from central: https://repo.maven.apache.org/maven2/com/google/cloud/proto-google-cloud-firestore-bundle-v1/3.13.0/proto-google-cloud-firestore-bundle-v1-3.13.0.jar (76 kB at 5.3 kB/s)
#14 303.4 [INFO] Downloading from central: https://repo.maven.apache.org/maven2/io/opencensus/opencensus-contrib-grpc-util/0.31.1/opencensus-contrib-grpc-util-0.31.1.jar
#14 303.6 [INFO] Downloaded from central: https://repo.maven.apache.org/maven2/io/opencensus/opencensus-contrib-grpc-util/0.31.1/opencensus-contrib-grpc-util-0.31.1.jar (4.3 kB at 292 B/s)
#14 303.6 [INFO] Downloading from central: https://repo.maven.apache.org/maven2/com/google/guava/guava/31.1-jre/guava-31.1-jre.jar
#14 305.0 [INFO] Downloaded from central: https://repo.maven.apache.org/maven2/com/google/api/grpc/proto-google-cloud-firestore-v1/3.13.0/proto-google-cloud-firestore-v1-3.13.0.jar (934 kB at 58 kB/s)
#14 305.0 [INFO] Downloading from central: https://repo.maven.apache.org/maven2/io/netty/netty-codec-http/4.1.94.Final/netty-codec-http-4.1.94.Final.jar
#14 307.6 [INFO] Downloaded from central: https://repo.maven.apache.org/maven2/io/netty/netty-codec-http/4.1.94.Final/netty-codec-http-4.1.94.Final.jar (657 kB at 35 kB/s)
#14 307.6 [INFO] Downloading from central: https://repo.maven.apache.org/maven2/io/netty/netty-common/4.1.94.Final/netty-common-4.1.94.Final.jar
#14 309.1 [INFO] Downloaded from central: https://repo.maven.apache.org/maven2/org/conscrypt/conscrypt-openjdk-uber/2.5.2/conscrypt-openjdk-uber-2.5.2.jar (4.5 MB at 226 kB/s)
#14 309.1 [INFO] Downloading from central: https://repo.maven.apache.org/maven2/io/netty/netty-buffer/4.1.94.Final/netty-buffer-4.1.94.Final.jar
#14 310.1 [INFO] Downloaded from central: https://repo.maven.apache.org/maven2/io/netty/netty-common/4.1.94.Final/netty-common-4.1.94.Final.jar (659 kB at 31 kB/s)
#14 310.1 [INFO] Downloading from central: https://repo.maven.apache.org/maven2/io/netty/netty-codec/4.1.94.Final/netty-codec-4.1.94.Final.jar
#14 310.6 [INFO] Downloaded from central: https://repo.maven.apache.org/maven2/io/netty/netty-buffer/4.1.94.Final/netty-buffer-4.1.94.Final.jar (307 kB at 14 kB/s)
#14 310.6 [INFO] Downloading from central: https://repo.maven.apache.org/maven2/io/netty/netty-handler/4.1.94.Final/netty-handler-4.1.94.Final.jar
#14 314.2 [INFO] Downloaded from central: https://repo.maven.apache.org/maven2/io/netty/netty-codec/4.1.94.Final/netty-codec-4.1.94.Final.jar (345 kB at 14 kB/s)
#14 314.2 [INFO] Downloading from central: https://repo.maven.apache.org/maven2/io/netty/netty-resolver/4.1.94.Final/netty-resolver-4.1.94.Final.jar
#14 314.7 [INFO] Downloaded from central: https://repo.maven.apache.org/maven2/io/netty/netty-resolver/4.1.94.Final/netty-resolver-4.1.94.Final.jar (38 kB at 1.5 kB/s)
#14 314.7 [INFO] Downloading from central: https://repo.maven.apache.org/maven2/io/netty/netty-transport-native-unix-common/4.1.94.Final/netty-transport-native-unix-common-4.1.94.Final.jar
#14 315.0 [INFO] Downloaded from central: https://repo.maven.apache.org/maven2/io/netty/netty-transport-native-unix-common/4.1.94.Final/netty-transport-native-unix-common-4.1.94.Final.jar (44 kB at 1.7 kB/s)
#14 315.0 [INFO] Downloading from central: https://repo.maven.apache.org/maven2/io/netty/netty-transport/4.1.94.Final/netty-transport-4.1.94.Final.jar
#14 315.4 [INFO] Downloaded from central: https://repo.maven.apache.org/maven2/io/netty/netty-handler/4.1.94.Final/netty-handler-4.1.94.Final.jar (555 kB at 21 kB/s)
#14 316.7 [INFO] Downloaded from central: https://repo.maven.apache.org/maven2/io/netty/netty-transport/4.1.94.Final/netty-transport-4.1.94.Final.jar (489 kB at 18 kB/s)
#14 317.5 [INFO] Downloaded from central: https://repo.maven.apache.org/maven2/com/google/guava/guava/31.1-jre/guava-31.1-jre.jar (3.0 MB at 104 kB/s)
#14 319.8 [INFO] Downloaded from central: https://repo.maven.apache.org/maven2/io/grpc/grpc-xds/1.55.1/grpc-xds-1.55.1.jar (12 MB at 387 kB/s)
#14 321.6 [INFO] Downloaded from central: https://repo.maven.apache.org/maven2/io/grpc/grpc-netty-shaded/1.55.1/grpc-netty-shaded-1.55.1.jar (9.4 MB at 288 kB/s)
#14 321.6 [INFO] Resolved plugin: jetty-servlet-9.4.46.v20220331.jar
#14 321.6 [INFO] Resolved plugin: maven-compiler-plugin-3.11.0.jar
#14 321.6 [INFO] Resolved plugin: doxia-module-twiki-1.11.1.jar
#14 321.6 [INFO] Resolved plugin: jdependency-2.8.0.jar
#14 321.6 [INFO] Resolved plugin: maven-deploy-plugin-3.1.1.jar
#14 321.6 [INFO] Resolved plugin: velocity-tools-2.0.jar
#14 321.6 [INFO] Resolved plugin: flexmark-ext-gfm-tasklist-0.42.14.jar
#14 321.6 [INFO] Resolved plugin: flexmark-ext-admonition-0.42.14.jar
#14 321.6 [INFO] Resolved plugin: jna-5.13.0.jar
#14 321.6 [INFO] Resolved plugin: maven-core-3.2.5.jar
#14 321.6 [INFO] Resolved plugin: flexmark-ext-footnotes-0.42.14.jar
#14 321.6 [INFO] Resolved plugin: flexmark-ext-gfm-strikethrough-0.42.14.jar
#14 321.6 [INFO] Resolved plugin: flexmark-ext-media-tags-0.42.14.jar
#14 321.6 [INFO] Resolved plugin: doxia-module-xhtml-1.11.1.jar
#14 321.6 [INFO] Resolved plugin: flexmark-util-0.42.14.jar
#14 321.6 [INFO] Resolved plugin: flexmark-ext-anchorlink-0.42.14.jar
#14 321.6 [INFO] Resolved plugin: aether-api-1.0.0.v20140518.jar
#14 321.6 [INFO] Resolved plugin: autolink-0.6.0.jar
#14 321.6 [INFO] Resolved plugin: maven-filtering-3.3.1.jar
#14 321.6 [INFO] Resolved plugin: maven-clean-plugin-3.3.2.jar
#14 321.6 [INFO] Resolved plugin: doxia-skin-model-1.11.1.jar
#14 321.6 [INFO] Resolved plugin: dom4j-1.1.jar
#14 321.6 [INFO] Resolved plugin: flexmark-youtrack-converter-0.42.14.jar
#14 321.6 [INFO] Resolved plugin: maven-jar-plugin-3.3.0.jar
#14 321.6 [INFO] Resolved plugin: tomlj-1.0.0.jar
#14 321.6 [INFO] Resolved plugin: httpclient-4.5.13.jar
#14 321.6 [INFO] Resolved plugin: flexmark-ext-toc-0.42.14.jar
#14 321.6 [INFO] Resolved plugin: qdox-2.0.3.jar
#14 321.6 [INFO] Resolved plugin: plexus-compiler-manager-2.13.0.jar
#14 321.6 [INFO] Resolved plugin: jetty-http-9.4.46.v20220331.jar
#14 321.6 [INFO] Resolved plugin: flexmark-jira-converter-0.42.14.jar
#14 321.6 [INFO] Resolved plugin: maven-reporting-api-3.1.1.jar
#14 321.6 [INFO] Resolved plugin: maven-plugin-api-3.2.5.jar
#14 321.6 [INFO] Resolved plugin: sisu-guice-3.2.3-no_aop.jar
#14 321.6 [INFO] Resolved plugin: flexmark-ext-attributes-0.42.14.jar
#14 321.6 [INFO] Resolved plugin: commons-lang3-3.8.1.jar
#14 321.6 [INFO] Resolved plugin: maven-aether-provider-3.2.5.jar
#14 321.6 [INFO] Resolved plugin: aether-util-1.0.0.v20140518.jar
#14 321.6 [INFO] Resolved plugin: jetty-security-9.4.46.v20220331.jar
#14 321.6 [INFO] Resolved plugin: maven-archiver-3.6.0.jar
#14 321.6 [INFO] Resolved plugin: commons-io-2.12.0.jar
#14 321.6 [INFO] Resolved plugin: plexus-compiler-api-2.13.0.jar
#14 321.6 [INFO] Resolved plugin: org.eclipse.sisu.plexus-0.3.5.jar
#14 321.6 [INFO] Resolved plugin: spring-boot-loader-tools-3.2.5.jar
#14 321.6 [INFO] Resolved plugin: micrometer-commons-1.12.5.jar
#14 321.6 [INFO] Resolved plugin: doxia-core-1.11.1.jar
#14 321.6 [INFO] Resolved plugin: flexmark-ext-ins-0.42.14.jar
#14 321.6 [INFO] Resolved plugin: surefire-shared-utils-3.1.2.jar
#14 321.6 [INFO] Resolved plugin: maven-install-plugin-3.1.1.jar
#14 321.6 [INFO] Resolved plugin: google-collections-1.0.jar
#14 321.6 [INFO] Resolved plugin: plexus-java-1.1.2.jar
#14 321.6 [INFO] Resolved plugin: flexmark-ext-emoji-0.42.14.jar
#14 321.6 [INFO] Resolved plugin: doxia-integration-tools-1.11.1.jar
#14 321.6 [INFO] Resolved plugin: httpcore5-5.2.4.jar
#14 321.6 [INFO] Resolved plugin: plexus-component-annotations-1.5.5.jar
#14 321.6 [INFO] Resolved plugin: maven-repository-metadata-3.2.5.jar
#14 321.6 [INFO] Resolved plugin: surefire-api-3.1.2.jar
#14 321.6 [INFO] Resolved plugin: flexmark-ext-jekyll-front-matter-0.42.14.jar
#14 321.6 [INFO] Resolved plugin: doxia-decoration-model-1.11.1.jar
#14 321.6 [INFO] Resolved plugin: flexmark-all-0.42.14.jar
#14 321.6 [INFO] Resolved plugin: plexus-utils-3.5.0.jar
#14 321.6 [INFO] Resolved plugin: maven-shared-incremental-1.1.jar
#14 321.6 [INFO] Resolved plugin: file-management-3.1.0.jar
#14 321.6 [INFO] Resolved plugin: plexus-archiver-4.4.0.jar
#14 321.6 [INFO] Resolved plugin: jetty-webapp-9.4.46.v20220331.jar
#14 321.6 [INFO] Resolved plugin: plexus-io-3.2.0.jar
#14 321.6 [INFO] Resolved plugin: xbean-reflect-3.7.jar
#14 321.6 [INFO] Resolved plugin: maven-reporting-exec-1.6.0.jar
#14 321.6 [INFO] Resolved plugin: doxia-sink-api-1.11.1.jar
#14 321.6 [INFO] Resolved plugin: jetty-xml-9.4.46.v20220331.jar
#14 321.6 [INFO] Resolved plugin: plexus-velocity-1.2.jar
#14 321.6 [INFO] Resolved plugin: plexus-container-default-2.1.0.jar
#14 321.6 [INFO] Resolved plugin: commons-codec-1.11.jar
#14 321.6 [INFO] Resolved plugin: snappy-0.4.jar
#14 321.6 [INFO] Resolved plugin: surefire-logger-api-3.1.2.jar
#14 321.6 [INFO] Resolved plugin: maven-surefire-plugin-3.1.2.jar
#14 321.6 [INFO] Resolved plugin: jsr305-3.0.2.jar
#14 321.6 [INFO] Resolved plugin: plexus-compiler-javac-2.13.0.jar
#14 321.6 [INFO] Resolved plugin: plexus-build-api-0.0.7.jar
#14 321.6 [INFO] Resolved plugin: commons-compress-1.21.jar
#14 321.6 [INFO] Resolved plugin: doxia-module-fml-1.11.1.jar
#14 321.6 [INFO] Resolved plugin: asm-9.5.jar
#14 321.6 [INFO] Resolved plugin: maven-dependency-tree-3.2.1.jar
#14 321.6 [INFO] Resolved plugin: commons-digester-1.8.jar
#14 321.6 [INFO] Resolved plugin: jetty-server-9.4.46.v20220331.jar
#14 321.6 [INFO] Resolved plugin: flexmark-ext-abbreviation-0.42.14.jar
#14 321.6 [INFO] Resolved plugin: maven-archiver-3.5.2.jar
#14 321.6 [INFO] Resolved plugin: httpcore5-h2-5.2.4.jar
#14 321.6 [INFO] Resolved plugin: flexmark-ext-definition-0.42.14.jar
#14 321.6 [INFO] Resolved plugin: doxia-logging-api-1.11.1.jar
#14 321.6 [INFO] Resolved plugin: flexmark-ext-yaml-front-matter-0.42.14.jar
#14 321.6 [INFO] Resolved plugin: spring-boot-maven-plugin-3.2.5.jar
#14 321.6 [INFO] Resolved plugin: maven-site-plugin-3.12.1.jar
#14 321.6 [INFO] Resolved plugin: maven-shade-plugin-3.5.0.jar
#14 321.6 [INFO] Resolved plugin: flexmark-ext-superscript-0.42.14.jar
#14 321.6 [INFO] Resolved plugin: commons-collections-3.2.2.jar
#14 321.6 [INFO] Resolved plugin: surefire-extensions-spi-3.1.2.jar
#14 321.6 [INFO] Resolved plugin: doxia-module-markdown-1.11.1.jar
#14 321.6 [INFO] Resolved plugin: flexmark-ext-xwiki-macros-0.42.14.jar
#14 321.6 [INFO] Resolved plugin: spring-context-6.1.6.jar
#14 321.6 [INFO] Resolved plugin: plexus-io-3.4.0.jar
#14 321.6 [INFO] Resolved plugin: commons-compress-1.20.jar
#14 321.6 [INFO] Resolved plugin: asm-9.4.jar
#14 321.6 [INFO] Resolved plugin: velocity-1.7.jar
#14 321.6 [INFO] Resolved plugin: maven-resources-plugin-3.3.1.jar
#14 321.6 [INFO] Resolved plugin: plexus-utils-3.5.1.jar
#14 321.6 [INFO] Resolved plugin: httpclient5-5.2.3.jar
#14 321.6 [INFO] Resolved plugin: aopalliance-1.0.jar
#14 321.6 [INFO] Resolved plugin: aether-spi-1.0.0.v20140518.jar
#14 321.6 [INFO] Resolved plugin: plexus-interpolation-1.26.jar
#14 321.6 [INFO] Resolved plugin: maven-settings-builder-3.2.5.jar
#14 321.6 [INFO] Resolved plugin: httpcore-4.4.14.jar
#14 321.6 [INFO] Resolved plugin: surefire-booter-3.1.2.jar
#14 321.6 [INFO] Resolved plugin: commons-lang3-3.12.0.jar
#14 321.6 [INFO] Resolved plugin: maven-artifact-3.2.5.jar
#14 321.6 [INFO] Resolved plugin: flexmark-ext-enumerated-reference-0.42.14.jar
#14 321.6 [INFO] Resolved plugin: plexus-component-annotations-2.1.1.jar
#14 321.6 [INFO] Resolved plugin: maven-surefire-common-3.1.2.jar
#14 321.6 [INFO] Resolved plugin: spring-beans-6.1.6.jar
#14 321.6 [INFO] Resolved plugin: commons-logging-1.2.jar
#14 321.6 [INFO] Resolved plugin: flexmark-ext-escaped-character-0.42.14.jar
#14 321.6 [INFO] Resolved plugin: jackson-annotations-2.14.2.jar
#14 321.6 [INFO] Resolved plugin: plexus-cipher-1.4.jar
#14 321.6 [INFO] Resolved plugin: flexmark-0.42.14.jar
#14 321.6 [INFO] Resolved plugin: plexus-utils-3.4.2.jar
#14 321.6 [INFO] Resolved plugin: flexmark-ext-aside-0.42.14.jar
#14 321.6 [INFO] Resolved plugin: flexmark-ext-wikilink-0.42.14.jar
#14 321.6 [INFO] Resolved plugin: spring-jcl-6.1.6.jar
#14 321.6 [INFO] Resolved plugin: org.eclipse.sisu.inject-0.3.5.jar
#14 321.6 [INFO] Resolved plugin: flexmark-ext-gfm-tables-0.42.14.jar
#14 321.6 [INFO] Resolved plugin: antlr4-runtime-4.7.2.jar
#14 321.6 [INFO] Resolved plugin: spring-aop-6.1.6.jar
#14 321.6 [INFO] Resolved plugin: commons-io-2.11.0.jar
#14 321.6 [INFO] Resolved plugin: jetty-io-9.4.46.v20220331.jar
#14 321.6 [INFO] Resolved plugin: cdi-api-1.2.jar
#14 321.6 [INFO] Resolved plugin: commons-chain-1.1.jar
#14 321.6 [INFO] Resolved plugin: plexus-utils-1.5.8.jar
#14 321.6 [INFO] Resolved plugin: spring-expression-6.1.6.jar
#14 321.6 [INFO] Resolved plugin: flexmark-html-parser-0.42.14.jar
#14 321.6 [INFO] Resolved plugin: javax.inject-1.jar
#14 321.6 [INFO] Resolved plugin: asm-tree-9.5.jar
#14 321.6 [INFO] Resolved plugin: maven-shared-utils-3.3.4.jar
#14 321.6 [INFO] Resolved plugin: javax.servlet-api-3.1.0.jar
#14 321.6 [INFO] Resolved plugin: jetty-util-ajax-9.4.46.v20220331.jar
#14 321.6 [INFO] Resolved plugin: commons-io-2.13.0.jar
#14 321.6 [INFO] Resolved plugin: maven-settings-3.2.5.jar
#14 321.6 [INFO] Resolved plugin: jna-platform-5.13.0.jar
#14 321.6 [INFO] Resolved plugin: jackson-core-2.14.2.jar
#14 321.6 [INFO] Resolved plugin: jsoup-1.10.2.jar
#14 321.6 [INFO] Resolved plugin: oro-2.0.8.jar
#14 321.6 [INFO] Resolved plugin: maven-common-artifact-filters-3.3.2.jar
#14 321.6 [INFO] Resolved plugin: xz-1.9.jar
#14 321.6 [INFO] Resolved plugin: aether-impl-1.0.0.v20140518.jar
#14 321.6 [INFO] Resolved plugin: commons-text-1.3.jar
#14 321.6 [INFO] Resolved plugin: plexus-utils-4.0.0.jar
#14 321.6 [INFO] Resolved plugin: commons-lang-2.4.jar
#14 321.6 [INFO] Resolved plugin: slf4j-api-1.7.36.jar
#14 321.6 [INFO] Resolved plugin: doxia-module-apt-1.11.1.jar
#14 321.6 [INFO] Resolved plugin: flexmark-ext-gfm-issues-0.42.14.jar
#14 321.6 [INFO] Resolved plugin: jetty-util-9.4.46.v20220331.jar
#14 321.6 [INFO] Resolved plugin: maven-model-builder-3.2.5.jar
#14 321.6 [INFO] Resolved plugin: plexus-archiver-4.2.7.jar
#14 321.6 [INFO] Resolved plugin: jackson-databind-2.14.2.jar
#14 321.6 [INFO] Resolved plugin: commons-io-2.6.jar
#14 321.6 [INFO] Resolved plugin: flexmark-ext-youtube-embedded-0.42.14.jar
#14 321.6 [INFO] Resolved plugin: flexmark-formatter-0.42.14.jar
#14 321.6 [INFO] Resolved plugin: maven-model-3.2.5.jar
#14 321.6 [INFO] Resolved plugin: surefire-extensions-api-3.1.2.jar
#14 321.6 [INFO] Resolved plugin: jdom2-2.0.6.1.jar
#14 321.6 [INFO] Resolved plugin: flexmark-profile-pegdown-0.42.14.jar
#14 321.6 [INFO] Resolved plugin: doxia-module-docbook-simple-1.11.1.jar
#14 321.6 [INFO] Resolved plugin: guava-16.0.1.jar
#14 321.6 [INFO] Resolved plugin: plexus-interpolation-1.21.jar
#14 321.6 [INFO] Resolved plugin: flexmark-ext-typographic-0.42.14.jar
#14 321.6 [INFO] Resolved plugin: flexmark-ext-autolink-0.42.14.jar
#14 321.6 [INFO] Resolved plugin: micrometer-observation-1.12.5.jar
#14 321.6 [INFO] Resolved plugin: flexmark-ext-jekyll-tag-0.42.14.jar
#14 321.6 [INFO] Resolved plugin: flexmark-ext-gitlab-0.42.14.jar
#14 321.6 [INFO] Resolved plugin: doxia-module-xdoc-1.11.1.jar
#14 321.6 [INFO] Resolved plugin: doxia-site-renderer-1.11.1.jar
#14 321.6 [INFO] Resolved plugin: commons-beanutils-1.7.0.jar
#14 321.6 [INFO] Resolved plugin: spring-boot-buildpack-platform-3.2.5.jar
#14 321.6 [INFO] Resolved plugin: plexus-classworlds-2.5.2.jar
#14 321.6 [INFO] Resolved plugin: spring-core-6.1.6.jar
#14 321.6 [INFO] Resolved plugin: doxia-module-confluence-1.11.1.jar
#14 321.6 [INFO] Resolved plugin: doxia-module-xhtml5-1.11.1.jar
#14 321.6 [INFO] Resolved plugin: flexmark-ext-tables-0.42.14.jar
#14 321.6 [INFO] Resolved plugin: javax.annotation-api-1.2.jar
#14 321.6 [INFO] Resolved plugin: flexmark-ext-macros-0.42.14.jar
#14 321.6 [INFO] Resolved plugin: plexus-sec-dispatcher-1.3.jar
#14 321.6 [INFO] Resolved plugin: jackson-module-parameter-names-2.14.2.jar
#14 321.6 [INFO] Resolved plugin: commons-collections4-4.4.jar
#14 321.6 [INFO] Resolved plugin: plexus-i18n-1.0-beta-10.jar
#14 321.6 [INFO] Resolved plugin: flexmark-ext-gfm-users-0.42.14.jar
#14 321.6 [INFO] Resolved plugin: maven-common-artifact-filters-3.1.1.jar
#14 321.6 [INFO] Resolved plugin: asm-commons-9.5.jar
#14 321.6 [INFO] Resolved dependency: itext-core-8.0.2.pom
#14 321.6 [INFO] Resolved dependency: jackson-core-2.15.4.jar
#14 321.6 [INFO] Resolved dependency: spring-boot-starter-test-3.2.5.jar
#14 321.6 [INFO] Resolved dependency: grpc-services-1.55.1.jar
#14 321.6 [INFO] Resolved dependency: spring-boot-starter-security-3.2.5.jar
#14 321.6 [INFO] Resolved dependency: google-http-client-appengine-1.43.1.jar
#14 321.6 [INFO] Resolved dependency: spring-data-keyvalue-3.2.5.jar
#14 321.6 [INFO] Resolved dependency: jackson-annotations-2.15.4.jar
#14 321.6 [INFO] Resolved dependency: j2objc-annotations-1.3.jar
#14 321.6 [INFO] Resolved dependency: jakarta.activation-api-2.1.0.jar
#14 321.6 [INFO] Resolved dependency: grpc-protobuf-lite-1.55.1.jar
#14 321.6 [INFO] Resolved dependency: okhttp-4.12.0.jar
#14 321.6 [INFO] Resolved dependency: spring-webmvc-6.1.6.jar
#14 321.6 [INFO] Resolved dependency: json-smart-2.5.1.jar
#14 321.6 [INFO] Resolved dependency: commons-codec-1.15.jar
#14 321.6 [INFO] Resolved dependency: mapstruct-1.5.5.Final.jar
#14 321.6 [INFO] Resolved dependency: asm-9.6.jar
#14 321.6 [INFO] Resolved dependency: hyph-8.0.2.jar
#14 321.6 [INFO] Resolved dependency: proto-google-cloud-storage-v2-2.22.4-alpha.jar
#14 321.6 [INFO] Resolved dependency: netty-handler-4.1.94.Final.jar
#14 321.6 [INFO] Resolved dependency: grpc-googleapis-1.55.1.jar
#14 321.6 [INFO] Resolved dependency: postgresql-42.6.2.jar
#14 321.6 [INFO] Resolved dependency: commons-8.0.2.jar
#14 321.6 [INFO] Resolved dependency: accessors-smart-2.5.1.jar
#14 321.6 [INFO] Resolved dependency: jakarta.transaction-api-2.0.1.jar
#14 321.6 [INFO] Resolved dependency: spring-boot-starter-data-jpa-3.2.5.jar
#14 321.6 [INFO] Resolved dependency: google-auth-library-credentials-1.17.0.jar
#14 321.6 [INFO] Resolved dependency: spring-boot-starter-oauth2-resource-server-3.2.5.jar
#14 321.6 [INFO] Resolved dependency: spring-data-redis-3.2.5.jar
#14 321.6 [INFO] Resolved dependency: angus-activation-2.0.0.jar
#14 321.6 [INFO] Resolved dependency: spring-web-6.1.6.jar
#14 321.6 [INFO] Resolved dependency: gax-httpjson-0.114.0.jar
#14 321.6 [INFO] Resolved dependency: grpc-context-1.55.1.jar
#14 321.6 [INFO] Resolved dependency: snakeyaml-2.2.jar
#14 321.6 [INFO] Resolved dependency: checker-qual-3.32.0.jar
#14 321.6 [INFO] Resolved dependency: netty-common-4.1.94.Final.jar
#14 321.6 [INFO] Resolved dependency: mockito-core-5.7.0.jar
#14 321.6 [INFO] Resolved dependency: mockito-junit-jupiter-5.7.0.jar
#14 321.6 [INFO] Resolved dependency: gapic-google-cloud-storage-v2-2.22.4-alpha.jar
#14 321.6 [INFO] Resolved dependency: spring-security-config-6.2.4.jar
#14 321.6 [INFO] Resolved dependency: forms-8.0.2.jar
#14 321.6 [INFO] Resolved dependency: google-http-client-apache-v2-1.43.1.jar
#14 321.6 [INFO] Resolved dependency: jackson-datatype-jsr310-2.15.4.jar
#14 321.6 [INFO] Resolved dependency: spring-boot-test-3.2.5.jar
#14 321.6 [INFO] Resolved dependency: spring-boot-starter-aop-3.2.5.jar
#14 321.6 [INFO] Resolved dependency: spring-boot-starter-logging-3.2.5.jar
#14 321.6 [INFO] Resolved dependency: grpc-netty-shaded-1.55.1.jar
#14 321.6 [INFO] Resolved dependency: threetenbp-1.6.8.jar
#14 321.6 [INFO] Resolved dependency: jsonassert-1.5.1.jar
#14 321.6 [INFO] Resolved dependency: byte-buddy-agent-1.14.9.jar
#14 321.6 [INFO] Resolved dependency: slf4j-api-2.0.11.jar
#14 321.6 [INFO] Resolved dependency: log4j-api-2.21.1.jar
#14 321.6 [INFO] Resolved dependency: error_prone_annotations-2.18.0.jar
#14 321.6 [INFO] Resolved dependency: httpclient-4.5.14.jar
#14 321.6 [INFO] Resolved dependency: tomcat-embed-websocket-10.1.20.jar
#14 321.6 [INFO] Resolved dependency: grpc-api-1.55.1.jar
#14 321.6 [INFO] Resolved dependency: google-http-client-1.43.1.jar
#14 321.6 [INFO] Resolved dependency: google-http-client-jackson2-1.43.1.jar
#14 321.6 [INFO] Resolved dependency: jakarta.xml.bind-api-4.0.0.jar
#14 321.6 [INFO] Resolved dependency: spring-jdbc-6.1.6.jar
#14 321.6 [INFO] Resolved dependency: micrometer-commons-1.12.5.jar
#14 321.6 [INFO] Resolved dependency: hibernate-validator-8.0.1.Final.jar
#14 321.6 [INFO] Resolved dependency: slf4j-api-2.0.2.jar
#14 321.6 [INFO] Resolved dependency: listenablefuture-9999.0-empty-to-avoid-conflict-with-guava.jar
#14 321.6 [INFO] Resolved dependency: kotlin-stdlib-jdk8-1.8.21.jar
#14 321.6 [INFO] Resolved dependency: simple-xml-safe-2.7.1.jar
#14 321.6 [INFO] Resolved dependency: google-cloud-storage-2.22.4.jar
#14 321.6 [INFO] Resolved dependency: jackson-annotations-2.16.1.jar
#14 321.6 [INFO] Resolved dependency: hibernate-commons-annotations-6.0.6.Final.jar
#14 321.6 [INFO] Resolved dependency: antlr4-runtime-4.13.0.jar
#14 321.6 [INFO] Resolved dependency: junit-platform-engine-1.10.2.jar
#14 321.6 [INFO] Resolved dependency: styled-xml-parser-8.0.2.jar
#14 321.6 [INFO] Resolved dependency: spring-tx-6.1.6.jar
#14 321.6 [INFO] Resolved dependency: snappy-java-1.1.10.5.jar
#14 321.6 [INFO] Resolved dependency: failureaccess-1.0.1.jar
#14 321.6 [INFO] Resolved dependency: jackson-databind-2.15.4.jar
#14 321.6 [INFO] Resolved dependency: byte-buddy-1.14.11.jar
#14 321.6 [INFO] Resolved dependency: protobuf-java-3.23.2.jar
#14 321.6 [INFO] Resolved dependency: kotlin-stdlib-jdk7-1.8.21.jar
#14 321.6 [INFO] Resolved dependency: spring-security-web-6.2.4.jar
#14 321.6 [INFO] Resolved dependency: google-api-client-2.2.0.jar
#14 321.6 [INFO] Resolved dependency: jackson-module-parameter-names-2.15.4.jar
#14 321.6 [INFO] Resolved dependency: grpc-xds-1.55.1.jar
#14 321.6 [INFO] Resolved dependency: jcip-annotations-1.0-1.jar
#14 321.6 [INFO] Resolved dependency: grpc-protobuf-1.55.1.jar
#14 321.6 [INFO] Resolved dependency: jsr305-3.0.2.jar
#14 321.6 [INFO] Resolved dependency: grpc-auth-1.55.1.jar
#14 321.6 [INFO] Resolved dependency: spring-boot-starter-tomcat-3.2.5.jar
#14 321.6 [INFO] Resolved dependency: grpc-stub-1.55.1.jar
#14 321.6 [INFO] Resolved dependency: jakarta.xml.bind-api-4.0.2.jar
#14 321.6 [INFO] Resolved dependency: spring-test-6.1.6.jar
#14 321.6 [INFO] Resolved dependency: font-asian-8.0.2.jar
#14 321.6 [INFO] Resolved dependency: pdfa-8.0.2.jar
#14 321.6 [INFO] Resolved dependency: commons-compress-1.26.0.jar
#14 321.6 [INFO] Resolved dependency: jakarta.annotation-api-2.1.1.jar
#14 321.6 [INFO] Resolved dependency: layout-8.0.2.jar
#14 321.6 [INFO] Resolved dependency: netty-codec-4.1.107.Final.jar
#14 321.6 [INFO] Resolved dependency: opencensus-contrib-grpc-util-0.31.1.jar
#14 321.6 [INFO] Resolved dependency: jna-platform-4.5.1.jar
#14 321.6 [INFO] Resolved dependency: gson-2.10.1.jar
#14 321.6 [INFO] Resolved dependency: spring-boot-starter-jdbc-3.2.5.jar
#14 321.6 [INFO] Resolved dependency: bcprov-jdk18on-1.77.jar
#14 321.6 [INFO] Resolved dependency: spring-messaging-6.1.6.jar
#14 321.6 [INFO] Resolved dependency: spring-security-oauth2-resource-server-6.2.4.jar
#14 321.6 [INFO] Resolved dependency: json-path-2.9.0.jar
#14 321.6 [INFO] Resolved dependency: netty-transport-4.1.107.Final.jar
#14 321.6 [INFO] Resolved dependency: spring-data-commons-3.2.5.jar
#14 321.6 [INFO] Resolved dependency: slf4j-api-1.7.25.jar
#14 321.6 [INFO] Resolved dependency: spring-boot-test-autoconfigure-3.2.5.jar
#14 321.6 [INFO] Resolved dependency: google-api-client-gson-2.2.0.jar
#14 321.6 [INFO] Resolved dependency: netty-transport-native-unix-common-4.1.94.Final.jar
#14 321.6 [INFO] Resolved dependency: minio-8.5.9.jar
#14 321.6 [INFO] Resolved dependency: google-cloud-core-2.19.0.jar
#14 321.6 [INFO] Resolved dependency: spring-aspects-6.1.6.jar
#14 321.6 [INFO] Resolved dependency: spring-context-6.1.6.jar
#14 321.6 [INFO] Resolved dependency: reactive-streams-1.0.4.jar
#14 321.6 [INFO] Resolved dependency: spring-data-jpa-3.2.5.jar
#14 321.6 [INFO] Resolved dependency: spring-oxm-6.1.6.jar
#14 321.6 [INFO] Resolved dependency: proto-google-iam-v1-1.15.0.jar
#14 321.6 [INFO] Resolved dependency: proto-google-cloud-firestore-bundle-v1-3.13.0.jar
#14 321.6 [INFO] Resolved dependency: barcodes-8.0.2.jar
#14 321.6 [INFO] Resolved dependency: io-8.0.2.jar
#14 321.6 [INFO] Resolved dependency: grpc-google-cloud-storage-v2-2.22.4-alpha.jar
#14 321.6 [INFO] Resolved dependency: netty-common-4.1.107.Final.jar
#14 321.6 [INFO] Resolved dependency: netty-transport-4.1.94.Final.jar
#14 321.6 [INFO] Resolved dependency: google-api-services-storage-v1-rev20230301-2.0.0.jar
#14 321.6 [INFO] Resolved dependency: jackson-datatype-jdk8-2.15.4.jar
#14 321.6 [INFO] Resolved dependency: opencensus-proto-0.2.0.jar
#14 321.6 [INFO] Resolved dependency: spring-security-oauth2-jose-6.2.4.jar
#14 321.6 [INFO] Resolved dependency: jaxb-core-4.0.2.jar
#14 321.6 [INFO] Resolved dependency: google-oauth-client-1.34.1.jar
#14 321.6 [INFO] Resolved dependency: log4j-to-slf4j-2.21.1.jar
#14 321.6 [INFO] Resolved dependency: api-common-2.12.0.jar
#14 321.6 [INFO] Resolved dependency: google-cloud-firestore-3.13.0.jar
#14 321.6 [INFO] Resolved dependency: commons-io-2.15.1.jar
#14 321.6 [INFO] Resolved dependency: error_prone_annotations-2.23.0.jar
#14 321.6 [INFO] Resolved dependency: spring-boot-starter-web-3.2.5.jar
#14 321.6 [INFO] Resolved dependency: javax.annotation-api-1.3.2.jar
#14 321.6 [INFO] Resolved dependency: spring-beans-6.1.6.jar
#14 321.6 [INFO] Resolved dependency: guava-33.0.0-jre.jar
#14 321.6 [INFO] Resolved dependency: jackson-databind-2.16.1.jar
#14 321.6 [INFO] Resolved dependency: okio-jvm-3.6.0.jar
#14 321.6 [INFO] Resolved dependency: opentest4j-1.3.0.jar
#14 321.6 [INFO] Resolved dependency: commons-logging-1.2.jar
#14 321.6 [INFO] Resolved dependency: lombok-1.18.32.jar
#14 321.6 [INFO] Resolved dependency: firebase-admin-9.2.0.jar
#14 321.6 [INFO] Resolved dependency: spring-boot-3.2.5.jar
#14 321.6 [INFO] Resolved dependency: xmlunit-core-2.9.1.jar
#14 321.6 [INFO] Resolved dependency: aspectjweaver-1.9.22.jar
#14 321.6 [INFO] Resolved dependency: grpc-alts-1.55.1.jar
#14 321.6 [INFO] Resolved dependency: junit-platform-commons-1.10.2.jar
#14 321.6 [INFO] Resolved dependency: google-http-client-gson-1.43.1.jar
#14 321.6 [INFO] Resolved dependency: opencensus-contrib-http-util-0.31.1.jar
#14 321.6 [INFO] Resolved dependency: nimbus-jose-jwt-9.24.4.jar
#14 321.6 [INFO] Resolved dependency: netty-handler-4.1.107.Final.jar
#14 321.6 [INFO] Resolved dependency: guava-31.1-jre.jar
#14 321.6 [INFO] Resolved dependency: jna-4.5.1.jar
#14 321.6 [INFO] Resolved dependency: spring-jcl-6.1.6.jar
#14 321.6 [INFO] Resolved dependency: netty-resolver-4.1.107.Final.jar
#14 321.6 [INFO] Resolved dependency: HikariCP-5.0.1.jar
#14 321.6 [INFO] Resolved dependency: conscrypt-openjdk-uber-2.5.2.jar
#14 321.6 [INFO] Resolved dependency: failureaccess-1.0.2.jar
#14 321.6 [INFO] Resolved dependency: netty-codec-http-4.1.94.Final.jar
#14 321.6 [INFO] Resolved dependency: spring-boot-starter-data-redis-3.2.5.jar
#14 321.6 [INFO] Resolved dependency: spring-aop-6.1.6.jar
#14 321.6 [INFO] Resolved dependency: spring-security-crypto-6.2.4.jar
#14 321.6 [INFO] Resolved dependency: svg-8.0.2.jar
#14 321.6 [INFO] Resolved dependency: gax-2.29.0.jar
#14 321.6 [INFO] Resolved dependency: okio-3.6.0.jar
#14 321.6 [INFO] Resolved dependency: grpc-core-1.55.1.jar
#14 321.6 [INFO] Resolved dependency: spring-expression-6.1.6.jar
#14 321.6 [INFO] Resolved dependency: assertj-core-3.24.2.jar
#14 321.6 [INFO] Resolved dependency: checker-qual-3.31.0.jar
#14 321.6 [INFO] Resolved dependency: commons-codec-1.16.1.jar
#14 321.6 [INFO] Resolved dependency: google-cloud-core-http-2.19.0.jar
#14 321.6 [INFO] Resolved dependency: spring-boot-autoconfigure-3.2.5.jar
#14 321.6 [INFO] Resolved dependency: txw2-4.0.2.jar
#14 321.6 [INFO] Resolved dependency: spring-security-core-6.2.4.jar
#14 321.6 [INFO] Resolved dependency: waffle-jna-1.9.1.jar
#14 321.6 [INFO] Resolved dependency: hamcrest-2.2.jar
#14 321.6 [INFO] Resolved dependency: kotlin-stdlib-common-1.9.10.jar
#14 321.6 [INFO] Resolved dependency: grpc-grpclb-1.55.1.jar
#14 321.6 [INFO] Resolved dependency: istack-commons-runtime-4.1.1.jar
#14 321.6 [INFO] Resolved dependency: annotations-4.1.1.4.jar
#14 321.6 [INFO] Resolved dependency: netty-transport-native-unix-common-4.1.107.Final.jar
#14 321.6 [INFO] Resolved dependency: jboss-logging-3.5.0.Final.jar
#14 321.6 [INFO] Resolved dependency: kernel-8.0.2.jar
#14 321.6 [INFO] Resolved dependency: proto-google-common-protos-2.20.0.jar
#14 321.6 [INFO] Resolved dependency: jackson-core-2.14.2.jar
#14 321.6 [INFO] Resolved dependency: auto-value-annotations-1.10.1.jar
#14 321.6 [INFO] Resolved dependency: classmate-1.5.1.jar
#14 321.6 [INFO] Resolved dependency: spring-context-support-6.1.6.jar
#14 321.6 [INFO] Resolved dependency: junit-jupiter-engine-5.10.2.jar
#14 321.6 [INFO] Resolved dependency: lombok-mapstruct-binding-0.2.0.jar
#14 321.6 [INFO] Resolved dependency: annotations-13.0.jar
#14 321.6 [INFO] Resolved dependency: grpc-rls-1.55.1.jar
#14 321.6 [INFO] Resolved dependency: spring-boot-starter-validation-3.2.5.jar
#14 321.6 [INFO] Resolved dependency: jboss-logging-3.4.3.Final.jar
#14 321.6 [INFO] Resolved dependency: awaitility-4.2.1.jar
#14 321.6 [INFO] Resolved dependency: byte-buddy-1.12.21.jar
#14 321.6 [INFO] Resolved dependency: objenesis-3.3.jar
#14 321.6 [INFO] Resolved dependency: checker-qual-3.41.0.jar
#14 321.6 [INFO] Resolved dependency: spring-boot-starter-json-3.2.5.jar
#14 321.6 [INFO] Resolved dependency: spring-websocket-6.1.6.jar
#14 321.6 [INFO] Resolved dependency: slf4j-api-1.7.36.jar
#14 321.6 [INFO] Resolved dependency: jackson-core-2.16.1.jar
#14 321.6 [INFO] Resolved dependency: kotlin-stdlib-1.8.21.jar
#14 321.6 [INFO] Resolved dependency: netty-codec-4.1.94.Final.jar
#14 321.6 [INFO] Resolved dependency: sign-8.0.2.jar
#14 321.6 [INFO] Resolved dependency: jcl-over-slf4j-1.7.25.jar
#14 321.6 [INFO] Resolved dependency: caffeine-2.6.2.jar
#14 321.6 [INFO] Resolved dependency: bouncy-castle-connector-8.0.2.jar
#14 321.6 [INFO] Resolved dependency: proto-google-cloud-firestore-v1-3.13.0.jar
#14 321.6 [INFO] Resolved dependency: logback-classic-1.4.14.jar
#14 321.6 [INFO] Resolved dependency: httpcore-4.4.16.jar
#14 321.6 [INFO] Resolved dependency: junit-jupiter-5.10.2.jar
#14 321.6 [INFO] Resolved dependency: jakarta.persistence-api-3.1.0.jar
#14 321.6 [INFO] Resolved dependency: jakarta.activation-api-2.1.3.jar
#14 321.6 [INFO] Resolved dependency: netty-buffer-4.1.107.Final.jar
#14 321.6 [INFO] Resolved dependency: protobuf-java-util-3.23.2.jar
#14 321.6 [INFO] Resolved dependency: jul-to-slf4j-2.0.13.jar
#14 321.6 [INFO] Resolved dependency: micrometer-observation-1.12.5.jar
#14 321.6 [INFO] Resolved dependency: jakarta.validation-api-3.0.2.jar
#14 321.6 [INFO] Resolved dependency: netty-buffer-4.1.94.Final.jar
#14 321.6 [INFO] Resolved dependency: slf4j-api-2.0.7.jar
#14 321.6 [INFO] Resolved dependency: tomcat-embed-el-10.1.20.jar
#14 321.6 [INFO] Resolved dependency: spring-boot-starter-websocket-3.2.5.jar
#14 321.6 [INFO] Resolved dependency: jaxb-runtime-4.0.2.jar
#14 321.6 [INFO] Resolved dependency: spring-orm-6.1.6.jar
#14 321.6 [INFO] Resolved dependency: commons-lang3-3.14.0.jar
#14 321.6 [INFO] Resolved dependency: jakarta.inject-api-2.0.1.jar
#14 321.6 [INFO] Resolved dependency: jakarta.annotation-api-2.0.0.jar
#14 321.6 [INFO] Resolved dependency: spring-security-oauth2-core-6.2.4.jar
#14 321.6 [INFO] Resolved dependency: junit-jupiter-api-5.10.2.jar
#14 321.6 [INFO] Resolved dependency: spring-core-6.1.6.jar
#14 321.6 [INFO] Resolved dependency: perfmark-api-0.26.0.jar
#14 321.6 [INFO] Resolved dependency: re2j-1.6.jar
#14 321.6 [INFO] Resolved dependency: gax-grpc-2.29.0.jar
#14 321.6 [INFO] Resolved dependency: logback-core-1.4.14.jar
#14 321.6 [INFO] Resolved dependency: j2objc-annotations-2.8.jar
#14 321.6 [INFO] Resolved dependency: animal-sniffer-annotations-1.23.jar
#14 321.6 [INFO] Resolved dependency: opencensus-api-0.31.1.jar
#14 321.6 [INFO] Resolved dependency: jandex-3.1.2.jar
#14 321.6 [INFO] Resolved dependency: junit-jupiter-params-5.10.2.jar
#14 321.6 [INFO] Resolved dependency: reactor-core-3.6.4.jar
#14 321.6 [INFO] Resolved dependency: apiguardian-api-1.1.2.jar
#14 321.6 [INFO] Resolved dependency: spring-boot-starter-3.2.5.jar
#14 321.6 [INFO] Resolved dependency: lettuce-core-6.3.2.RELEASE.jar
#14 321.6 [INFO] Resolved dependency: google-auth-library-oauth2-http-1.17.0.jar
#14 321.6 [INFO] Resolved dependency: netty-resolver-4.1.94.Final.jar
#14 321.6 [INFO] Resolved dependency: hibernate-core-6.4.4.Final.jar
#14 321.6 [INFO] Resolved dependency: google-cloud-core-grpc-2.19.0.jar
#14 321.6 [INFO] Resolved dependency: android-json-0.0.20131108.vaadin1.jar
#14 321.6 [INFO] Resolved dependency: tomcat-embed-core-10.1.20.jar
#14 321.6 [INFO] ------------------------------------------------------------------------
#14 321.6 [INFO] Reactor Summary for elearning-backend 0.0.1-SNAPSHOT:
#14 321.6 [INFO] 
#14 321.6 [INFO] elearning-backend .................................. SUCCESS [01:52 min]
#14 321.6 [INFO] auth-server ........................................ SUCCESS [01:32 min]
#14 321.6 [INFO] resource-server .................................... SUCCESS [01:30 min]
#14 321.6 [INFO] ------------------------------------------------------------------------
#14 321.6 [INFO] BUILD SUCCESS
#14 321.6 [INFO] ------------------------------------------------------------------------
#14 321.6 [INFO] Total time:  05:19 min
#14 321.6 [INFO] Finished at: 2026-05-06T21:48:13Z
#14 321.6 [INFO] ------------------------------------------------------------------------
#14 DONE 321.7s

#15 [build 7/8] COPY resource-server/src resource-server/src
#15 DONE 0.1s

#16 [build 8/8] RUN mvn package -DskipTests -pl resource-server
#16 1.137 [INFO] Scanning for projects...
#16 1.382 [INFO] 
#16 1.382 [INFO] -------------------< com.elearning:resource-server >--------------------
#16 1.382 [INFO] Building resource-server 0.0.1-SNAPSHOT
#16 1.382 [INFO]   from pom.xml
#16 1.382 [INFO] --------------------------------[ jar ]---------------------------------
#16 1.758 Downloading from central: https://repo.maven.apache.org/maven2/org/jboss/logging/jboss-logging/3.5.3.Final/jboss-logging-3.5.3.Final.pom
#16 2.295 Progress (1): 834 BProgress (1): 2.0 kBProgress (1): 3.2 kBProgress (1): 6.5 kBProgress (1): 15 kB Progress (1): 17 kBProgress (1): 19 kB                   Downloaded from central: https://repo.maven.apache.org/maven2/org/jboss/logging/jboss-logging/3.5.3.Final/jboss-logging-3.5.3.Final.pom (19 kB at 34 kB/s)
#16 2.316 Downloading from central: https://repo.maven.apache.org/maven2/org/jboss/logging/logging-parent/1.0.1.Final/logging-parent-1.0.1.Final.pom
#16 2.404 Progress (1): 1.3 kBProgress (1): 2.7 kBProgress (1): 3.2 kBProgress (1): 6.0 kB                    Downloaded from central: https://repo.maven.apache.org/maven2/org/jboss/logging/logging-parent/1.0.1.Final/logging-parent-1.0.1.Final.pom (6.0 kB at 65 kB/s)
#16 2.418 Downloading from central: https://repo.maven.apache.org/maven2/com/fasterxml/classmate/1.6.0/classmate-1.6.0.pom
#16 2.504 Progress (1): 1.2 kBProgress (1): 2.5 kBProgress (1): 4.6 kBProgress (1): 6.6 kB                    Downloaded from central: https://repo.maven.apache.org/maven2/com/fasterxml/classmate/1.6.0/classmate-1.6.0.pom (6.6 kB at 75 kB/s)
#16 2.510 Downloading from central: https://repo.maven.apache.org/maven2/com/fasterxml/oss-parent/55/oss-parent-55.pom
#16 2.590 Progress (1): 951 BProgress (1): 2.3 kBProgress (1): 3.5 kBProgress (1): 5.5 kBProgress (1): 8.5 kBProgress (1): 11 kB Progress (1): 13 kBProgress (1): 15 kBProgress (1): 18 kBProgress (1): 22 kBProgress (1): 24 kB                   Downloaded from central: https://repo.maven.apache.org/maven2/com/fasterxml/oss-parent/55/oss-parent-55.pom (24 kB at 271 kB/s)
#16 2.601 Downloading from central: https://repo.maven.apache.org/maven2/net/bytebuddy/byte-buddy/1.14.13/byte-buddy-1.14.13.pom
#16 2.701 Progress (1): 959 BProgress (1): 2.8 kBProgress (1): 5.9 kBProgress (1): 13 kB Progress (1): 16 kBProgress (1): 16 kB                   Downloaded from central: https://repo.maven.apache.org/maven2/net/bytebuddy/byte-buddy/1.14.13/byte-buddy-1.14.13.pom (16 kB at 152 kB/s)
#16 2.709 Downloading from central: https://repo.maven.apache.org/maven2/net/bytebuddy/byte-buddy-parent/1.14.13/byte-buddy-parent-1.14.13.pom
#16 2.790 Progress (1): 835 BProgress (1): 1.7 kBProgress (1): 3.1 kBProgress (1): 5.5 kBProgress (1): 7.0 kBProgress (1): 8.9 kBProgress (1): 12 kB Progress (1): 13 kBProgress (1): 17 kBProgress (1): 22 kBProgress (1): 24 kBProgress (1): 31 kBProgress (1): 46 kBProgress (1): 49 kBProgress (1): 54 kBProgress (1): 58 kBProgress (1): 63 kB                   Downloaded from central: https://repo.maven.apache.org/maven2/net/bytebuddy/byte-buddy-parent/1.14.13/byte-buddy-parent-1.14.13.pom (63 kB at 682 kB/s)
#16 2.809 Downloading from central: https://repo.maven.apache.org/maven2/org/glassfish/jaxb/jaxb-runtime/4.0.5/jaxb-runtime-4.0.5.pom
#16 2.899 Progress (1): 806 BProgress (1): 2.4 kBProgress (1): 6.4 kBProgress (1): 9.2 kBProgress (1): 11 kB                    Downloaded from central: https://repo.maven.apache.org/maven2/org/glassfish/jaxb/jaxb-runtime/4.0.5/jaxb-runtime-4.0.5.pom (11 kB at 115 kB/s)
#16 2.906 Downloading from central: https://repo.maven.apache.org/maven2/com/sun/xml/bind/mvn/jaxb-runtime-parent/4.0.5/jaxb-runtime-parent-4.0.5.pom
#16 3.004 Progress (1): 932 BProgress (1): 1.2 kB                    Downloaded from central: https://repo.maven.apache.org/maven2/com/sun/xml/bind/mvn/jaxb-runtime-parent/4.0.5/jaxb-runtime-parent-4.0.5.pom (1.2 kB at 12 kB/s)
#16 3.010 Downloading from central: https://repo.maven.apache.org/maven2/com/sun/xml/bind/mvn/jaxb-parent/4.0.5/jaxb-parent-4.0.5.pom
#16 3.093 Progress (1): 778 BProgress (1): 2.0 kBProgress (1): 4.0 kBProgress (1): 5.7 kBProgress (1): 8.2 kBProgress (1): 14 kB Progress (1): 18 kBProgress (1): 22 kBProgress (1): 28 kBProgress (1): 33 kBProgress (1): 35 kB                   Downloaded from central: https://repo.maven.apache.org/maven2/com/sun/xml/bind/mvn/jaxb-parent/4.0.5/jaxb-parent-4.0.5.pom (35 kB at 385 kB/s)
#16 3.104 Downloading from central: https://repo.maven.apache.org/maven2/com/sun/xml/bind/jaxb-bom-ext/4.0.5/jaxb-bom-ext-4.0.5.pom
#16 3.190 Progress (1): 863 BProgress (1): 2.6 kBProgress (1): 3.5 kB                    Downloaded from central: https://repo.maven.apache.org/maven2/com/sun/xml/bind/jaxb-bom-ext/4.0.5/jaxb-bom-ext-4.0.5.pom (3.5 kB at 39 kB/s)
#16 3.198 Downloading from central: https://repo.maven.apache.org/maven2/org/glassfish/jaxb/jaxb-core/4.0.5/jaxb-core-4.0.5.pom
#16 3.279 Progress (1): 898 BProgress (1): 3.1 kBProgress (1): 3.7 kB                    Downloaded from central: https://repo.maven.apache.org/maven2/org/glassfish/jaxb/jaxb-core/4.0.5/jaxb-core-4.0.5.pom (3.7 kB at 44 kB/s)
#16 3.288 Downloading from central: https://repo.maven.apache.org/maven2/org/eclipse/angus/angus-activation/2.0.2/angus-activation-2.0.2.pom
#16 3.377 Progress (1): 930 BProgress (1): 3.4 kBProgress (1): 4.0 kB                    Downloaded from central: https://repo.maven.apache.org/maven2/org/eclipse/angus/angus-activation/2.0.2/angus-activation-2.0.2.pom (4.0 kB at 44 kB/s)
#16 3.382 Downloading from central: https://repo.maven.apache.org/maven2/org/eclipse/angus/angus-activation-project/2.0.2/angus-activation-project-2.0.2.pom
#16 3.473 Progress (1): 873 BProgress (1): 2.6 kBProgress (1): 5.6 kBProgress (1): 10 kB Progress (1): 14 kBProgress (1): 18 kBProgress (1): 20 kBProgress (1): 21 kB                   Downloaded from central: https://repo.maven.apache.org/maven2/org/eclipse/angus/angus-activation-project/2.0.2/angus-activation-project-2.0.2.pom (21 kB at 222 kB/s)
#16 3.479 Downloading from central: https://repo.maven.apache.org/maven2/org/glassfish/jaxb/txw2/4.0.5/txw2-4.0.5.pom
#16 3.577 Progress (1): 931 BProgress (1): 1.8 kB                    Downloaded from central: https://repo.maven.apache.org/maven2/org/glassfish/jaxb/txw2/4.0.5/txw2-4.0.5.pom (1.8 kB at 18 kB/s)
#16 3.582 Downloading from central: https://repo.maven.apache.org/maven2/com/sun/xml/bind/mvn/jaxb-txw-parent/4.0.5/jaxb-txw-parent-4.0.5.pom
#16 3.701 Progress (1): 930 BProgress (1): 1.2 kB                    Downloaded from central: https://repo.maven.apache.org/maven2/com/sun/xml/bind/mvn/jaxb-txw-parent/4.0.5/jaxb-txw-parent-4.0.5.pom (1.2 kB at 9.8 kB/s)
#16 3.710 Downloading from central: https://repo.maven.apache.org/maven2/com/sun/istack/istack-commons-runtime/4.1.2/istack-commons-runtime-4.1.2.pom
#16 3.849 Progress (1): 933 BProgress (1): 1.6 kB                    Downloaded from central: https://repo.maven.apache.org/maven2/com/sun/istack/istack-commons-runtime/4.1.2/istack-commons-runtime-4.1.2.pom (1.6 kB at 11 kB/s)
#16 3.855 Downloading from central: https://repo.maven.apache.org/maven2/com/sun/istack/istack-commons/4.1.2/istack-commons-4.1.2.pom
#16 3.938 Progress (1): 794 BProgress (1): 2.6 kBProgress (1): 4.8 kBProgress (1): 12 kB Progress (1): 17 kBProgress (1): 21 kBProgress (1): 26 kBProgress (1): 26 kB                   Downloaded from central: https://repo.maven.apache.org/maven2/com/sun/istack/istack-commons/4.1.2/istack-commons-4.1.2.pom (26 kB at 306 kB/s)
#16 3.959 Downloading from central: https://repo.maven.apache.org/maven2/io/netty/netty-common/4.1.109.Final/netty-common-4.1.109.Final.pom
#16 4.045 Progress (1): 1.3 kBProgress (1): 4.7 kBProgress (1): 10 kB Progress (1): 12 kB                   Downloaded from central: https://repo.maven.apache.org/maven2/io/netty/netty-common/4.1.109.Final/netty-common-4.1.109.Final.pom (12 kB at 132 kB/s)
#16 4.049 Downloading from central: https://repo.maven.apache.org/maven2/io/netty/netty-parent/4.1.109.Final/netty-parent-4.1.109.Final.pom
#16 4.138 Progress (1): 732 BProgress (1): 2.1 kBProgress (1): 4.2 kBProgress (1): 7.0 kBProgress (1): 8.6 kBProgress (1): 21 kB Progress (1): 25 kBProgress (1): 25 kBProgress (1): 27 kBProgress (1): 29 kBProgress (1): 32 kBProgress (1): 35 kBProgress (1): 40 kBProgress (1): 45 kBProgress (1): 48 kBProgress (1): 51 kBProgress (1): 53 kBProgress (1): 55 kBProgress (1): 57 kBProgress (1): 60 kBProgress (1): 63 kBProgress (1): 65 kBProgress (1): 68 kBProgress (1): 70 kBProgress (1): 73 kBProgress (1): 74 kBProgress (1): 77 kBProgress (1): 83 kBProgress (1): 87 kB                   Downloaded from central: https://repo.maven.apache.org/maven2/io/netty/netty-parent/4.1.109.Final/netty-parent-4.1.109.Final.pom (87 kB at 875 kB/s)
#16 4.154 Downloading from central: https://repo.maven.apache.org/maven2/io/netty/netty-handler/4.1.109.Final/netty-handler-4.1.109.Final.pom
#16 4.233 Progress (1): 801 BProgress (1): 3.9 kBProgress (1): 4.6 kB                    Downloaded from central: https://repo.maven.apache.org/maven2/io/netty/netty-handler/4.1.109.Final/netty-handler-4.1.109.Final.pom (4.6 kB at 57 kB/s)
#16 4.238 Downloading from central: https://repo.maven.apache.org/maven2/io/netty/netty-resolver/4.1.109.Final/netty-resolver-4.1.109.Final.pom
#16 4.319 Progress (1): 885 BProgress (1): 1.6 kB                    Downloaded from central: https://repo.maven.apache.org/maven2/io/netty/netty-resolver/4.1.109.Final/netty-resolver-4.1.109.Final.pom (1.6 kB at 19 kB/s)
#16 4.327 Downloading from central: https://repo.maven.apache.org/maven2/io/netty/netty-buffer/4.1.109.Final/netty-buffer-4.1.109.Final.pom
#16 4.406 Progress (1): 885 BProgress (1): 1.6 kB                    Downloaded from central: https://repo.maven.apache.org/maven2/io/netty/netty-buffer/4.1.109.Final/netty-buffer-4.1.109.Final.pom (1.6 kB at 20 kB/s)
#16 4.411 Downloading from central: https://repo.maven.apache.org/maven2/io/netty/netty-transport/4.1.109.Final/netty-transport-4.1.109.Final.pom
#16 4.559 Progress (1): 850 BProgress (1): 2.2 kB                    Downloaded from central: https://repo.maven.apache.org/maven2/io/netty/netty-transport/4.1.109.Final/netty-transport-4.1.109.Final.pom (2.2 kB at 14 kB/s)
#16 4.569 Downloading from central: https://repo.maven.apache.org/maven2/io/netty/netty-transport-native-unix-common/4.1.109.Final/netty-transport-native-unix-common-4.1.109.Final.pom
#16 4.652 Progress (1): 774 BProgress (1): 2.2 kBProgress (1): 4.3 kBProgress (1): 6.8 kBProgress (1): 15 kB Progress (1): 24 kBProgress (1): 33 kB                   Downloaded from central: https://repo.maven.apache.org/maven2/io/netty/netty-transport-native-unix-common/4.1.109.Final/netty-transport-native-unix-common-4.1.109.Final.pom (33 kB at 380 kB/s)
#16 4.662 Downloading from central: https://repo.maven.apache.org/maven2/io/netty/netty-codec/4.1.109.Final/netty-codec-4.1.109.Final.pom
#16 4.749 Progress (1): 807 BProgress (1): 4.5 kBProgress (1): 5.5 kB                    Downloaded from central: https://repo.maven.apache.org/maven2/io/netty/netty-codec/4.1.109.Final/netty-codec-4.1.109.Final.pom (5.5 kB at 62 kB/s)
#16 4.754 Downloading from central: https://repo.maven.apache.org/maven2/io/projectreactor/reactor-core/3.6.5/reactor-core-3.6.5.pom
#16 4.841 Progress (1): 1.0 kBProgress (1): 2.1 kB                    Downloaded from central: https://repo.maven.apache.org/maven2/io/projectreactor/reactor-core/3.6.5/reactor-core-3.6.5.pom (2.1 kB at 24 kB/s)
#16 4.892 Downloading from central: https://repo.maven.apache.org/maven2/org/jetbrains/kotlin/kotlin-stdlib-jdk8/1.9.23/kotlin-stdlib-jdk8-1.9.23.pom
#16 4.973 Progress (1): 1.3 kBProgress (1): 1.6 kB                    Downloaded from central: https://repo.maven.apache.org/maven2/org/jetbrains/kotlin/kotlin-stdlib-jdk8/1.9.23/kotlin-stdlib-jdk8-1.9.23.pom (1.6 kB at 19 kB/s)
#16 4.978 Downloading from central: https://repo.maven.apache.org/maven2/org/jetbrains/kotlin/kotlin-stdlib/1.9.23/kotlin-stdlib-1.9.23.pom
#16 5.064 Progress (1): 966 BProgress (1): 2.8 kB                    Downloaded from central: https://repo.maven.apache.org/maven2/org/jetbrains/kotlin/kotlin-stdlib/1.9.23/kotlin-stdlib-1.9.23.pom (2.8 kB at 32 kB/s)
#16 5.073 Downloading from central: https://repo.maven.apache.org/maven2/org/jetbrains/kotlin/kotlin-stdlib-jdk7/1.9.23/kotlin-stdlib-jdk7-1.9.23.pom
#16 5.166 Progress (1): 1.3 kBProgress (1): 1.4 kB                    Downloaded from central: https://repo.maven.apache.org/maven2/org/jetbrains/kotlin/kotlin-stdlib-jdk7/1.9.23/kotlin-stdlib-jdk7-1.9.23.pom (1.4 kB at 14 kB/s)
#16 5.173 Downloading from central: https://repo.maven.apache.org/maven2/org/jetbrains/kotlin/kotlin-stdlib-common/1.9.23/kotlin-stdlib-common-1.9.23.pom
#16 5.265 Progress (1): 975 BProgress (1): 1.8 kB                    Downloaded from central: https://repo.maven.apache.org/maven2/org/jetbrains/kotlin/kotlin-stdlib-common/1.9.23/kotlin-stdlib-common-1.9.23.pom (1.8 kB at 19 kB/s)
#16 5.279 Downloading from central: https://repo.maven.apache.org/maven2/org/apache/commons/commons-lang3/3.13.0/commons-lang3-3.13.0.pom
#16 5.384 Progress (1): 741 BProgress (1): 2.0 kBProgress (1): 4.7 kBProgress (1): 8.4 kBProgress (1): 12 kB Progress (1): 15 kBProgress (1): 17 kBProgress (1): 18 kBProgress (1): 21 kBProgress (1): 24 kBProgress (1): 28 kBProgress (1): 30 kBProgress (1): 31 kB                   Downloaded from central: https://repo.maven.apache.org/maven2/org/apache/commons/commons-lang3/3.13.0/commons-lang3-3.13.0.pom (31 kB at 287 kB/s)
#16 5.656 Downloading from central: https://repo.maven.apache.org/maven2/com/google/http-client/google-http-client/1.42.0/google-http-client-1.42.0.pom
#16 5.760 Progress (1): 1.1 kBProgress (1): 3.5 kBProgress (1): 5.9 kB                    Downloaded from central: https://repo.maven.apache.org/maven2/com/google/http-client/google-http-client/1.42.0/google-http-client-1.42.0.pom (5.9 kB at 55 kB/s)
#16 5.769 Downloading from central: https://repo.maven.apache.org/maven2/com/google/http-client/google-http-client-parent/1.42.0/google-http-client-parent-1.42.0.pom
#16 5.882 Progress (1): 1.0 kBProgress (1): 2.8 kBProgress (1): 6.0 kBProgress (1): 11 kB Progress (1): 15 kBProgress (1): 19 kBProgress (1): 22 kBProgress (1): 25 kBProgress (1): 26 kB                   Downloaded from central: https://repo.maven.apache.org/maven2/com/google/http-client/google-http-client-parent/1.42.0/google-http-client-parent-1.42.0.pom (26 kB at 221 kB/s)
#16 5.919 Downloading from central: https://repo.maven.apache.org/maven2/com/google/guava/guava/30.1.1-android/guava-30.1.1-android.pom
#16 6.020 Progress (1): 1.0 kBProgress (1): 3.0 kBProgress (1): 5.3 kBProgress (1): 6.9 kBProgress (1): 8.7 kBProgress (1): 11 kB Progress (1): 12 kB                   Downloaded from central: https://repo.maven.apache.org/maven2/com/google/guava/guava/30.1.1-android/guava-30.1.1-android.pom (12 kB at 119 kB/s)
#16 6.024 Downloading from central: https://repo.maven.apache.org/maven2/com/google/guava/guava-parent/30.1.1-android/guava-parent-30.1.1-android.pom
#16 6.114 Progress (1): 857 BProgress (1): 2.1 kBProgress (1): 4.2 kBProgress (1): 6.5 kBProgress (1): 8.8 kBProgress (1): 11 kB Progress (1): 14 kB                   Downloaded from central: https://repo.maven.apache.org/maven2/com/google/guava/guava-parent/30.1.1-android/guava-parent-30.1.1-android.pom (14 kB at 154 kB/s)
#16 6.119 Downloading from central: https://repo.maven.apache.org/maven2/org/checkerframework/checker-compat-qual/2.5.5/checker-compat-qual-2.5.5.pom
#16 6.209 Progress (1): 1.2 kBProgress (1): 2.7 kB                    Downloaded from central: https://repo.maven.apache.org/maven2/org/checkerframework/checker-compat-qual/2.5.5/checker-compat-qual-2.5.5.pom (2.7 kB at 30 kB/s)
#16 6.216 Downloading from central: https://repo.maven.apache.org/maven2/com/google/errorprone/error_prone_annotations/2.5.1/error_prone_annotations-2.5.1.pom
#16 6.316 Progress (1): 835 BProgress (1): 2.1 kB                    Downloaded from central: https://repo.maven.apache.org/maven2/com/google/errorprone/error_prone_annotations/2.5.1/error_prone_annotations-2.5.1.pom (2.1 kB at 20 kB/s)
#16 6.323 Downloading from central: https://repo.maven.apache.org/maven2/com/google/errorprone/error_prone_parent/2.5.1/error_prone_parent-2.5.1.pom
#16 6.420 Progress (1): 745 BProgress (1): 2.4 kBProgress (1): 4.9 kBProgress (1): 7.0 kB                    Downloaded from central: https://repo.maven.apache.org/maven2/com/google/errorprone/error_prone_parent/2.5.1/error_prone_parent-2.5.1.pom (7.0 kB at 70 kB/s)
#16 6.427 Downloading from central: https://repo.maven.apache.org/maven2/io/grpc/grpc-context/1.27.2/grpc-context-1.27.2.pom
#16 6.516 Progress (1): 1.2 kB                    Downloaded from central: https://repo.maven.apache.org/maven2/io/grpc/grpc-context/1.27.2/grpc-context-1.27.2.pom (1.2 kB at 13 kB/s)
#16 6.521 Downloading from central: https://repo.maven.apache.org/maven2/com/google/guava/guava/29.0-android/guava-29.0-android.pom
#16 6.605 Progress (1): 1.0 kBProgress (1): 3.0 kBProgress (1): 4.9 kBProgress (1): 6.8 kBProgress (1): 8.6 kBProgress (1): 11 kB                    Downloaded from central: https://repo.maven.apache.org/maven2/com/google/guava/guava/29.0-android/guava-29.0-android.pom (11 kB at 126 kB/s)
#16 6.610 Downloading from central: https://repo.maven.apache.org/maven2/com/google/guava/guava-parent/29.0-android/guava-parent-29.0-android.pom
#16 6.695 Progress (1): 971 BProgress (1): 2.9 kBProgress (1): 5.2 kBProgress (1): 7.5 kBProgress (1): 9.1 kBProgress (1): 13 kB                    Downloaded from central: https://repo.maven.apache.org/maven2/com/google/guava/guava-parent/29.0-android/guava-parent-29.0-android.pom (13 kB at 145 kB/s)
#16 6.702 Downloading from central: https://repo.maven.apache.org/maven2/com/google/errorprone/error_prone_annotations/2.3.4/error_prone_annotations-2.3.4.pom
#16 6.782 Progress (1): 835 BProgress (1): 2.1 kB                    Downloaded from central: https://repo.maven.apache.org/maven2/com/google/errorprone/error_prone_annotations/2.3.4/error_prone_annotations-2.3.4.pom (2.1 kB at 25 kB/s)
#16 6.788 Downloading from central: https://repo.maven.apache.org/maven2/com/google/errorprone/error_prone_parent/2.3.4/error_prone_parent-2.3.4.pom
#16 6.868 Progress (1): 752 BProgress (1): 2.4 kBProgress (1): 5.0 kBProgress (1): 5.4 kB                    Downloaded from central: https://repo.maven.apache.org/maven2/com/google/errorprone/error_prone_parent/2.3.4/error_prone_parent-2.3.4.pom (5.4 kB at 66 kB/s)
#16 6.873 Downloading from central: https://repo.maven.apache.org/maven2/com/google/http-client/google-http-client-gson/1.42.0/google-http-client-gson-1.42.0.pom
#16 6.949 Progress (1): 1.3 kBProgress (1): 2.9 kB                    Downloaded from central: https://repo.maven.apache.org/maven2/com/google/http-client/google-http-client-gson/1.42.0/google-http-client-gson-1.42.0.pom (2.9 kB at 38 kB/s)
#16 6.958 Downloading from central: https://repo.maven.apache.org/maven2/com/google/guava/guava/31.1-android/guava-31.1-android.pom
#16 7.073 Progress (1): 1.2 kBProgress (1): 3.1 kBProgress (1): 4.8 kBProgress (1): 6.8 kBProgress (1): 8.4 kBProgress (1): 11 kB                    Downloaded from central: https://repo.maven.apache.org/maven2/com/google/guava/guava/31.1-android/guava-31.1-android.pom (11 kB at 93 kB/s)
#16 7.079 Downloading from central: https://repo.maven.apache.org/maven2/com/google/guava/guava-parent/31.1-android/guava-parent-31.1-android.pom
#16 7.213 Progress (1): 901 BProgress (1): 2.6 kBProgress (1): 5.1 kBProgress (1): 7.1 kBProgress (1): 9.0 kBProgress (1): 12 kB Progress (1): 15 kBProgress (1): 15 kB                   Downloaded from central: https://repo.maven.apache.org/maven2/com/google/guava/guava-parent/31.1-android/guava-parent-31.1-android.pom (15 kB at 108 kB/s)
#16 7.223 Downloading from central: https://repo.maven.apache.org/maven2/com/google/http-client/google-http-client-gson/1.42.3/google-http-client-gson-1.42.3.pom
#16 7.313 Progress (1): 1.3 kBProgress (1): 2.9 kB                    Downloaded from central: https://repo.maven.apache.org/maven2/com/google/http-client/google-http-client-gson/1.42.3/google-http-client-gson-1.42.3.pom (2.9 kB at 32 kB/s)
#16 7.319 Downloading from central: https://repo.maven.apache.org/maven2/com/google/http-client/google-http-client-parent/1.42.3/google-http-client-parent-1.42.3.pom
#16 7.413 Progress (1): 1.0 kBProgress (1): 2.9 kBProgress (1): 6.0 kBProgress (1): 11 kB Progress (1): 15 kBProgress (1): 19 kBProgress (1): 22 kBProgress (1): 25 kBProgress (1): 26 kB                   Downloaded from central: https://repo.maven.apache.org/maven2/com/google/http-client/google-http-client-parent/1.42.3/google-http-client-parent-1.42.3.pom (26 kB at 267 kB/s)
#16 7.422 Downloading from central: https://repo.maven.apache.org/maven2/com/google/http-client/google-http-client/1.42.3/google-http-client-1.42.3.pom
#16 7.503 Progress (1): 1.1 kBProgress (1): 3.5 kBProgress (1): 6.1 kB                    Downloaded from central: https://repo.maven.apache.org/maven2/com/google/http-client/google-http-client/1.42.3/google-http-client-1.42.3.pom (6.1 kB at 74 kB/s)
#16 7.507 Downloading from central: https://repo.maven.apache.org/maven2/com/google/errorprone/error_prone_annotations/2.16/error_prone_annotations-2.16.pom
#16 7.585 Progress (1): 835 BProgress (1): 2.2 kB                    Downloaded from central: https://repo.maven.apache.org/maven2/com/google/errorprone/error_prone_annotations/2.16/error_prone_annotations-2.16.pom (2.2 kB at 27 kB/s)
#16 7.589 Downloading from central: https://repo.maven.apache.org/maven2/com/google/errorprone/error_prone_parent/2.16/error_prone_parent-2.16.pom
#16 7.674 Progress (1): 729 BProgress (1): 2.2 kBProgress (1): 4.2 kBProgress (1): 8.5 kBProgress (1): 11 kB                    Downloaded from central: https://repo.maven.apache.org/maven2/com/google/errorprone/error_prone_parent/2.16/error_prone_parent-2.16.pom (11 kB at 125 kB/s)
#16 7.682 Downloading from central: https://repo.maven.apache.org/maven2/com/google/http-client/google-http-client-apache-v2/1.42.3/google-http-client-apache-v2-1.42.3.pom
#16 7.786 Progress (1): 1.3 kBProgress (1): 3.5 kB                    Downloaded from central: https://repo.maven.apache.org/maven2/com/google/http-client/google-http-client-apache-v2/1.42.3/google-http-client-apache-v2-1.42.3.pom (3.5 kB at 33 kB/s)
#16 7.805 Downloading from central: https://repo.maven.apache.org/maven2/com/google/guava/guava/31.0.1-android/guava-31.0.1-android.pom
#16 7.915 Progress (1): 1.2 kBProgress (1): 3.2 kBProgress (1): 4.8 kBProgress (1): 6.3 kBProgress (1): 8.2 kBProgress (1): 11 kB Progress (1): 12 kB                   Downloaded from central: https://repo.maven.apache.org/maven2/com/google/guava/guava/31.0.1-android/guava-31.0.1-android.pom (12 kB at 102 kB/s)
#16 7.921 Downloading from central: https://repo.maven.apache.org/maven2/com/google/guava/guava-parent/31.0.1-android/guava-parent-31.0.1-android.pom
#16 8.006 Progress (1): 904 BProgress (1): 2.7 kBProgress (1): 5.2 kBProgress (1): 7.7 kBProgress (1): 9.3 kBProgress (1): 13 kB Progress (1): 14 kB                   Downloaded from central: https://repo.maven.apache.org/maven2/com/google/guava/guava-parent/31.0.1-android/guava-parent-31.0.1-android.pom (14 kB at 156 kB/s)
#16 8.014 Downloading from central: https://repo.maven.apache.org/maven2/com/google/errorprone/error_prone_annotations/2.7.1/error_prone_annotations-2.7.1.pom
#16 8.109 Progress (1): 835 BProgress (1): 2.1 kB                    Downloaded from central: https://repo.maven.apache.org/maven2/com/google/errorprone/error_prone_annotations/2.7.1/error_prone_annotations-2.7.1.pom (2.1 kB at 21 kB/s)
#16 8.116 Downloading from central: https://repo.maven.apache.org/maven2/com/google/errorprone/error_prone_parent/2.7.1/error_prone_parent-2.7.1.pom
#16 8.223 Progress (1): 739 BProgress (1): 2.3 kBProgress (1): 4.9 kBProgress (1): 7.0 kB                    Downloaded from central: https://repo.maven.apache.org/maven2/com/google/errorprone/error_prone_parent/2.7.1/error_prone_parent-2.7.1.pom (7.0 kB at 63 kB/s)
#16 8.266 Downloading from central: https://repo.maven.apache.org/maven2/io/netty/netty-codec-http/4.1.109.Final/netty-codec-http-4.1.109.Final.pom
#16 8.395 Progress (1): 810 BProgress (1): 4.3 kBProgress (1): 4.4 kB                    Downloaded from central: https://repo.maven.apache.org/maven2/io/netty/netty-codec-http/4.1.109.Final/netty-codec-http-4.1.109.Final.pom (4.4 kB at 34 kB/s)
#16 8.435 Downloading from central: https://repo.maven.apache.org/maven2/net/bytebuddy/byte-buddy-agent/1.14.13/byte-buddy-agent-1.14.13.pom
#16 8.516 Progress (1): 1.2 kBProgress (1): 3.6 kBProgress (1): 6.2 kBProgress (1): 10 kB                    Downloaded from central: https://repo.maven.apache.org/maven2/net/bytebuddy/byte-buddy-agent/1.14.13/byte-buddy-agent-1.14.13.pom (10 kB at 126 kB/s)
#16 8.548 [WARNING] The artifact com.itextpdf:itext7-core:pom:8.0.2 has been relocated to com.itextpdf:itext-core:pom:8.0.2
#16 8.582 Downloading from central: https://repo.maven.apache.org/maven2/org/jboss/logging/jboss-logging/3.5.3.Final/jboss-logging-3.5.3.Final.jar
#16 8.673 Progress (1): 7.7/59 kBProgress (1): 16/59 kB Progress (1): 25/59 kBProgress (1): 41/59 kBProgress (1): 57/59 kBProgress (1): 59 kB                      Downloaded from central: https://repo.maven.apache.org/maven2/org/jboss/logging/jboss-logging/3.5.3.Final/jboss-logging-3.5.3.Final.jar (59 kB at 277 kB/s)
#16 8.800 Downloading from central: https://repo.maven.apache.org/maven2/com/fasterxml/classmate/1.6.0/classmate-1.6.0.jar
#16 8.801 Downloading from central: https://repo.maven.apache.org/maven2/net/bytebuddy/byte-buddy/1.14.13/byte-buddy-1.14.13.jar
#16 8.804 Downloading from central: https://repo.maven.apache.org/maven2/org/glassfish/jaxb/jaxb-runtime/4.0.5/jaxb-runtime-4.0.5.jar
#16 8.809 Downloading from central: https://repo.maven.apache.org/maven2/org/glassfish/jaxb/jaxb-core/4.0.5/jaxb-core-4.0.5.jar
#16 8.810 Downloading from central: https://repo.maven.apache.org/maven2/org/eclipse/angus/angus-activation/2.0.2/angus-activation-2.0.2.jar
#16 8.892 Progress (1): 7.7/69 kBProgress (1): 16/69 kB Progress (1): 32/69 kBProgress (1): 49/69 kBProgress (1): 57/69 kBProgress (2): 57/69 kB | 0/4.2 MBProgress (2): 57/69 kB | 0/4.2 MBProgress (2): 57/69 kB | 0/4.2 MBProgress (2): 57/69 kB | 0/4.2 MBProgress (2): 57/69 kB | 0/4.2 MBProgress (2): 57/69 kB | 0/4.2 MBProgress (2): 57/69 kB | 0/4.2 MBProgress (2): 57/69 kB | 0/4.2 MBProgress (2): 57/69 kB | 0/4.2 MBProgress (2): 57/69 kB | 0/4.2 MBProgress (2): 57/69 kB | 0/4.2 MBProgress (2): 57/69 kB | 0/4.2 MBProgress (2): 57/69 kB | 0/4.2 MBProgress (2): 57/69 kB | 0/4.2 MBProgress (2): 57/69 kB | 0/4.2 MBProgress (2): 57/69 kB | 0/4.2 MBProgress (2): 57/69 kB | 0/4.2 MBProgress (2): 57/69 kB | 0/4.2 MBProgress (2): 57/69 kB | 0/4.2 MBProgress (2): 57/69 kB | 0/4.2 MBProgress (2): 57/69 kB | 0/4.2 MBProgress (2): 57/69 kB | 0/4.2 MBProgress (2): 57/69 kB | 0/4.2 MBProgress (2): 57/69 kB | 0/4.2 MBProgress (2): 57/69 kB | 0/4.2 MBProgress (2): 57/69 kB | 0/4.2 MBProgress (2): 57/69 kB | 0/4.2 MBProgress (3): 57/69 kB | 0/4.2 MB | 0.9/139 kBProgress (4): 57/69 kB | 0/4.2 MB | 0.9/139 kB | 0.9/920 kBProgress (4): 57/69 kB | 0/4.2 MB | 0.9/139 kB | 2.3/920 kBProgress (4): 57/69 kB | 0/4.2 MB | 0.9/139 kB | 3.6/920 kBProgress (4): 57/69 kB | 0/4.2 MB | 0.9/139 kB | 5.0/920 kBProgress (4): 57/69 kB | 0/4.2 MB | 2.3/139 kB | 5.0/920 kBProgress (4): 57/69 kB | 0/4.2 MB | 2.3/139 kB | 6.4/920 kBProgress (4): 57/69 kB | 0/4.2 MB | 3.6/139 kB | 6.4/920 kBProgress (4): 57/69 kB | 0/4.2 MB | 3.6/139 kB | 7.7/920 kBProgress (4): 57/69 kB | 0/4.2 MB | 5.0/139 kB | 7.7/920 kBProgress (4): 57/69 kB | 0/4.2 MB | 5.0/139 kB | 9.1/920 kBProgress (4): 57/69 kB | 0/4.2 MB | 5.0/139 kB | 10/920 kB Progress (4): 57/69 kB | 0/4.2 MB | 6.4/139 kB | 10/920 kBProgress (4): 57/69 kB | 0/4.2 MB | 6.4/139 kB | 12/920 kBProgress (4): 57/69 kB | 0/4.2 MB | 7.7/139 kB | 12/920 kBProgress (4): 57/69 kB | 0/4.2 MB | 7.7/139 kB | 13/920 kBProgress (4): 57/69 kB | 0/4.2 MB | 9.1/139 kB | 13/920 kBProgress (4): 57/69 kB | 0/4.2 MB | 9.1/139 kB | 15/920 kBProgress (4): 57/69 kB | 0/4.2 MB | 9.1/139 kB | 16/920 kBProgress (4): 57/69 kB | 0/4.2 MB | 9.1/139 kB | 17/920 kBProgress (4): 57/69 kB | 0/4.2 MB | 9.1/139 kB | 19/920 kBProgress (4): 57/69 kB | 0/4.2 MB | 9.1/139 kB | 20/920 kBProgress (4): 57/69 kB | 0/4.2 MB | 9.1/139 kB | 21/920 kBProgress (4): 57/69 kB | 0/4.2 MB | 9.1/139 kB | 23/920 kBProgress (4): 57/69 kB | 0/4.2 MB | 9.1/139 kB | 24/920 kBProgress (4): 57/69 kB | 0/4.2 MB | 9.1/139 kB | 26/920 kBProgress (4): 57/69 kB | 0/4.2 MB | 9.1/139 kB | 27/920 kBProgress (4): 57/69 kB | 0/4.2 MB | 9.1/139 kB | 28/920 kBProgress (4): 57/69 kB | 0/4.2 MB | 9.1/139 kB | 30/920 kBProgress (4): 57/69 kB | 0/4.2 MB | 9.1/139 kB | 31/920 kBProgress (4): 57/69 kB | 0/4.2 MB | 9.1/139 kB | 32/920 kBProgress (4): 57/69 kB | 0/4.2 MB | 9.1/139 kB | 34/920 kBProgress (4): 57/69 kB | 0/4.2 MB | 9.1/139 kB | 35/920 kBProgress (4): 57/69 kB | 0/4.2 MB | 9.1/139 kB | 36/920 kBProgress (4): 57/69 kB | 0/4.2 MB | 9.1/139 kB | 38/920 kBProgress (4): 57/69 kB | 0/4.2 MB | 10/139 kB | 38/920 kB Progress (4): 57/69 kB | 0/4.2 MB | 10/139 kB | 39/920 kBProgress (4): 57/69 kB | 0/4.2 MB | 12/139 kB | 39/920 kBProgress (4): 57/69 kB | 0/4.2 MB | 12/139 kB | 41/920 kBProgress (4): 57/69 kB | 0/4.2 MB | 13/139 kB | 41/920 kBProgress (4): 57/69 kB | 0/4.2 MB | 13/139 kB | 42/920 kBProgress (4): 57/69 kB | 0/4.2 MB | 15/139 kB | 42/920 kBProgress (4): 57/69 kB | 0/4.2 MB | 15/139 kB | 43/920 kBProgress (4): 57/69 kB | 0/4.2 MB | 16/139 kB | 43/920 kBProgress (4): 57/69 kB | 0/4.2 MB | 17/139 kB | 43/920 kBProgress (4): 57/69 kB | 0/4.2 MB | 19/139 kB | 43/920 kBProgress (4): 57/69 kB | 0/4.2 MB | 20/139 kB | 43/920 kBProgress (4): 57/69 kB | 0/4.2 MB | 20/139 kB | 45/920 kBProgress (4): 57/69 kB | 0/4.2 MB | 20/139 kB | 46/920 kBProgress (4): 57/69 kB | 0/4.2 MB | 20/139 kB | 47/920 kBProgress (4): 57/69 kB | 0/4.2 MB | 20/139 kB | 49/920 kBProgress (4): 57/69 kB | 0/4.2 MB | 20/139 kB | 50/920 kBProgress (4): 57/69 kB | 0/4.2 MB | 20/139 kB | 52/920 kBProgress (4): 57/69 kB | 0/4.2 MB | 20/139 kB | 53/920 kBProgress (4): 57/69 kB | 0/4.2 MB | 20/139 kB | 54/920 kBProgress (4): 57/69 kB | 0/4.2 MB | 20/139 kB | 56/920 kBProgress (4): 57/69 kB | 0/4.2 MB | 21/139 kB | 56/920 kBProgress (4): 57/69 kB | 0/4.2 MB | 23/139 kB | 56/920 kBProgress (4): 57/69 kB | 0/4.2 MB | 24/139 kB | 56/920 kBProgress (4): 57/69 kB | 0/4.2 MB | 26/139 kB | 56/920 kBProgress (4): 57/69 kB | 0/4.2 MB | 27/139 kB | 56/920 kBProgress (4): 57/69 kB | 0/4.2 MB | 28/139 kB | 56/920 kBProgress (4): 57/69 kB | 0/4.2 MB | 29/139 kB | 56/920 kBProgress (4): 57/69 kB | 0/4.2 MB | 31/139 kB | 56/920 kBProgress (4): 57/69 kB | 0/4.2 MB | 32/139 kB | 56/920 kBProgress (4): 57/69 kB | 0/4.2 MB | 33/139 kB | 56/920 kBProgress (4): 57/69 kB | 0/4.2 MB | 35/139 kB | 56/920 kBProgress (4): 57/69 kB | 0/4.2 MB | 36/139 kB | 56/920 kBProgress (4): 57/69 kB | 0/4.2 MB | 37/139 kB | 56/920 kBProgress (4): 57/69 kB | 0/4.2 MB | 39/139 kB | 56/920 kBProgress (4): 57/69 kB | 0/4.2 MB | 40/139 kB | 56/920 kBProgress (4): 57/69 kB | 0/4.2 MB | 41/139 kB | 56/920 kBProgress (4): 57/69 kB | 0/4.2 MB | 43/139 kB | 56/920 kBProgress (4): 57/69 kB | 0/4.2 MB | 44/139 kB | 56/920 kBProgress (4): 57/69 kB | 0/4.2 MB | 46/139 kB | 56/920 kBProgress (4): 57/69 kB | 0/4.2 MB | 47/139 kB | 56/920 kBProgress (4): 57/69 kB | 0/4.2 MB | 48/139 kB | 56/920 kBProgress (4): 57/69 kB | 0/4.2 MB | 50/139 kB | 56/920 kBProgress (4): 57/69 kB | 0/4.2 MB | 51/139 kB | 56/920 kBProgress (4): 57/69 kB | 0/4.2 MB | 52/139 kB | 56/920 kBProgress (4): 57/69 kB | 0/4.2 MB | 54/139 kB | 56/920 kBProgress (4): 57/69 kB | 0/4.2 MB | 55/139 kB | 56/920 kBProgress (5): 57/69 kB | 0/4.2 MB | 55/139 kB | 56/920 kB | 0.9/27 kBProgress (5): 57/69 kB | 0/4.2 MB | 55/139 kB | 56/920 kB | 2.3/27 kBProgress (5): 57/69 kB | 0/4.2 MB | 59/139 kB | 56/920 kB | 2.3/27 kBProgress (5): 57/69 kB | 0/4.2 MB | 59/139 kB | 56/920 kB | 2.3/27 kBProgress (5): 57/69 kB | 0/4.2 MB | 59/139 kB | 56/920 kB | 3.6/27 kBProgress (5): 57/69 kB | 0/4.2 MB | 59/139 kB | 56/920 kB | 3.6/27 kBProgress (5): 57/69 kB | 0/4.2 MB | 59/139 kB | 56/920 kB | 3.6/27 kBProgress (5): 57/69 kB | 0/4.2 MB | 59/139 kB | 56/920 kB | 3.6/27 kBProgress (5): 57/69 kB | 0/4.2 MB | 59/139 kB | 56/920 kB | 3.6/27 kBProgress (5): 57/69 kB | 0/4.2 MB | 59/139 kB | 56/920 kB | 3.6/27 kBProgress (5): 57/69 kB | 0/4.2 MB | 59/139 kB | 56/920 kB | 3.6/27 kBProgress (5): 57/69 kB | 0/4.2 MB | 59/139 kB | 56/920 kB | 3.6/27 kBProgress (5): 57/69 kB | 0/4.2 MB | 59/139 kB | 56/920 kB | 3.6/27 kBProgress (5): 57/69 kB | 0.1/4.2 MB | 59/139 kB | 56/920 kB | 3.6/27 kBProgress (5): 57/69 kB | 0.1/4.2 MB | 59/139 kB | 56/920 kB | 3.6/27 kBProgress (5): 57/69 kB | 0.1/4.2 MB | 59/139 kB | 56/920 kB | 3.6/27 kBProgress (5): 57/69 kB | 0.1/4.2 MB | 59/139 kB | 56/920 kB | 3.6/27 kBProgress (5): 57/69 kB | 0.1/4.2 MB | 59/139 kB | 56/920 kB | 3.6/27 kBProgress (5): 57/69 kB | 0.1/4.2 MB | 59/139 kB | 56/920 kB | 3.6/27 kBProgress (5): 57/69 kB | 0.1/4.2 MB | 59/139 kB | 56/920 kB | 3.6/27 kBProgress (5): 57/69 kB | 0.1/4.2 MB | 59/139 kB | 56/920 kB | 3.6/27 kBProgress (5): 57/69 kB | 0.1/4.2 MB | 59/139 kB | 56/920 kB | 3.6/27 kBProgress (5): 57/69 kB | 0.1/4.2 MB | 59/139 kB | 56/920 kB | 3.6/27 kBProgress (5): 57/69 kB | 0.1/4.2 MB | 59/139 kB | 56/920 kB | 3.6/27 kBProgress (5): 57/69 kB | 0.1/4.2 MB | 59/139 kB | 56/920 kB | 3.6/27 kBProgress (5): 57/69 kB | 0.1/4.2 MB | 59/139 kB | 56/920 kB | 3.6/27 kBProgress (5): 57/69 kB | 0.1/4.2 MB | 59/139 kB | 56/920 kB | 3.6/27 kBProgress (5): 57/69 kB | 0.1/4.2 MB | 59/139 kB | 56/920 kB | 3.6/27 kBProgress (5): 57/69 kB | 0.1/4.2 MB | 59/139 kB | 56/920 kB | 3.6/27 kBProgress (5): 57/69 kB | 0.1/4.2 MB | 59/139 kB | 60/920 kB | 3.6/27 kBProgress (5): 57/69 kB | 0.1/4.2 MB | 59/139 kB | 61/920 kB | 3.6/27 kBProgress (5): 57/69 kB | 0.1/4.2 MB | 59/139 kB | 65/920 kB | 3.6/27 kBProgress (5): 57/69 kB | 0.1/4.2 MB | 59/139 kB | 65/920 kB | 3.6/27 kBProgress (5): 57/69 kB | 0.1/4.2 MB | 59/139 kB | 69/920 kB | 3.6/27 kBProgress (5): 57/69 kB | 0.1/4.2 MB | 59/139 kB | 73/920 kB | 3.6/27 kBProgress (5): 57/69 kB | 0.1/4.2 MB | 59/139 kB | 77/920 kB | 3.6/27 kBProgress (5): 57/69 kB | 0.1/4.2 MB | 59/139 kB | 82/920 kB | 3.6/27 kBProgress (5): 57/69 kB | 0.1/4.2 MB | 59/139 kB | 86/920 kB | 3.6/27 kBProgress (5): 57/69 kB | 0.1/4.2 MB | 64/139 kB | 86/920 kB | 3.6/27 kBProgress (5): 57/69 kB | 0.1/4.2 MB | 68/139 kB | 86/920 kB | 3.6/27 kBProgress (5): 57/69 kB | 0.1/4.2 MB | 72/139 kB | 86/920 kB | 3.6/27 kBProgress (5): 57/69 kB | 0.1/4.2 MB | 72/139 kB | 90/920 kB | 3.6/27 kBProgress (5): 57/69 kB | 0.1/4.2 MB | 72/139 kB | 94/920 kB | 3.6/27 kBProgress (5): 57/69 kB | 0.1/4.2 MB | 72/139 kB | 99/920 kB | 3.6/27 kBProgress (5): 57/69 kB | 0.1/4.2 MB | 72/139 kB | 103/920 kB | 3.6/27 kBProgress (5): 57/69 kB | 0.1/4.2 MB | 76/139 kB | 103/920 kB | 3.6/27 kBProgress (5): 57/69 kB | 0.1/4.2 MB | 76/139 kB | 107/920 kB | 3.6/27 kBProgress (5): 57/69 kB | 0.1/4.2 MB | 76/139 kB | 111/920 kB | 3.6/27 kBProgress (5): 57/69 kB | 0.1/4.2 MB | 76/139 kB | 115/920 kB | 3.6/27 kBProgress (5): 57/69 kB | 0.1/4.2 MB | 76/139 kB | 115/920 kB | 5.0/27 kBProgress (5): 57/69 kB | 0.1/4.2 MB | 76/139 kB | 115/920 kB | 6.4/27 kBProgress (5): 57/69 kB | 0.1/4.2 MB | 76/139 kB | 115/920 kB | 7.7/27 kBProgress (5): 57/69 kB | 0.1/4.2 MB | 76/139 kB | 115/920 kB | 9.1/27 kBProgress (5): 57/69 kB | 0.1/4.2 MB | 76/139 kB | 115/920 kB | 10/27 kB Progress (5): 57/69 kB | 0.1/4.2 MB | 76/139 kB | 115/920 kB | 12/27 kBProgress (5): 57/69 kB | 0.1/4.2 MB | 76/139 kB | 115/920 kB | 13/27 kBProgress (5): 57/69 kB | 0.1/4.2 MB | 76/139 kB | 115/920 kB | 15/27 kBProgress (5): 57/69 kB | 0.1/4.2 MB | 76/139 kB | 115/920 kB | 16/27 kBProgress (5): 57/69 kB | 0.1/4.2 MB | 76/139 kB | 115/920 kB | 17/27 kBProgress (5): 57/69 kB | 0.1/4.2 MB | 76/139 kB | 115/920 kB | 17/27 kBProgress (5): 57/69 kB | 0.1/4.2 MB | 76/139 kB | 115/920 kB | 17/27 kBProgress (5): 57/69 kB | 0.1/4.2 MB | 76/139 kB | 115/920 kB | 19/27 kBProgress (5): 57/69 kB | 0.1/4.2 MB | 76/139 kB | 115/920 kB | 20/27 kBProgress (5): 57/69 kB | 0.1/4.2 MB | 76/139 kB | 115/920 kB | 21/27 kBProgress (5): 57/69 kB | 0.1/4.2 MB | 76/139 kB | 115/920 kB | 23/27 kBProgress (5): 57/69 kB | 0.1/4.2 MB | 76/139 kB | 115/920 kB | 24/27 kBProgress (5): 57/69 kB | 0.1/4.2 MB | 76/139 kB | 115/920 kB | 26/27 kBProgress (5): 57/69 kB | 0.1/4.2 MB | 76/139 kB | 115/920 kB | 27/27 kBProgress (5): 57/69 kB | 0.1/4.2 MB | 76/139 kB | 115/920 kB | 27 kB                                                                       Downloaded from central: https://repo.maven.apache.org/maven2/org/eclipse/angus/angus-activation/2.0.2/angus-activation-2.0.2.jar (27 kB at 53 kB/s)
#16 9.321 Downloading from central: https://repo.maven.apache.org/maven2/org/glassfish/jaxb/txw2/4.0.5/txw2-4.0.5.jar
#16 9.332 Progress (4): 57/69 kB | 0.1/4.2 MB | 76/139 kB | 120/920 kBProgress (4): 57/69 kB | 0.1/4.2 MB | 76/139 kB | 124/920 kBProgress (4): 57/69 kB | 0.1/4.2 MB | 76/139 kB | 124/920 kBProgress (4): 57/69 kB | 0.1/4.2 MB | 76/139 kB | 124/920 kBProgress (4): 57/69 kB | 0.1/4.2 MB | 76/139 kB | 124/920 kBProgress (4): 57/69 kB | 0.1/4.2 MB | 76/139 kB | 124/920 kBProgress (4): 57/69 kB | 0.1/4.2 MB | 76/139 kB | 128/920 kBProgress (4): 57/69 kB | 0.1/4.2 MB | 76/139 kB | 132/920 kBProgress (4): 57/69 kB | 0.1/4.2 MB | 76/139 kB | 137/920 kBProgress (4): 57/69 kB | 0.1/4.2 MB | 76/139 kB | 141/920 kBProgress (4): 57/69 kB | 0.1/4.2 MB | 76/139 kB | 145/920 kBProgress (4): 57/69 kB | 0.1/4.2 MB | 76/139 kB | 149/920 kBProgress (4): 57/69 kB | 0.1/4.2 MB | 76/139 kB | 154/920 kBProgress (4): 57/69 kB | 0.1/4.2 MB | 76/139 kB | 158/920 kBProgress (4): 57/69 kB | 0.1/4.2 MB | 76/139 kB | 162/920 kBProgress (4): 57/69 kB | 0.1/4.2 MB | 81/139 kB | 162/920 kBProgress (4): 57/69 kB | 0.1/4.2 MB | 85/139 kB | 162/920 kBProgress (4): 57/69 kB | 0.1/4.2 MB | 89/139 kB | 162/920 kBProgress (4): 57/69 kB | 0.1/4.2 MB | 93/139 kB | 162/920 kBProgress (4): 57/69 kB | 0.1/4.2 MB | 97/139 kB | 162/920 kBProgress (4): 57/69 kB | 0.1/4.2 MB | 102/139 kB | 162/920 kBProgress (4): 57/69 kB | 0.1/4.2 MB | 106/139 kB | 162/920 kBProgress (4): 57/69 kB | 0.1/4.2 MB | 110/139 kB | 162/920 kBProgress (4): 57/69 kB | 0.1/4.2 MB | 114/139 kB | 162/920 kBProgress (4): 57/69 kB | 0.1/4.2 MB | 119/139 kB | 162/920 kBProgress (4): 57/69 kB | 0.1/4.2 MB | 123/139 kB | 162/920 kBProgress (4): 57/69 kB | 0.1/4.2 MB | 127/139 kB | 162/920 kBProgress (4): 57/69 kB | 0.1/4.2 MB | 131/139 kB | 162/920 kBProgress (4): 57/69 kB | 0.1/4.2 MB | 136/139 kB | 162/920 kBProgress (4): 57/69 kB | 0.1/4.2 MB | 139 kB | 162/920 kB                                                             Downloaded from central: https://repo.maven.apache.org/maven2/org/glassfish/jaxb/jaxb-core/4.0.5/jaxb-core-4.0.5.jar (139 kB at 243 kB/s)
#16 9.376 Downloading from central: https://repo.maven.apache.org/maven2/com/sun/istack/istack-commons-runtime/4.1.2/istack-commons-runtime-4.1.2.jar
#16 9.380 Progress (3): 57/69 kB | 0.1/4.2 MB | 166/920 kBProgress (3): 57/69 kB | 0.1/4.2 MB | 170/920 kBProgress (3): 57/69 kB | 0.1/4.2 MB | 175/920 kBProgress (3): 57/69 kB | 0.1/4.2 MB | 179/920 kBProgress (3): 57/69 kB | 0.1/4.2 MB | 183/920 kBProgress (3): 57/69 kB | 0.1/4.2 MB | 187/920 kBProgress (3): 57/69 kB | 0.1/4.2 MB | 192/920 kBProgress (3): 57/69 kB | 0.1/4.2 MB | 196/920 kBProgress (3): 69 kB | 0.1/4.2 MB | 196/920 kB                                                Downloaded from central: https://repo.maven.apache.org/maven2/com/fasterxml/classmate/1.6.0/classmate-1.6.0.jar (69 kB at 117 kB/s)
#16 9.388 Downloading from central: https://repo.maven.apache.org/maven2/io/netty/netty-common/4.1.109.Final/netty-common-4.1.109.Final.jar
#16 9.394 Progress (2): 0.1/4.2 MB | 196/920 kBProgress (2): 0.1/4.2 MB | 196/920 kBProgress (2): 0.1/4.2 MB | 196/920 kBProgress (2): 0.1/4.2 MB | 196/920 kBProgress (2): 0.2/4.2 MB | 196/920 kBProgress (2): 0.2/4.2 MB | 200/920 kBProgress (2): 0.2/4.2 MB | 204/920 kBProgress (2): 0.2/4.2 MB | 209/920 kBProgress (2): 0.2/4.2 MB | 213/920 kBProgress (2): 0.2/4.2 MB | 217/920 kBProgress (2): 0.2/4.2 MB | 221/920 kBProgress (2): 0.2/4.2 MB | 238/920 kBProgress (2): 0.2/4.2 MB | 238/920 kBProgress (2): 0.2/4.2 MB | 238/920 kBProgress (3): 0.2/4.2 MB | 238/920 kB | 0.9/73 kBProgress (3): 0.2/4.2 MB | 238/920 kB | 2.3/73 kBProgress (3): 0.2/4.2 MB | 238/920 kB | 3.2/73 kBProgress (3): 0.2/4.2 MB | 238/920 kB | 4.6/73 kBProgress (3): 0.2/4.2 MB | 254/920 kB | 4.6/73 kBProgress (3): 0.2/4.2 MB | 254/920 kB | 5.9/73 kBProgress (3): 0.2/4.2 MB | 254/920 kB | 7.3/73 kBProgress (3): 0.2/4.2 MB | 254/920 kB | 8.7/73 kBProgress (3): 0.2/4.2 MB | 254/920 kB | 10/73 kB Progress (3): 0.2/4.2 MB | 254/920 kB | 11/73 kBProgress (3): 0.2/4.2 MB | 254/920 kB | 13/73 kBProgress (3): 0.2/4.2 MB | 254/920 kB | 13/73 kBProgress (3): 0.2/4.2 MB | 254/920 kB | 13/73 kBProgress (3): 0.2/4.2 MB | 254/920 kB | 13/73 kBProgress (3): 0.2/4.2 MB | 254/920 kB | 13/73 kBProgress (3): 0.2/4.2 MB | 254/920 kB | 13/73 kBProgress (3): 0.2/4.2 MB | 254/920 kB | 13/73 kBProgress (3): 0.2/4.2 MB | 254/920 kB | 14/73 kBProgress (3): 0.2/4.2 MB | 254/920 kB | 16/73 kBProgress (4): 0.2/4.2 MB | 254/920 kB | 16/73 kB | 3.8/26 kBProgress (4): 0.2/4.2 MB | 254/920 kB | 16/73 kB | 8.0/26 kBProgress (4): 0.2/4.2 MB | 254/920 kB | 16/73 kB | 12/26 kB Progress (4): 0.2/4.2 MB | 254/920 kB | 16/73 kB | 16/26 kBProgress (4): 0.2/4.2 MB | 254/920 kB | 16/73 kB | 21/26 kBProgress (4): 0.2/4.2 MB | 254/920 kB | 16/73 kB | 25/26 kBProgress (4): 0.2/4.2 MB | 254/920 kB | 16/73 kB | 26 kB                                                           Downloaded from central: https://repo.maven.apache.org/maven2/com/sun/istack/istack-commons-runtime/4.1.2/istack-commons-runtime-4.1.2.jar (26 kB at 36 kB/s)
#16 9.527 Downloading from central: https://repo.maven.apache.org/maven2/io/projectreactor/reactor-core/3.6.5/reactor-core-3.6.5.jar
#16 9.589 Progress (3): 0.2/4.2 MB | 254/920 kB | 17/73 kBProgress (3): 0.2/4.2 MB | 254/920 kB | 18/73 kBProgress (3): 0.2/4.2 MB | 254/920 kB | 20/73 kBProgress (3): 0.2/4.2 MB | 254/920 kB | 21/73 kBProgress (4): 0.2/4.2 MB | 254/920 kB | 21/73 kB | 7.7/664 kBProgress (4): 0.2/4.2 MB | 254/920 kB | 21/73 kB | 7.7/664 kBProgress (4): 0.2/4.2 MB | 254/920 kB | 21/73 kB | 24/664 kB Progress (5): 0.2/4.2 MB | 254/920 kB | 21/73 kB | 24/664 kB | 0/1.9 MBProgress (5): 0.2/4.2 MB | 254/920 kB | 21/73 kB | 24/664 kB | 0/1.9 MBProgress (5): 0.2/4.2 MB | 254/920 kB | 21/73 kB | 24/664 kB | 0/1.9 MBProgress (5): 0.2/4.2 MB | 254/920 kB | 21/73 kB | 24/664 kB | 0/1.9 MBProgress (5): 0.2/4.2 MB | 254/920 kB | 21/73 kB | 24/664 kB | 0/1.9 MBProgress (5): 0.2/4.2 MB | 254/920 kB | 21/73 kB | 24/664 kB | 0/1.9 MBProgress (5): 0.2/4.2 MB | 254/920 kB | 21/73 kB | 24/664 kB | 0/1.9 MBProgress (5): 0.2/4.2 MB | 254/920 kB | 21/73 kB | 24/664 kB | 0/1.9 MBProgress (5): 0.2/4.2 MB | 254/920 kB | 21/73 kB | 24/664 kB | 0/1.9 MBProgress (5): 0.2/4.2 MB | 254/920 kB | 22/73 kB | 24/664 kB | 0/1.9 MBProgress (5): 0.2/4.2 MB | 254/920 kB | 24/73 kB | 24/664 kB | 0/1.9 MBProgress (5): 0.2/4.2 MB | 254/920 kB | 25/73 kB | 24/664 kB | 0/1.9 MBProgress (5): 0.2/4.2 MB | 254/920 kB | 26/73 kB | 24/664 kB | 0/1.9 MBProgress (5): 0.2/4.2 MB | 254/920 kB | 31/73 kB | 24/664 kB | 0/1.9 MBProgress (5): 0.2/4.2 MB | 254/920 kB | 35/73 kB | 24/664 kB | 0/1.9 MBProgress (5): 0.2/4.2 MB | 254/920 kB | 39/73 kB | 24/664 kB | 0/1.9 MBProgress (5): 0.2/4.2 MB | 254/920 kB | 43/73 kB | 24/664 kB | 0/1.9 MBProgress (5): 0.2/4.2 MB | 254/920 kB | 48/73 kB | 24/664 kB | 0/1.9 MBProgress (5): 0.2/4.2 MB | 254/920 kB | 52/73 kB | 24/664 kB | 0/1.9 MBProgress (5): 0.2/4.2 MB | 254/920 kB | 56/73 kB | 24/664 kB | 0/1.9 MBProgress (5): 0.2/4.2 MB | 254/920 kB | 60/73 kB | 24/664 kB | 0/1.9 MBProgress (5): 0.2/4.2 MB | 254/920 kB | 65/73 kB | 24/664 kB | 0/1.9 MBProgress (5): 0.2/4.2 MB | 254/920 kB | 69/73 kB | 24/664 kB | 0/1.9 MBProgress (5): 0.2/4.2 MB | 270/920 kB | 69/73 kB | 24/664 kB | 0/1.9 MBProgress (5): 0.2/4.2 MB | 287/920 kB | 69/73 kB | 24/664 kB | 0/1.9 MBProgress (5): 0.2/4.2 MB | 287/920 kB | 69/73 kB | 24/664 kB | 0/1.9 MBProgress (5): 0.2/4.2 MB | 287/920 kB | 69/73 kB | 24/664 kB | 0/1.9 MBProgress (5): 0.2/4.2 MB | 287/920 kB | 69/73 kB | 24/664 kB | 0/1.9 MBProgress (5): 0.2/4.2 MB | 287/920 kB | 69/73 kB | 24/664 kB | 0/1.9 MBProgress (5): 0.2/4.2 MB | 287/920 kB | 69/73 kB | 24/664 kB | 0/1.9 MBProgress (5): 0.2/4.2 MB | 287/920 kB | 69/73 kB | 24/664 kB | 0/1.9 MBProgress (5): 0.2/4.2 MB | 287/920 kB | 69/73 kB | 24/664 kB | 0/1.9 MBProgress (5): 0.2/4.2 MB | 287/920 kB | 69/73 kB | 24/664 kB | 0/1.9 MBProgress (5): 0.2/4.2 MB | 287/920 kB | 69/73 kB | 24/664 kB | 0/1.9 MBProgress (5): 0.2/4.2 MB | 287/920 kB | 69/73 kB | 24/664 kB | 0/1.9 MBProgress (5): 0.2/4.2 MB | 303/920 kB | 69/73 kB | 24/664 kB | 0/1.9 MBProgress (5): 0.2/4.2 MB | 319/920 kB | 69/73 kB | 24/664 kB | 0/1.9 MBProgress (5): 0.2/4.2 MB | 323/920 kB | 69/73 kB | 24/664 kB | 0/1.9 MBProgress (5): 0.2/4.2 MB | 339/920 kB | 69/73 kB | 24/664 kB | 0/1.9 MBProgress (5): 0.2/4.2 MB | 339/920 kB | 69/73 kB | 24/664 kB | 0/1.9 MBProgress (5): 0.2/4.2 MB | 339/920 kB | 69/73 kB | 24/664 kB | 0/1.9 MBProgress (5): 0.2/4.2 MB | 355/920 kB | 69/73 kB | 24/664 kB | 0/1.9 MBProgress (5): 0.2/4.2 MB | 372/920 kB | 69/73 kB | 24/664 kB | 0/1.9 MBProgress (5): 0.2/4.2 MB | 388/920 kB | 69/73 kB | 24/664 kB | 0/1.9 MBProgress (5): 0.2/4.2 MB | 405/920 kB | 69/73 kB | 24/664 kB | 0/1.9 MBProgress (5): 0.2/4.2 MB | 421/920 kB | 69/73 kB | 24/664 kB | 0/1.9 MBProgress (5): 0.2/4.2 MB | 421/920 kB | 73/73 kB | 24/664 kB | 0/1.9 MBProgress (5): 0.2/4.2 MB | 421/920 kB | 73 kB | 24/664 kB | 0/1.9 MB                                                                       Downloaded from central: https://repo.maven.apache.org/maven2/org/glassfish/jaxb/txw2/4.0.5/txw2-4.0.5.jar (73 kB at 71 kB/s)
#16 9.844 Downloading from central: https://repo.maven.apache.org/maven2/org/jetbrains/kotlin/kotlin-stdlib-common/1.9.23/kotlin-stdlib-common-1.9.23.jar
#16 9.853 Progress (4): 0.3/4.2 MB | 421/920 kB | 24/664 kB | 0/1.9 MBProgress (4): 0.3/4.2 MB | 421/920 kB | 24/664 kB | 0/1.9 MBProgress (4): 0.3/4.2 MB | 421/920 kB | 24/664 kB | 0/1.9 MBProgress (4): 0.3/4.2 MB | 421/920 kB | 24/664 kB | 0/1.9 MBProgress (4): 0.3/4.2 MB | 421/920 kB | 24/664 kB | 0/1.9 MBProgress (4): 0.3/4.2 MB | 421/920 kB | 24/664 kB | 0.1/1.9 MBProgress (4): 0.3/4.2 MB | 437/920 kB | 24/664 kB | 0.1/1.9 MBProgress (4): 0.3/4.2 MB | 437/920 kB | 24/664 kB | 0.1/1.9 MBProgress (4): 0.3/4.2 MB | 437/920 kB | 24/664 kB | 0.1/1.9 MBProgress (4): 0.3/4.2 MB | 437/920 kB | 24/664 kB | 0.1/1.9 MBProgress (4): 0.3/4.2 MB | 437/920 kB | 24/664 kB | 0.1/1.9 MBProgress (4): 0.3/4.2 MB | 437/920 kB | 24/664 kB | 0.1/1.9 MBProgress (4): 0.3/4.2 MB | 437/920 kB | 24/664 kB | 0.1/1.9 MBProgress (4): 0.3/4.2 MB | 437/920 kB | 24/664 kB | 0.1/1.9 MBProgress (4): 0.3/4.2 MB | 437/920 kB | 24/664 kB | 0.1/1.9 MBProgress (4): 0.3/4.2 MB | 437/920 kB | 24/664 kB | 0.1/1.9 MBProgress (4): 0.3/4.2 MB | 437/920 kB | 40/664 kB | 0.1/1.9 MBProgress (4): 0.3/4.2 MB | 437/920 kB | 57/664 kB | 0.1/1.9 MBProgress (4): 0.3/4.2 MB | 437/920 kB | 73/664 kB | 0.1/1.9 MBProgress (4): 0.3/4.2 MB | 437/920 kB | 90/664 kB | 0.1/1.9 MBProgress (4): 0.3/4.2 MB | 437/920 kB | 106/664 kB | 0.1/1.9 MBProgress (4): 0.3/4.2 MB | 437/920 kB | 122/664 kB | 0.1/1.9 MBProgress (4): 0.3/4.2 MB | 437/920 kB | 139/664 kB | 0.1/1.9 MBProgress (4): 0.3/4.2 MB | 454/920 kB | 139/664 kB | 0.1/1.9 MBProgress (4): 0.3/4.2 MB | 454/920 kB | 139/664 kB | 0.2/1.9 MBProgress (4): 0.3/4.2 MB | 454/920 kB | 155/664 kB | 0.2/1.9 MBProgress (4): 0.3/4.2 MB | 470/920 kB | 155/664 kB | 0.2/1.9 MBProgress (4): 0.3/4.2 MB | 487/920 kB | 155/664 kB | 0.2/1.9 MBProgress (4): 0.3/4.2 MB | 503/920 kB | 155/664 kB | 0.2/1.9 MBProgress (4): 0.3/4.2 MB | 519/920 kB | 155/664 kB | 0.2/1.9 MBProgress (4): 0.3/4.2 MB | 536/920 kB | 155/664 kB | 0.2/1.9 MBProgress (4): 0.3/4.2 MB | 552/920 kB | 155/664 kB | 0.2/1.9 MBProgress (4): 0.3/4.2 MB | 552/920 kB | 155/664 kB | 0.2/1.9 MBProgress (5): 0.3/4.2 MB | 552/920 kB | 155/664 kB | 0.2/1.9 MB | 3.8/227 kBProgress (5): 0.3/4.2 MB | 552/920 kB | 155/664 kB | 0.2/1.9 MB | 8.0/227 kBProgress (5): 0.3/4.2 MB | 552/920 kB | 155/664 kB | 0.2/1.9 MB | 12/227 kB Progress (5): 0.3/4.2 MB | 552/920 kB | 155/664 kB | 0.2/1.9 MB | 16/227 kBProgress (5): 0.3/4.2 MB | 552/920 kB | 155/664 kB | 0.2/1.9 MB | 21/227 kBProgress (5): 0.3/4.2 MB | 552/920 kB | 155/664 kB | 0.2/1.9 MB | 25/227 kBProgress (5): 0.3/4.2 MB | 552/920 kB | 155/664 kB | 0.2/1.9 MB | 25/227 kBProgress (5): 0.3/4.2 MB | 552/920 kB | 155/664 kB | 0.2/1.9 MB | 25/227 kBProgress (5): 0.3/4.2 MB | 552/920 kB | 155/664 kB | 0.2/1.9 MB | 25/227 kBProgress (5): 0.3/4.2 MB | 552/920 kB | 172/664 kB | 0.2/1.9 MB | 25/227 kBProgress (5): 0.3/4.2 MB | 552/920 kB | 172/664 kB | 0.2/1.9 MB | 25/227 kBProgress (5): 0.3/4.2 MB | 552/920 kB | 172/664 kB | 0.2/1.9 MB | 29/227 kBProgress (5): 0.3/4.2 MB | 568/920 kB | 172/664 kB | 0.2/1.9 MB | 29/227 kBProgress (5): 0.3/4.2 MB | 585/920 kB | 172/664 kB | 0.2/1.9 MB | 29/227 kBProgress (5): 0.3/4.2 MB | 601/920 kB | 172/664 kB | 0.2/1.9 MB | 29/227 kBProgress (5): 0.3/4.2 MB | 618/920 kB | 172/664 kB | 0.2/1.9 MB | 29/227 kBProgress (5): 0.3/4.2 MB | 634/920 kB | 172/664 kB | 0.2/1.9 MB | 29/227 kBProgress (5): 0.3/4.2 MB | 634/920 kB | 172/664 kB | 0.2/1.9 MB | 29/227 kBProgress (5): 0.3/4.2 MB | 634/920 kB | 172/664 kB | 0.2/1.9 MB | 29/227 kBProgress (5): 0.4/4.2 MB | 634/920 kB | 172/664 kB | 0.2/1.9 MB | 29/227 kBProgress (5): 0.4/4.2 MB | 634/920 kB | 172/664 kB | 0.2/1.9 MB | 29/227 kBProgress (5): 0.4/4.2 MB | 634/920 kB | 172/664 kB | 0.2/1.9 MB | 33/227 kBProgress (5): 0.4/4.2 MB | 650/920 kB | 172/664 kB | 0.2/1.9 MB | 33/227 kBProgress (5): 0.4/4.2 MB | 650/920 kB | 172/664 kB | 0.2/1.9 MB | 38/227 kBProgress (5): 0.4/4.2 MB | 650/920 kB | 172/664 kB | 0.2/1.9 MB | 38/227 kBProgress (5): 0.4/4.2 MB | 650/920 kB | 188/664 kB | 0.2/1.9 MB | 38/227 kBProgress (5): 0.4/4.2 MB | 650/920 kB | 197/664 kB | 0.2/1.9 MB | 38/227 kBProgress (5): 0.4/4.2 MB | 650/920 kB | 197/664 kB | 0.2/1.9 MB | 42/227 kBProgress (5): 0.4/4.2 MB | 650/920 kB | 197/664 kB | 0.2/1.9 MB | 46/227 kBProgress (5): 0.4/4.2 MB | 650/920 kB | 197/664 kB | 0.2/1.9 MB | 50/227 kBProgress (5): 0.4/4.2 MB | 650/920 kB | 197/664 kB | 0.2/1.9 MB | 54/227 kBProgress (5): 0.4/4.2 MB | 650/920 kB | 197/664 kB | 0.2/1.9 MB | 57/227 kBProgress (5): 0.4/4.2 MB | 650/920 kB | 197/664 kB | 0.2/1.9 MB | 62/227 kBProgress (5): 0.4/4.2 MB | 650/920 kB | 197/664 kB | 0.2/1.9 MB | 66/227 kBProgress (5): 0.4/4.2 MB | 650/920 kB | 197/664 kB | 0.2/1.9 MB | 70/227 kBProgress (5): 0.4/4.2 MB | 650/920 kB | 197/664 kB | 0.2/1.9 MB | 74/227 kBProgress (5): 0.4/4.2 MB | 650/920 kB | 197/664 kB | 0.2/1.9 MB | 78/227 kBProgress (5): 0.4/4.2 MB | 650/920 kB | 197/664 kB | 0.2/1.9 MB | 83/227 kBProgress (5): 0.4/4.2 MB | 667/920 kB | 197/664 kB | 0.2/1.9 MB | 83/227 kBProgress (5): 0.4/4.2 MB | 683/920 kB | 197/664 kB | 0.2/1.9 MB | 83/227 kBProgress (5): 0.4/4.2 MB | 699/920 kB | 197/664 kB | 0.2/1.9 MB | 83/227 kBProgress (5): 0.4/4.2 MB | 716/920 kB | 197/664 kB | 0.2/1.9 MB | 83/227 kBProgress (5): 0.4/4.2 MB | 732/920 kB | 197/664 kB | 0.2/1.9 MB | 83/227 kBProgress (5): 0.4/4.2 MB | 749/920 kB | 197/664 kB | 0.2/1.9 MB | 83/227 kBProgress (5): 0.4/4.2 MB | 749/920 kB | 197/664 kB | 0.2/1.9 MB | 87/227 kBProgress (5): 0.4/4.2 MB | 749/920 kB | 197/664 kB | 0.2/1.9 MB | 91/227 kBProgress (5): 0.4/4.2 MB | 749/920 kB | 213/664 kB | 0.2/1.9 MB | 91/227 kBProgress (5): 0.4/4.2 MB | 749/920 kB | 213/664 kB | 0.3/1.9 MB | 91/227 kBProgress (5): 0.4/4.2 MB | 749/920 kB | 229/664 kB | 0.3/1.9 MB | 91/227 kBProgress (5): 0.4/4.2 MB | 749/920 kB | 229/664 kB | 0.3/1.9 MB | 95/227 kBProgress (5): 0.4/4.2 MB | 749/920 kB | 229/664 kB | 0.3/1.9 MB | 95/227 kBProgress (5): 0.4/4.2 MB | 749/920 kB | 246/664 kB | 0.3/1.9 MB | 95/227 kBProgress (5): 0.4/4.2 MB | 749/920 kB | 262/664 kB | 0.3/1.9 MB | 95/227 kBProgress (5): 0.4/4.2 MB | 749/920 kB | 279/664 kB | 0.3/1.9 MB | 95/227 kBProgress (5): 0.4/4.2 MB | 749/920 kB | 279/664 kB | 0.3/1.9 MB | 95/227 kBProgress (5): 0.4/4.2 MB | 749/920 kB | 295/664 kB | 0.3/1.9 MB | 95/227 kBProgress (5): 0.4/4.2 MB | 749/920 kB | 311/664 kB | 0.3/1.9 MB | 95/227 kBProgress (5): 0.4/4.2 MB | 749/920 kB | 311/664 kB | 0.3/1.9 MB | 95/227 kBProgress (5): 0.4/4.2 MB | 749/920 kB | 311/664 kB | 0.3/1.9 MB | 95/227 kBProgress (5): 0.4/4.2 MB | 749/920 kB | 311/664 kB | 0.3/1.9 MB | 95/227 kBProgress (5): 0.4/4.2 MB | 749/920 kB | 311/664 kB | 0.4/1.9 MB | 95/227 kBProgress (5): 0.4/4.2 MB | 749/920 kB | 311/664 kB | 0.4/1.9 MB | 95/227 kBProgress (5): 0.4/4.2 MB | 765/920 kB | 311/664 kB | 0.4/1.9 MB | 95/227 kBProgress (5): 0.4/4.2 MB | 781/920 kB | 311/664 kB | 0.4/1.9 MB | 95/227 kBProgress (5): 0.4/4.2 MB | 798/920 kB | 311/664 kB | 0.4/1.9 MB | 95/227 kBProgress (5): 0.4/4.2 MB | 814/920 kB | 311/664 kB | 0.4/1.9 MB | 95/227 kBProgress (5): 0.4/4.2 MB | 831/920 kB | 311/664 kB | 0.4/1.9 MB | 95/227 kBProgress (5): 0.4/4.2 MB | 847/920 kB | 311/664 kB | 0.4/1.9 MB | 95/227 kBProgress (5): 0.4/4.2 MB | 863/920 kB | 311/664 kB | 0.4/1.9 MB | 95/227 kBProgress (5): 0.4/4.2 MB | 880/920 kB | 311/664 kB | 0.4/1.9 MB | 95/227 kBProgress (5): 0.4/4.2 MB | 880/920 kB | 311/664 kB | 0.4/1.9 MB | 95/227 kBProgress (5): 0.4/4.2 MB | 880/920 kB | 311/664 kB | 0.4/1.9 MB | 100/227 kBProgress (5): 0.4/4.2 MB | 896/920 kB | 311/664 kB | 0.4/1.9 MB | 100/227 kBProgress (5): 0.4/4.2 MB | 896/920 kB | 328/664 kB | 0.4/1.9 MB | 100/227 kBProgress (5): 0.4/4.2 MB | 912/920 kB | 328/664 kB | 0.4/1.9 MB | 100/227 kBProgress (5): 0.4/4.2 MB | 912/920 kB | 328/664 kB | 0.4/1.9 MB | 104/227 kBProgress (5): 0.4/4.2 MB | 920 kB | 328/664 kB | 0.4/1.9 MB | 104/227 kB    Progress (5): 0.4/4.2 MB | 920 kB | 328/664 kB | 0.4/1.9 MB | 104/227 kBProgress (5): 0.4/4.2 MB | 920 kB | 328/664 kB | 0.4/1.9 MB | 108/227 kB                                                                        Downloaded from central: https://repo.maven.apache.org/maven2/org/glassfish/jaxb/jaxb-runtime/4.0.5/jaxb-runtime-4.0.5.jar (920 kB at 482 kB/s)
#16 10.71 Downloading from central: https://repo.maven.apache.org/maven2/org/jetbrains/kotlin/kotlin-stdlib-jdk8/1.9.23/kotlin-stdlib-jdk8-1.9.23.jar
#16 10.71 Progress (4): 0.4/4.2 MB | 344/664 kB | 0.4/1.9 MB | 108/227 kBProgress (4): 0.4/4.2 MB | 344/664 kB | 0.4/1.9 MB | 108/227 kBProgress (4): 0.4/4.2 MB | 344/664 kB | 0.4/1.9 MB | 112/227 kBProgress (4): 0.4/4.2 MB | 344/664 kB | 0.4/1.9 MB | 117/227 kBProgress (4): 0.4/4.2 MB | 344/664 kB | 0.4/1.9 MB | 117/227 kBProgress (4): 0.4/4.2 MB | 344/664 kB | 0.4/1.9 MB | 117/227 kBProgress (5): 0.4/4.2 MB | 344/664 kB | 0.4/1.9 MB | 117/227 kB | 968 B                                                                       Downloaded from central: https://repo.maven.apache.org/maven2/org/jetbrains/kotlin/kotlin-stdlib-jdk8/1.9.23/kotlin-stdlib-jdk8-1.9.23.jar (968 B at 474 B/s)
#16 10.85 Downloading from central: https://repo.maven.apache.org/maven2/org/jetbrains/kotlin/kotlin-stdlib/1.9.23/kotlin-stdlib-1.9.23.jar
#16 10.89 Progress (4): 0.4/4.2 MB | 360/664 kB | 0.4/1.9 MB | 117/227 kBProgress (4): 0.4/4.2 MB | 377/664 kB | 0.4/1.9 MB | 117/227 kBProgress (4): 0.4/4.2 MB | 377/664 kB | 0.4/1.9 MB | 117/227 kBProgress (4): 0.4/4.2 MB | 377/664 kB | 0.4/1.9 MB | 133/227 kBProgress (4): 0.4/4.2 MB | 377/664 kB | 0.4/1.9 MB | 139/227 kBProgress (4): 0.4/4.2 MB | 377/664 kB | 0.4/1.9 MB | 139/227 kBProgress (4): 0.4/4.2 MB | 377/664 kB | 0.4/1.9 MB | 156/227 kBProgress (4): 0.4/4.2 MB | 377/664 kB | 0.4/1.9 MB | 172/227 kBProgress (4): 0.4/4.2 MB | 377/664 kB | 0.5/1.9 MB | 172/227 kBProgress (4): 0.4/4.2 MB | 393/664 kB | 0.5/1.9 MB | 172/227 kBProgress (4): 0.4/4.2 MB | 393/664 kB | 0.5/1.9 MB | 172/227 kBProgress (4): 0.4/4.2 MB | 393/664 kB | 0.5/1.9 MB | 172/227 kBProgress (4): 0.4/4.2 MB | 393/664 kB | 0.5/1.9 MB | 172/227 kBProgress (4): 0.4/4.2 MB | 393/664 kB | 0.5/1.9 MB | 172/227 kBProgress (4): 0.4/4.2 MB | 393/664 kB | 0.5/1.9 MB | 172/227 kBProgress (4): 0.4/4.2 MB | 393/664 kB | 0.5/1.9 MB | 172/227 kBProgress (4): 0.5/4.2 MB | 393/664 kB | 0.5/1.9 MB | 172/227 kBProgress (4): 0.5/4.2 MB | 410/664 kB | 0.5/1.9 MB | 172/227 kBProgress (4): 0.5/4.2 MB | 426/664 kB | 0.5/1.9 MB | 172/227 kBProgress (4): 0.5/4.2 MB | 426/664 kB | 0.5/1.9 MB | 172/227 kBProgress (4): 0.5/4.2 MB | 426/664 kB | 0.5/1.9 MB | 172/227 kBProgress (4): 0.5/4.2 MB | 442/664 kB | 0.5/1.9 MB | 172/227 kBProgress (4): 0.5/4.2 MB | 459/664 kB | 0.5/1.9 MB | 172/227 kBProgress (5): 0.5/4.2 MB | 459/664 kB | 0.5/1.9 MB | 172/227 kB | 0/1.7 MBProgress (5): 0.5/4.2 MB | 459/664 kB | 0.5/1.9 MB | 188/227 kB | 0/1.7 MBProgress (5): 0.5/4.2 MB | 459/664 kB | 0.5/1.9 MB | 188/227 kB | 0/1.7 MBProgress (5): 0.5/4.2 MB | 459/664 kB | 0.5/1.9 MB | 188/227 kB | 0/1.7 MBProgress (5): 0.5/4.2 MB | 475/664 kB | 0.5/1.9 MB | 188/227 kB | 0/1.7 MBProgress (5): 0.5/4.2 MB | 475/664 kB | 0.6/1.9 MB | 188/227 kB | 0/1.7 MBProgress (5): 0.5/4.2 MB | 475/664 kB | 0.6/1.9 MB | 205/227 kB | 0/1.7 MBProgress (5): 0.5/4.2 MB | 492/664 kB | 0.6/1.9 MB | 205/227 kB | 0/1.7 MBProgress (5): 0.5/4.2 MB | 492/664 kB | 0.6/1.9 MB | 205/227 kB | 0/1.7 MBProgress (5): 0.5/4.2 MB | 492/664 kB | 0.6/1.9 MB | 205/227 kB | 0/1.7 MBProgress (5): 0.5/4.2 MB | 492/664 kB | 0.6/1.9 MB | 205/227 kB | 0.1/1.7 MBProgress (5): 0.5/4.2 MB | 508/664 kB | 0.6/1.9 MB | 205/227 kB | 0.1/1.7 MBProgress (5): 0.5/4.2 MB | 524/664 kB | 0.6/1.9 MB | 205/227 kB | 0.1/1.7 MBProgress (5): 0.5/4.2 MB | 524/664 kB | 0.6/1.9 MB | 205/227 kB | 0.1/1.7 MBProgress (5): 0.5/4.2 MB | 524/664 kB | 0.6/1.9 MB | 205/227 kB | 0.1/1.7 MBProgress (5): 0.5/4.2 MB | 524/664 kB | 0.6/1.9 MB | 205/227 kB | 0.1/1.7 MBProgress (5): 0.6/4.2 MB | 524/664 kB | 0.6/1.9 MB | 205/227 kB | 0.1/1.7 MBProgress (5): 0.6/4.2 MB | 541/664 kB | 0.6/1.9 MB | 205/227 kB | 0.1/1.7 MBProgress (5): 0.6/4.2 MB | 541/664 kB | 0.6/1.9 MB | 205/227 kB | 0.1/1.7 MBProgress (5): 0.6/4.2 MB | 541/664 kB | 0.6/1.9 MB | 205/227 kB | 0.1/1.7 MBProgress (5): 0.6/4.2 MB | 541/664 kB | 0.6/1.9 MB | 205/227 kB | 0.1/1.7 MBProgress (5): 0.6/4.2 MB | 541/664 kB | 0.6/1.9 MB | 205/227 kB | 0.1/1.7 MBProgress (5): 0.6/4.2 MB | 541/664 kB | 0.7/1.9 MB | 205/227 kB | 0.1/1.7 MBProgress (5): 0.6/4.2 MB | 541/664 kB | 0.7/1.9 MB | 205/227 kB | 0.1/1.7 MBProgress (5): 0.6/4.2 MB | 541/664 kB | 0.7/1.9 MB | 205/227 kB | 0.1/1.7 MBProgress (5): 0.6/4.2 MB | 541/664 kB | 0.7/1.9 MB | 205/227 kB | 0.1/1.7 MBProgress (5): 0.6/4.2 MB | 541/664 kB | 0.7/1.9 MB | 221/227 kB | 0.1/1.7 MBProgress (5): 0.6/4.2 MB | 557/664 kB | 0.7/1.9 MB | 221/227 kB | 0.1/1.7 MBProgress (5): 0.6/4.2 MB | 557/664 kB | 0.7/1.9 MB | 227 kB | 0.1/1.7 MB    Progress (5): 0.6/4.2 MB | 573/664 kB | 0.7/1.9 MB | 227 kB | 0.1/1.7 MB                                                                        Downloaded from central: https://repo.maven.apache.org/maven2/org/jetbrains/kotlin/kotlin-stdlib-common/1.9.23/kotlin-stdlib-common-1.9.23.jar (227 kB at 89 kB/s)
#16 11.36 Downloading from central: https://repo.maven.apache.org/maven2/org/jetbrains/kotlin/kotlin-stdlib-jdk7/1.9.23/kotlin-stdlib-jdk7-1.9.23.jar
#16 11.38 Progress (4): 0.6/4.2 MB | 573/664 kB | 0.7/1.9 MB | 0.1/1.7 MBProgress (4): 0.6/4.2 MB | 590/664 kB | 0.7/1.9 MB | 0.1/1.7 MBProgress (4): 0.6/4.2 MB | 590/664 kB | 0.7/1.9 MB | 0.1/1.7 MBProgress (4): 0.6/4.2 MB | 590/664 kB | 0.7/1.9 MB | 0.1/1.7 MBProgress (4): 0.6/4.2 MB | 590/664 kB | 0.7/1.9 MB | 0.1/1.7 MBProgress (4): 0.6/4.2 MB | 590/664 kB | 0.7/1.9 MB | 0.1/1.7 MBProgress (4): 0.6/4.2 MB | 590/664 kB | 0.7/1.9 MB | 0.1/1.7 MBProgress (4): 0.6/4.2 MB | 590/664 kB | 0.7/1.9 MB | 0.1/1.7 MBProgress (4): 0.6/4.2 MB | 590/664 kB | 0.7/1.9 MB | 0.2/1.7 MBProgress (4): 0.6/4.2 MB | 590/664 kB | 0.7/1.9 MB | 0.2/1.7 MBProgress (4): 0.6/4.2 MB | 590/664 kB | 0.7/1.9 MB | 0.2/1.7 MBProgress (4): 0.6/4.2 MB | 590/664 kB | 0.7/1.9 MB | 0.2/1.7 MBProgress (4): 0.6/4.2 MB | 590/664 kB | 0.7/1.9 MB | 0.2/1.7 MBProgress (4): 0.6/4.2 MB | 606/664 kB | 0.7/1.9 MB | 0.2/1.7 MBProgress (4): 0.6/4.2 MB | 606/664 kB | 0.7/1.9 MB | 0.2/1.7 MBProgress (4): 0.6/4.2 MB | 623/664 kB | 0.7/1.9 MB | 0.2/1.7 MBProgress (4): 0.6/4.2 MB | 623/664 kB | 0.7/1.9 MB | 0.2/1.7 MBProgress (4): 0.6/4.2 MB | 623/664 kB | 0.7/1.9 MB | 0.2/1.7 MBProgress (4): 0.6/4.2 MB | 623/664 kB | 0.7/1.9 MB | 0.2/1.7 MBProgress (4): 0.6/4.2 MB | 639/664 kB | 0.7/1.9 MB | 0.2/1.7 MBProgress (4): 0.6/4.2 MB | 639/664 kB | 0.7/1.9 MB | 0.3/1.7 MBProgress (4): 0.6/4.2 MB | 639/664 kB | 0.7/1.9 MB | 0.3/1.7 MBProgress (4): 0.6/4.2 MB | 639/664 kB | 0.7/1.9 MB | 0.3/1.7 MBProgress (4): 0.6/4.2 MB | 639/664 kB | 0.7/1.9 MB | 0.3/1.7 MBProgress (4): 0.6/4.2 MB | 655/664 kB | 0.7/1.9 MB | 0.3/1.7 MBProgress (4): 0.6/4.2 MB | 655/664 kB | 0.7/1.9 MB | 0.3/1.7 MBProgress (4): 0.6/4.2 MB | 655/664 kB | 0.7/1.9 MB | 0.3/1.7 MBProgress (4): 0.6/4.2 MB | 655/664 kB | 0.8/1.9 MB | 0.3/1.7 MBProgress (5): 0.6/4.2 MB | 655/664 kB | 0.8/1.9 MB | 0.3/1.7 MB | 961 BProgress (5): 0.6/4.2 MB | 655/664 kB | 0.8/1.9 MB | 0.3/1.7 MB | 961 B                                                                       Downloaded from central: https://repo.maven.apache.org/maven2/org/jetbrains/kotlin/kotlin-stdlib-jdk7/1.9.23/kotlin-stdlib-jdk7-1.9.23.jar (961 B at 350 B/s)
#16 11.55 Downloading from central: https://repo.maven.apache.org/maven2/org/apache/commons/commons-lang3/3.13.0/commons-lang3-3.13.0.jar
#16 11.58 Progress (4): 0.6/4.2 MB | 655/664 kB | 0.8/1.9 MB | 0.3/1.7 MBProgress (4): 0.6/4.2 MB | 655/664 kB | 0.8/1.9 MB | 0.3/1.7 MBProgress (4): 0.6/4.2 MB | 655/664 kB | 0.8/1.9 MB | 0.3/1.7 MBProgress (4): 0.6/4.2 MB | 655/664 kB | 0.8/1.9 MB | 0.3/1.7 MBProgress (4): 0.6/4.2 MB | 655/664 kB | 0.8/1.9 MB | 0.3/1.7 MBProgress (4): 0.6/4.2 MB | 655/664 kB | 0.8/1.9 MB | 0.3/1.7 MBProgress (4): 0.7/4.2 MB | 655/664 kB | 0.8/1.9 MB | 0.3/1.7 MBProgress (4): 0.7/4.2 MB | 655/664 kB | 0.8/1.9 MB | 0.3/1.7 MBProgress (4): 0.7/4.2 MB | 655/664 kB | 0.8/1.9 MB | 0.3/1.7 MBProgress (4): 0.7/4.2 MB | 655/664 kB | 0.8/1.9 MB | 0.3/1.7 MBProgress (4): 0.7/4.2 MB | 655/664 kB | 0.8/1.9 MB | 0.3/1.7 MBProgress (4): 0.7/4.2 MB | 655/664 kB | 0.8/1.9 MB | 0.3/1.7 MBProgress (4): 0.7/4.2 MB | 655/664 kB | 0.8/1.9 MB | 0.4/1.7 MBProgress (4): 0.7/4.2 MB | 655/664 kB | 0.8/1.9 MB | 0.4/1.7 MBProgress (4): 0.7/4.2 MB | 655/664 kB | 0.8/1.9 MB | 0.4/1.7 MBProgress (4): 0.7/4.2 MB | 655/664 kB | 0.9/1.9 MB | 0.4/1.7 MBProgress (4): 0.7/4.2 MB | 655/664 kB | 0.9/1.9 MB | 0.4/1.7 MBProgress (4): 0.7/4.2 MB | 655/664 kB | 0.9/1.9 MB | 0.4/1.7 MBProgress (5): 0.7/4.2 MB | 655/664 kB | 0.9/1.9 MB | 0.4/1.7 MB | 7.7/632 kBProgress (5): 0.7/4.2 MB | 655/664 kB | 0.9/1.9 MB | 0.4/1.7 MB | 16/632 kB Progress (5): 0.7/4.2 MB | 655/664 kB | 0.9/1.9 MB | 0.4/1.7 MB | 16/632 kBProgress (5): 0.7/4.2 MB | 655/664 kB | 0.9/1.9 MB | 0.4/1.7 MB | 24/632 kBProgress (5): 0.7/4.2 MB | 655/664 kB | 0.9/1.9 MB | 0.4/1.7 MB | 24/632 kBProgress (5): 0.7/4.2 MB | 655/664 kB | 0.9/1.9 MB | 0.4/1.7 MB | 24/632 kBProgress (5): 0.7/4.2 MB | 655/664 kB | 0.9/1.9 MB | 0.4/1.7 MB | 24/632 kBProgress (5): 0.7/4.2 MB | 655/664 kB | 0.9/1.9 MB | 0.4/1.7 MB | 24/632 kBProgress (5): 0.7/4.2 MB | 655/664 kB | 0.9/1.9 MB | 0.4/1.7 MB | 24/632 kBProgress (5): 0.7/4.2 MB | 655/664 kB | 0.9/1.9 MB | 0.4/1.7 MB | 40/632 kBProgress (5): 0.7/4.2 MB | 655/664 kB | 0.9/1.9 MB | 0.4/1.7 MB | 40/632 kBProgress (5): 0.7/4.2 MB | 655/664 kB | 1.0/1.9 MB | 0.4/1.7 MB | 40/632 kBProgress (5): 0.7/4.2 MB | 655/664 kB | 1.0/1.9 MB | 0.4/1.7 MB | 40/632 kBProgress (5): 0.7/4.2 MB | 655/664 kB | 1.0/1.9 MB | 0.4/1.7 MB | 40/632 kBProgress (5): 0.7/4.2 MB | 655/664 kB | 1.0/1.9 MB | 0.4/1.7 MB | 40/632 kBProgress (5): 0.7/4.2 MB | 655/664 kB | 1.0/1.9 MB | 0.4/1.7 MB | 57/632 kBProgress (5): 0.7/4.2 MB | 664 kB | 1.0/1.9 MB | 0.4/1.7 MB | 57/632 kB                                                                           Downloaded from central: https://repo.maven.apache.org/maven2/io/netty/netty-common/4.1.109.Final/netty-common-4.1.109.Final.jar (664 kB at 210 kB/s)
#16 11.97 Downloading from central: https://repo.maven.apache.org/maven2/com/google/http-client/google-http-client-gson/1.42.3/google-http-client-gson-1.42.3.jar
#16 11.97 Progress (4): 0.7/4.2 MB | 1.0/1.9 MB | 0.4/1.7 MB | 57/632 kBProgress (4): 0.7/4.2 MB | 1.0/1.9 MB | 0.4/1.7 MB | 57/632 kBProgress (4): 0.7/4.2 MB | 1.0/1.9 MB | 0.4/1.7 MB | 66/632 kBProgress (4): 0.7/4.2 MB | 1.0/1.9 MB | 0.4/1.7 MB | 82/632 kBProgress (4): 0.8/4.2 MB | 1.0/1.9 MB | 0.4/1.7 MB | 82/632 kBProgress (4): 0.8/4.2 MB | 1.0/1.9 MB | 0.4/1.7 MB | 82/632 kBProgress (4): 0.8/4.2 MB | 1.0/1.9 MB | 0.4/1.7 MB | 82/632 kBProgress (4): 0.8/4.2 MB | 1.0/1.9 MB | 0.4/1.7 MB | 82/632 kBProgress (4): 0.8/4.2 MB | 1.0/1.9 MB | 0.4/1.7 MB | 82/632 kBProgress (4): 0.8/4.2 MB | 1.1/1.9 MB | 0.4/1.7 MB | 82/632 kBProgress (4): 0.8/4.2 MB | 1.1/1.9 MB | 0.4/1.7 MB | 82/632 kBProgress (4): 0.8/4.2 MB | 1.1/1.9 MB | 0.4/1.7 MB | 82/632 kBProgress (4): 0.8/4.2 MB | 1.1/1.9 MB | 0.4/1.7 MB | 98/632 kBProgress (4): 0.8/4.2 MB | 1.1/1.9 MB | 0.5/1.7 MB | 98/632 kBProgress (4): 0.8/4.2 MB | 1.1/1.9 MB | 0.5/1.7 MB | 98/632 kBProgress (4): 0.8/4.2 MB | 1.1/1.9 MB | 0.5/1.7 MB | 98/632 kBProgress (4): 0.8/4.2 MB | 1.1/1.9 MB | 0.5/1.7 MB | 98/632 kBProgress (4): 0.8/4.2 MB | 1.1/1.9 MB | 0.5/1.7 MB | 98/632 kBProgress (4): 0.8/4.2 MB | 1.1/1.9 MB | 0.5/1.7 MB | 98/632 kBProgress (4): 0.8/4.2 MB | 1.1/1.9 MB | 0.5/1.7 MB | 98/632 kBProgress (4): 0.8/4.2 MB | 1.1/1.9 MB | 0.5/1.7 MB | 98/632 kBProgress (4): 0.8/4.2 MB | 1.1/1.9 MB | 0.6/1.7 MB | 98/632 kBProgress (4): 0.8/4.2 MB | 1.1/1.9 MB | 0.6/1.7 MB | 98/632 kBProgress (4): 0.8/4.2 MB | 1.1/1.9 MB | 0.6/1.7 MB | 98/632 kBProgress (4): 0.8/4.2 MB | 1.1/1.9 MB | 0.6/1.7 MB | 98/632 kBProgress (4): 0.8/4.2 MB | 1.1/1.9 MB | 0.6/1.7 MB | 98/632 kBProgress (4): 0.8/4.2 MB | 1.1/1.9 MB | 0.6/1.7 MB | 115/632 kBProgress (4): 0.8/4.2 MB | 1.1/1.9 MB | 0.6/1.7 MB | 115/632 kBProgress (4): 0.8/4.2 MB | 1.1/1.9 MB | 0.6/1.7 MB | 115/632 kBProgress (4): 0.8/4.2 MB | 1.1/1.9 MB | 0.6/1.7 MB | 115/632 kBProgress (5): 0.8/4.2 MB | 1.1/1.9 MB | 0.6/1.7 MB | 115/632 kB | 7.7/11 kBProgress (5): 0.8/4.2 MB | 1.1/1.9 MB | 0.6/1.7 MB | 115/632 kB | 11 kB                                                                           Downloaded from central: https://repo.maven.apache.org/maven2/com/google/http-client/google-http-client-gson/1.42.3/google-http-client-gson-1.42.3.jar (11 kB at 3.1 kB/s)
#16 12.19 Downloading from central: https://repo.maven.apache.org/maven2/com/google/http-client/google-http-client-apache-v2/1.42.3/google-http-client-apache-v2-1.42.3.jar
#16 12.19 Progress (4): 0.8/4.2 MB | 1.1/1.9 MB | 0.6/1.7 MB | 115/632 kBProgress (4): 0.8/4.2 MB | 1.1/1.9 MB | 0.7/1.7 MB | 115/632 kBProgress (4): 0.8/4.2 MB | 1.1/1.9 MB | 0.7/1.7 MB | 131/632 kBProgress (4): 0.8/4.2 MB | 1.1/1.9 MB | 0.7/1.7 MB | 131/632 kBProgress (4): 0.8/4.2 MB | 1.1/1.9 MB | 0.7/1.7 MB | 131/632 kBProgress (4): 0.8/4.2 MB | 1.1/1.9 MB | 0.7/1.7 MB | 147/632 kBProgress (5): 0.8/4.2 MB | 1.1/1.9 MB | 0.7/1.7 MB | 147/632 kB | 7.7/11 kBProgress (5): 0.8/4.2 MB | 1.1/1.9 MB | 0.7/1.7 MB | 147/632 kB | 11 kB                                                                           Downloaded from central: https://repo.maven.apache.org/maven2/com/google/http-client/google-http-client-apache-v2/1.42.3/google-http-client-apache-v2-1.42.3.jar (11 kB at 2.9 kB/s)
#16 12.53 Downloading from central: https://repo.maven.apache.org/maven2/org/slf4j/slf4j-api/2.0.13/slf4j-api-2.0.13.jar
#16 12.53 Progress (4): 0.8/4.2 MB | 1.1/1.9 MB | 0.7/1.7 MB | 164/632 kBProgress (4): 0.8/4.2 MB | 1.1/1.9 MB | 0.7/1.7 MB | 164/632 kBProgress (4): 0.8/4.2 MB | 1.1/1.9 MB | 0.7/1.7 MB | 180/632 kBProgress (4): 0.8/4.2 MB | 1.1/1.9 MB | 0.7/1.7 MB | 180/632 kBProgress (4): 0.8/4.2 MB | 1.1/1.9 MB | 0.7/1.7 MB | 180/632 kBProgress (4): 0.8/4.2 MB | 1.1/1.9 MB | 0.7/1.7 MB | 180/632 kBProgress (4): 0.8/4.2 MB | 1.2/1.9 MB | 0.7/1.7 MB | 180/632 kBProgress (4): 0.8/4.2 MB | 1.2/1.9 MB | 0.7/1.7 MB | 180/632 kBProgress (4): 0.8/4.2 MB | 1.2/1.9 MB | 0.7/1.7 MB | 197/632 kBProgress (4): 0.8/4.2 MB | 1.2/1.9 MB | 0.7/1.7 MB | 213/632 kBProgress (4): 0.8/4.2 MB | 1.2/1.9 MB | 0.7/1.7 MB | 213/632 kBProgress (4): 0.8/4.2 MB | 1.2/1.9 MB | 0.7/1.7 MB | 213/632 kBProgress (4): 0.8/4.2 MB | 1.2/1.9 MB | 0.7/1.7 MB | 213/632 kBProgress (4): 0.8/4.2 MB | 1.2/1.9 MB | 0.7/1.7 MB | 213/632 kBProgress (4): 0.8/4.2 MB | 1.2/1.9 MB | 0.7/1.7 MB | 213/632 kBProgress (4): 0.8/4.2 MB | 1.2/1.9 MB | 0.7/1.7 MB | 213/632 kBProgress (4): 0.8/4.2 MB | 1.2/1.9 MB | 0.7/1.7 MB | 213/632 kBProgress (4): 0.8/4.2 MB | 1.2/1.9 MB | 0.7/1.7 MB | 213/632 kBProgress (4): 0.8/4.2 MB | 1.2/1.9 MB | 0.8/1.7 MB | 213/632 kBProgress (4): 0.8/4.2 MB | 1.2/1.9 MB | 0.8/1.7 MB | 213/632 kBProgress (4): 0.8/4.2 MB | 1.2/1.9 MB | 0.8/1.7 MB | 213/632 kBProgress (4): 0.8/4.2 MB | 1.2/1.9 MB | 0.8/1.7 MB | 213/632 kBProgress (4): 0.8/4.2 MB | 1.2/1.9 MB | 0.8/1.7 MB | 213/632 kBProgress (4): 0.8/4.2 MB | 1.2/1.9 MB | 0.8/1.7 MB | 213/632 kBProgress (4): 0.8/4.2 MB | 1.2/1.9 MB | 0.9/1.7 MB | 213/632 kBProgress (4): 0.8/4.2 MB | 1.2/1.9 MB | 0.9/1.7 MB | 213/632 kBProgress (4): 0.8/4.2 MB | 1.2/1.9 MB | 0.9/1.7 MB | 213/632 kBProgress (4): 0.8/4.2 MB | 1.2/1.9 MB | 0.9/1.7 MB | 213/632 kBProgress (4): 0.8/4.2 MB | 1.2/1.9 MB | 0.9/1.7 MB | 229/632 kBProgress (4): 0.8/4.2 MB | 1.3/1.9 MB | 0.9/1.7 MB | 229/632 kBProgress (4): 0.8/4.2 MB | 1.3/1.9 MB | 0.9/1.7 MB | 229/632 kBProgress (4): 0.8/4.2 MB | 1.3/1.9 MB | 0.9/1.7 MB | 229/632 kBProgress (4): 0.9/4.2 MB | 1.3/1.9 MB | 0.9/1.7 MB | 229/632 kBProgress (4): 0.9/4.2 MB | 1.3/1.9 MB | 0.9/1.7 MB | 229/632 kBProgress (4): 0.9/4.2 MB | 1.3/1.9 MB | 0.9/1.7 MB | 229/632 kBProgress (4): 0.9/4.2 MB | 1.3/1.9 MB | 0.9/1.7 MB | 229/632 kBProgress (4): 0.9/4.2 MB | 1.3/1.9 MB | 0.9/1.7 MB | 246/632 kBProgress (4): 0.9/4.2 MB | 1.3/1.9 MB | 0.9/1.7 MB | 246/632 kBProgress (5): 0.9/4.2 MB | 1.3/1.9 MB | 0.9/1.7 MB | 246/632 kB | 7.7/69 kBProgress (5): 0.9/4.2 MB | 1.3/1.9 MB | 0.9/1.7 MB | 246/632 kB | 8.2/69 kBProgress (5): 0.9/4.2 MB | 1.3/1.9 MB | 0.9/1.7 MB | 246/632 kB | 8.2/69 kBProgress (5): 0.9/4.2 MB | 1.3/1.9 MB | 0.9/1.7 MB | 262/632 kB | 8.2/69 kBProgress (5): 0.9/4.2 MB | 1.3/1.9 MB | 0.9/1.7 MB | 262/632 kB | 8.2/69 kBProgress (5): 0.9/4.2 MB | 1.3/1.9 MB | 0.9/1.7 MB | 262/632 kB | 25/69 kB Progress (5): 0.9/4.2 MB | 1.3/1.9 MB | 0.9/1.7 MB | 262/632 kB | 25/69 kBProgress (5): 0.9/4.2 MB | 1.3/1.9 MB | 1.0/1.7 MB | 262/632 kB | 25/69 kBProgress (5): 0.9/4.2 MB | 1.4/1.9 MB | 1.0/1.7 MB | 262/632 kB | 25/69 kBProgress (5): 0.9/4.2 MB | 1.4/1.9 MB | 1.0/1.7 MB | 262/632 kB | 41/69 kBProgress (5): 0.9/4.2 MB | 1.4/1.9 MB | 1.0/1.7 MB | 262/632 kB | 41/69 kBProgress (5): 0.9/4.2 MB | 1.4/1.9 MB | 1.0/1.7 MB | 262/632 kB | 57/69 kBProgress (5): 0.9/4.2 MB | 1.4/1.9 MB | 1.0/1.7 MB | 262/632 kB | 69 kB                                                                          Downloaded from central: https://repo.maven.apache.org/maven2/org/slf4j/slf4j-api/2.0.13/slf4j-api-2.0.13.jar (69 kB at 17 kB/s)
#16 12.95 Downloading from central: https://repo.maven.apache.org/maven2/io/netty/netty-codec-http/4.1.109.Final/netty-codec-http-4.1.109.Final.jar
#16 12.99 Progress (4): 0.9/4.2 MB | 1.4/1.9 MB | 1.0/1.7 MB | 262/632 kBProgress (4): 0.9/4.2 MB | 1.4/1.9 MB | 1.0/1.7 MB | 279/632 kBProgress (4): 0.9/4.2 MB | 1.4/1.9 MB | 1.0/1.7 MB | 279/632 kBProgress (4): 0.9/4.2 MB | 1.4/1.9 MB | 1.0/1.7 MB | 279/632 kBProgress (4): 0.9/4.2 MB | 1.4/1.9 MB | 1.0/1.7 MB | 295/632 kBProgress (4): 0.9/4.2 MB | 1.4/1.9 MB | 1.0/1.7 MB | 295/632 kBProgress (4): 0.9/4.2 MB | 1.4/1.9 MB | 1.0/1.7 MB | 295/632 kBProgress (4): 0.9/4.2 MB | 1.4/1.9 MB | 1.0/1.7 MB | 311/632 kBProgress (4): 0.9/4.2 MB | 1.4/1.9 MB | 1.0/1.7 MB | 328/632 kBProgress (4): 0.9/4.2 MB | 1.4/1.9 MB | 1.0/1.7 MB | 344/632 kBProgress (4): 0.9/4.2 MB | 1.4/1.9 MB | 1.0/1.7 MB | 344/632 kBProgress (5): 0.9/4.2 MB | 1.4/1.9 MB | 1.0/1.7 MB | 344/632 kB | 7.7/668 kBProgress (5): 0.9/4.2 MB | 1.4/1.9 MB | 1.0/1.7 MB | 344/632 kB | 16/668 kB Progress (5): 0.9/4.2 MB | 1.4/1.9 MB | 1.0/1.7 MB | 344/632 kB | 25/668 kBProgress (5): 0.9/4.2 MB | 1.4/1.9 MB | 1.0/1.7 MB | 344/632 kB | 25/668 kBProgress (5): 0.9/4.2 MB | 1.4/1.9 MB | 1.0/1.7 MB | 344/632 kB | 25/668 kBProgress (5): 0.9/4.2 MB | 1.4/1.9 MB | 1.0/1.7 MB | 360/632 kB | 25/668 kBProgress (5): 0.9/4.2 MB | 1.4/1.9 MB | 1.0/1.7 MB | 360/632 kB | 25/668 kBProgress (5): 0.9/4.2 MB | 1.4/1.9 MB | 1.0/1.7 MB | 360/632 kB | 25/668 kBProgress (5): 0.9/4.2 MB | 1.4/1.9 MB | 1.0/1.7 MB | 360/632 kB | 25/668 kBProgress (5): 0.9/4.2 MB | 1.4/1.9 MB | 1.0/1.7 MB | 360/632 kB | 25/668 kBProgress (5): 1.0/4.2 MB | 1.4/1.9 MB | 1.0/1.7 MB | 360/632 kB | 25/668 kBProgress (5): 1.0/4.2 MB | 1.5/1.9 MB | 1.0/1.7 MB | 360/632 kB | 25/668 kBProgress (5): 1.0/4.2 MB | 1.5/1.9 MB | 1.0/1.7 MB | 360/632 kB | 25/668 kBProgress (5): 1.0/4.2 MB | 1.5/1.9 MB | 1.0/1.7 MB | 360/632 kB | 41/668 kBProgress (5): 1.0/4.2 MB | 1.5/1.9 MB | 1.0/1.7 MB | 360/632 kB | 41/668 kBProgress (5): 1.0/4.2 MB | 1.5/1.9 MB | 1.0/1.7 MB | 360/632 kB | 41/668 kBProgress (5): 1.0/4.2 MB | 1.5/1.9 MB | 1.0/1.7 MB | 360/632 kB | 41/668 kBProgress (5): 1.0/4.2 MB | 1.5/1.9 MB | 1.0/1.7 MB | 360/632 kB | 41/668 kBProgress (5): 1.0/4.2 MB | 1.5/1.9 MB | 1.0/1.7 MB | 360/632 kB | 41/668 kBProgress (5): 1.0/4.2 MB | 1.5/1.9 MB | 1.1/1.7 MB | 360/632 kB | 41/668 kBProgress (5): 1.0/4.2 MB | 1.5/1.9 MB | 1.1/1.7 MB | 360/632 kB | 41/668 kBProgress (5): 1.0/4.2 MB | 1.5/1.9 MB | 1.1/1.7 MB | 360/632 kB | 41/668 kBProgress (5): 1.0/4.2 MB | 1.5/1.9 MB | 1.1/1.7 MB | 360/632 kB | 41/668 kBProgress (5): 1.0/4.2 MB | 1.5/1.9 MB | 1.1/1.7 MB | 360/632 kB | 41/668 kBProgress (5): 1.0/4.2 MB | 1.5/1.9 MB | 1.1/1.7 MB | 360/632 kB | 57/668 kBProgress (5): 1.0/4.2 MB | 1.5/1.9 MB | 1.1/1.7 MB | 360/632 kB | 74/668 kBProgress (5): 1.0/4.2 MB | 1.5/1.9 MB | 1.1/1.7 MB | 377/632 kB | 74/668 kBProgress (5): 1.0/4.2 MB | 1.5/1.9 MB | 1.1/1.7 MB | 377/632 kB | 90/668 kBProgress (5): 1.0/4.2 MB | 1.6/1.9 MB | 1.1/1.7 MB | 377/632 kB | 90/668 kBProgress (5): 1.0/4.2 MB | 1.6/1.9 MB | 1.1/1.7 MB | 377/632 kB | 90/668 kBProgress (5): 1.0/4.2 MB | 1.6/1.9 MB | 1.1/1.7 MB | 393/632 kB | 90/668 kBProgress (5): 1.0/4.2 MB | 1.6/1.9 MB | 1.1/1.7 MB | 393/632 kB | 90/668 kBProgress (5): 1.0/4.2 MB | 1.6/1.9 MB | 1.1/1.7 MB | 393/632 kB | 90/668 kBProgress (5): 1.0/4.2 MB | 1.6/1.9 MB | 1.1/1.7 MB | 393/632 kB | 90/668 kBProgress (5): 1.0/4.2 MB | 1.6/1.9 MB | 1.1/1.7 MB | 393/632 kB | 90/668 kBProgress (5): 1.0/4.2 MB | 1.6/1.9 MB | 1.1/1.7 MB | 393/632 kB | 90/668 kBProgress (5): 1.0/4.2 MB | 1.6/1.9 MB | 1.1/1.7 MB | 393/632 kB | 90/668 kBProgress (5): 1.0/4.2 MB | 1.6/1.9 MB | 1.1/1.7 MB | 393/632 kB | 90/668 kBProgress (5): 1.0/4.2 MB | 1.6/1.9 MB | 1.1/1.7 MB | 393/632 kB | 90/668 kBProgress (5): 1.0/4.2 MB | 1.6/1.9 MB | 1.1/1.7 MB | 393/632 kB | 90/668 kBProgress (5): 1.0/4.2 MB | 1.6/1.9 MB | 1.2/1.7 MB | 393/632 kB | 90/668 kBProgress (5): 1.0/4.2 MB | 1.6/1.9 MB | 1.2/1.7 MB | 393/632 kB | 90/668 kBProgress (5): 1.0/4.2 MB | 1.6/1.9 MB | 1.2/1.7 MB | 393/632 kB | 90/668 kBProgress (5): 1.0/4.2 MB | 1.6/1.9 MB | 1.2/1.7 MB | 393/632 kB | 90/668 kBProgress (5): 1.0/4.2 MB | 1.6/1.9 MB | 1.2/1.7 MB | 393/632 kB | 90/668 kBProgress (5): 1.0/4.2 MB | 1.6/1.9 MB | 1.2/1.7 MB | 393/632 kB | 90/668 kBProgress (5): 1.0/4.2 MB | 1.6/1.9 MB | 1.2/1.7 MB | 393/632 kB | 106/668 kBProgress (5): 1.0/4.2 MB | 1.6/1.9 MB | 1.2/1.7 MB | 393/632 kB | 123/668 kBProgress (5): 1.0/4.2 MB | 1.6/1.9 MB | 1.2/1.7 MB | 393/632 kB | 139/668 kBProgress (5): 1.0/4.2 MB | 1.6/1.9 MB | 1.2/1.7 MB | 393/632 kB | 147/668 kBProgress (5): 1.0/4.2 MB | 1.6/1.9 MB | 1.2/1.7 MB | 410/632 kB | 147/668 kBProgress (5): 1.0/4.2 MB | 1.6/1.9 MB | 1.2/1.7 MB | 410/632 kB | 147/668 kBProgress (5): 1.0/4.2 MB | 1.7/1.9 MB | 1.2/1.7 MB | 410/632 kB | 147/668 kBProgress (5): 1.0/4.2 MB | 1.7/1.9 MB | 1.2/1.7 MB | 410/632 kB | 164/668 kBProgress (5): 1.0/4.2 MB | 1.7/1.9 MB | 1.2/1.7 MB | 410/632 kB | 164/668 kBProgress (5): 1.0/4.2 MB | 1.7/1.9 MB | 1.2/1.7 MB | 410/632 kB | 180/668 kBProgress (5): 1.1/4.2 MB | 1.7/1.9 MB | 1.2/1.7 MB | 410/632 kB | 180/668 kBProgress (5): 1.1/4.2 MB | 1.7/1.9 MB | 1.2/1.7 MB | 426/632 kB | 180/668 kBProgress (5): 1.1/4.2 MB | 1.7/1.9 MB | 1.2/1.7 MB | 426/632 kB | 180/668 kBProgress (5): 1.1/4.2 MB | 1.7/1.9 MB | 1.2/1.7 MB | 426/632 kB | 197/668 kBProgress (5): 1.1/4.2 MB | 1.7/1.9 MB | 1.2/1.7 MB | 426/632 kB | 197/668 kBProgress (5): 1.1/4.2 MB | 1.7/1.9 MB | 1.2/1.7 MB | 426/632 kB | 197/668 kBProgress (5): 1.1/4.2 MB | 1.7/1.9 MB | 1.3/1.7 MB | 426/632 kB | 197/668 kBProgress (5): 1.1/4.2 MB | 1.7/1.9 MB | 1.3/1.7 MB | 426/632 kB | 197/668 kBProgress (5): 1.1/4.2 MB | 1.7/1.9 MB | 1.3/1.7 MB | 442/632 kB | 197/668 kBProgress (5): 1.1/4.2 MB | 1.7/1.9 MB | 1.3/1.7 MB | 442/632 kB | 197/668 kBProgress (5): 1.1/4.2 MB | 1.7/1.9 MB | 1.3/1.7 MB | 442/632 kB | 197/668 kBProgress (5): 1.1/4.2 MB | 1.7/1.9 MB | 1.3/1.7 MB | 442/632 kB | 213/668 kBProgress (5): 1.1/4.2 MB | 1.7/1.9 MB | 1.3/1.7 MB | 442/632 kB | 213/668 kBProgress (5): 1.1/4.2 MB | 1.7/1.9 MB | 1.3/1.7 MB | 442/632 kB | 213/668 kBProgress (5): 1.1/4.2 MB | 1.8/1.9 MB | 1.3/1.7 MB | 442/632 kB | 213/668 kBProgress (5): 1.1/4.2 MB | 1.8/1.9 MB | 1.3/1.7 MB | 459/632 kB | 213/668 kBProgress (5): 1.1/4.2 MB | 1.8/1.9 MB | 1.3/1.7 MB | 459/632 kB | 213/668 kBProgress (5): 1.1/4.2 MB | 1.8/1.9 MB | 1.3/1.7 MB | 459/632 kB | 229/668 kBProgress (5): 1.1/4.2 MB | 1.8/1.9 MB | 1.3/1.7 MB | 459/632 kB | 229/668 kBProgress (5): 1.1/4.2 MB | 1.8/1.9 MB | 1.3/1.7 MB | 459/632 kB | 229/668 kBProgress (5): 1.1/4.2 MB | 1.8/1.9 MB | 1.3/1.7 MB | 459/632 kB | 246/668 kBProgress (5): 1.1/4.2 MB | 1.8/1.9 MB | 1.3/1.7 MB | 459/632 kB | 246/668 kBProgress (5): 1.2/4.2 MB | 1.8/1.9 MB | 1.3/1.7 MB | 459/632 kB | 246/668 kBProgress (5): 1.2/4.2 MB | 1.8/1.9 MB | 1.3/1.7 MB | 459/632 kB | 246/668 kBProgress (5): 1.2/4.2 MB | 1.8/1.9 MB | 1.3/1.7 MB | 459/632 kB | 262/668 kBProgress (5): 1.2/4.2 MB | 1.8/1.9 MB | 1.3/1.7 MB | 459/632 kB | 262/668 kBProgress (5): 1.2/4.2 MB | 1.8/1.9 MB | 1.3/1.7 MB | 459/632 kB | 279/668 kBProgress (5): 1.2/4.2 MB | 1.8/1.9 MB | 1.3/1.7 MB | 459/632 kB | 295/668 kBProgress (5): 1.2/4.2 MB | 1.8/1.9 MB | 1.3/1.7 MB | 459/632 kB | 295/668 kBProgress (5): 1.2/4.2 MB | 1.8/1.9 MB | 1.3/1.7 MB | 459/632 kB | 311/668 kBProgress (5): 1.2/4.2 MB | 1.8/1.9 MB | 1.3/1.7 MB | 459/632 kB | 328/668 kBProgress (5): 1.2/4.2 MB | 1.8/1.9 MB | 1.3/1.7 MB | 459/632 kB | 344/668 kBProgress (5): 1.2/4.2 MB | 1.8/1.9 MB | 1.3/1.7 MB | 459/632 kB | 344/668 kBProgress (5): 1.2/4.2 MB | 1.8/1.9 MB | 1.3/1.7 MB | 459/632 kB | 360/668 kBProgress (5): 1.2/4.2 MB | 1.8/1.9 MB | 1.3/1.7 MB | 459/632 kB | 360/668 kBProgress (5): 1.2/4.2 MB | 1.8/1.9 MB | 1.3/1.7 MB | 459/632 kB | 360/668 kBProgress (5): 1.2/4.2 MB | 1.8/1.9 MB | 1.3/1.7 MB | 459/632 kB | 360/668 kBProgress (5): 1.2/4.2 MB | 1.8/1.9 MB | 1.4/1.7 MB | 459/632 kB | 360/668 kBProgress (5): 1.2/4.2 MB | 1.8/1.9 MB | 1.4/1.7 MB | 459/632 kB | 360/668 kBProgress (5): 1.2/4.2 MB | 1.8/1.9 MB | 1.4/1.7 MB | 459/632 kB | 360/668 kBProgress (5): 1.2/4.2 MB | 1.8/1.9 MB | 1.4/1.7 MB | 459/632 kB | 360/668 kBProgress (5): 1.2/4.2 MB | 1.8/1.9 MB | 1.4/1.7 MB | 459/632 kB | 360/668 kBProgress (5): 1.2/4.2 MB | 1.8/1.9 MB | 1.4/1.7 MB | 466/632 kB | 360/668 kBProgress (5): 1.2/4.2 MB | 1.8/1.9 MB | 1.4/1.7 MB | 483/632 kB | 360/668 kBProgress (5): 1.2/4.2 MB | 1.8/1.9 MB | 1.4/1.7 MB | 499/632 kB | 360/668 kBProgress (5): 1.2/4.2 MB | 1.8/1.9 MB | 1.4/1.7 MB | 515/632 kB | 360/668 kBProgress (5): 1.2/4.2 MB | 1.8/1.9 MB | 1.4/1.7 MB | 532/632 kB | 360/668 kBProgress (5): 1.2/4.2 MB | 1.8/1.9 MB | 1.4/1.7 MB | 548/632 kB | 360/668 kBProgress (5): 1.2/4.2 MB | 1.8/1.9 MB | 1.4/1.7 MB | 565/632 kB | 360/668 kBProgress (5): 1.2/4.2 MB | 1.8/1.9 MB | 1.4/1.7 MB | 565/632 kB | 360/668 kBProgress (5): 1.2/4.2 MB | 1.8/1.9 MB | 1.4/1.7 MB | 565/632 kB | 360/668 kBProgress (5): 1.2/4.2 MB | 1.8/1.9 MB | 1.4/1.7 MB | 565/632 kB | 360/668 kBProgress (5): 1.2/4.2 MB | 1.8/1.9 MB | 1.4/1.7 MB | 565/632 kB | 360/668 kBProgress (5): 1.2/4.2 MB | 1.9/1.9 MB | 1.4/1.7 MB | 565/632 kB | 360/668 kBProgress (5): 1.2/4.2 MB | 1.9 MB | 1.4/1.7 MB | 565/632 kB | 360/668 kB                                                                            Downloaded from central: https://repo.maven.apache.org/maven2/io/projectreactor/reactor-core/3.6.5/reactor-core-3.6.5.jar (1.9 MB at 333 kB/s)
#16 14.43 Downloading from central: https://repo.maven.apache.org/maven2/io/netty/netty-buffer/4.1.109.Final/netty-buffer-4.1.109.Final.jar
#16 14.44 Progress (4): 1.2/4.2 MB | 1.4/1.7 MB | 581/632 kB | 360/668 kBProgress (4): 1.2/4.2 MB | 1.4/1.7 MB | 581/632 kB | 360/668 kBProgress (4): 1.2/4.2 MB | 1.4/1.7 MB | 597/632 kB | 360/668 kBProgress (4): 1.2/4.2 MB | 1.4/1.7 MB | 597/632 kB | 360/668 kBProgress (4): 1.3/4.2 MB | 1.4/1.7 MB | 597/632 kB | 360/668 kBProgress (4): 1.3/4.2 MB | 1.4/1.7 MB | 597/632 kB | 360/668 kBProgress (4): 1.3/4.2 MB | 1.4/1.7 MB | 597/632 kB | 377/668 kBProgress (4): 1.3/4.2 MB | 1.4/1.7 MB | 597/632 kB | 393/668 kBProgress (4): 1.3/4.2 MB | 1.4/1.7 MB | 597/632 kB | 410/668 kBProgress (4): 1.3/4.2 MB | 1.4/1.7 MB | 597/632 kB | 426/668 kBProgress (4): 1.3/4.2 MB | 1.4/1.7 MB | 597/632 kB | 442/668 kBProgress (4): 1.3/4.2 MB | 1.4/1.7 MB | 597/632 kB | 459/668 kBProgress (4): 1.3/4.2 MB | 1.4/1.7 MB | 597/632 kB | 459/668 kBProgress (4): 1.3/4.2 MB | 1.5/1.7 MB | 597/632 kB | 459/668 kBProgress (4): 1.3/4.2 MB | 1.5/1.7 MB | 597/632 kB | 459/668 kBProgress (4): 1.3/4.2 MB | 1.5/1.7 MB | 597/632 kB | 459/668 kBProgress (4): 1.3/4.2 MB | 1.5/1.7 MB | 597/632 kB | 459/668 kBProgress (4): 1.3/4.2 MB | 1.5/1.7 MB | 597/632 kB | 459/668 kBProgress (4): 1.3/4.2 MB | 1.5/1.7 MB | 614/632 kB | 459/668 kBProgress (4): 1.3/4.2 MB | 1.5/1.7 MB | 614/632 kB | 475/668 kBProgress (5): 1.3/4.2 MB | 1.5/1.7 MB | 614/632 kB | 475/668 kB | 7.7/307 kBProgress (5): 1.3/4.2 MB | 1.5/1.7 MB | 614/632 kB | 475/668 kB | 16/307 kB Progress (5): 1.3/4.2 MB | 1.5/1.7 MB | 614/632 kB | 475/668 kB | 24/307 kBProgress (5): 1.3/4.2 MB | 1.5/1.7 MB | 630/632 kB | 475/668 kB | 24/307 kBProgress (5): 1.3/4.2 MB | 1.5/1.7 MB | 632 kB | 475/668 kB | 24/307 kB                                                                           Downloaded from central: https://repo.maven.apache.org/maven2/org/apache/commons/commons-lang3/3.13.0/commons-lang3-3.13.0.jar (632 kB at 107 kB/s)
#16 14.71 Downloading from central: https://repo.maven.apache.org/maven2/io/netty/netty-codec/4.1.109.Final/netty-codec-4.1.109.Final.jar
#16 14.71 Progress (4): 1.3/4.2 MB | 1.5/1.7 MB | 475/668 kB | 40/307 kBProgress (4): 1.3/4.2 MB | 1.5/1.7 MB | 475/668 kB | 40/307 kBProgress (4): 1.3/4.2 MB | 1.5/1.7 MB | 475/668 kB | 57/307 kBProgress (4): 1.3/4.2 MB | 1.5/1.7 MB | 492/668 kB | 57/307 kBProgress (4): 1.3/4.2 MB | 1.5/1.7 MB | 508/668 kB | 57/307 kBProgress (4): 1.3/4.2 MB | 1.5/1.7 MB | 508/668 kB | 73/307 kBProgress (4): 1.3/4.2 MB | 1.5/1.7 MB | 508/668 kB | 73/307 kBProgress (4): 1.3/4.2 MB | 1.5/1.7 MB | 508/668 kB | 73/307 kBProgress (4): 1.3/4.2 MB | 1.5/1.7 MB | 524/668 kB | 73/307 kBProgress (4): 1.3/4.2 MB | 1.5/1.7 MB | 524/668 kB | 73/307 kBProgress (4): 1.3/4.2 MB | 1.6/1.7 MB | 524/668 kB | 73/307 kBProgress (4): 1.3/4.2 MB | 1.6/1.7 MB | 524/668 kB | 90/307 kBProgress (4): 1.3/4.2 MB | 1.6/1.7 MB | 541/668 kB | 90/307 kBProgress (4): 1.3/4.2 MB | 1.6/1.7 MB | 541/668 kB | 90/307 kBProgress (4): 1.3/4.2 MB | 1.6/1.7 MB | 541/668 kB | 106/307 kBProgress (4): 1.3/4.2 MB | 1.6/1.7 MB | 541/668 kB | 106/307 kBProgress (4): 1.3/4.2 MB | 1.6/1.7 MB | 541/668 kB | 106/307 kBProgress (4): 1.3/4.2 MB | 1.6/1.7 MB | 557/668 kB | 106/307 kBProgress (4): 1.3/4.2 MB | 1.6/1.7 MB | 557/668 kB | 122/307 kBProgress (4): 1.3/4.2 MB | 1.6/1.7 MB | 557/668 kB | 122/307 kBProgress (4): 1.3/4.2 MB | 1.6/1.7 MB | 557/668 kB | 139/307 kBProgress (4): 1.3/4.2 MB | 1.6/1.7 MB | 573/668 kB | 139/307 kBProgress (4): 1.3/4.2 MB | 1.6/1.7 MB | 590/668 kB | 139/307 kBProgress (4): 1.3/4.2 MB | 1.6/1.7 MB | 606/668 kB | 139/307 kBProgress (4): 1.3/4.2 MB | 1.6/1.7 MB | 606/668 kB | 155/307 kBProgress (4): 1.3/4.2 MB | 1.6/1.7 MB | 606/668 kB | 172/307 kBProgress (4): 1.3/4.2 MB | 1.6/1.7 MB | 606/668 kB | 172/307 kBProgress (4): 1.4/4.2 MB | 1.6/1.7 MB | 606/668 kB | 172/307 kBProgress (4): 1.4/4.2 MB | 1.6/1.7 MB | 606/668 kB | 188/307 kBProgress (4): 1.4/4.2 MB | 1.6/1.7 MB | 606/668 kB | 204/307 kBProgress (4): 1.4/4.2 MB | 1.6/1.7 MB | 606/668 kB | 221/307 kBProgress (4): 1.4/4.2 MB | 1.6/1.7 MB | 623/668 kB | 221/307 kBProgress (4): 1.4/4.2 MB | 1.6/1.7 MB | 639/668 kB | 221/307 kBProgress (4): 1.4/4.2 MB | 1.6/1.7 MB | 655/668 kB | 221/307 kBProgress (4): 1.4/4.2 MB | 1.6/1.7 MB | 655/668 kB | 221/307 kBProgress (4): 1.4/4.2 MB | 1.6/1.7 MB | 655/668 kB | 221/307 kBProgress (4): 1.4/4.2 MB | 1.7/1.7 MB | 655/668 kB | 221/307 kBProgress (4): 1.4/4.2 MB | 1.7/1.7 MB | 655/668 kB | 237/307 kBProgress (4): 1.4/4.2 MB | 1.7/1.7 MB | 655/668 kB | 237/307 kBProgress (4): 1.4/4.2 MB | 1.7/1.7 MB | 655/668 kB | 237/307 kBProgress (4): 1.4/4.2 MB | 1.7/1.7 MB | 655/668 kB | 237/307 kBProgress (5): 1.4/4.2 MB | 1.7/1.7 MB | 655/668 kB | 237/307 kB | 7.7/353 kBProgress (5): 1.4/4.2 MB | 1.7/1.7 MB | 655/668 kB | 253/307 kB | 7.7/353 kBProgress (5): 1.4/4.2 MB | 1.7/1.7 MB | 655/668 kB | 253/307 kB | 16/353 kB Progress (5): 1.4/4.2 MB | 1.7/1.7 MB | 655/668 kB | 253/307 kB | 16/353 kBProgress (5): 1.4/4.2 MB | 1.7/1.7 MB | 655/668 kB | 253/307 kB | 16/353 kBProgress (5): 1.4/4.2 MB | 1.7/1.7 MB | 668 kB | 253/307 kB | 16/353 kB    Progress (5): 1.4/4.2 MB | 1.7 MB | 668 kB | 253/307 kB | 16/353 kB                                                                       Downloaded from central: https://repo.maven.apache.org/maven2/io/netty/netty-codec-http/4.1.109.Final/netty-codec-http-4.1.109.Final.jar (668 kB at 106 kB/s)
#16 15.13 Downloading from central: https://repo.maven.apache.org/maven2/io/netty/netty-handler/4.1.109.Final/netty-handler-4.1.109.Final.jar
#16 15.13 Downloaded from central: https://repo.maven.apache.org/maven2/org/jetbrains/kotlin/kotlin-stdlib/1.9.23/kotlin-stdlib-1.9.23.jar (1.7 MB at 272 kB/s)
#16 15.13 Downloading from central: https://repo.maven.apache.org/maven2/io/netty/netty-resolver/4.1.109.Final/netty-resolver-4.1.109.Final.jar
#16 15.14 Progress (3): 1.4/4.2 MB | 253/307 kB | 25/353 kBProgress (3): 1.4/4.2 MB | 270/307 kB | 25/353 kBProgress (3): 1.4/4.2 MB | 270/307 kB | 41/353 kBProgress (3): 1.4/4.2 MB | 270/307 kB | 41/353 kBProgress (3): 1.4/4.2 MB | 286/307 kB | 41/353 kBProgress (3): 1.4/4.2 MB | 303/307 kB | 41/353 kBProgress (3): 1.4/4.2 MB | 303/307 kB | 57/353 kBProgress (3): 1.4/4.2 MB | 307 kB | 57/353 kB                                                 Downloaded from central: https://repo.maven.apache.org/maven2/io/netty/netty-buffer/4.1.109.Final/netty-buffer-4.1.109.Final.jar (307 kB at 48 kB/s)
#16 15.22 Downloading from central: https://repo.maven.apache.org/maven2/io/netty/netty-transport-native-unix-common/4.1.109.Final/netty-transport-native-unix-common-4.1.109.Final.jar
#16 15.25 Progress (2): 1.4/4.2 MB | 57/353 kBProgress (3): 1.4/4.2 MB | 57/353 kB | 7.7/569 kBProgress (3): 1.4/4.2 MB | 57/353 kB | 16/569 kB Progress (4): 1.4/4.2 MB | 57/353 kB | 16/569 kB | 7.7/38 kBProgress (4): 1.4/4.2 MB | 57/353 kB | 16/569 kB | 16/38 kB Progress (4): 1.4/4.2 MB | 57/353 kB | 24/569 kB | 16/38 kBProgress (4): 1.4/4.2 MB | 74/353 kB | 24/569 kB | 16/38 kBProgress (5): 1.4/4.2 MB | 74/353 kB | 24/569 kB | 16/38 kB | 7.7/44 kBProgress (5): 1.4/4.2 MB | 74/353 kB | 24/569 kB | 16/38 kB | 16/44 kB Progress (5): 1.4/4.2 MB | 74/353 kB | 24/569 kB | 16/38 kB | 16/44 kBProgress (5): 1.4/4.2 MB | 74/353 kB | 24/569 kB | 16/38 kB | 25/44 kBProgress (5): 1.4/4.2 MB | 74/353 kB | 40/569 kB | 16/38 kB | 25/44 kBProgress (5): 1.4/4.2 MB | 74/353 kB | 40/569 kB | 32/38 kB | 25/44 kBProgress (5): 1.4/4.2 MB | 74/353 kB | 40/569 kB | 38 kB | 25/44 kB                                                                      Downloaded from central: https://repo.maven.apache.org/maven2/io/netty/netty-resolver/4.1.109.Final/netty-resolver-4.1.109.Final.jar (38 kB at 5.8 kB/s)
#16 15.35 Downloading from central: https://repo.maven.apache.org/maven2/io/netty/netty-transport/4.1.109.Final/netty-transport-4.1.109.Final.jar
#16 15.36 Progress (4): 1.4/4.2 MB | 74/353 kB | 57/569 kB | 25/44 kBProgress (4): 1.4/4.2 MB | 74/353 kB | 57/569 kB | 41/44 kBProgress (4): 1.4/4.2 MB | 74/353 kB | 57/569 kB | 44 kB   Progress (4): 1.4/4.2 MB | 90/353 kB | 57/569 kB | 44 kBProgress (4): 1.5/4.2 MB | 90/353 kB | 57/569 kB | 44 kB                                                        Downloaded from central: https://repo.maven.apache.org/maven2/io/netty/netty-transport-native-unix-common/4.1.109.Final/netty-transport-native-unix-common-4.1.109.Final.jar (44 kB at 6.7 kB/s)
#16 15.38 Downloading from central: https://repo.maven.apache.org/maven2/net/bytebuddy/byte-buddy-agent/1.14.13/byte-buddy-agent-1.14.13.jar
#16 15.39 Progress (3): 1.5/4.2 MB | 90/353 kB | 73/569 kBProgress (3): 1.5/4.2 MB | 90/353 kB | 90/569 kBProgress (3): 1.5/4.2 MB | 90/353 kB | 90/569 kBProgress (3): 1.5/4.2 MB | 90/353 kB | 106/569 kBProgress (3): 1.5/4.2 MB | 106/353 kB | 106/569 kBProgress (4): 1.5/4.2 MB | 106/353 kB | 106/569 kB | 7.7/498 kBProgress (4): 1.5/4.2 MB | 106/353 kB | 106/569 kB | 16/498 kB Progress (4): 1.5/4.2 MB | 106/353 kB | 122/569 kB | 16/498 kBProgress (5): 1.5/4.2 MB | 106/353 kB | 122/569 kB | 16/498 kB | 7.7/257 kBProgress (5): 1.5/4.2 MB | 106/353 kB | 122/569 kB | 16/498 kB | 8.2/257 kBProgress (5): 1.5/4.2 MB | 106/353 kB | 122/569 kB | 16/498 kB | 8.2/257 kBProgress (5): 1.5/4.2 MB | 106/353 kB | 139/569 kB | 16/498 kB | 8.2/257 kBProgress (5): 1.5/4.2 MB | 106/353 kB | 139/569 kB | 16/498 kB | 25/257 kB Progress (5): 1.5/4.2 MB | 106/353 kB | 139/569 kB | 32/498 kB | 25/257 kBProgress (5): 1.5/4.2 MB | 123/353 kB | 139/569 kB | 32/498 kB | 25/257 kBProgress (5): 1.5/4.2 MB | 123/353 kB | 139/569 kB | 49/498 kB | 25/257 kBProgress (5): 1.5/4.2 MB | 123/353 kB | 155/569 kB | 49/498 kB | 25/257 kBProgress (5): 1.5/4.2 MB | 123/353 kB | 172/569 kB | 49/498 kB | 25/257 kBProgress (5): 1.5/4.2 MB | 123/353 kB | 172/569 kB | 49/498 kB | 41/257 kBProgress (5): 1.5/4.2 MB | 123/353 kB | 188/569 kB | 49/498 kB | 41/257 kBProgress (5): 1.5/4.2 MB | 123/353 kB | 196/569 kB | 49/498 kB | 41/257 kBProgress (5): 1.5/4.2 MB | 123/353 kB | 196/569 kB | 49/498 kB | 57/257 kBProgress (5): 1.5/4.2 MB | 123/353 kB | 196/569 kB | 49/498 kB | 57/257 kBProgress (5): 1.5/4.2 MB | 123/353 kB | 196/569 kB | 49/498 kB | 74/257 kBProgress (5): 1.5/4.2 MB | 123/353 kB | 196/569 kB | 49/498 kB | 90/257 kBProgress (5): 1.5/4.2 MB | 123/353 kB | 196/569 kB | 49/498 kB | 90/257 kBProgress (5): 1.5/4.2 MB | 123/353 kB | 196/569 kB | 49/498 kB | 90/257 kBProgress (5): 1.5/4.2 MB | 123/353 kB | 196/569 kB | 49/498 kB | 106/257 kBProgress (5): 1.5/4.2 MB | 123/353 kB | 196/569 kB | 65/498 kB | 106/257 kBProgress (5): 1.5/4.2 MB | 123/353 kB | 196/569 kB | 81/498 kB | 106/257 kBProgress (5): 1.5/4.2 MB | 123/353 kB | 196/569 kB | 94/498 kB | 106/257 kBProgress (5): 1.5/4.2 MB | 123/353 kB | 196/569 kB | 110/498 kB | 106/257 kBProgress (5): 1.5/4.2 MB | 123/353 kB | 212/569 kB | 110/498 kB | 106/257 kBProgress (5): 1.5/4.2 MB | 123/353 kB | 228/569 kB | 110/498 kB | 106/257 kBProgress (5): 1.5/4.2 MB | 123/353 kB | 245/569 kB | 110/498 kB | 106/257 kBProgress (5): 1.6/4.2 MB | 123/353 kB | 245/569 kB | 110/498 kB | 106/257 kBProgress (5): 1.6/4.2 MB | 134/353 kB | 245/569 kB | 110/498 kB | 106/257 kBProgress (5): 1.6/4.2 MB | 142/353 kB | 245/569 kB | 110/498 kB | 106/257 kBProgress (5): 1.6/4.2 MB | 142/353 kB | 261/569 kB | 110/498 kB | 106/257 kBProgress (5): 1.6/4.2 MB | 142/353 kB | 261/569 kB | 110/498 kB | 123/257 kBProgress (5): 1.6/4.2 MB | 142/353 kB | 261/569 kB | 127/498 kB | 123/257 kBProgress (5): 1.6/4.2 MB | 159/353 kB | 261/569 kB | 127/498 kB | 123/257 kBProgress (5): 1.6/4.2 MB | 159/353 kB | 277/569 kB | 127/498 kB | 123/257 kBProgress (5): 1.6/4.2 MB | 175/353 kB | 277/569 kB | 127/498 kB | 123/257 kBProgress (5): 1.6/4.2 MB | 175/353 kB | 277/569 kB | 127/498 kB | 139/257 kBProgress (5): 1.6/4.2 MB | 175/353 kB | 277/569 kB | 127/498 kB | 156/257 kBProgress (5): 1.6/4.2 MB | 175/353 kB | 294/569 kB | 127/498 kB | 156/257 kBProgress (5): 1.6/4.2 MB | 175/353 kB | 294/569 kB | 127/498 kB | 156/257 kBProgress (5): 1.6/4.2 MB | 175/353 kB | 294/569 kB | 143/498 kB | 156/257 kBProgress (5): 1.6/4.2 MB | 175/353 kB | 294/569 kB | 143/498 kB | 156/257 kBProgress (5): 1.6/4.2 MB | 175/353 kB | 294/569 kB | 143/498 kB | 164/257 kBProgress (5): 1.6/4.2 MB | 175/353 kB | 294/569 kB | 143/498 kB | 172/257 kBProgress (5): 1.6/4.2 MB | 175/353 kB | 294/569 kB | 156/498 kB | 172/257 kBProgress (5): 1.6/4.2 MB | 175/353 kB | 310/569 kB | 156/498 kB | 172/257 kBProgress (5): 1.6/4.2 MB | 192/353 kB | 310/569 kB | 156/498 kB | 172/257 kBProgress (5): 1.6/4.2 MB | 192/353 kB | 310/569 kB | 156/498 kB | 172/257 kBProgress (5): 1.6/4.2 MB | 192/353 kB | 310/569 kB | 156/498 kB | 188/257 kBProgress (5): 1.6/4.2 MB | 192/353 kB | 327/569 kB | 156/498 kB | 188/257 kBProgress (5): 1.6/4.2 MB | 192/353 kB | 327/569 kB | 156/498 kB | 197/257 kBProgress (5): 1.6/4.2 MB | 192/353 kB | 327/569 kB | 156/498 kB | 213/257 kBProgress (5): 1.6/4.2 MB | 208/353 kB | 327/569 kB | 156/498 kB | 213/257 kBProgress (5): 1.6/4.2 MB | 208/353 kB | 327/569 kB | 156/498 kB | 229/257 kBProgress (5): 1.6/4.2 MB | 208/353 kB | 327/569 kB | 156/498 kB | 246/257 kBProgress (5): 1.6/4.2 MB | 208/353 kB | 327/569 kB | 156/498 kB | 257 kB                                                                            Downloaded from central: https://repo.maven.apache.org/maven2/net/bytebuddy/byte-buddy-agent/1.14.13/byte-buddy-agent-1.14.13.jar (257 kB at 36 kB/s)
#16 15.97 Progress (4): 1.6/4.2 MB | 224/353 kB | 327/569 kB | 156/498 kBProgress (4): 1.6/4.2 MB | 224/353 kB | 327/569 kB | 172/498 kBProgress (4): 1.6/4.2 MB | 224/353 kB | 343/569 kB | 172/498 kBProgress (4): 1.6/4.2 MB | 241/353 kB | 343/569 kB | 172/498 kBProgress (4): 1.6/4.2 MB | 241/353 kB | 359/569 kB | 172/498 kBProgress (4): 1.6/4.2 MB | 241/353 kB | 359/569 kB | 188/498 kBProgress (4): 1.6/4.2 MB | 241/353 kB | 359/569 kB | 197/498 kBProgress (4): 1.6/4.2 MB | 241/353 kB | 359/569 kB | 213/498 kBProgress (4): 1.6/4.2 MB | 241/353 kB | 359/569 kB | 229/498 kBProgress (4): 1.6/4.2 MB | 241/353 kB | 359/569 kB | 246/498 kBProgress (4): 1.6/4.2 MB | 241/353 kB | 376/569 kB | 246/498 kBProgress (4): 1.6/4.2 MB | 241/353 kB | 392/569 kB | 246/498 kBProgress (4): 1.6/4.2 MB | 241/353 kB | 408/569 kB | 246/498 kBProgress (4): 1.6/4.2 MB | 241/353 kB | 425/569 kB | 246/498 kBProgress (4): 1.6/4.2 MB | 241/353 kB | 441/569 kB | 246/498 kBProgress (4): 1.6/4.2 MB | 241/353 kB | 441/569 kB | 246/498 kBProgress (4): 1.6/4.2 MB | 241/353 kB | 441/569 kB | 246/498 kBProgress (4): 1.7/4.2 MB | 241/353 kB | 441/569 kB | 246/498 kBProgress (4): 1.7/4.2 MB | 241/353 kB | 458/569 kB | 246/498 kBProgress (4): 1.7/4.2 MB | 241/353 kB | 458/569 kB | 262/498 kBProgress (4): 1.7/4.2 MB | 257/353 kB | 458/569 kB | 262/498 kBProgress (4): 1.7/4.2 MB | 257/353 kB | 458/569 kB | 262/498 kBProgress (4): 1.7/4.2 MB | 257/353 kB | 474/569 kB | 262/498 kBProgress (4): 1.7/4.2 MB | 257/353 kB | 474/569 kB | 279/498 kBProgress (4): 1.7/4.2 MB | 257/353 kB | 490/569 kB | 279/498 kBProgress (4): 1.7/4.2 MB | 257/353 kB | 490/569 kB | 279/498 kBProgress (4): 1.7/4.2 MB | 274/353 kB | 490/569 kB | 279/498 kBProgress (4): 1.7/4.2 MB | 274/353 kB | 507/569 kB | 279/498 kBProgress (4): 1.7/4.2 MB | 274/353 kB | 507/569 kB | 295/498 kBProgress (4): 1.7/4.2 MB | 274/353 kB | 523/569 kB | 295/498 kBProgress (4): 1.7/4.2 MB | 274/353 kB | 523/569 kB | 295/498 kBProgress (4): 1.7/4.2 MB | 274/353 kB | 540/569 kB | 295/498 kBProgress (4): 1.7/4.2 MB | 274/353 kB | 540/569 kB | 311/498 kBProgress (4): 1.7/4.2 MB | 274/353 kB | 556/569 kB | 311/498 kBProgress (4): 1.7/4.2 MB | 290/353 kB | 556/569 kB | 311/498 kBProgress (4): 1.7/4.2 MB | 290/353 kB | 556/569 kB | 328/498 kBProgress (4): 1.7/4.2 MB | 290/353 kB | 569 kB | 328/498 kB                                                               Downloaded from central: https://repo.maven.apache.org/maven2/io/netty/netty-handler/4.1.109.Final/netty-handler-4.1.109.Final.jar (569 kB at 77 kB/s)
#16 16.24 Progress (3): 1.7/4.2 MB | 290/353 kB | 328/498 kBProgress (3): 1.7/4.2 MB | 290/353 kB | 344/498 kBProgress (3): 1.7/4.2 MB | 290/353 kB | 344/498 kBProgress (3): 1.7/4.2 MB | 306/353 kB | 344/498 kBProgress (3): 1.7/4.2 MB | 306/353 kB | 360/498 kBProgress (3): 1.8/4.2 MB | 306/353 kB | 360/498 kBProgress (3): 1.8/4.2 MB | 306/353 kB | 377/498 kBProgress (3): 1.8/4.2 MB | 323/353 kB | 377/498 kBProgress (3): 1.8/4.2 MB | 323/353 kB | 393/498 kBProgress (3): 1.8/4.2 MB | 323/353 kB | 393/498 kBProgress (3): 1.8/4.2 MB | 323/353 kB | 410/498 kBProgress (3): 1.8/4.2 MB | 339/353 kB | 410/498 kBProgress (3): 1.8/4.2 MB | 339/353 kB | 426/498 kBProgress (3): 1.8/4.2 MB | 339/353 kB | 426/498 kBProgress (3): 1.8/4.2 MB | 339/353 kB | 442/498 kBProgress (3): 1.8/4.2 MB | 339/353 kB | 459/498 kBProgress (3): 1.8/4.2 MB | 339/353 kB | 459/498 kBProgress (3): 1.8/4.2 MB | 353 kB | 459/498 kB                                                  Downloaded from central: https://repo.maven.apache.org/maven2/io/netty/netty-codec/4.1.109.Final/netty-codec-4.1.109.Final.jar (353 kB at 46 kB/s)
#16 16.46 Progress (2): 1.8/4.2 MB | 475/498 kBProgress (2): 1.8/4.2 MB | 492/498 kBProgress (2): 1.8/4.2 MB | 492/498 kBProgress (2): 1.8/4.2 MB | 498 kB                                     Downloaded from central: https://repo.maven.apache.org/maven2/io/netty/netty-transport/4.1.109.Final/netty-transport-4.1.109.Final.jar (498 kB at 65 kB/s)
#16 16.53 Progress (1): 1.8/4.2 MBProgress (1): 1.9/4.2 MBProgress (1): 1.9/4.2 MBProgress (1): 1.9/4.2 MBProgress (1): 1.9/4.2 MBProgress (1): 1.9/4.2 MBProgress (1): 1.9/4.2 MBProgress (1): 2.0/4.2 MBProgress (1): 2.0/4.2 MBProgress (1): 2.0/4.2 MBProgress (1): 2.0/4.2 MBProgress (1): 2.0/4.2 MBProgress (1): 2.0/4.2 MBProgress (1): 2.1/4.2 MBProgress (1): 2.1/4.2 MBProgress (1): 2.1/4.2 MBProgress (1): 2.1/4.2 MBProgress (1): 2.1/4.2 MBProgress (1): 2.1/4.2 MBProgress (1): 2.2/4.2 MBProgress (1): 2.2/4.2 MBProgress (1): 2.2/4.2 MBProgress (1): 2.2/4.2 MBProgress (1): 2.2/4.2 MBProgress (1): 2.2/4.2 MBProgress (1): 2.3/4.2 MBProgress (1): 2.3/4.2 MBProgress (1): 2.3/4.2 MBProgress (1): 2.3/4.2 MBProgress (1): 2.3/4.2 MBProgress (1): 2.3/4.2 MBProgress (1): 2.3/4.2 MBProgress (1): 2.4/4.2 MBProgress (1): 2.4/4.2 MBProgress (1): 2.4/4.2 MBProgress (1): 2.4/4.2 MBProgress (1): 2.4/4.2 MBProgress (1): 2.4/4.2 MBProgress (1): 2.5/4.2 MBProgress (1): 2.5/4.2 MBProgress (1): 2.5/4.2 MBProgress (1): 2.5/4.2 MBProgress (1): 2.5/4.2 MBProgress (1): 2.5/4.2 MBProgress (1): 2.6/4.2 MBProgress (1): 2.6/4.2 MBProgress (1): 2.6/4.2 MBProgress (1): 2.6/4.2 MBProgress (1): 2.6/4.2 MBProgress (1): 2.6/4.2 MBProgress (1): 2.7/4.2 MBProgress (1): 2.7/4.2 MBProgress (1): 2.7/4.2 MBProgress (1): 2.7/4.2 MBProgress (1): 2.7/4.2 MBProgress (1): 2.7/4.2 MBProgress (1): 2.8/4.2 MBProgress (1): 2.8/4.2 MBProgress (1): 2.8/4.2 MBProgress (1): 2.8/4.2 MBProgress (1): 2.8/4.2 MBProgress (1): 2.8/4.2 MBProgress (1): 2.9/4.2 MBProgress (1): 2.9/4.2 MBProgress (1): 2.9/4.2 MBProgress (1): 2.9/4.2 MBProgress (1): 2.9/4.2 MBProgress (1): 2.9/4.2 MBProgress (1): 3.0/4.2 MBProgress (1): 3.0/4.2 MBProgress (1): 3.0/4.2 MBProgress (1): 3.0/4.2 MBProgress (1): 3.0/4.2 MBProgress (1): 3.0/4.2 MBProgress (1): 3.1/4.2 MBProgress (1): 3.1/4.2 MBProgress (1): 3.1/4.2 MBProgress (1): 3.1/4.2 MBProgress (1): 3.1/4.2 MBProgress (1): 3.1/4.2 MBProgress (1): 3.2/4.2 MBProgress (1): 3.2/4.2 MBProgress (1): 3.2/4.2 MBProgress (1): 3.2/4.2 MBProgress (1): 3.2/4.2 MBProgress (1): 3.2/4.2 MBProgress (1): 3.2/4.2 MBProgress (1): 3.3/4.2 MBProgress (1): 3.3/4.2 MBProgress (1): 3.3/4.2 MBProgress (1): 3.3/4.2 MBProgress (1): 3.3/4.2 MBProgress (1): 3.3/4.2 MBProgress (1): 3.4/4.2 MBProgress (1): 3.4/4.2 MBProgress (1): 3.4/4.2 MBProgress (1): 3.4/4.2 MBProgress (1): 3.4/4.2 MBProgress (1): 3.4/4.2 MBProgress (1): 3.5/4.2 MBProgress (1): 3.5/4.2 MBProgress (1): 3.5/4.2 MBProgress (1): 3.5/4.2 MBProgress (1): 3.5/4.2 MBProgress (1): 3.5/4.2 MBProgress (1): 3.5/4.2 MBProgress (1): 3.6/4.2 MBProgress (1): 3.6/4.2 MBProgress (1): 3.6/4.2 MBProgress (1): 3.6/4.2 MBProgress (1): 3.6/4.2 MBProgress (1): 3.6/4.2 MBProgress (1): 3.7/4.2 MBProgress (1): 3.7/4.2 MBProgress (1): 3.7/4.2 MBProgress (1): 3.7/4.2 MBProgress (1): 3.7/4.2 MBProgress (1): 3.7/4.2 MBProgress (1): 3.8/4.2 MBProgress (1): 3.8/4.2 MBProgress (1): 3.8/4.2 MBProgress (1): 3.8/4.2 MBProgress (1): 3.8/4.2 MBProgress (1): 3.8/4.2 MBProgress (1): 3.9/4.2 MBProgress (1): 3.9/4.2 MBProgress (1): 3.9/4.2 MBProgress (1): 3.9/4.2 MBProgress (1): 3.9/4.2 MBProgress (1): 3.9/4.2 MBProgress (1): 4.0/4.2 MBProgress (1): 4.0/4.2 MBProgress (1): 4.0/4.2 MBProgress (1): 4.0/4.2 MBProgress (1): 4.0/4.2 MBProgress (1): 4.0/4.2 MBProgress (1): 4.1/4.2 MBProgress (1): 4.1/4.2 MBProgress (1): 4.1/4.2 MBProgress (1): 4.1/4.2 MBProgress (1): 4.1/4.2 MBProgress (1): 4.1/4.2 MBProgress (1): 4.2/4.2 MBProgress (1): 4.2/4.2 MBProgress (1): 4.2/4.2 MBProgress (1): 4.2/4.2 MBProgress (1): 4.2 MB                        Downloaded from central: https://repo.maven.apache.org/maven2/net/bytebuddy/byte-buddy/1.14.13/byte-buddy-1.14.13.jar (4.2 MB at 422 kB/s)
#16 18.80 [INFO] 
#16 18.80 [INFO] --- resources:3.3.1:resources (default-resources) @ resource-server ---
#16 18.87 [INFO] Copying 1 resource from src/main/resources to target/classes
#16 18.89 [INFO] Copying 1 resource from src/main/resources to target/classes
#16 18.89 [INFO] 
#16 18.89 [INFO] --- compiler:3.11.0:compile (default-compile) @ resource-server ---
#16 18.96 Downloading from central: https://repo.maven.apache.org/maven2/org/mapstruct/mapstruct-processor/1.5.5.Final/mapstruct-processor-1.5.5.Final.pom
#16 19.02 Progress (1): 1.1 kBProgress (1): 3.3 kB                    Downloaded from central: https://repo.maven.apache.org/maven2/org/mapstruct/mapstruct-processor/1.5.5.Final/mapstruct-processor-1.5.5.Final.pom (3.3 kB at 51 kB/s)
#16 19.02 Downloading from central: https://repo.maven.apache.org/maven2/org/mapstruct/mapstruct-processor/1.5.5.Final/mapstruct-processor-1.5.5.Final.jar
#16 19.11 Progress (1): 0/1.9 MBProgress (1): 0/1.9 MBProgress (1): 0/1.9 MBProgress (1): 0/1.9 MBProgress (1): 0.1/1.9 MBProgress (1): 0.1/1.9 MBProgress (1): 0.1/1.9 MBProgress (1): 0.1/1.9 MBProgress (1): 0.1/1.9 MBProgress (1): 0.1/1.9 MBProgress (1): 0.1/1.9 MBProgress (1): 0.2/1.9 MBProgress (1): 0.2/1.9 MBProgress (1): 0.2/1.9 MBProgress (1): 0.2/1.9 MBProgress (1): 0.2/1.9 MBProgress (1): 0.2/1.9 MBProgress (1): 0.3/1.9 MBProgress (1): 0.3/1.9 MBProgress (1): 0.3/1.9 MBProgress (1): 0.3/1.9 MBProgress (1): 0.3/1.9 MBProgress (1): 0.3/1.9 MBProgress (1): 0.4/1.9 MBProgress (1): 0.4/1.9 MBProgress (1): 0.4/1.9 MBProgress (1): 0.4/1.9 MBProgress (1): 0.4/1.9 MBProgress (1): 0.4/1.9 MBProgress (1): 0.5/1.9 MBProgress (1): 0.5/1.9 MBProgress (1): 0.5/1.9 MBProgress (1): 0.5/1.9 MBProgress (1): 0.5/1.9 MBProgress (1): 0.5/1.9 MBProgress (1): 0.6/1.9 MBProgress (1): 0.6/1.9 MBProgress (1): 0.6/1.9 MBProgress (1): 0.6/1.9 MBProgress (1): 0.6/1.9 MBProgress (1): 0.6/1.9 MBProgress (1): 0.7/1.9 MBProgress (1): 0.7/1.9 MBProgress (1): 0.7/1.9 MBProgress (1): 0.7/1.9 MBProgress (1): 0.7/1.9 MBProgress (1): 0.7/1.9 MBProgress (1): 0.8/1.9 MBProgress (1): 0.8/1.9 MBProgress (1): 0.8/1.9 MBProgress (1): 0.8/1.9 MBProgress (1): 0.8/1.9 MBProgress (1): 0.8/1.9 MBProgress (1): 0.9/1.9 MBProgress (1): 0.9/1.9 MBProgress (1): 0.9/1.9 MBProgress (1): 0.9/1.9 MBProgress (1): 0.9/1.9 MBProgress (1): 0.9/1.9 MBProgress (1): 1.0/1.9 MBProgress (1): 1.0/1.9 MBProgress (1): 1.0/1.9 MBProgress (1): 1.0/1.9 MBProgress (1): 1.0/1.9 MBProgress (1): 1.0/1.9 MBProgress (1): 1.0/1.9 MBProgress (1): 1.1/1.9 MBProgress (1): 1.1/1.9 MBProgress (1): 1.1/1.9 MBProgress (1): 1.1/1.9 MBProgress (1): 1.1/1.9 MBProgress (1): 1.1/1.9 MBProgress (1): 1.2/1.9 MBProgress (1): 1.2/1.9 MBProgress (1): 1.2/1.9 MBProgress (1): 1.2/1.9 MBProgress (1): 1.2/1.9 MBProgress (1): 1.2/1.9 MBProgress (1): 1.3/1.9 MBProgress (1): 1.3/1.9 MBProgress (1): 1.3/1.9 MBProgress (1): 1.3/1.9 MBProgress (1): 1.3/1.9 MBProgress (1): 1.3/1.9 MBProgress (1): 1.4/1.9 MBProgress (1): 1.4/1.9 MBProgress (1): 1.4/1.9 MBProgress (1): 1.4/1.9 MBProgress (1): 1.4/1.9 MBProgress (1): 1.4/1.9 MBProgress (1): 1.5/1.9 MBProgress (1): 1.5/1.9 MBProgress (1): 1.5/1.9 MBProgress (1): 1.5/1.9 MBProgress (1): 1.5/1.9 MBProgress (1): 1.5/1.9 MBProgress (1): 1.6/1.9 MBProgress (1): 1.6/1.9 MBProgress (1): 1.6/1.9 MBProgress (1): 1.6/1.9 MBProgress (1): 1.6/1.9 MBProgress (1): 1.6/1.9 MBProgress (1): 1.7/1.9 MBProgress (1): 1.7/1.9 MBProgress (1): 1.7/1.9 MBProgress (1): 1.7/1.9 MBProgress (1): 1.7/1.9 MBProgress (1): 1.7/1.9 MBProgress (1): 1.8/1.9 MBProgress (1): 1.8/1.9 MBProgress (1): 1.8/1.9 MBProgress (1): 1.8/1.9 MBProgress (1): 1.8/1.9 MBProgress (1): 1.8/1.9 MBProgress (1): 1.9/1.9 MBProgress (1): 1.9/1.9 MBProgress (1): 1.9/1.9 MBProgress (1): 1.9/1.9 MBProgress (1): 1.9/1.9 MBProgress (1): 1.9 MB                        Downloaded from central: https://repo.maven.apache.org/maven2/org/mapstruct/mapstruct-processor/1.5.5.Final/mapstruct-processor-1.5.5.Final.jar (1.9 MB at 909 kB/s)
#16 21.16 [INFO] Changes detected - recompiling the module! :source
#16 21.16 [INFO] Compiling 113 source files with javac [debug release 17] to target/classes
#16 25.05 [WARNING] /app/resource-server/src/main/java/com/elearning/resourceserver/domain/Notification.java:[37,21] @Builder will ignore the initializing expression entirely. If you want the initializing expression to serve as default, add @Builder.Default. If it is not supposed to be settable during building, make the field final.
#16 25.05 [WARNING] /app/resource-server/src/main/java/com/elearning/resourceserver/domain/Notification.java:[40,27] @Builder will ignore the initializing expression entirely. If you want the initializing expression to serve as default, add @Builder.Default. If it is not supposed to be settable during building, make the field final.
#16 25.05 [INFO] 
#16 25.05 [INFO] --- resources:3.3.1:testResources (default-testResources) @ resource-server ---
#16 25.06 [INFO] skip non existing resourceDirectory /app/resource-server/src/test/resources
#16 25.06 [INFO] 
#16 25.06 [INFO] --- compiler:3.11.0:testCompile (default-testCompile) @ resource-server ---
#16 25.07 [INFO] No sources to compile
#16 25.07 [INFO] 
#16 25.07 [INFO] --- surefire:3.1.2:test (default-test) @ resource-server ---
#16 25.17 [INFO] Tests are skipped.
#16 25.17 [INFO] 
#16 25.17 [INFO] --- jar:3.3.0:jar (default-jar) @ resource-server ---
#16 25.33 [INFO] Building jar: /app/resource-server/target/resource-server-0.0.1-SNAPSHOT.jar
#16 25.40 [INFO] 
#16 25.40 [INFO] --- spring-boot:3.2.5:repackage (repackage) @ resource-server ---
#16 25.89 [INFO] Replacing main artifact /app/resource-server/target/resource-server-0.0.1-SNAPSHOT.jar with repackaged archive, adding nested dependencies in BOOT-INF/.
#16 25.90 [INFO] The original artifact has been renamed to /app/resource-server/target/resource-server-0.0.1-SNAPSHOT.jar.original
#16 25.90 [INFO] ------------------------------------------------------------------------
#16 25.90 [INFO] BUILD SUCCESS
#16 25.90 [INFO] ------------------------------------------------------------------------
#16 25.90 [INFO] Total time:  24.779 s
#16 25.90 [INFO] Finished at: 2026-05-06T21:48:39Z
#16 25.90 [INFO] ------------------------------------------------------------------------
#16 DONE 26.0s

#17 [stage-1 3/3] COPY --from=build /app/resource-server/target/*.jar app.jar
#17 DONE 0.2s

#18 exporting to image
#18 exporting layers
#18 exporting layers 2.9s done
#18 exporting manifest sha256:e417c04d8bb5c63f3dedb6afc571d8753f7ea8bd8089470022029cde099e04fb done
#18 exporting config sha256:64d4c6da8652f398eda5a9ffee8f0b1b34b60cbec0cdd5b25bc23fe1090aae2e done
#18 exporting attestation manifest sha256:bdebd55985d896e7000bb49999743446b416bb676b0457ad595d54095be820a2 0.0s done
#18 exporting manifest list sha256:3c92b64d81ce780a9912090d62361da967a2e4f19a6a21f7d92fb6617d7a0c7b done
#18 naming to docker.io/elearning/resource-server:latest done
#18 unpacking to docker.io/elearning/resource-server:latest
#18 unpacking to docker.io/elearning/resource-server:latest 0.5s done
#18 DONE 3.5s

#19 resolving provenance for metadata file
#19 DONE 0.0s
 elearning/resource-server:latest  Built
