#1 [internal] load local bake definitions
#1 reading from stdin 823B done
#1 DONE 0.0s

#2 [internal] load build definition from Dockerfile
#2 transferring dockerfile: 499B 0.0s done
#2 DONE 0.0s

#3 [internal] load metadata for docker.io/library/maven:3.9.6-eclipse-temurin-17-alpine
#3 DONE 0.1s

#4 [internal] load metadata for docker.io/library/eclipse-temurin:17-jre-alpine
#4 DONE 0.1s

#5 [internal] load .dockerignore
#5 transferring context: 2B done
#5 DONE 0.0s

#6 [internal] load build context
#6 DONE 0.0s

#7 [stage-1 1/3] FROM docker.io/library/eclipse-temurin:17-jre-alpine@sha256:88c0002860cda56384d5ed3b2da4d0d9a2b44dc2ee4dc02344be985bd8b524bc
#7 resolve docker.io/library/eclipse-temurin:17-jre-alpine@sha256:88c0002860cda56384d5ed3b2da4d0d9a2b44dc2ee4dc02344be985bd8b524bc 0.1s done
#7 DONE 0.1s

#8 [build 1/8] FROM docker.io/library/maven:3.9.6-eclipse-temurin-17-alpine@sha256:ffddac7b04101358048f872fba9d978b2a1f9647955d158c1e565233cb95577d
#8 resolve docker.io/library/maven:3.9.6-eclipse-temurin-17-alpine@sha256:ffddac7b04101358048f872fba9d978b2a1f9647955d158c1e565233cb95577d
#8 resolve docker.io/library/maven:3.9.6-eclipse-temurin-17-alpine@sha256:ffddac7b04101358048f872fba9d978b2a1f9647955d158c1e565233cb95577d 0.1s done
#8 DONE 0.1s

#9 [build 2/8] WORKDIR /app
#9 CACHED

#10 [stage-1 2/3] WORKDIR /app
#10 CACHED

#6 [internal] load build context
#6 transferring context: 14.30kB 0.1s done
#6 DONE 0.3s

#11 [build 3/8] COPY pom.xml .
#11 DONE 0.1s

#12 [build 4/8] COPY auth-server/pom.xml auth-server/
#12 DONE 0.1s

#13 [build 5/8] COPY resource-server/pom.xml resource-server/
#13 DONE 0.1s

#14 [build 6/8] RUN mvn dependency:go-offline -B
#14 3.574 [INFO] Scanning for projects...
#14 3.913 [INFO] Downloading from central: https://repo.maven.apache.org/maven2/org/springframework/boot/spring-boot-starter-parent/3.2.5/spring-boot-starter-parent-3.2.5.pom
#14 6.937 [INFO] Downloaded from central: https://repo.maven.apache.org/maven2/org/springframework/boot/spring-boot-starter-parent/3.2.5/spring-boot-starter-parent-3.2.5.pom (13 kB at 4.2 kB/s)
#14 6.969 [INFO] Downloading from central: https://repo.maven.apache.org/maven2/org/springframework/boot/spring-boot-dependencies/3.2.5/spring-boot-dependencies-3.2.5.pom
#14 7.106 [INFO] Downloaded from central: https://repo.maven.apache.org/maven2/org/springframework/boot/spring-boot-dependencies/3.2.5/spring-boot-dependencies-3.2.5.pom (111 kB at 803 kB/s)
#14 7.347 [INFO] Downloading from central: https://repo.maven.apache.org/maven2/org/springframework/cloud/spring-cloud-dependencies/2023.0.1/spring-cloud-dependencies-2023.0.1.pom
#14 7.498 [INFO] Downloaded from central: https://repo.maven.apache.org/maven2/org/springframework/cloud/spring-cloud-dependencies/2023.0.1/spring-cloud-dependencies-2023.0.1.pom (10 kB at 67 kB/s)
#14 7.509 [INFO] Downloading from central: https://repo.maven.apache.org/maven2/org/springframework/cloud/spring-cloud-dependencies-parent/4.1.1/spring-cloud-dependencies-parent-4.1.1.pom
#14 7.609 [INFO] Downloaded from central: https://repo.maven.apache.org/maven2/org/springframework/cloud/spring-cloud-dependencies-parent/4.1.1/spring-cloud-dependencies-parent-4.1.1.pom (8.1 kB at 81 kB/s)
#14 7.622 [INFO] Downloading from central: https://repo.maven.apache.org/maven2/org/springframework/cloud/spring-cloud-commons-dependencies/4.1.2/spring-cloud-commons-dependencies-4.1.2.pom
#14 7.772 [INFO] Downloaded from central: https://repo.maven.apache.org/maven2/org/springframework/cloud/spring-cloud-commons-dependencies/4.1.2/spring-cloud-commons-dependencies-4.1.2.pom (7.2 kB at 48 kB/s)
#14 7.778 [INFO] Downloading from central: https://repo.maven.apache.org/maven2/org/springframework/cloud/spring-cloud-netflix-dependencies/4.1.1/spring-cloud-netflix-dependencies-4.1.1.pom
#14 8.489 [INFO] Downloaded from central: https://repo.maven.apache.org/maven2/org/springframework/cloud/spring-cloud-netflix-dependencies/4.1.1/spring-cloud-netflix-dependencies-4.1.1.pom (9.8 kB at 14 kB/s)
#14 8.496 [INFO] Downloading from central: https://repo.maven.apache.org/maven2/org/springframework/cloud/spring-cloud-stream-dependencies/4.1.1/spring-cloud-stream-dependencies-4.1.1.pom
#14 8.749 [INFO] Downloaded from central: https://repo.maven.apache.org/maven2/org/springframework/cloud/spring-cloud-stream-dependencies/4.1.1/spring-cloud-stream-dependencies-4.1.1.pom (8.6 kB at 34 kB/s)
#14 8.756 [INFO] Downloading from central: https://repo.maven.apache.org/maven2/org/springframework/cloud/spring-cloud-task-dependencies/3.1.1/spring-cloud-task-dependencies-3.1.1.pom
#14 8.931 [INFO] Downloaded from central: https://repo.maven.apache.org/maven2/org/springframework/cloud/spring-cloud-task-dependencies/3.1.1/spring-cloud-task-dependencies-3.1.1.pom (5.8 kB at 33 kB/s)
#14 8.946 [INFO] Downloading from central: https://repo.maven.apache.org/maven2/org/springframework/cloud/spring-cloud-circuitbreaker-dependencies/3.1.1/spring-cloud-circuitbreaker-dependencies-3.1.1.pom
#14 9.045 [INFO] Downloaded from central: https://repo.maven.apache.org/maven2/org/springframework/cloud/spring-cloud-circuitbreaker-dependencies/3.1.1/spring-cloud-circuitbreaker-dependencies-3.1.1.pom (6.7 kB at 66 kB/s)
#14 9.053 [INFO] Downloading from central: https://repo.maven.apache.org/maven2/io/github/resilience4j/resilience4j-bom/2.1.0/resilience4j-bom-2.1.0.pom
#14 9.198 [INFO] Downloaded from central: https://repo.maven.apache.org/maven2/io/github/resilience4j/resilience4j-bom/2.1.0/resilience4j-bom-2.1.0.pom (6.4 kB at 44 kB/s)
#14 9.206 [INFO] Downloading from central: https://repo.maven.apache.org/maven2/org/springframework/cloud/spring-cloud-config-dependencies/4.1.1/spring-cloud-config-dependencies-4.1.1.pom
#14 9.892 [INFO] Downloaded from central: https://repo.maven.apache.org/maven2/org/springframework/cloud/spring-cloud-config-dependencies/4.1.1/spring-cloud-config-dependencies-4.1.1.pom (7.5 kB at 11 kB/s)
#14 9.905 [INFO] Downloading from central: https://repo.maven.apache.org/maven2/org/springframework/cloud/spring-cloud-function-dependencies/4.1.1/spring-cloud-function-dependencies-4.1.1.pom
#14 10.000 [INFO] Downloaded from central: https://repo.maven.apache.org/maven2/org/springframework/cloud/spring-cloud-function-dependencies/4.1.1/spring-cloud-function-dependencies-4.1.1.pom (6.8 kB at 72 kB/s)
#14 10.01 [INFO] Downloading from central: https://repo.maven.apache.org/maven2/org/springframework/cloud/spring-cloud-gateway-dependencies/4.1.2/spring-cloud-gateway-dependencies-4.1.2.pom
#14 10.12 [INFO] Downloaded from central: https://repo.maven.apache.org/maven2/org/springframework/cloud/spring-cloud-gateway-dependencies/4.1.2/spring-cloud-gateway-dependencies-4.1.2.pom (6.4 kB at 59 kB/s)
#14 10.13 [INFO] Downloading from central: https://repo.maven.apache.org/maven2/org/springframework/cloud/spring-cloud-consul-dependencies/4.1.1/spring-cloud-consul-dependencies-4.1.1.pom
#14 10.25 [INFO] Downloaded from central: https://repo.maven.apache.org/maven2/org/springframework/cloud/spring-cloud-consul-dependencies/4.1.1/spring-cloud-consul-dependencies-4.1.1.pom (7.5 kB at 59 kB/s)
#14 10.26 [INFO] Downloading from central: https://repo.maven.apache.org/maven2/org/springframework/cloud/spring-cloud-vault-dependencies/4.1.1/spring-cloud-vault-dependencies-4.1.1.pom
#14 10.43 [INFO] Downloaded from central: https://repo.maven.apache.org/maven2/org/springframework/cloud/spring-cloud-vault-dependencies/4.1.1/spring-cloud-vault-dependencies-4.1.1.pom (6.2 kB at 36 kB/s)
#14 10.44 [INFO] Downloading from central: https://repo.maven.apache.org/maven2/org/springframework/cloud/spring-cloud-zookeeper-dependencies/4.1.1/spring-cloud-zookeeper-dependencies-4.1.1.pom
#14 10.53 [INFO] Downloaded from central: https://repo.maven.apache.org/maven2/org/springframework/cloud/spring-cloud-zookeeper-dependencies/4.1.1/spring-cloud-zookeeper-dependencies-4.1.1.pom (8.9 kB at 95 kB/s)
#14 10.54 [INFO] Downloading from central: https://repo.maven.apache.org/maven2/org/springframework/cloud/spring-cloud-bus-dependencies/4.1.1/spring-cloud-bus-dependencies-4.1.1.pom
#14 10.69 [INFO] Downloaded from central: https://repo.maven.apache.org/maven2/org/springframework/cloud/spring-cloud-bus-dependencies/4.1.1/spring-cloud-bus-dependencies-4.1.1.pom (6.1 kB at 42 kB/s)
#14 10.70 [INFO] Downloading from central: https://repo.maven.apache.org/maven2/org/springframework/cloud/spring-cloud-contract-dependencies/4.1.2/spring-cloud-contract-dependencies-4.1.2.pom
#14 10.81 [INFO] Downloaded from central: https://repo.maven.apache.org/maven2/org/springframework/cloud/spring-cloud-contract-dependencies/4.1.2/spring-cloud-contract-dependencies-4.1.2.pom (9.0 kB at 87 kB/s)
#14 10.82 [INFO] Downloading from central: https://repo.maven.apache.org/maven2/org/springframework/cloud/spring-cloud-openfeign-dependencies/4.1.1/spring-cloud-openfeign-dependencies-4.1.1.pom
#14 10.93 [INFO] Downloaded from central: https://repo.maven.apache.org/maven2/org/springframework/cloud/spring-cloud-openfeign-dependencies/4.1.1/spring-cloud-openfeign-dependencies-4.1.1.pom (6.5 kB at 58 kB/s)
#14 10.94 [INFO] Downloading from central: https://repo.maven.apache.org/maven2/io/github/openfeign/feign-bom/13.2.1/feign-bom-13.2.1.pom
#14 11.48 [INFO] Downloaded from central: https://repo.maven.apache.org/maven2/io/github/openfeign/feign-bom/13.2.1/feign-bom-13.2.1.pom (7.5 kB at 14 kB/s)
#14 11.48 [INFO] Downloading from central: https://repo.maven.apache.org/maven2/org/springframework/cloud/spring-cloud-kubernetes-dependencies/3.1.1/spring-cloud-kubernetes-dependencies-3.1.1.pom
#14 11.66 [INFO] Downloaded from central: https://repo.maven.apache.org/maven2/org/springframework/cloud/spring-cloud-kubernetes-dependencies/3.1.1/spring-cloud-kubernetes-dependencies-3.1.1.pom (13 kB at 70 kB/s)
#14 11.67 [INFO] Downloading from central: https://repo.maven.apache.org/maven2/io/fabric8/kubernetes-client-bom/6.9.2/kubernetes-client-bom-6.9.2.pom
#14 12.31 [INFO] Downloaded from central: https://repo.maven.apache.org/maven2/io/fabric8/kubernetes-client-bom/6.9.2/kubernetes-client-bom-6.9.2.pom (28 kB at 43 kB/s)
#14 12.32 [INFO] Downloading from central: https://repo.maven.apache.org/maven2/org/assertj/assertj-bom/3.24.2/assertj-bom-3.24.2.pom
#14 12.56 [INFO] Downloaded from central: https://repo.maven.apache.org/maven2/org/assertj/assertj-bom/3.24.2/assertj-bom-3.24.2.pom (3.7 kB at 15 kB/s)
#14 12.57 [INFO] Downloading from central: https://repo.maven.apache.org/maven2/io/zipkin/brave/brave-bom/5.16.0/brave-bom-5.16.0.pom
#14 13.45 [INFO] Downloaded from central: https://repo.maven.apache.org/maven2/io/zipkin/brave/brave-bom/5.16.0/brave-bom-5.16.0.pom (12 kB at 14 kB/s)
#14 13.45 [INFO] Downloading from central: https://repo.maven.apache.org/maven2/io/zipkin/reporter2/zipkin-reporter-bom/2.16.3/zipkin-reporter-bom-2.16.3.pom
#14 13.91 [INFO] Downloaded from central: https://repo.maven.apache.org/maven2/io/zipkin/reporter2/zipkin-reporter-bom/2.16.3/zipkin-reporter-bom-2.16.3.pom (6.9 kB at 15 kB/s)
#14 13.92 [INFO] Downloading from central: https://repo.maven.apache.org/maven2/com/datastax/oss/java-driver-bom/4.17.0/java-driver-bom-4.17.0.pom
#14 14.03 [INFO] Downloaded from central: https://repo.maven.apache.org/maven2/com/datastax/oss/java-driver-bom/4.17.0/java-driver-bom-4.17.0.pom (4.1 kB at 38 kB/s)
#14 14.03 [INFO] Downloading from central: https://repo.maven.apache.org/maven2/io/dropwizard/metrics/metrics-bom/4.2.25/metrics-bom-4.2.25.pom
#14 14.13 [INFO] Downloaded from central: https://repo.maven.apache.org/maven2/io/dropwizard/metrics/metrics-bom/4.2.25/metrics-bom-4.2.25.pom (8.2 kB at 86 kB/s)
#14 14.13 [INFO] Downloading from central: https://repo.maven.apache.org/maven2/io/dropwizard/metrics/metrics-parent/4.2.25/metrics-parent-4.2.25.pom
#14 14.60 [INFO] Downloaded from central: https://repo.maven.apache.org/maven2/io/dropwizard/metrics/metrics-parent/4.2.25/metrics-parent-4.2.25.pom (21 kB at 44 kB/s)
#14 14.61 [INFO] Downloading from central: https://repo.maven.apache.org/maven2/org/glassfish/jaxb/jaxb-bom/4.0.5/jaxb-bom-4.0.5.pom
#14 14.95 [INFO] Downloaded from central: https://repo.maven.apache.org/maven2/org/glassfish/jaxb/jaxb-bom/4.0.5/jaxb-bom-4.0.5.pom (12 kB at 35 kB/s)
#14 14.95 [INFO] Downloading from central: https://repo.maven.apache.org/maven2/org/eclipse/ee4j/project/1.0.9/project-1.0.9.pom
#14 15.37 [INFO] Downloaded from central: https://repo.maven.apache.org/maven2/org/eclipse/ee4j/project/1.0.9/project-1.0.9.pom (16 kB at 38 kB/s)
#14 15.39 [INFO] Downloading from central: https://repo.maven.apache.org/maven2/org/apache/groovy/groovy-bom/4.0.21/groovy-bom-4.0.21.pom
#14 15.78 [INFO] Downloaded from central: https://repo.maven.apache.org/maven2/org/apache/groovy/groovy-bom/4.0.21/groovy-bom-4.0.21.pom (27 kB at 69 kB/s)
#14 15.80 [INFO] Downloading from central: https://repo.maven.apache.org/maven2/org/infinispan/infinispan-bom/14.0.27.Final/infinispan-bom-14.0.27.Final.pom
#14 16.11 [INFO] Downloaded from central: https://repo.maven.apache.org/maven2/org/infinispan/infinispan-bom/14.0.27.Final/infinispan-bom-14.0.27.Final.pom (25 kB at 79 kB/s)
#14 16.12 [INFO] Downloading from central: https://repo.maven.apache.org/maven2/org/infinispan/infinispan-build-configuration-parent/14.0.27.Final/infinispan-build-configuration-parent-14.0.27.Final.pom
#14 16.50 [INFO] Downloaded from central: https://repo.maven.apache.org/maven2/org/infinispan/infinispan-build-configuration-parent/14.0.27.Final/infinispan-build-configuration-parent-14.0.27.Final.pom (24 kB at 65 kB/s)
#14 16.51 [INFO] Downloading from central: https://repo.maven.apache.org/maven2/org/jboss/jboss-parent/39/jboss-parent-39.pom
#14 17.16 [INFO] Downloaded from central: https://repo.maven.apache.org/maven2/org/jboss/jboss-parent/39/jboss-parent-39.pom (68 kB at 103 kB/s)
#14 17.18 [INFO] Downloading from central: https://repo.maven.apache.org/maven2/com/fasterxml/jackson/jackson-bom/2.15.4/jackson-bom-2.15.4.pom
#14 18.09 [INFO] Downloaded from central: https://repo.maven.apache.org/maven2/com/fasterxml/jackson/jackson-bom/2.15.4/jackson-bom-2.15.4.pom (18 kB at 20 kB/s)
#14 18.10 [INFO] Downloading from central: https://repo.maven.apache.org/maven2/com/fasterxml/jackson/jackson-parent/2.15/jackson-parent-2.15.pom
#14 18.42 [INFO] Downloaded from central: https://repo.maven.apache.org/maven2/com/fasterxml/jackson/jackson-parent/2.15/jackson-parent-2.15.pom (6.5 kB at 20 kB/s)
#14 18.43 [INFO] Downloading from central: https://repo.maven.apache.org/maven2/com/fasterxml/oss-parent/50/oss-parent-50.pom
#14 18.66 [INFO] Downloaded from central: https://repo.maven.apache.org/maven2/com/fasterxml/oss-parent/50/oss-parent-50.pom (24 kB at 101 kB/s)
#14 18.67 [INFO] Downloading from central: https://repo.maven.apache.org/maven2/org/glassfish/jersey/jersey-bom/3.1.6/jersey-bom-3.1.6.pom
#14 18.81 [INFO] Downloaded from central: https://repo.maven.apache.org/maven2/org/glassfish/jersey/jersey-bom/3.1.6/jersey-bom-3.1.6.pom (21 kB at 158 kB/s)
#14 18.81 [INFO] Downloading from central: https://repo.maven.apache.org/maven2/org/eclipse/ee4j/project/1.0.8/project-1.0.8.pom
#14 18.93 [INFO] Downloaded from central: https://repo.maven.apache.org/maven2/org/eclipse/ee4j/project/1.0.8/project-1.0.8.pom (15 kB at 123 kB/s)
#14 18.94 [INFO] Downloading from central: https://repo.maven.apache.org/maven2/org/eclipse/jetty/ee10/jetty-ee10-bom/12.0.8/jetty-ee10-bom-12.0.8.pom
#14 19.04 [INFO] Downloaded from central: https://repo.maven.apache.org/maven2/org/eclipse/jetty/ee10/jetty-ee10-bom/12.0.8/jetty-ee10-bom-12.0.8.pom (9.2 kB at 98 kB/s)
#14 19.04 [INFO] Downloading from central: https://repo.maven.apache.org/maven2/org/eclipse/jetty/jetty-bom/12.0.8/jetty-bom-12.0.8.pom
#14 19.18 [INFO] Downloaded from central: https://repo.maven.apache.org/maven2/org/eclipse/jetty/jetty-bom/12.0.8/jetty-bom-12.0.8.pom (14 kB at 102 kB/s)
#14 19.19 [INFO] Downloading from central: https://repo.maven.apache.org/maven2/org/junit/junit-bom/5.10.2/junit-bom-5.10.2.pom
#14 19.27 [INFO] Downloaded from central: https://repo.maven.apache.org/maven2/org/junit/junit-bom/5.10.2/junit-bom-5.10.2.pom (5.6 kB at 72 kB/s)
#14 19.27 [INFO] Downloading from central: https://repo.maven.apache.org/maven2/org/jetbrains/kotlin/kotlin-bom/1.9.23/kotlin-bom-1.9.23.pom
#14 19.41 [INFO] Downloaded from central: https://repo.maven.apache.org/maven2/org/jetbrains/kotlin/kotlin-bom/1.9.23/kotlin-bom-1.9.23.pom (9.1 kB at 67 kB/s)
#14 19.41 [INFO] Downloading from central: https://repo.maven.apache.org/maven2/org/jetbrains/kotlinx/kotlinx-coroutines-bom/1.7.3/kotlinx-coroutines-bom-1.7.3.pom
#14 19.51 [INFO] Downloaded from central: https://repo.maven.apache.org/maven2/org/jetbrains/kotlinx/kotlinx-coroutines-bom/1.7.3/kotlinx-coroutines-bom-1.7.3.pom (4.3 kB at 42 kB/s)
#14 19.52 [INFO] Downloading from central: https://repo.maven.apache.org/maven2/org/jetbrains/kotlinx/kotlinx-serialization-bom/1.6.3/kotlinx-serialization-bom-1.6.3.pom
#14 19.62 [INFO] Downloaded from central: https://repo.maven.apache.org/maven2/org/jetbrains/kotlinx/kotlinx-serialization-bom/1.6.3/kotlinx-serialization-bom-1.6.3.pom (3.7 kB at 36 kB/s)
#14 19.62 [INFO] Downloading from central: https://repo.maven.apache.org/maven2/org/apache/logging/log4j/log4j-bom/2.21.1/log4j-bom-2.21.1.pom
#14 19.74 [INFO] Downloaded from central: https://repo.maven.apache.org/maven2/org/apache/logging/log4j/log4j-bom/2.21.1/log4j-bom-2.21.1.pom (12 kB at 111 kB/s)
#14 19.74 [INFO] Downloading from central: https://repo.maven.apache.org/maven2/org/apache/logging/logging-parent/10.1.1/logging-parent-10.1.1.pom
#14 19.84 [INFO] Downloaded from central: https://repo.maven.apache.org/maven2/org/apache/logging/logging-parent/10.1.1/logging-parent-10.1.1.pom (39 kB at 373 kB/s)
#14 19.85 [INFO] Downloading from central: https://repo.maven.apache.org/maven2/org/apache/apache/30/apache-30.pom
#14 19.94 [INFO] Downloaded from central: https://repo.maven.apache.org/maven2/org/apache/apache/30/apache-30.pom (23 kB at 258 kB/s)
#14 19.95 [INFO] Downloading from central: https://repo.maven.apache.org/maven2/io/micrometer/micrometer-bom/1.12.5/micrometer-bom-1.12.5.pom
#14 20.05 [INFO] Downloaded from central: https://repo.maven.apache.org/maven2/io/micrometer/micrometer-bom/1.12.5/micrometer-bom-1.12.5.pom (7.9 kB at 77 kB/s)
#14 20.06 [INFO] Downloading from central: https://repo.maven.apache.org/maven2/io/micrometer/micrometer-tracing-bom/1.2.5/micrometer-tracing-bom-1.2.5.pom
#14 20.35 [INFO] Downloaded from central: https://repo.maven.apache.org/maven2/io/micrometer/micrometer-tracing-bom/1.2.5/micrometer-tracing-bom-1.2.5.pom (4.5 kB at 16 kB/s)
#14 20.36 [INFO] Downloading from central: https://repo.maven.apache.org/maven2/org/mockito/mockito-bom/5.7.0/mockito-bom-5.7.0.pom
#14 20.44 [INFO] Downloaded from central: https://repo.maven.apache.org/maven2/org/mockito/mockito-bom/5.7.0/mockito-bom-5.7.0.pom (3.0 kB at 33 kB/s)
#14 20.45 [INFO] Downloading from central: https://repo.maven.apache.org/maven2/io/netty/netty-bom/4.1.109.Final/netty-bom-4.1.109.Final.pom
#14 20.64 [INFO] Downloaded from central: https://repo.maven.apache.org/maven2/io/netty/netty-bom/4.1.109.Final/netty-bom-4.1.109.Final.pom (14 kB at 72 kB/s)
#14 20.65 [INFO] Downloading from central: https://repo.maven.apache.org/maven2/org/sonatype/oss/oss-parent/7/oss-parent-7.pom
#14 20.74 [INFO] Downloaded from central: https://repo.maven.apache.org/maven2/org/sonatype/oss/oss-parent/7/oss-parent-7.pom (4.8 kB at 52 kB/s)
#14 20.75 [INFO] Downloading from central: https://repo.maven.apache.org/maven2/com/squareup/okhttp3/okhttp-bom/4.12.0/okhttp-bom-4.12.0.pom
#14 21.82 [INFO] Downloaded from central: https://repo.maven.apache.org/maven2/com/squareup/okhttp3/okhttp-bom/4.12.0/okhttp-bom-4.12.0.pom (3.1 kB at 2.8 kB/s)
#14 21.82 [INFO] Downloading from central: https://repo.maven.apache.org/maven2/io/opentelemetry/opentelemetry-bom/1.31.0/opentelemetry-bom-1.31.0.pom
#14 21.96 [INFO] Downloaded from central: https://repo.maven.apache.org/maven2/io/opentelemetry/opentelemetry-bom/1.31.0/opentelemetry-bom-1.31.0.pom (7.0 kB at 50 kB/s)
#14 21.97 [INFO] Downloading from central: https://repo.maven.apache.org/maven2/com/oracle/database/jdbc/ojdbc-bom/21.9.0.0/ojdbc-bom-21.9.0.0.pom
#14 22.11 [INFO] Downloaded from central: https://repo.maven.apache.org/maven2/com/oracle/database/jdbc/ojdbc-bom/21.9.0.0/ojdbc-bom-21.9.0.0.pom (13 kB at 88 kB/s)
#14 22.12 [INFO] Downloading from central: https://repo.maven.apache.org/maven2/io/prometheus/simpleclient_bom/0.16.0/simpleclient_bom-0.16.0.pom
#14 22.27 [INFO] Downloaded from central: https://repo.maven.apache.org/maven2/io/prometheus/simpleclient_bom/0.16.0/simpleclient_bom-0.16.0.pom (6.0 kB at 40 kB/s)
#14 22.27 [INFO] Downloading from central: https://repo.maven.apache.org/maven2/io/prometheus/parent/0.16.0/parent-0.16.0.pom
#14 22.41 [INFO] Downloaded from central: https://repo.maven.apache.org/maven2/io/prometheus/parent/0.16.0/parent-0.16.0.pom (13 kB at 90 kB/s)
#14 22.42 [INFO] Downloading from central: https://repo.maven.apache.org/maven2/com/querydsl/querydsl-bom/5.0.0/querydsl-bom-5.0.0.pom
#14 22.56 [INFO] Downloaded from central: https://repo.maven.apache.org/maven2/com/querydsl/querydsl-bom/5.0.0/querydsl-bom-5.0.0.pom (7.2 kB at 51 kB/s)
#14 22.56 [INFO] Downloading from central: https://repo.maven.apache.org/maven2/io/projectreactor/reactor-bom/2023.0.5/reactor-bom-2023.0.5.pom
#14 22.67 [INFO] Downloaded from central: https://repo.maven.apache.org/maven2/io/projectreactor/reactor-bom/2023.0.5/reactor-bom-2023.0.5.pom (4.8 kB at 46 kB/s)
#14 22.67 [INFO] Downloading from central: https://repo.maven.apache.org/maven2/io/rest-assured/rest-assured-bom/5.3.2/rest-assured-bom-5.3.2.pom
#14 22.86 [INFO] Downloaded from central: https://repo.maven.apache.org/maven2/io/rest-assured/rest-assured-bom/5.3.2/rest-assured-bom-5.3.2.pom (4.3 kB at 22 kB/s)
#14 22.86 [INFO] Downloading from central: https://repo.maven.apache.org/maven2/io/rsocket/rsocket-bom/1.1.3/rsocket-bom-1.1.3.pom
#14 22.99 [INFO] Downloaded from central: https://repo.maven.apache.org/maven2/io/rsocket/rsocket-bom/1.1.3/rsocket-bom-1.1.3.pom (2.6 kB at 20 kB/s)
#14 23.00 [INFO] Downloading from central: https://repo.maven.apache.org/maven2/org/seleniumhq/selenium/selenium-bom/4.14.1/selenium-bom-4.14.1.pom
#14 23.11 [INFO] Downloaded from central: https://repo.maven.apache.org/maven2/org/seleniumhq/selenium/selenium-bom/4.14.1/selenium-bom-4.14.1.pom (6.0 kB at 56 kB/s)
#14 23.11 [INFO] Downloading from central: https://repo.maven.apache.org/maven2/org/springframework/amqp/spring-amqp-bom/3.1.4/spring-amqp-bom-3.1.4.pom
#14 23.23 [INFO] Downloaded from central: https://repo.maven.apache.org/maven2/org/springframework/amqp/spring-amqp-bom/3.1.4/spring-amqp-bom-3.1.4.pom (3.9 kB at 31 kB/s)
#14 23.24 [INFO] Downloading from central: https://repo.maven.apache.org/maven2/org/springframework/batch/spring-batch-bom/5.1.1/spring-batch-bom-5.1.1.pom
#14 23.33 [INFO] Downloaded from central: https://repo.maven.apache.org/maven2/org/springframework/batch/spring-batch-bom/5.1.1/spring-batch-bom-5.1.1.pom (3.2 kB at 36 kB/s)
#14 23.34 [INFO] Downloading from central: https://repo.maven.apache.org/maven2/org/springframework/data/spring-data-bom/2023.1.5/spring-data-bom-2023.1.5.pom
#14 23.48 [INFO] Downloaded from central: https://repo.maven.apache.org/maven2/org/springframework/data/spring-data-bom/2023.1.5/spring-data-bom-2023.1.5.pom (5.5 kB at 39 kB/s)
#14 23.49 [INFO] Downloading from central: https://repo.maven.apache.org/maven2/org/springframework/spring-framework-bom/6.1.6/spring-framework-bom-6.1.6.pom
#14 23.64 [INFO] Downloaded from central: https://repo.maven.apache.org/maven2/org/springframework/spring-framework-bom/6.1.6/spring-framework-bom-6.1.6.pom (5.8 kB at 39 kB/s)
#14 23.64 [INFO] Downloading from central: https://repo.maven.apache.org/maven2/org/springframework/integration/spring-integration-bom/6.2.4/spring-integration-bom-6.2.4.pom
#14 23.78 [INFO] Downloaded from central: https://repo.maven.apache.org/maven2/org/springframework/integration/spring-integration-bom/6.2.4/spring-integration-bom-6.2.4.pom (10 kB at 74 kB/s)
#14 23.80 [INFO] Downloading from central: https://repo.maven.apache.org/maven2/org/springframework/pulsar/spring-pulsar-bom/1.0.5/spring-pulsar-bom-1.0.5.pom
#14 23.89 [INFO] Downloaded from central: https://repo.maven.apache.org/maven2/org/springframework/pulsar/spring-pulsar-bom/1.0.5/spring-pulsar-bom-1.0.5.pom (2.7 kB at 29 kB/s)
#14 23.90 [INFO] Downloading from central: https://repo.maven.apache.org/maven2/org/springframework/restdocs/spring-restdocs-bom/3.0.1/spring-restdocs-bom-3.0.1.pom
#14 24.03 [INFO] Downloaded from central: https://repo.maven.apache.org/maven2/org/springframework/restdocs/spring-restdocs-bom/3.0.1/spring-restdocs-bom-3.0.1.pom (2.6 kB at 19 kB/s)
#14 24.03 [INFO] Downloading from central: https://repo.maven.apache.org/maven2/org/springframework/security/spring-security-bom/6.2.4/spring-security-bom-6.2.4.pom
#14 24.11 [INFO] Downloaded from central: https://repo.maven.apache.org/maven2/org/springframework/security/spring-security-bom/6.2.4/spring-security-bom-6.2.4.pom (5.3 kB at 68 kB/s)
#14 24.12 [INFO] Downloading from central: https://repo.maven.apache.org/maven2/org/springframework/session/spring-session-bom/3.2.2/spring-session-bom-3.2.2.pom
#14 24.29 [INFO] Downloaded from central: https://repo.maven.apache.org/maven2/org/springframework/session/spring-session-bom/3.2.2/spring-session-bom-3.2.2.pom (2.9 kB at 16 kB/s)
#14 24.29 [INFO] Downloading from central: https://repo.maven.apache.org/maven2/org/springframework/ws/spring-ws-bom/4.0.10/spring-ws-bom-4.0.10.pom
#14 24.95 [INFO] Downloaded from central: https://repo.maven.apache.org/maven2/org/springframework/ws/spring-ws-bom/4.0.10/spring-ws-bom-4.0.10.pom (3.5 kB at 5.3 kB/s)
#14 24.95 [INFO] Downloading from central: https://repo.maven.apache.org/maven2/org/testcontainers/testcontainers-bom/1.19.7/testcontainers-bom-1.19.7.pom
#14 25.03 [INFO] Downloaded from central: https://repo.maven.apache.org/maven2/org/testcontainers/testcontainers-bom/1.19.7/testcontainers-bom-1.19.7.pom (10 kB at 129 kB/s)
#14 25.07 [INFO] ------------------------------------------------------------------------
#14 25.07 [INFO] Reactor Build Order:
#14 25.07 [INFO] 
#14 25.07 [INFO] elearning-backend                                                  [pom]
#14 25.07 [INFO] auth-server                                                        [jar]
#14 25.07 [INFO] resource-server                                                    [jar]
#14 25.07 [INFO] Downloading from central: https://repo.maven.apache.org/maven2/org/springframework/boot/spring-boot-maven-plugin/3.2.5/spring-boot-maven-plugin-3.2.5.pom
#14 25.17 [INFO] Downloaded from central: https://repo.maven.apache.org/maven2/org/springframework/boot/spring-boot-maven-plugin/3.2.5/spring-boot-maven-plugin-3.2.5.pom (4.2 kB at 44 kB/s)
#14 25.19 [INFO] Downloading from central: https://repo.maven.apache.org/maven2/org/springframework/boot/spring-boot-maven-plugin/3.2.5/spring-boot-maven-plugin-3.2.5.jar
#14 25.53 [INFO] Downloaded from central: https://repo.maven.apache.org/maven2/org/springframework/boot/spring-boot-maven-plugin/3.2.5/spring-boot-maven-plugin-3.2.5.jar (135 kB at 386 kB/s)
#14 25.54 [INFO] Downloading from central: https://repo.maven.apache.org/maven2/org/apache/maven/plugins/maven-clean-plugin/3.3.2/maven-clean-plugin-3.3.2.pom
#14 25.63 [INFO] Downloaded from central: https://repo.maven.apache.org/maven2/org/apache/maven/plugins/maven-clean-plugin/3.3.2/maven-clean-plugin-3.3.2.pom (5.3 kB at 63 kB/s)
#14 25.63 [INFO] Downloading from central: https://repo.maven.apache.org/maven2/org/apache/maven/plugins/maven-plugins/40/maven-plugins-40.pom
#14 25.71 [INFO] Downloaded from central: https://repo.maven.apache.org/maven2/org/apache/maven/plugins/maven-plugins/40/maven-plugins-40.pom (8.1 kB at 97 kB/s)
#14 25.72 [INFO] Downloading from central: https://repo.maven.apache.org/maven2/org/apache/maven/maven-parent/40/maven-parent-40.pom
#14 25.81 [INFO] Downloaded from central: https://repo.maven.apache.org/maven2/org/apache/maven/maven-parent/40/maven-parent-40.pom (49 kB at 515 kB/s)
#14 25.82 [INFO] Downloading from central: https://repo.maven.apache.org/maven2/org/apache/maven/plugins/maven-clean-plugin/3.3.2/maven-clean-plugin-3.3.2.jar
#14 25.95 [INFO] Downloaded from central: https://repo.maven.apache.org/maven2/org/apache/maven/plugins/maven-clean-plugin/3.3.2/maven-clean-plugin-3.3.2.jar (36 kB at 277 kB/s)
#14 25.96 [INFO] Downloading from central: https://repo.maven.apache.org/maven2/org/apache/maven/plugins/maven-install-plugin/3.1.1/maven-install-plugin-3.1.1.pom
#14 26.11 [INFO] Downloaded from central: https://repo.maven.apache.org/maven2/org/apache/maven/plugins/maven-install-plugin/3.1.1/maven-install-plugin-3.1.1.pom (7.8 kB at 50 kB/s)
#14 26.11 [INFO] Downloading from central: https://repo.maven.apache.org/maven2/org/apache/maven/plugins/maven-plugins/39/maven-plugins-39.pom
#14 26.21 [INFO] Downloaded from central: https://repo.maven.apache.org/maven2/org/apache/maven/plugins/maven-plugins/39/maven-plugins-39.pom (8.1 kB at 87 kB/s)
#14 26.21 [INFO] Downloading from central: https://repo.maven.apache.org/maven2/org/apache/maven/maven-parent/39/maven-parent-39.pom
#14 26.35 [INFO] Downloaded from central: https://repo.maven.apache.org/maven2/org/apache/maven/maven-parent/39/maven-parent-39.pom (48 kB at 333 kB/s)
#14 26.36 [INFO] Downloading from central: https://repo.maven.apache.org/maven2/org/apache/apache/29/apache-29.pom
#14 26.49 [INFO] Downloaded from central: https://repo.maven.apache.org/maven2/org/apache/apache/29/apache-29.pom (21 kB at 152 kB/s)
#14 26.50 [INFO] Downloading from central: https://repo.maven.apache.org/maven2/org/apache/maven/plugins/maven-install-plugin/3.1.1/maven-install-plugin-3.1.1.jar
#14 26.59 [INFO] Downloaded from central: https://repo.maven.apache.org/maven2/org/apache/maven/plugins/maven-install-plugin/3.1.1/maven-install-plugin-3.1.1.jar (31 kB at 329 kB/s)
#14 26.60 [INFO] Downloading from central: https://repo.maven.apache.org/maven2/org/apache/maven/plugins/maven-deploy-plugin/3.1.1/maven-deploy-plugin-3.1.1.pom
#14 26.68 [INFO] Downloaded from central: https://repo.maven.apache.org/maven2/org/apache/maven/plugins/maven-deploy-plugin/3.1.1/maven-deploy-plugin-3.1.1.pom (8.9 kB at 111 kB/s)
#14 26.68 [INFO] Downloading from central: https://repo.maven.apache.org/maven2/org/apache/maven/plugins/maven-deploy-plugin/3.1.1/maven-deploy-plugin-3.1.1.jar
#14 26.80 [INFO] Downloaded from central: https://repo.maven.apache.org/maven2/org/apache/maven/plugins/maven-deploy-plugin/3.1.1/maven-deploy-plugin-3.1.1.jar (39 kB at 329 kB/s)
#14 26.80 [INFO] Downloading from central: https://repo.maven.apache.org/maven2/org/apache/maven/plugins/maven-site-plugin/3.12.1/maven-site-plugin-3.12.1.pom
#14 26.93 [INFO] Downloaded from central: https://repo.maven.apache.org/maven2/org/apache/maven/plugins/maven-site-plugin/3.12.1/maven-site-plugin-3.12.1.pom (20 kB at 155 kB/s)
#14 26.94 [INFO] Downloading from central: https://repo.maven.apache.org/maven2/org/apache/maven/plugins/maven-plugins/36/maven-plugins-36.pom
#14 27.10 [INFO] Downloaded from central: https://repo.maven.apache.org/maven2/org/apache/maven/plugins/maven-plugins/36/maven-plugins-36.pom (9.9 kB at 62 kB/s)
#14 27.10 [INFO] Downloading from central: https://repo.maven.apache.org/maven2/org/apache/maven/maven-parent/36/maven-parent-36.pom
#14 27.42 [INFO] Downloaded from central: https://repo.maven.apache.org/maven2/org/apache/maven/maven-parent/36/maven-parent-36.pom (45 kB at 141 kB/s)
#14 27.43 [INFO] Downloading from central: https://repo.maven.apache.org/maven2/org/apache/apache/26/apache-26.pom
#14 28.05 [INFO] Downloaded from central: https://repo.maven.apache.org/maven2/org/apache/apache/26/apache-26.pom (21 kB at 33 kB/s)
#14 28.06 [INFO] Downloading from central: https://repo.maven.apache.org/maven2/org/apache/maven/plugins/maven-site-plugin/3.12.1/maven-site-plugin-3.12.1.jar
#14 28.94 [INFO] Downloaded from central: https://repo.maven.apache.org/maven2/org/apache/maven/plugins/maven-site-plugin/3.12.1/maven-site-plugin-3.12.1.jar (119 kB at 134 kB/s)
#14 28.95 [INFO] Downloading from central: https://repo.maven.apache.org/maven2/org/codehaus/mojo/build-helper-maven-plugin/3.4.0/build-helper-maven-plugin-3.4.0.pom
#14 29.17 [INFO] Downloaded from central: https://repo.maven.apache.org/maven2/org/codehaus/mojo/build-helper-maven-plugin/3.4.0/build-helper-maven-plugin-3.4.0.pom (7.6 kB at 35 kB/s)
#14 29.17 [INFO] Downloading from central: https://repo.maven.apache.org/maven2/org/codehaus/mojo/mojo-parent/74/mojo-parent-74.pom
#14 29.30 [INFO] Downloaded from central: https://repo.maven.apache.org/maven2/org/codehaus/mojo/mojo-parent/74/mojo-parent-74.pom (36 kB at 281 kB/s)
#14 29.30 [INFO] Downloading from central: https://repo.maven.apache.org/maven2/org/junit/junit-bom/5.9.2/junit-bom-5.9.2.pom
#14 29.44 [INFO] Downloaded from central: https://repo.maven.apache.org/maven2/org/junit/junit-bom/5.9.2/junit-bom-5.9.2.pom (5.6 kB at 42 kB/s)
#14 29.44 [INFO] Downloading from central: https://repo.maven.apache.org/maven2/org/codehaus/mojo/build-helper-maven-plugin/3.4.0/build-helper-maven-plugin-3.4.0.jar
#14 30.12 [INFO] Downloaded from central: https://repo.maven.apache.org/maven2/org/codehaus/mojo/build-helper-maven-plugin/3.4.0/build-helper-maven-plugin-3.4.0.jar (70 kB at 103 kB/s)
#14 30.12 [INFO] Downloading from central: https://repo.maven.apache.org/maven2/org/flywaydb/flyway-maven-plugin/9.22.3/flyway-maven-plugin-9.22.3.pom
#14 30.49 [INFO] Downloaded from central: https://repo.maven.apache.org/maven2/org/flywaydb/flyway-maven-plugin/9.22.3/flyway-maven-plugin-9.22.3.pom (4.4 kB at 12 kB/s)
#14 30.49 [INFO] Downloading from central: https://repo.maven.apache.org/maven2/org/flywaydb/flyway-parent/9.22.3/flyway-parent-9.22.3.pom
#14 30.61 [INFO] Downloaded from central: https://repo.maven.apache.org/maven2/org/flywaydb/flyway-parent/9.22.3/flyway-parent-9.22.3.pom (35 kB at 295 kB/s)
#14 30.62 [INFO] Downloading from central: https://repo.maven.apache.org/maven2/org/flywaydb/flyway-maven-plugin/9.22.3/flyway-maven-plugin-9.22.3.jar
#14 31.01 [INFO] Downloaded from central: https://repo.maven.apache.org/maven2/org/flywaydb/flyway-maven-plugin/9.22.3/flyway-maven-plugin-9.22.3.jar (112 kB at 286 kB/s)
#14 31.02 [INFO] Downloading from central: https://repo.maven.apache.org/maven2/io/github/git-commit-id/git-commit-id-maven-plugin/6.0.0/git-commit-id-maven-plugin-6.0.0.pom
#14 31.11 [INFO] Downloaded from central: https://repo.maven.apache.org/maven2/io/github/git-commit-id/git-commit-id-maven-plugin/6.0.0/git-commit-id-maven-plugin-6.0.0.pom (25 kB at 274 kB/s)
#14 31.11 [INFO] Downloading from central: https://repo.maven.apache.org/maven2/org/sonatype/oss/oss-parent/9/oss-parent-9.pom
#14 31.18 [INFO] Downloaded from central: https://repo.maven.apache.org/maven2/org/sonatype/oss/oss-parent/9/oss-parent-9.pom (6.6 kB at 94 kB/s)
#14 31.18 [INFO] Downloading from central: https://repo.maven.apache.org/maven2/io/github/git-commit-id/git-commit-id-maven-plugin/6.0.0/git-commit-id-maven-plugin-6.0.0.jar
#14 31.37 [INFO] Downloaded from central: https://repo.maven.apache.org/maven2/io/github/git-commit-id/git-commit-id-maven-plugin/6.0.0/git-commit-id-maven-plugin-6.0.0.jar (56 kB at 300 kB/s)
#14 31.37 [INFO] Downloading from central: https://repo.maven.apache.org/maven2/org/jooq/jooq-codegen-maven/3.18.14/jooq-codegen-maven-3.18.14.pom
#14 31.50 [INFO] Downloaded from central: https://repo.maven.apache.org/maven2/org/jooq/jooq-codegen-maven/3.18.14/jooq-codegen-maven-3.18.14.pom (4.5 kB at 35 kB/s)
#14 31.50 [INFO] Downloading from central: https://repo.maven.apache.org/maven2/org/jooq/jooq-parent/3.18.14/jooq-parent-3.18.14.pom
#14 31.67 [INFO] Downloaded from central: https://repo.maven.apache.org/maven2/org/jooq/jooq-parent/3.18.14/jooq-parent-3.18.14.pom (38 kB at 220 kB/s)
#14 31.68 [INFO] Downloading from central: https://repo.maven.apache.org/maven2/org/jooq/jooq-codegen-maven/3.18.14/jooq-codegen-maven-3.18.14.jar
#14 31.87 [INFO] Downloaded from central: https://repo.maven.apache.org/maven2/org/jooq/jooq-codegen-maven/3.18.14/jooq-codegen-maven-3.18.14.jar (18 kB at 93 kB/s)
#14 31.87 [INFO] Downloading from central: https://repo.maven.apache.org/maven2/org/jetbrains/kotlin/kotlin-maven-plugin/1.9.23/kotlin-maven-plugin-1.9.23.pom
#14 31.99 [INFO] Downloaded from central: https://repo.maven.apache.org/maven2/org/jetbrains/kotlin/kotlin-maven-plugin/1.9.23/kotlin-maven-plugin-1.9.23.pom (6.7 kB at 56 kB/s)
#14 32.00 [INFO] Downloading from central: https://repo.maven.apache.org/maven2/org/jetbrains/kotlin/kotlin-project/1.9.23/kotlin-project-1.9.23.pom
#14 32.07 [INFO] Downloaded from central: https://repo.maven.apache.org/maven2/org/jetbrains/kotlin/kotlin-project/1.9.23/kotlin-project-1.9.23.pom (16 kB at 198 kB/s)
#14 32.08 [INFO] Downloading from central: https://repo.maven.apache.org/maven2/org/jetbrains/kotlin/kotlin-maven-plugin/1.9.23/kotlin-maven-plugin-1.9.23.jar
#14 32.31 [INFO] Downloaded from central: https://repo.maven.apache.org/maven2/org/jetbrains/kotlin/kotlin-maven-plugin/1.9.23/kotlin-maven-plugin-1.9.23.jar (82 kB at 352 kB/s)
#14 32.31 [INFO] Downloading from central: https://repo.maven.apache.org/maven2/org/liquibase/liquibase-maven-plugin/4.24.0/liquibase-maven-plugin-4.24.0.pom
#14 32.42 [INFO] Downloaded from central: https://repo.maven.apache.org/maven2/org/liquibase/liquibase-maven-plugin/4.24.0/liquibase-maven-plugin-4.24.0.pom (2.0 kB at 19 kB/s)
#14 32.42 [INFO] Downloading from central: https://repo.maven.apache.org/maven2/org/liquibase/liquibase-maven-plugin/4.24.0/liquibase-maven-plugin-4.24.0.jar
#14 32.71 [INFO] Downloaded from central: https://repo.maven.apache.org/maven2/org/liquibase/liquibase-maven-plugin/4.24.0/liquibase-maven-plugin-4.24.0.jar (161 kB at 564 kB/s)
#14 32.73 [INFO] Downloading from central: https://repo.maven.apache.org/maven2/org/apache/maven/plugins/maven-antrun-plugin/3.1.0/maven-antrun-plugin-3.1.0.pom
#14 32.92 [INFO] Downloaded from central: https://repo.maven.apache.org/maven2/org/apache/maven/plugins/maven-antrun-plugin/3.1.0/maven-antrun-plugin-3.1.0.pom (9.1 kB at 49 kB/s)
#14 32.92 [INFO] Downloading from central: https://repo.maven.apache.org/maven2/org/apache/maven/plugins/maven-plugins/34/maven-plugins-34.pom
#14 33.01 [INFO] Downloaded from central: https://repo.maven.apache.org/maven2/org/apache/maven/plugins/maven-plugins/34/maven-plugins-34.pom (11 kB at 120 kB/s)
#14 33.01 [INFO] Downloading from central: https://repo.maven.apache.org/maven2/org/apache/maven/maven-parent/34/maven-parent-34.pom
#14 33.14 [INFO] Downloaded from central: https://repo.maven.apache.org/maven2/org/apache/maven/maven-parent/34/maven-parent-34.pom (43 kB at 354 kB/s)
#14 33.14 [INFO] Downloading from central: https://repo.maven.apache.org/maven2/org/apache/apache/23/apache-23.pom
#14 33.22 [INFO] Downloaded from central: https://repo.maven.apache.org/maven2/org/apache/apache/23/apache-23.pom (18 kB at 230 kB/s)
#14 33.22 [INFO] Downloading from central: https://repo.maven.apache.org/maven2/org/apache/maven/plugins/maven-antrun-plugin/3.1.0/maven-antrun-plugin-3.1.0.jar
#14 33.76 [INFO] Downloaded from central: https://repo.maven.apache.org/maven2/org/apache/maven/plugins/maven-antrun-plugin/3.1.0/maven-antrun-plugin-3.1.0.jar (41 kB at 77 kB/s)
#14 33.76 [INFO] Downloading from central: https://repo.maven.apache.org/maven2/org/apache/maven/plugins/maven-assembly-plugin/3.6.0/maven-assembly-plugin-3.6.0.pom
#14 33.91 [INFO] Downloaded from central: https://repo.maven.apache.org/maven2/org/apache/maven/plugins/maven-assembly-plugin/3.6.0/maven-assembly-plugin-3.6.0.pom (15 kB at 101 kB/s)
#14 33.92 [INFO] Downloading from central: https://repo.maven.apache.org/maven2/org/apache/maven/plugins/maven-assembly-plugin/3.6.0/maven-assembly-plugin-3.6.0.jar
#14 35.19 [INFO] Downloaded from central: https://repo.maven.apache.org/maven2/org/apache/maven/plugins/maven-assembly-plugin/3.6.0/maven-assembly-plugin-3.6.0.jar (236 kB at 186 kB/s)
#14 35.20 [INFO] Downloading from central: https://repo.maven.apache.org/maven2/org/apache/maven/plugins/maven-compiler-plugin/3.11.0/maven-compiler-plugin-3.11.0.pom
#14 35.67 [INFO] Downloaded from central: https://repo.maven.apache.org/maven2/org/apache/maven/plugins/maven-compiler-plugin/3.11.0/maven-compiler-plugin-3.11.0.pom (9.8 kB at 21 kB/s)
#14 35.68 [INFO] Downloading from central: https://repo.maven.apache.org/maven2/org/apache/maven/plugins/maven-compiler-plugin/3.11.0/maven-compiler-plugin-3.11.0.jar
#14 -1085.584 [INFO] Downloaded from central: https://repo.maven.apache.org/maven2/org/apache/maven/plugins/maven-compiler-plugin/3.11.0/maven-compiler-plugin-3.11.0.jar (66 kB)
#14 -1085.581 [INFO] Downloading from central: https://repo.maven.apache.org/maven2/org/apache/maven/plugins/maven-dependency-plugin/3.6.1/maven-dependency-plugin-3.6.1.pom
#14 36.84 [INFO] Downloaded from central: https://repo.maven.apache.org/maven2/org/apache/maven/plugins/maven-dependency-plugin/3.6.1/maven-dependency-plugin-3.6.1.pom (18 kB at 15 B/s)
#14 36.85 [INFO] Downloading from central: https://repo.maven.apache.org/maven2/org/apache/maven/plugins/maven-dependency-plugin/3.6.1/maven-dependency-plugin-3.6.1.jar
#14 37.97 [INFO] Downloaded from central: https://repo.maven.apache.org/maven2/org/apache/maven/plugins/maven-dependency-plugin/3.6.1/maven-dependency-plugin-3.6.1.jar (191 kB at 169 kB/s)
#14 38.01 [INFO] 
#14 38.01 [INFO] ------------------< com.elearning:elearning-backend >-------------------
#14 38.01 [INFO] Building elearning-backend 0.0.1-SNAPSHOT                          [1/3]
#14 38.01 [INFO]   from pom.xml
#14 38.01 [INFO] --------------------------------[ pom ]---------------------------------
#14 38.02 [INFO] 
#14 38.02 [INFO] --- dependency:3.6.1:go-offline (default-cli) @ elearning-backend ---
#14 38.04 [INFO] Downloading from central: https://repo.maven.apache.org/maven2/org/apache/maven/doxia/doxia-sink-api/1.11.1/doxia-sink-api-1.11.1.pom
#14 38.69 [INFO] Downloaded from central: https://repo.maven.apache.org/maven2/org/apache/maven/doxia/doxia-sink-api/1.11.1/doxia-sink-api-1.11.1.pom (1.6 kB at 2.4 kB/s)
#14 38.70 [INFO] Downloading from central: https://repo.maven.apache.org/maven2/org/apache/maven/doxia/doxia/1.11.1/doxia-1.11.1.pom
#14 39.32 [INFO] Downloaded from central: https://repo.maven.apache.org/maven2/org/apache/maven/doxia/doxia/1.11.1/doxia-1.11.1.pom (18 kB at 29 kB/s)
#14 39.33 [INFO] Downloading from central: https://repo.maven.apache.org/maven2/org/apache/maven/doxia/doxia-logging-api/1.11.1/doxia-logging-api-1.11.1.pom
#14 40.08 [INFO] Downloaded from central: https://repo.maven.apache.org/maven2/org/apache/maven/doxia/doxia-logging-api/1.11.1/doxia-logging-api-1.11.1.pom (1.6 kB at 2.1 kB/s)
#14 40.09 [INFO] Downloading from central: https://repo.maven.apache.org/maven2/org/apache/maven/reporting/maven-reporting-api/3.1.1/maven-reporting-api-3.1.1.pom
#14 40.60 [INFO] Downloaded from central: https://repo.maven.apache.org/maven2/org/apache/maven/reporting/maven-reporting-api/3.1.1/maven-reporting-api-3.1.1.pom (3.8 kB at 7.3 kB/s)
#14 40.60 [INFO] Downloading from central: https://repo.maven.apache.org/maven2/org/apache/maven/shared/maven-shared-components/34/maven-shared-components-34.pom
#14 41.12 [INFO] Downloaded from central: https://repo.maven.apache.org/maven2/org/apache/maven/shared/maven-shared-components/34/maven-shared-components-34.pom (5.1 kB at 9.8 kB/s)
#14 41.13 [INFO] Downloading from central: https://repo.maven.apache.org/maven2/org/apache/maven/reporting/maven-reporting-impl/3.2.0/maven-reporting-impl-3.2.0.pom
#14 41.64 [INFO] Downloaded from central: https://repo.maven.apache.org/maven2/org/apache/maven/reporting/maven-reporting-impl/3.2.0/maven-reporting-impl-3.2.0.pom (7.6 kB at 15 kB/s)
#14 41.65 [INFO] Downloading from central: https://repo.maven.apache.org/maven2/org/apache/maven/maven-core/3.1.0/maven-core-3.1.0.pom
#14 42.04 [INFO] Downloaded from central: https://repo.maven.apache.org/maven2/org/apache/maven/maven-core/3.1.0/maven-core-3.1.0.pom (6.9 kB at 17 kB/s)
#14 42.05 [INFO] Downloading from central: https://repo.maven.apache.org/maven2/org/apache/maven/maven/3.1.0/maven-3.1.0.pom
#14 42.32 [INFO] Downloaded from central: https://repo.maven.apache.org/maven2/org/apache/maven/maven/3.1.0/maven-3.1.0.pom (22 kB at 82 kB/s)
#14 42.32 [INFO] Downloading from central: https://repo.maven.apache.org/maven2/org/apache/maven/maven-parent/23/maven-parent-23.pom
#14 42.43 [INFO] Downloaded from central: https://repo.maven.apache.org/maven2/org/apache/maven/maven-parent/23/maven-parent-23.pom (33 kB at 288 kB/s)
#14 42.43 [INFO] Downloading from central: https://repo.maven.apache.org/maven2/org/apache/apache/13/apache-13.pom
#14 42.55 [INFO] Downloaded from central: https://repo.maven.apache.org/maven2/org/apache/apache/13/apache-13.pom (14 kB at 116 kB/s)
#14 42.56 [INFO] Downloading from central: https://repo.maven.apache.org/maven2/org/apache/maven/maven-model/3.1.0/maven-model-3.1.0.pom
#14 42.65 [INFO] Downloaded from central: https://repo.maven.apache.org/maven2/org/apache/maven/maven-model/3.1.0/maven-model-3.1.0.pom (3.8 kB at 44 kB/s)
#14 42.65 [INFO] Downloading from central: https://repo.maven.apache.org/maven2/org/codehaus/plexus/plexus-utils/4.0.0/plexus-utils-4.0.0.pom
#14 42.72 [INFO] Downloaded from central: https://repo.maven.apache.org/maven2/org/codehaus/plexus/plexus-utils/4.0.0/plexus-utils-4.0.0.pom (8.7 kB at 117 kB/s)
#14 42.73 [INFO] Downloading from central: https://repo.maven.apache.org/maven2/org/codehaus/plexus/plexus/13/plexus-13.pom
#14 42.80 [INFO] Downloaded from central: https://repo.maven.apache.org/maven2/org/codehaus/plexus/plexus/13/plexus-13.pom (27 kB at 375 kB/s)
#14 42.80 [INFO] Downloading from central: https://repo.maven.apache.org/maven2/org/junit/junit-bom/5.9.3/junit-bom-5.9.3.pom
#14 42.87 [INFO] Downloaded from central: https://repo.maven.apache.org/maven2/org/junit/junit-bom/5.9.3/junit-bom-5.9.3.pom (5.6 kB at 87 kB/s)
#14 42.87 [INFO] Downloading from central: https://repo.maven.apache.org/maven2/org/apache/maven/maven-settings/3.1.0/maven-settings-3.1.0.pom
#14 42.94 [INFO] Downloaded from central: https://repo.maven.apache.org/maven2/org/apache/maven/maven-settings/3.1.0/maven-settings-3.1.0.pom (1.8 kB at 25 kB/s)
#14 42.95 [INFO] Downloading from central: https://repo.maven.apache.org/maven2/org/apache/maven/maven-settings-builder/3.1.0/maven-settings-builder-3.1.0.pom
#14 43.06 [INFO] Downloaded from central: https://repo.maven.apache.org/maven2/org/apache/maven/maven-settings-builder/3.1.0/maven-settings-builder-3.1.0.pom (2.3 kB at 21 kB/s)
#14 43.06 [INFO] Downloading from central: https://repo.maven.apache.org/maven2/org/codehaus/plexus/plexus-interpolation/1.16/plexus-interpolation-1.16.pom
#14 43.15 [INFO] Downloaded from central: https://repo.maven.apache.org/maven2/org/codehaus/plexus/plexus-interpolation/1.16/plexus-interpolation-1.16.pom (1.0 kB at 12 kB/s)
#14 43.15 [INFO] Downloading from central: https://repo.maven.apache.org/maven2/org/codehaus/plexus/plexus-components/1.3/plexus-components-1.3.pom
#14 43.27 [INFO] Downloaded from central: https://repo.maven.apache.org/maven2/org/codehaus/plexus/plexus-components/1.3/plexus-components-1.3.pom (3.1 kB at 26 kB/s)
#14 43.28 [INFO] Downloading from central: https://repo.maven.apache.org/maven2/org/codehaus/plexus/plexus/3.3/plexus-3.3.pom
#14 43.36 [INFO] Downloaded from central: https://repo.maven.apache.org/maven2/org/codehaus/plexus/plexus/3.3/plexus-3.3.pom (20 kB at 229 kB/s)
#14 43.37 [INFO] Downloading from central: https://repo.maven.apache.org/maven2/org/sonatype/spice/spice-parent/17/spice-parent-17.pom
#14 43.49 [INFO] Downloaded from central: https://repo.maven.apache.org/maven2/org/sonatype/spice/spice-parent/17/spice-parent-17.pom (6.8 kB at 56 kB/s)
#14 43.49 [INFO] Downloading from central: https://repo.maven.apache.org/maven2/org/sonatype/forge/forge-parent/10/forge-parent-10.pom
#14 43.59 [INFO] Downloaded from central: https://repo.maven.apache.org/maven2/org/sonatype/forge/forge-parent/10/forge-parent-10.pom (14 kB at 141 kB/s)
#14 43.59 [INFO] Downloading from central: https://repo.maven.apache.org/maven2/org/codehaus/plexus/plexus-component-annotations/1.5.5/plexus-component-annotations-1.5.5.pom
#14 43.70 [INFO] Downloaded from central: https://repo.maven.apache.org/maven2/org/codehaus/plexus/plexus-component-annotations/1.5.5/plexus-component-annotations-1.5.5.pom (815 B at 7.3 kB/s)
#14 43.70 [INFO] Downloading from central: https://repo.maven.apache.org/maven2/org/codehaus/plexus/plexus-containers/1.5.5/plexus-containers-1.5.5.pom
#14 43.79 [INFO] Downloaded from central: https://repo.maven.apache.org/maven2/org/codehaus/plexus/plexus-containers/1.5.5/plexus-containers-1.5.5.pom (4.2 kB at 47 kB/s)
#14 43.80 [INFO] Downloading from central: https://repo.maven.apache.org/maven2/org/codehaus/plexus/plexus/2.0.7/plexus-2.0.7.pom
#14 43.88 [INFO] Downloaded from central: https://repo.maven.apache.org/maven2/org/codehaus/plexus/plexus/2.0.7/plexus-2.0.7.pom (17 kB at 201 kB/s)
#14 43.89 [INFO] Downloading from central: https://repo.maven.apache.org/maven2/org/sonatype/plexus/plexus-sec-dispatcher/1.3/plexus-sec-dispatcher-1.3.pom
#14 43.96 [INFO] Downloaded from central: https://repo.maven.apache.org/maven2/org/sonatype/plexus/plexus-sec-dispatcher/1.3/plexus-sec-dispatcher-1.3.pom (3.0 kB at 38 kB/s)
#14 43.97 [INFO] Downloading from central: https://repo.maven.apache.org/maven2/org/sonatype/spice/spice-parent/12/spice-parent-12.pom
#14 44.06 [INFO] Downloaded from central: https://repo.maven.apache.org/maven2/org/sonatype/spice/spice-parent/12/spice-parent-12.pom (6.8 kB at 72 kB/s)
#14 44.06 [INFO] Downloading from central: https://repo.maven.apache.org/maven2/org/sonatype/forge/forge-parent/4/forge-parent-4.pom
#14 44.14 [INFO] Downloaded from central: https://repo.maven.apache.org/maven2/org/sonatype/forge/forge-parent/4/forge-parent-4.pom (8.4 kB at 112 kB/s)
#14 44.14 [INFO] Downloading from central: https://repo.maven.apache.org/maven2/org/sonatype/plexus/plexus-cipher/1.4/plexus-cipher-1.4.pom
#14 44.21 [INFO] Downloaded from central: https://repo.maven.apache.org/maven2/org/sonatype/plexus/plexus-cipher/1.4/plexus-cipher-1.4.pom (2.1 kB at 29 kB/s)
#14 44.22 [INFO] Downloading from central: https://repo.maven.apache.org/maven2/org/apache/maven/maven-repository-metadata/3.1.0/maven-repository-metadata-3.1.0.pom
#14 44.30 [INFO] Downloaded from central: https://repo.maven.apache.org/maven2/org/apache/maven/maven-repository-metadata/3.1.0/maven-repository-metadata-3.1.0.pom (1.9 kB at 24 kB/s)
#14 44.30 [INFO] Downloading from central: https://repo.maven.apache.org/maven2/org/apache/maven/maven-artifact/3.1.0/maven-artifact-3.1.0.pom
#14 44.40 [INFO] Downloaded from central: https://repo.maven.apache.org/maven2/org/apache/maven/maven-artifact/3.1.0/maven-artifact-3.1.0.pom (1.6 kB at 16 kB/s)
#14 44.41 [INFO] Downloading from central: https://repo.maven.apache.org/maven2/org/apache/maven/maven-plugin-api/3.1.0/maven-plugin-api-3.1.0.pom
#14 44.49 [INFO] Downloaded from central: https://repo.maven.apache.org/maven2/org/apache/maven/maven-plugin-api/3.1.0/maven-plugin-api-3.1.0.pom (3.0 kB at 40 kB/s)
#14 44.49 [INFO] Downloading from central: https://repo.maven.apache.org/maven2/org/eclipse/sisu/org.eclipse.sisu.plexus/0.3.0.M1/org.eclipse.sisu.plexus-0.3.0.M1.pom
#14 44.57 [INFO] Downloaded from central: https://repo.maven.apache.org/maven2/org/eclipse/sisu/org.eclipse.sisu.plexus/0.3.0.M1/org.eclipse.sisu.plexus-0.3.0.M1.pom (4.7 kB at 60 kB/s)
#14 44.57 [INFO] Downloading from central: https://repo.maven.apache.org/maven2/org/eclipse/sisu/sisu-plexus/0.3.0.M1/sisu-plexus-0.3.0.M1.pom
#14 44.64 [INFO] Downloaded from central: https://repo.maven.apache.org/maven2/org/eclipse/sisu/sisu-plexus/0.3.0.M1/sisu-plexus-0.3.0.M1.pom (13 kB at 179 kB/s)
#14 44.65 [INFO] Downloading from central: https://repo.maven.apache.org/maven2/javax/enterprise/cdi-api/1.0/cdi-api-1.0.pom
#14 44.74 [INFO] Downloaded from central: https://repo.maven.apache.org/maven2/javax/enterprise/cdi-api/1.0/cdi-api-1.0.pom (1.4 kB at 16 kB/s)
#14 44.74 [INFO] Downloading from central: https://repo.maven.apache.org/maven2/org/jboss/weld/weld-api-parent/1.0/weld-api-parent-1.0.pom
#14 44.81 [INFO] Downloaded from central: https://repo.maven.apache.org/maven2/org/jboss/weld/weld-api-parent/1.0/weld-api-parent-1.0.pom (2.4 kB at 32 kB/s)
#14 44.82 [INFO] Downloading from central: https://repo.maven.apache.org/maven2/org/jboss/weld/weld-api-bom/1.0/weld-api-bom-1.0.pom
#14 44.92 [INFO] Downloaded from central: https://repo.maven.apache.org/maven2/org/jboss/weld/weld-api-bom/1.0/weld-api-bom-1.0.pom (7.9 kB at 76 kB/s)
#14 44.92 [INFO] Downloading from central: https://repo.maven.apache.org/maven2/org/jboss/weld/weld-parent/6/weld-parent-6.pom
#14 45.01 [INFO] Downloaded from central: https://repo.maven.apache.org/maven2/org/jboss/weld/weld-parent/6/weld-parent-6.pom (21 kB at 246 kB/s)
#14 45.01 [INFO] Downloading from central: https://repo.maven.apache.org/maven2/javax/annotation/jsr250-api/1.0/jsr250-api-1.0.pom
#14 45.09 [INFO] Downloaded from central: https://repo.maven.apache.org/maven2/javax/annotation/jsr250-api/1.0/jsr250-api-1.0.pom (1.0 kB at 13 kB/s)
#14 45.09 [INFO] Downloading from central: https://repo.maven.apache.org/maven2/javax/inject/javax.inject/1/javax.inject-1.pom
#14 45.16 [INFO] Downloaded from central: https://repo.maven.apache.org/maven2/javax/inject/javax.inject/1/javax.inject-1.pom (612 B at 8.4 kB/s)
#14 45.17 [INFO] Downloading from central: https://repo.maven.apache.org/maven2/org/eclipse/sisu/org.eclipse.sisu.inject/0.3.0.M1/org.eclipse.sisu.inject-0.3.0.M1.pom
#14 45.24 [INFO] Downloaded from central: https://repo.maven.apache.org/maven2/org/eclipse/sisu/org.eclipse.sisu.inject/0.3.0.M1/org.eclipse.sisu.inject-0.3.0.M1.pom (2.5 kB at 36 kB/s)
#14 45.24 [INFO] Downloading from central: https://repo.maven.apache.org/maven2/org/eclipse/sisu/sisu-inject/0.3.0.M1/sisu-inject-0.3.0.M1.pom
#14 45.32 [INFO] Downloaded from central: https://repo.maven.apache.org/maven2/org/eclipse/sisu/sisu-inject/0.3.0.M1/sisu-inject-0.3.0.M1.pom (14 kB at 188 kB/s)
#14 45.32 [INFO] Downloading from central: https://repo.maven.apache.org/maven2/org/codehaus/plexus/plexus-classworlds/2.5.1/plexus-classworlds-2.5.1.pom
#14 45.39 [INFO] Downloaded from central: https://repo.maven.apache.org/maven2/org/codehaus/plexus/plexus-classworlds/2.5.1/plexus-classworlds-2.5.1.pom (5.0 kB at 71 kB/s)
#14 45.39 [INFO] Downloading from central: https://repo.maven.apache.org/maven2/org/codehaus/plexus/plexus/3.3.1/plexus-3.3.1.pom
#14 45.47 [INFO] Downloaded from central: https://repo.maven.apache.org/maven2/org/codehaus/plexus/plexus/3.3.1/plexus-3.3.1.pom (20 kB at 256 kB/s)
#14 45.48 [INFO] Downloading from central: https://repo.maven.apache.org/maven2/org/apache/maven/maven-model-builder/3.1.0/maven-model-builder-3.1.0.pom
#14 45.56 [INFO] Downloaded from central: https://repo.maven.apache.org/maven2/org/apache/maven/maven-model-builder/3.1.0/maven-model-builder-3.1.0.pom (2.5 kB at 32 kB/s)
#14 45.56 [INFO] Downloading from central: https://repo.maven.apache.org/maven2/org/apache/maven/maven-aether-provider/3.1.0/maven-aether-provider-3.1.0.pom
#14 45.64 [INFO] Downloaded from central: https://repo.maven.apache.org/maven2/org/apache/maven/maven-aether-provider/3.1.0/maven-aether-provider-3.1.0.pom (3.5 kB at 45 kB/s)
#14 45.65 [INFO] Downloading from central: https://repo.maven.apache.org/maven2/org/eclipse/aether/aether-api/0.9.0.M2/aether-api-0.9.0.M2.pom
#14 45.72 [INFO] Downloaded from central: https://repo.maven.apache.org/maven2/org/eclipse/aether/aether-api/0.9.0.M2/aether-api-0.9.0.M2.pom (1.7 kB at 23 kB/s)
#14 45.73 [INFO] Downloading from central: https://repo.maven.apache.org/maven2/org/eclipse/aether/aether/0.9.0.M2/aether-0.9.0.M2.pom
#14 45.81 [INFO] Downloaded from central: https://repo.maven.apache.org/maven2/org/eclipse/aether/aether/0.9.0.M2/aether-0.9.0.M2.pom (28 kB at 332 kB/s)
#14 45.81 [INFO] Downloading from central: https://repo.maven.apache.org/maven2/org/eclipse/aether/aether-spi/0.9.0.M2/aether-spi-0.9.0.M2.pom
#14 45.88 [INFO] Downloaded from central: https://repo.maven.apache.org/maven2/org/eclipse/aether/aether-spi/0.9.0.M2/aether-spi-0.9.0.M2.pom (1.8 kB at 25 kB/s)
#14 45.89 [INFO] Downloading from central: https://repo.maven.apache.org/maven2/org/eclipse/aether/aether-util/0.9.0.M2/aether-util-0.9.0.M2.pom
#14 45.97 [INFO] Downloaded from central: https://repo.maven.apache.org/maven2/org/eclipse/aether/aether-util/0.9.0.M2/aether-util-0.9.0.M2.pom (2.0 kB at 26 kB/s)
#14 45.97 [INFO] Downloading from central: https://repo.maven.apache.org/maven2/org/eclipse/aether/aether-impl/0.9.0.M2/aether-impl-0.9.0.M2.pom
#14 46.05 [INFO] Downloaded from central: https://repo.maven.apache.org/maven2/org/eclipse/aether/aether-impl/0.9.0.M2/aether-impl-0.9.0.M2.pom (3.3 kB at 43 kB/s)
#14 46.05 [INFO] Downloading from central: https://repo.maven.apache.org/maven2/org/codehaus/plexus/plexus-classworlds/2.4.2/plexus-classworlds-2.4.2.pom
#14 46.12 [INFO] Downloaded from central: https://repo.maven.apache.org/maven2/org/codehaus/plexus/plexus-classworlds/2.4.2/plexus-classworlds-2.4.2.pom (3.5 kB at 49 kB/s)
#14 46.13 [INFO] Downloading from central: https://repo.maven.apache.org/maven2/org/codehaus/plexus/plexus/3.0.1/plexus-3.0.1.pom
#14 46.20 [INFO] Downloaded from central: https://repo.maven.apache.org/maven2/org/codehaus/plexus/plexus/3.0.1/plexus-3.0.1.pom (19 kB at 239 kB/s)
#14 46.21 [INFO] Downloading from central: https://repo.maven.apache.org/maven2/org/apache/maven/shared/maven-shared-utils/3.3.4/maven-shared-utils-3.3.4.pom
#14 46.29 [INFO] Downloaded from central: https://repo.maven.apache.org/maven2/org/apache/maven/shared/maven-shared-utils/3.3.4/maven-shared-utils-3.3.4.pom (5.8 kB at 74 kB/s)
#14 46.29 [INFO] Downloading from central: https://repo.maven.apache.org/maven2/commons-io/commons-io/2.6/commons-io-2.6.pom
#14 46.40 [INFO] Downloaded from central: https://repo.maven.apache.org/maven2/commons-io/commons-io/2.6/commons-io-2.6.pom (14 kB at 127 kB/s)
#14 46.41 [INFO] Downloading from central: https://repo.maven.apache.org/maven2/org/apache/commons/commons-parent/42/commons-parent-42.pom
#14 46.51 [INFO] Downloaded from central: https://repo.maven.apache.org/maven2/org/apache/commons/commons-parent/42/commons-parent-42.pom (68 kB at 623 kB/s)
#14 46.52 [INFO] Downloading from central: https://repo.maven.apache.org/maven2/org/apache/apache/18/apache-18.pom
#14 46.60 [INFO] Downloaded from central: https://repo.maven.apache.org/maven2/org/apache/apache/18/apache-18.pom (16 kB at 209 kB/s)
#14 46.61 [INFO] Downloading from central: https://repo.maven.apache.org/maven2/org/apache/maven/doxia/doxia-decoration-model/1.11.1/doxia-decoration-model-1.11.1.pom
#14 46.68 [INFO] Downloaded from central: https://repo.maven.apache.org/maven2/org/apache/maven/doxia/doxia-decoration-model/1.11.1/doxia-decoration-model-1.11.1.pom (3.4 kB at 49 kB/s)
#14 46.68 [INFO] Downloading from central: https://repo.maven.apache.org/maven2/org/apache/maven/doxia/doxia-sitetools/1.11.1/doxia-sitetools-1.11.1.pom
#14 46.76 [INFO] Downloaded from central: https://repo.maven.apache.org/maven2/org/apache/maven/doxia/doxia-sitetools/1.11.1/doxia-sitetools-1.11.1.pom (14 kB at 172 kB/s)
#14 46.77 [INFO] Downloading from central: https://repo.maven.apache.org/maven2/org/codehaus/plexus/plexus-component-annotations/2.0.0/plexus-component-annotations-2.0.0.pom
#14 46.84 [INFO] Downloaded from central: https://repo.maven.apache.org/maven2/org/codehaus/plexus/plexus-component-annotations/2.0.0/plexus-component-annotations-2.0.0.pom (750 B at 11 kB/s)
#14 46.84 [INFO] Downloading from central: https://repo.maven.apache.org/maven2/org/codehaus/plexus/plexus-containers/2.0.0/plexus-containers-2.0.0.pom
#14 46.99 [INFO] Downloaded from central: https://repo.maven.apache.org/maven2/org/codehaus/plexus/plexus-containers/2.0.0/plexus-containers-2.0.0.pom (4.8 kB at 32 kB/s)
#14 46.99 [INFO] Downloading from central: https://repo.maven.apache.org/maven2/org/codehaus/plexus/plexus/5.1/plexus-5.1.pom
#14 47.07 [INFO] Downloaded from central: https://repo.maven.apache.org/maven2/org/codehaus/plexus/plexus/5.1/plexus-5.1.pom (23 kB at 281 kB/s)
#14 47.07 [INFO] Downloading from central: https://repo.maven.apache.org/maven2/org/apache/maven/doxia/doxia-core/1.11.1/doxia-core-1.11.1.pom
#14 47.15 [INFO] Downloaded from central: https://repo.maven.apache.org/maven2/org/apache/maven/doxia/doxia-core/1.11.1/doxia-core-1.11.1.pom (4.5 kB at 61 kB/s)
#14 47.15 [INFO] Downloading from central: https://repo.maven.apache.org/maven2/org/codehaus/plexus/plexus-component-annotations/2.1.0/plexus-component-annotations-2.1.0.pom
#14 47.22 [INFO] Downloaded from central: https://repo.maven.apache.org/maven2/org/codehaus/plexus/plexus-component-annotations/2.1.0/plexus-component-annotations-2.1.0.pom (750 B at 11 kB/s)
#14 47.22 [INFO] Downloading from central: https://repo.maven.apache.org/maven2/org/codehaus/plexus/plexus-containers/2.1.0/plexus-containers-2.1.0.pom
#14 47.29 [INFO] Downloaded from central: https://repo.maven.apache.org/maven2/org/codehaus/plexus/plexus-containers/2.1.0/plexus-containers-2.1.0.pom (4.8 kB at 67 kB/s)
#14 47.29 [INFO] Downloading from central: https://repo.maven.apache.org/maven2/org/apache/commons/commons-lang3/3.8.1/commons-lang3-3.8.1.pom
#14 47.37 [INFO] Downloaded from central: https://repo.maven.apache.org/maven2/org/apache/commons/commons-lang3/3.8.1/commons-lang3-3.8.1.pom (28 kB at 349 kB/s)
#14 47.38 [INFO] Downloading from central: https://repo.maven.apache.org/maven2/org/apache/commons/commons-parent/47/commons-parent-47.pom
#14 47.49 [INFO] Downloaded from central: https://repo.maven.apache.org/maven2/org/apache/commons/commons-parent/47/commons-parent-47.pom (78 kB at 693 kB/s)
#14 47.49 [INFO] Downloading from central: https://repo.maven.apache.org/maven2/org/apache/apache/19/apache-19.pom
#14 47.60 [INFO] Downloaded from central: https://repo.maven.apache.org/maven2/org/apache/apache/19/apache-19.pom (15 kB at 152 kB/s)
#14 47.60 [INFO] Downloading from central: https://repo.maven.apache.org/maven2/org/apache/commons/commons-text/1.10.0/commons-text-1.10.0.pom
#14 47.70 [INFO] Downloaded from central: https://repo.maven.apache.org/maven2/org/apache/commons/commons-text/1.10.0/commons-text-1.10.0.pom (21 kB at 212 kB/s)
#14 47.70 [INFO] Downloading from central: https://repo.maven.apache.org/maven2/org/apache/commons/commons-parent/54/commons-parent-54.pom
#14 47.82 [INFO] Downloaded from central: https://repo.maven.apache.org/maven2/org/apache/commons/commons-parent/54/commons-parent-54.pom (82 kB at 700 kB/s)
#14 47.82 [INFO] Downloading from central: https://repo.maven.apache.org/maven2/org/apache/apache/27/apache-27.pom
#14 47.91 [INFO] Downloaded from central: https://repo.maven.apache.org/maven2/org/apache/apache/27/apache-27.pom (20 kB at 224 kB/s)
#14 47.91 [INFO] Downloading from central: https://repo.maven.apache.org/maven2/org/junit/junit-bom/5.9.1/junit-bom-5.9.1.pom
#14 47.98 [INFO] Downloaded from central: https://repo.maven.apache.org/maven2/org/junit/junit-bom/5.9.1/junit-bom-5.9.1.pom (5.6 kB at 80 kB/s)
#14 47.99 [INFO] Downloading from central: https://repo.maven.apache.org/maven2/org/apache/commons/commons-lang3/3.12.0/commons-lang3-3.12.0.pom
#14 48.18 [INFO] Downloaded from central: https://repo.maven.apache.org/maven2/org/apache/commons/commons-lang3/3.12.0/commons-lang3-3.12.0.pom (31 kB at 156 kB/s)
#14 48.19 [INFO] Downloading from central: https://repo.maven.apache.org/maven2/org/apache/commons/commons-parent/52/commons-parent-52.pom
#14 48.34 [INFO] Downloaded from central: https://repo.maven.apache.org/maven2/org/apache/commons/commons-parent/52/commons-parent-52.pom (79 kB at 528 kB/s)
#14 48.34 [INFO] Downloading from central: https://repo.maven.apache.org/maven2/org/junit/junit-bom/5.7.1/junit-bom-5.7.1.pom
#14 48.43 [INFO] Downloaded from central: https://repo.maven.apache.org/maven2/org/junit/junit-bom/5.7.1/junit-bom-5.7.1.pom (5.1 kB at 59 kB/s)
#14 48.43 [INFO] Downloading from central: https://repo.maven.apache.org/maven2/org/apache/httpcomponents/httpclient/4.5.13/httpclient-4.5.13.pom
#14 48.51 [INFO] Downloaded from central: https://repo.maven.apache.org/maven2/org/apache/httpcomponents/httpclient/4.5.13/httpclient-4.5.13.pom (6.6 kB at 89 kB/s)
#14 48.51 [INFO] Downloading from central: https://repo.maven.apache.org/maven2/org/apache/httpcomponents/httpcomponents-client/4.5.13/httpcomponents-client-4.5.13.pom
#14 48.59 [INFO] Downloaded from central: https://repo.maven.apache.org/maven2/org/apache/httpcomponents/httpcomponents-client/4.5.13/httpcomponents-client-4.5.13.pom (16 kB at 202 kB/s)
#14 48.59 [INFO] Downloading from central: https://repo.maven.apache.org/maven2/org/apache/httpcomponents/httpcomponents-parent/11/httpcomponents-parent-11.pom
#14 48.69 [INFO] Downloaded from central: https://repo.maven.apache.org/maven2/org/apache/httpcomponents/httpcomponents-parent/11/httpcomponents-parent-11.pom (35 kB at 365 kB/s)
#14 48.69 [INFO] Downloading from central: https://repo.maven.apache.org/maven2/org/apache/apache/21/apache-21.pom
#14 48.76 [INFO] Downloaded from central: https://repo.maven.apache.org/maven2/org/apache/apache/21/apache-21.pom (17 kB at 241 kB/s)
#14 48.77 [INFO] Downloading from central: https://repo.maven.apache.org/maven2/org/apache/httpcomponents/httpcore/4.4.13/httpcore-4.4.13.pom
#14 48.84 [INFO] Downloaded from central: https://repo.maven.apache.org/maven2/org/apache/httpcomponents/httpcore/4.4.13/httpcore-4.4.13.pom (5.0 kB at 70 kB/s)
#14 48.84 [INFO] Downloading from central: https://repo.maven.apache.org/maven2/org/apache/httpcomponents/httpcomponents-core/4.4.13/httpcomponents-core-4.4.13.pom
#14 48.92 [INFO] Downloaded from central: https://repo.maven.apache.org/maven2/org/apache/httpcomponents/httpcomponents-core/4.4.13/httpcomponents-core-4.4.13.pom (13 kB at 176 kB/s)
#14 48.92 [INFO] Downloading from central: https://repo.maven.apache.org/maven2/commons-logging/commons-logging/1.2/commons-logging-1.2.pom
#14 49.01 [INFO] Downloaded from central: https://repo.maven.apache.org/maven2/commons-logging/commons-logging/1.2/commons-logging-1.2.pom (19 kB at 204 kB/s)
#14 49.01 [INFO] Downloading from central: https://repo.maven.apache.org/maven2/org/apache/commons/commons-parent/34/commons-parent-34.pom
#14 49.14 [INFO] Downloaded from central: https://repo.maven.apache.org/maven2/org/apache/commons/commons-parent/34/commons-parent-34.pom (56 kB at 459 kB/s)
#14 49.14 [INFO] Downloading from central: https://repo.maven.apache.org/maven2/commons-codec/commons-codec/1.11/commons-codec-1.11.pom
#14 49.22 [INFO] Downloaded from central: https://repo.maven.apache.org/maven2/commons-codec/commons-codec/1.11/commons-codec-1.11.pom (14 kB at 170 kB/s)
#14 49.23 [INFO] Downloading from central: https://repo.maven.apache.org/maven2/org/apache/httpcomponents/httpcore/4.4.14/httpcore-4.4.14.pom
#14 49.30 [INFO] Downloaded from central: https://repo.maven.apache.org/maven2/org/apache/httpcomponents/httpcore/4.4.14/httpcore-4.4.14.pom (5.0 kB at 65 kB/s)
#14 49.30 [INFO] Downloading from central: https://repo.maven.apache.org/maven2/org/apache/httpcomponents/httpcomponents-core/4.4.14/httpcomponents-core-4.4.14.pom
#14 49.40 [INFO] Downloaded from central: https://repo.maven.apache.org/maven2/org/apache/httpcomponents/httpcomponents-core/4.4.14/httpcomponents-core-4.4.14.pom (13 kB at 143 kB/s)
#14 49.40 [INFO] Downloading from central: https://repo.maven.apache.org/maven2/org/apache/maven/doxia/doxia-integration-tools/1.11.1/doxia-integration-tools-1.11.1.pom
#14 49.52 [INFO] Downloaded from central: https://repo.maven.apache.org/maven2/org/apache/maven/doxia/doxia-integration-tools/1.11.1/doxia-integration-tools-1.11.1.pom (6.0 kB at 53 kB/s)
#14 49.52 [INFO] Downloading from central: https://repo.maven.apache.org/maven2/org/apache/maven/reporting/maven-reporting-api/3.0/maven-reporting-api-3.0.pom
#14 49.59 [INFO] Downloaded from central: https://repo.maven.apache.org/maven2/org/apache/maven/reporting/maven-reporting-api/3.0/maven-reporting-api-3.0.pom (2.4 kB at 33 kB/s)
#14 49.60 [INFO] Downloading from central: https://repo.maven.apache.org/maven2/org/apache/maven/shared/maven-shared-components/15/maven-shared-components-15.pom
#14 49.66 [INFO] Downloaded from central: https://repo.maven.apache.org/maven2/org/apache/maven/shared/maven-shared-components/15/maven-shared-components-15.pom (9.3 kB at 135 kB/s)
#14 49.67 [INFO] Downloading from central: https://repo.maven.apache.org/maven2/org/apache/maven/maven-parent/16/maven-parent-16.pom
#14 49.76 [INFO] Downloaded from central: https://repo.maven.apache.org/maven2/org/apache/maven/maven-parent/16/maven-parent-16.pom (23 kB at 242 kB/s)
#14 49.77 [INFO] Downloading from central: https://repo.maven.apache.org/maven2/org/apache/apache/7/apache-7.pom
#14 49.84 [INFO] Downloaded from central: https://repo.maven.apache.org/maven2/org/apache/apache/7/apache-7.pom (14 kB at 195 kB/s)
#14 49.84 [INFO] Downloading from central: https://repo.maven.apache.org/maven2/org/apache/maven/doxia/doxia-sink-api/1.0/doxia-sink-api-1.0.pom
#14 49.92 [INFO] Downloaded from central: https://repo.maven.apache.org/maven2/org/apache/maven/doxia/doxia-sink-api/1.0/doxia-sink-api-1.0.pom (1.4 kB at 18 kB/s)
#14 49.92 [INFO] Downloading from central: https://repo.maven.apache.org/maven2/org/apache/maven/doxia/doxia/1.0/doxia-1.0.pom
#14 49.99 [INFO] Downloaded from central: https://repo.maven.apache.org/maven2/org/apache/maven/doxia/doxia/1.0/doxia-1.0.pom (9.6 kB at 146 kB/s)
#14 49.99 [INFO] Downloading from central: https://repo.maven.apache.org/maven2/org/apache/maven/maven-parent/10/maven-parent-10.pom
#14 50.07 [INFO] Downloaded from central: https://repo.maven.apache.org/maven2/org/apache/maven/maven-parent/10/maven-parent-10.pom (32 kB at 422 kB/s)
#14 50.07 [INFO] Downloading from central: https://repo.maven.apache.org/maven2/org/apache/apache/4/apache-4.pom
#14 50.16 [INFO] Downloaded from central: https://repo.maven.apache.org/maven2/org/apache/apache/4/apache-4.pom (4.5 kB at 51 kB/s)
#14 50.16 [INFO] Downloading from central: https://repo.maven.apache.org/maven2/org/apache/maven/maven-artifact/2.2.1/maven-artifact-2.2.1.pom
#14 50.27 [INFO] Downloaded from central: https://repo.maven.apache.org/maven2/org/apache/maven/maven-artifact/2.2.1/maven-artifact-2.2.1.pom (1.6 kB at 14 kB/s)
#14 50.28 [INFO] Downloading from central: https://repo.maven.apache.org/maven2/org/apache/maven/maven/2.2.1/maven-2.2.1.pom
#14 50.37 [INFO] Downloaded from central: https://repo.maven.apache.org/maven2/org/apache/maven/maven/2.2.1/maven-2.2.1.pom (22 kB at 246 kB/s)
#14 50.37 [INFO] Downloading from central: https://repo.maven.apache.org/maven2/org/apache/maven/maven-parent/11/maven-parent-11.pom
#14 50.47 [INFO] Downloaded from central: https://repo.maven.apache.org/maven2/org/apache/maven/maven-parent/11/maven-parent-11.pom (32 kB at 338 kB/s)
#14 50.47 [INFO] Downloading from central: https://repo.maven.apache.org/maven2/org/apache/apache/5/apache-5.pom
#14 50.56 [INFO] Downloaded from central: https://repo.maven.apache.org/maven2/org/apache/apache/5/apache-5.pom (4.1 kB at 46 kB/s)
#14 50.56 [INFO] Downloading from central: https://repo.maven.apache.org/maven2/org/apache/maven/maven-model/2.2.1/maven-model-2.2.1.pom
#14 50.63 [INFO] Downloaded from central: https://repo.maven.apache.org/maven2/org/apache/maven/maven-model/2.2.1/maven-model-2.2.1.pom (3.2 kB at 46 kB/s)
#14 50.64 [INFO] Downloading from central: https://repo.maven.apache.org/maven2/org/apache/maven/maven-plugin-api/2.2.1/maven-plugin-api-2.2.1.pom
#14 50.71 [INFO] Downloaded from central: https://repo.maven.apache.org/maven2/org/apache/maven/maven-plugin-api/2.2.1/maven-plugin-api-2.2.1.pom (1.5 kB at 20 kB/s)
#14 50.71 [INFO] Downloading from central: https://repo.maven.apache.org/maven2/org/codehaus/plexus/plexus-i18n/1.0-beta-10/plexus-i18n-1.0-beta-10.pom
#14 50.80 [INFO] Downloaded from central: https://repo.maven.apache.org/maven2/org/codehaus/plexus/plexus-i18n/1.0-beta-10/plexus-i18n-1.0-beta-10.pom (2.1 kB at 23 kB/s)
#14 50.81 [INFO] Downloading from central: https://repo.maven.apache.org/maven2/org/codehaus/plexus/plexus-components/1.1.12/plexus-components-1.1.12.pom
#14 50.88 [INFO] Downloaded from central: https://repo.maven.apache.org/maven2/org/codehaus/plexus/plexus-components/1.1.12/plexus-components-1.1.12.pom (3.0 kB at 41 kB/s)
#14 50.88 [INFO] Downloading from central: https://repo.maven.apache.org/maven2/org/codehaus/plexus/plexus/1.0.10/plexus-1.0.10.pom
#14 50.96 [INFO] Downloaded from central: https://repo.maven.apache.org/maven2/org/codehaus/plexus/plexus/1.0.10/plexus-1.0.10.pom (8.2 kB at 102 kB/s)
#14 50.97 [INFO] Downloading from central: https://repo.maven.apache.org/maven2/org/codehaus/plexus/plexus-interpolation/1.26/plexus-interpolation-1.26.pom
#14 51.04 [INFO] Downloaded from central: https://repo.maven.apache.org/maven2/org/codehaus/plexus/plexus-interpolation/1.26/plexus-interpolation-1.26.pom (2.7 kB at 39 kB/s)
#14 51.04 [INFO] Downloading from central: https://repo.maven.apache.org/maven2/org/apache/maven/doxia/doxia-site-renderer/1.11.1/doxia-site-renderer-1.11.1.pom
#14 51.12 [INFO] Downloaded from central: https://repo.maven.apache.org/maven2/org/apache/maven/doxia/doxia-site-renderer/1.11.1/doxia-site-renderer-1.11.1.pom (7.7 kB at 97 kB/s)
#14 51.12 [INFO] Downloading from central: https://repo.maven.apache.org/maven2/org/apache/maven/maven-artifact/3.0/maven-artifact-3.0.pom
#14 51.20 [INFO] Downloaded from central: https://repo.maven.apache.org/maven2/org/apache/maven/maven-artifact/3.0/maven-artifact-3.0.pom (1.9 kB at 24 kB/s)
#14 51.21 [INFO] Downloading from central: https://repo.maven.apache.org/maven2/org/apache/maven/maven/3.0/maven-3.0.pom
#14 51.28 [INFO] Downloaded from central: https://repo.maven.apache.org/maven2/org/apache/maven/maven/3.0/maven-3.0.pom (22 kB at 292 kB/s)
#14 51.28 [INFO] Downloading from central: https://repo.maven.apache.org/maven2/org/apache/maven/maven-parent/15/maven-parent-15.pom
#14 51.36 [INFO] Downloaded from central: https://repo.maven.apache.org/maven2/org/apache/maven/maven-parent/15/maven-parent-15.pom (24 kB at 324 kB/s)
#14 51.36 [INFO] Downloading from central: https://repo.maven.apache.org/maven2/org/apache/apache/6/apache-6.pom
#14 51.45 [INFO] Downloaded from central: https://repo.maven.apache.org/maven2/org/apache/apache/6/apache-6.pom (13 kB at 138 kB/s)
#14 51.46 [INFO] Downloading from central: https://repo.maven.apache.org/maven2/org/apache/maven/doxia/doxia-skin-model/1.11.1/doxia-skin-model-1.11.1.pom
#14 51.56 [INFO] Downloaded from central: https://repo.maven.apache.org/maven2/org/apache/maven/doxia/doxia-skin-model/1.11.1/doxia-skin-model-1.11.1.pom (3.0 kB at 29 kB/s)
#14 51.57 [INFO] Downloading from central: https://repo.maven.apache.org/maven2/org/apache/maven/doxia/doxia-module-xhtml/1.11.1/doxia-module-xhtml-1.11.1.pom
#14 51.64 [INFO] Downloaded from central: https://repo.maven.apache.org/maven2/org/apache/maven/doxia/doxia-module-xhtml/1.11.1/doxia-module-xhtml-1.11.1.pom (2.0 kB at 28 kB/s)
#14 51.64 [INFO] Downloading from central: https://repo.maven.apache.org/maven2/org/apache/maven/doxia/doxia-modules/1.11.1/doxia-modules-1.11.1.pom
#14 51.71 [INFO] Downloaded from central: https://repo.maven.apache.org/maven2/org/apache/maven/doxia/doxia-modules/1.11.1/doxia-modules-1.11.1.pom (2.7 kB at 37 kB/s)
#14 51.72 [INFO] Downloading from central: https://repo.maven.apache.org/maven2/org/apache/maven/doxia/doxia-module-xhtml5/1.11.1/doxia-module-xhtml5-1.11.1.pom
#14 51.81 [INFO] Downloaded from central: https://repo.maven.apache.org/maven2/org/apache/maven/doxia/doxia-module-xhtml5/1.11.1/doxia-module-xhtml5-1.11.1.pom (2.0 kB at 21 kB/s)
#14 51.81 [INFO] Downloading from central: https://repo.maven.apache.org/maven2/org/codehaus/plexus/plexus-velocity/1.2/plexus-velocity-1.2.pom
#14 51.89 [INFO] Downloaded from central: https://repo.maven.apache.org/maven2/org/codehaus/plexus/plexus-velocity/1.2/plexus-velocity-1.2.pom (2.8 kB at 39 kB/s)
#14 51.89 [INFO] Downloading from central: https://repo.maven.apache.org/maven2/org/codehaus/plexus/plexus-components/4.0/plexus-components-4.0.pom
#14 51.99 [INFO] Downloaded from central: https://repo.maven.apache.org/maven2/org/codehaus/plexus/plexus-components/4.0/plexus-components-4.0.pom (2.7 kB at 25 kB/s)
#14 52.00 [INFO] Downloading from central: https://repo.maven.apache.org/maven2/org/codehaus/plexus/plexus/4.0/plexus-4.0.pom
#14 52.09 [INFO] Downloaded from central: https://repo.maven.apache.org/maven2/org/codehaus/plexus/plexus/4.0/plexus-4.0.pom (22 kB at 222 kB/s)
#14 52.10 [INFO] Downloading from central: https://repo.maven.apache.org/maven2/commons-collections/commons-collections/3.1/commons-collections-3.1.pom
#14 52.18 [INFO] Downloaded from central: https://repo.maven.apache.org/maven2/commons-collections/commons-collections/3.1/commons-collections-3.1.pom (6.1 kB at 79 kB/s)
#14 52.18 [INFO] Downloading from central: https://repo.maven.apache.org/maven2/org/apache/velocity/velocity/1.7/velocity-1.7.pom
#14 52.28 [INFO] Downloaded from central: https://repo.maven.apache.org/maven2/org/apache/velocity/velocity/1.7/velocity-1.7.pom (11 kB at 105 kB/s)
#14 52.28 [INFO] Downloading from central: https://repo.maven.apache.org/maven2/commons-collections/commons-collections/3.2.1/commons-collections-3.2.1.pom
#14 52.40 [INFO] Downloaded from central: https://repo.maven.apache.org/maven2/commons-collections/commons-collections/3.2.1/commons-collections-3.2.1.pom (13 kB at 108 kB/s)
#14 52.40 [INFO] Downloading from central: https://repo.maven.apache.org/maven2/org/apache/commons/commons-parent/9/commons-parent-9.pom
#14 52.47 [INFO] Downloaded from central: https://repo.maven.apache.org/maven2/org/apache/commons/commons-parent/9/commons-parent-9.pom (22 kB at 313 kB/s)
#14 52.48 [INFO] Downloading from central: https://repo.maven.apache.org/maven2/commons-lang/commons-lang/2.4/commons-lang-2.4.pom
#14 52.57 [INFO] Downloaded from central: https://repo.maven.apache.org/maven2/commons-lang/commons-lang/2.4/commons-lang-2.4.pom (14 kB at 150 kB/s)
#14 52.57 [INFO] Downloading from central: https://repo.maven.apache.org/maven2/org/apache/velocity/velocity-tools/2.0/velocity-tools-2.0.pom
#14 52.66 [INFO] Downloaded from central: https://repo.maven.apache.org/maven2/org/apache/velocity/velocity-tools/2.0/velocity-tools-2.0.pom (18 kB at 196 kB/s)
#14 52.67 [INFO] Downloading from central: https://repo.maven.apache.org/maven2/commons-beanutils/commons-beanutils/1.7.0/commons-beanutils-1.7.0.pom
#14 52.75 [INFO] Downloaded from central: https://repo.maven.apache.org/maven2/commons-beanutils/commons-beanutils/1.7.0/commons-beanutils-1.7.0.pom (357 B at 4.4 kB/s)
#14 52.75 [INFO] Downloading from central: https://repo.maven.apache.org/maven2/commons-logging/commons-logging/1.0.3/commons-logging-1.0.3.pom
#14 52.83 [INFO] Downloaded from central: https://repo.maven.apache.org/maven2/commons-logging/commons-logging/1.0.3/commons-logging-1.0.3.pom (866 B at 12 kB/s)
#14 52.83 [INFO] Downloading from central: https://repo.maven.apache.org/maven2/commons-digester/commons-digester/1.8/commons-digester-1.8.pom
#14 52.94 [INFO] Downloaded from central: https://repo.maven.apache.org/maven2/commons-digester/commons-digester/1.8/commons-digester-1.8.pom (7.0 kB at 64 kB/s)
#14 52.94 [INFO] Downloading from central: https://repo.maven.apache.org/maven2/commons-logging/commons-logging/1.1/commons-logging-1.1.pom
#14 53.03 [INFO] Downloaded from central: https://repo.maven.apache.org/maven2/commons-logging/commons-logging/1.1/commons-logging-1.1.pom (6.2 kB at 69 kB/s)
#14 53.04 [INFO] Downloading from central: https://repo.maven.apache.org/maven2/log4j/log4j/1.2.12/log4j-1.2.12.pom
#14 53.12 [INFO] Downloaded from central: https://repo.maven.apache.org/maven2/log4j/log4j/1.2.12/log4j-1.2.12.pom (145 B at 1.7 kB/s)
#14 53.12 [INFO] Downloading from central: https://repo.maven.apache.org/maven2/logkit/logkit/1.0.1/logkit-1.0.1.pom
#14 53.20 [INFO] Downloaded from central: https://repo.maven.apache.org/maven2/logkit/logkit/1.0.1/logkit-1.0.1.pom (147 B at 2.1 kB/s)
#14 53.20 [INFO] Downloading from central: https://repo.maven.apache.org/maven2/avalon-framework/avalon-framework/4.1.3/avalon-framework-4.1.3.pom
#14 53.30 [INFO] Downloaded from central: https://repo.maven.apache.org/maven2/avalon-framework/avalon-framework/4.1.3/avalon-framework-4.1.3.pom (167 B at 1.7 kB/s)
#14 53.30 [INFO] Downloading from central: https://repo.maven.apache.org/maven2/commons-chain/commons-chain/1.1/commons-chain-1.1.pom
#14 53.39 [INFO] Downloaded from central: https://repo.maven.apache.org/maven2/commons-chain/commons-chain/1.1/commons-chain-1.1.pom (6.0 kB at 67 kB/s)
#14 53.39 [INFO] Downloading from central: https://repo.maven.apache.org/maven2/commons-digester/commons-digester/1.6/commons-digester-1.6.pom
#14 53.47 [INFO] Downloaded from central: https://repo.maven.apache.org/maven2/commons-digester/commons-digester/1.6/commons-digester-1.6.pom (974 B at 13 kB/s)
#14 53.47 [INFO] Downloading from central: https://repo.maven.apache.org/maven2/commons-beanutils/commons-beanutils/1.6/commons-beanutils-1.6.pom
#14 53.55 [INFO] Downloaded from central: https://repo.maven.apache.org/maven2/commons-beanutils/commons-beanutils/1.6/commons-beanutils-1.6.pom (2.3 kB at 29 kB/s)
#14 53.55 [INFO] Downloading from central: https://repo.maven.apache.org/maven2/commons-logging/commons-logging/1.0/commons-logging-1.0.pom
#14 53.64 [INFO] Downloaded from central: https://repo.maven.apache.org/maven2/commons-logging/commons-logging/1.0/commons-logging-1.0.pom (163 B at 1.8 kB/s)
#14 53.65 [INFO] Downloading from central: https://repo.maven.apache.org/maven2/commons-collections/commons-collections/2.0/commons-collections-2.0.pom
#14 53.72 [INFO] Downloaded from central: https://repo.maven.apache.org/maven2/commons-collections/commons-collections/2.0/commons-collections-2.0.pom (171 B at 2.4 kB/s)
#14 53.72 [INFO] Downloading from central: https://repo.maven.apache.org/maven2/commons-collections/commons-collections/2.1/commons-collections-2.1.pom
#14 53.80 [INFO] Downloaded from central: https://repo.maven.apache.org/maven2/commons-collections/commons-collections/2.1/commons-collections-2.1.pom (3.3 kB at 43 kB/s)
#14 53.80 [INFO] Downloading from central: https://repo.maven.apache.org/maven2/xml-apis/xml-apis/1.0.b2/xml-apis-1.0.b2.pom
#14 53.89 [INFO] Downloaded from central: https://repo.maven.apache.org/maven2/xml-apis/xml-apis/1.0.b2/xml-apis-1.0.b2.pom (2.2 kB at 26 kB/s)
#14 53.89 [INFO] Downloading from central: https://repo.maven.apache.org/maven2/commons-collections/commons-collections/3.2/commons-collections-3.2.pom
#14 53.98 [INFO] Downloaded from central: https://repo.maven.apache.org/maven2/commons-collections/commons-collections/3.2/commons-collections-3.2.pom (11 kB at 125 kB/s)
#14 53.98 [INFO] Downloading from central: https://repo.maven.apache.org/maven2/dom4j/dom4j/1.1/dom4j-1.1.pom
#14 54.06 [INFO] Downloaded from central: https://repo.maven.apache.org/maven2/dom4j/dom4j/1.1/dom4j-1.1.pom (142 B at 1.9 kB/s)
#14 54.06 [INFO] Downloading from central: https://repo.maven.apache.org/maven2/oro/oro/2.0.8/oro-2.0.8.pom
#14 54.14 [INFO] Downloaded from central: https://repo.maven.apache.org/maven2/oro/oro/2.0.8/oro-2.0.8.pom (140 B at 1.6 kB/s)
#14 54.15 [INFO] Downloading from central: https://repo.maven.apache.org/maven2/org/apache/velocity/velocity/1.6.2/velocity-1.6.2.pom
#14 54.21 [INFO] Downloaded from central: https://repo.maven.apache.org/maven2/org/apache/velocity/velocity/1.6.2/velocity-1.6.2.pom (11 kB at 156 kB/s)
#14 54.22 [INFO] Downloading from central: https://repo.maven.apache.org/maven2/commons-collections/commons-collections/3.2.2/commons-collections-3.2.2.pom
#14 54.29 [INFO] Downloaded from central: https://repo.maven.apache.org/maven2/commons-collections/commons-collections/3.2.2/commons-collections-3.2.2.pom (12 kB at 177 kB/s)
#14 54.29 [INFO] Downloading from central: https://repo.maven.apache.org/maven2/org/apache/commons/commons-parent/39/commons-parent-39.pom
#14 54.40 [INFO] Downloaded from central: https://repo.maven.apache.org/maven2/org/apache/commons/commons-parent/39/commons-parent-39.pom (62 kB at 553 kB/s)
#14 54.40 [INFO] Downloading from central: https://repo.maven.apache.org/maven2/org/apache/apache/16/apache-16.pom
#14 54.48 [INFO] Downloaded from central: https://repo.maven.apache.org/maven2/org/apache/apache/16/apache-16.pom (15 kB at 208 kB/s)
#14 54.48 [INFO] Downloading from central: https://repo.maven.apache.org/maven2/org/codehaus/plexus/plexus-archiver/4.8.0/plexus-archiver-4.8.0.pom
#14 54.55 [INFO] Downloaded from central: https://repo.maven.apache.org/maven2/org/codehaus/plexus/plexus-archiver/4.8.0/plexus-archiver-4.8.0.pom (6.1 kB at 86 kB/s)
#14 54.55 [INFO] Downloading from central: https://repo.maven.apache.org/maven2/org/codehaus/plexus/plexus/14/plexus-14.pom
#14 54.63 [INFO] Downloaded from central: https://repo.maven.apache.org/maven2/org/codehaus/plexus/plexus/14/plexus-14.pom (28 kB at 357 kB/s)
#14 54.63 [INFO] Downloading from central: https://repo.maven.apache.org/maven2/org/codehaus/plexus/plexus-io/3.4.1/plexus-io-3.4.1.pom
#14 54.71 [INFO] Downloaded from central: https://repo.maven.apache.org/maven2/org/codehaus/plexus/plexus-io/3.4.1/plexus-io-3.4.1.pom (6.0 kB at 84 kB/s)
#14 54.71 [INFO] Downloading from central: https://repo.maven.apache.org/maven2/org/codehaus/plexus/plexus/10/plexus-10.pom
#14 54.81 [INFO] Downloaded from central: https://repo.maven.apache.org/maven2/org/codehaus/plexus/plexus/10/plexus-10.pom (25 kB at 254 kB/s)
#14 54.81 [INFO] Downloading from central: https://repo.maven.apache.org/maven2/commons-io/commons-io/2.11.0/commons-io-2.11.0.pom
#14 54.92 [INFO] Downloaded from central: https://repo.maven.apache.org/maven2/commons-io/commons-io/2.11.0/commons-io-2.11.0.pom (20 kB at 175 kB/s)
#14 54.93 [INFO] Downloading from central: https://repo.maven.apache.org/maven2/org/junit/junit-bom/5.7.2/junit-bom-5.7.2.pom
#14 55.00 [INFO] Downloaded from central: https://repo.maven.apache.org/maven2/org/junit/junit-bom/5.7.2/junit-bom-5.7.2.pom (5.1 kB at 77 kB/s)
#14 55.00 [INFO] Downloading from central: https://repo.maven.apache.org/maven2/commons-io/commons-io/2.13.0/commons-io-2.13.0.pom
#14 55.08 [INFO] Downloaded from central: https://repo.maven.apache.org/maven2/commons-io/commons-io/2.13.0/commons-io-2.13.0.pom (20 kB at 267 kB/s)
#14 55.08 [INFO] Downloading from central: https://repo.maven.apache.org/maven2/org/apache/commons/commons-parent/58/commons-parent-58.pom
#14 55.19 [INFO] Downloaded from central: https://repo.maven.apache.org/maven2/org/apache/commons/commons-parent/58/commons-parent-58.pom (83 kB at 712 kB/s)
#14 55.20 [INFO] Downloading from central: https://repo.maven.apache.org/maven2/org/apache/commons/commons-compress/1.23.0/commons-compress-1.23.0.pom
#14 55.28 [INFO] Downloaded from central: https://repo.maven.apache.org/maven2/org/apache/commons/commons-compress/1.23.0/commons-compress-1.23.0.pom (22 kB at 267 kB/s)
#14 55.28 [INFO] Downloading from central: https://repo.maven.apache.org/maven2/org/apache/commons/commons-parent/56/commons-parent-56.pom
#14 55.41 [INFO] Downloaded from central: https://repo.maven.apache.org/maven2/org/apache/commons/commons-parent/56/commons-parent-56.pom (82 kB at 653 kB/s)
#14 55.41 [INFO] Downloading from central: https://repo.maven.apache.org/maven2/org/slf4j/slf4j-api/1.7.36/slf4j-api-1.7.36.pom
#14 55.49 [INFO] Downloaded from central: https://repo.maven.apache.org/maven2/org/slf4j/slf4j-api/1.7.36/slf4j-api-1.7.36.pom (2.7 kB at 37 kB/s)
#14 55.49 [INFO] Downloading from central: https://repo.maven.apache.org/maven2/org/slf4j/slf4j-parent/1.7.36/slf4j-parent-1.7.36.pom
#14 55.57 [INFO] Downloaded from central: https://repo.maven.apache.org/maven2/org/slf4j/slf4j-parent/1.7.36/slf4j-parent-1.7.36.pom (14 kB at 188 kB/s)
#14 55.57 [INFO] Downloading from central: https://repo.maven.apache.org/maven2/org/iq80/snappy/snappy/0.4/snappy-0.4.pom
#14 55.66 [INFO] Downloaded from central: https://repo.maven.apache.org/maven2/org/iq80/snappy/snappy/0.4/snappy-0.4.pom (15 kB at 165 kB/s)
#14 55.66 [INFO] Downloading from central: https://repo.maven.apache.org/maven2/org/tukaani/xz/1.9/xz-1.9.pom
#14 55.73 [INFO] Downloaded from central: https://repo.maven.apache.org/maven2/org/tukaani/xz/1.9/xz-1.9.pom (2.0 kB at 28 kB/s)
#14 55.73 [INFO] Downloading from central: https://repo.maven.apache.org/maven2/com/github/luben/zstd-jni/1.5.5-5/zstd-jni-1.5.5-5.pom
#14 55.80 [INFO] Downloaded from central: https://repo.maven.apache.org/maven2/com/github/luben/zstd-jni/1.5.5-5/zstd-jni-1.5.5-5.pom (1.9 kB at 27 kB/s)
#14 55.81 [INFO] Downloading from central: https://repo.maven.apache.org/maven2/org/codehaus/plexus/plexus-utils/3.5.1/plexus-utils-3.5.1.pom
#14 55.87 [INFO] Downloaded from central: https://repo.maven.apache.org/maven2/org/codehaus/plexus/plexus-utils/3.5.1/plexus-utils-3.5.1.pom (8.8 kB at 129 kB/s)
#14 55.88 [INFO] Downloading from central: https://repo.maven.apache.org/maven2/org/apache/maven/shared/maven-dependency-analyzer/1.13.2/maven-dependency-analyzer-1.13.2.pom
#14 55.99 [INFO] Downloaded from central: https://repo.maven.apache.org/maven2/org/apache/maven/shared/maven-dependency-analyzer/1.13.2/maven-dependency-analyzer-1.13.2.pom (6.4 kB at 57 kB/s)
#14 55.99 [INFO] Downloading from central: https://repo.maven.apache.org/maven2/org/apache/maven/shared/maven-shared-components/39/maven-shared-components-39.pom
#14 56.07 [INFO] Downloaded from central: https://repo.maven.apache.org/maven2/org/apache/maven/shared/maven-shared-components/39/maven-shared-components-39.pom (3.2 kB at 41 kB/s)
#14 56.07 [INFO] Downloading from central: https://repo.maven.apache.org/maven2/org/apache/maven/maven-core/3.2.5/maven-core-3.2.5.pom
#14 56.21 [INFO] Downloaded from central: https://repo.maven.apache.org/maven2/org/apache/maven/maven-core/3.2.5/maven-core-3.2.5.pom (8.1 kB at 59 kB/s)
#14 56.21 [INFO] Downloading from central: https://repo.maven.apache.org/maven2/org/apache/maven/maven/3.2.5/maven-3.2.5.pom
#14 56.35 [INFO] Downloaded from central: https://repo.maven.apache.org/maven2/org/apache/maven/maven/3.2.5/maven-3.2.5.pom (22 kB at 159 kB/s)
#14 56.36 [INFO] Downloading from central: https://repo.maven.apache.org/maven2/org/apache/maven/maven-parent/25/maven-parent-25.pom
#14 56.45 [INFO] Downloaded from central: https://repo.maven.apache.org/maven2/org/apache/maven/maven-parent/25/maven-parent-25.pom (37 kB at 407 kB/s)
#14 56.45 [INFO] Downloading from central: https://repo.maven.apache.org/maven2/org/apache/apache/15/apache-15.pom
#14 56.62 [INFO] Downloaded from central: https://repo.maven.apache.org/maven2/org/apache/apache/15/apache-15.pom (15 kB at 91 kB/s)
#14 56.63 [INFO] Downloading from central: https://repo.maven.apache.org/maven2/org/apache/maven/maven-model/3.2.5/maven-model-3.2.5.pom
#14 56.81 [INFO] Downloaded from central: https://repo.maven.apache.org/maven2/org/apache/maven/maven-model/3.2.5/maven-model-3.2.5.pom (4.2 kB at 23 kB/s)
#14 56.81 [INFO] Downloading from central: https://repo.maven.apache.org/maven2/org/apache/maven/maven-settings/3.2.5/maven-settings-3.2.5.pom
#14 57.09 [INFO] Downloaded from central: https://repo.maven.apache.org/maven2/org/apache/maven/maven-settings/3.2.5/maven-settings-3.2.5.pom (2.2 kB at 7.9 kB/s)
#14 57.09 [INFO] Downloading from central: https://repo.maven.apache.org/maven2/org/apache/maven/maven-settings-builder/3.2.5/maven-settings-builder-3.2.5.pom
#14 57.61 [INFO] Downloaded from central: https://repo.maven.apache.org/maven2/org/apache/maven/maven-settings-builder/3.2.5/maven-settings-builder-3.2.5.pom (2.6 kB at 5.1 kB/s)
#14 57.61 [INFO] Downloading from central: https://repo.maven.apache.org/maven2/org/codehaus/plexus/plexus-interpolation/1.21/plexus-interpolation-1.21.pom
#14 58.63 [INFO] Downloaded from central: https://repo.maven.apache.org/maven2/org/codehaus/plexus/plexus-interpolation/1.21/plexus-interpolation-1.21.pom (1.5 kB at 1.5 kB/s)
#14 58.63 [INFO] Downloading from central: https://repo.maven.apache.org/maven2/org/codehaus/plexus/plexus-components/1.3.1/plexus-components-1.3.1.pom
#14 59.23 [INFO] Downloaded from central: https://repo.maven.apache.org/maven2/org/codehaus/plexus/plexus-components/1.3.1/plexus-components-1.3.1.pom (3.1 kB at 5.1 kB/s)
#14 59.23 [INFO] Downloading from central: https://repo.maven.apache.org/maven2/org/apache/maven/maven-repository-metadata/3.2.5/maven-repository-metadata-3.2.5.pom
#14 60.54 [INFO] Downloaded from central: https://repo.maven.apache.org/maven2/org/apache/maven/maven-repository-metadata/3.2.5/maven-repository-metadata-3.2.5.pom (2.2 kB at 1.7 kB/s)
#14 60.55 [INFO] Downloading from central: https://repo.maven.apache.org/maven2/org/apache/maven/maven-artifact/3.2.5/maven-artifact-3.2.5.pom
#14 61.00 [INFO] Downloaded from central: https://repo.maven.apache.org/maven2/org/apache/maven/maven-artifact/3.2.5/maven-artifact-3.2.5.pom (2.3 kB at 5.2 kB/s)
#14 61.01 [INFO] Downloading from central: https://repo.maven.apache.org/maven2/org/apache/maven/maven-plugin-api/3.2.5/maven-plugin-api-3.2.5.pom
#14 61.49 [INFO] Downloaded from central: https://repo.maven.apache.org/maven2/org/apache/maven/maven-plugin-api/3.2.5/maven-plugin-api-3.2.5.pom (3.0 kB at 6.2 kB/s)
#14 61.50 [INFO] Downloading from central: https://repo.maven.apache.org/maven2/org/apache/maven/maven-model-builder/3.2.5/maven-model-builder-3.2.5.pom
#14 61.82 [INFO] Downloaded from central: https://repo.maven.apache.org/maven2/org/apache/maven/maven-model-builder/3.2.5/maven-model-builder-3.2.5.pom (3.0 kB at 9.2 kB/s)
#14 61.83 [INFO] Downloading from central: https://repo.maven.apache.org/maven2/org/apache/maven/maven-aether-provider/3.2.5/maven-aether-provider-3.2.5.pom
#14 62.02 [INFO] Downloaded from central: https://repo.maven.apache.org/maven2/org/apache/maven/maven-aether-provider/3.2.5/maven-aether-provider-3.2.5.pom (4.2 kB at 23 kB/s)
#14 62.02 [INFO] Downloading from central: https://repo.maven.apache.org/maven2/org/eclipse/aether/aether-api/1.0.0.v20140518/aether-api-1.0.0.v20140518.pom
#14 62.23 [INFO] Downloaded from central: https://repo.maven.apache.org/maven2/org/eclipse/aether/aether-api/1.0.0.v20140518/aether-api-1.0.0.v20140518.pom (1.9 kB at 9.2 kB/s)
#14 62.23 [INFO] Downloading from central: https://repo.maven.apache.org/maven2/org/eclipse/aether/aether/1.0.0.v20140518/aether-1.0.0.v20140518.pom
#14 62.47 [INFO] Downloaded from central: https://repo.maven.apache.org/maven2/org/eclipse/aether/aether/1.0.0.v20140518/aether-1.0.0.v20140518.pom (30 kB at 126 kB/s)
#14 62.47 [INFO] Downloading from central: https://repo.maven.apache.org/maven2/org/eclipse/aether/aether-spi/1.0.0.v20140518/aether-spi-1.0.0.v20140518.pom
#14 62.69 [INFO] Downloaded from central: https://repo.maven.apache.org/maven2/org/eclipse/aether/aether-spi/1.0.0.v20140518/aether-spi-1.0.0.v20140518.pom (2.1 kB at 9.4 kB/s)
#14 62.70 [INFO] Downloading from central: https://repo.maven.apache.org/maven2/org/eclipse/aether/aether-util/1.0.0.v20140518/aether-util-1.0.0.v20140518.pom
#14 62.93 [INFO] Downloaded from central: https://repo.maven.apache.org/maven2/org/eclipse/aether/aether-util/1.0.0.v20140518/aether-util-1.0.0.v20140518.pom (2.2 kB at 9.3 kB/s)
#14 62.93 [INFO] Downloading from central: https://repo.maven.apache.org/maven2/org/eclipse/aether/aether-impl/1.0.0.v20140518/aether-impl-1.0.0.v20140518.pom
#14 63.12 [INFO] Downloaded from central: https://repo.maven.apache.org/maven2/org/eclipse/aether/aether-impl/1.0.0.v20140518/aether-impl-1.0.0.v20140518.pom (3.5 kB at 19 kB/s)
#14 63.12 [INFO] Downloading from central: https://repo.maven.apache.org/maven2/org/sonatype/sisu/sisu-guice/3.2.3/sisu-guice-3.2.3.pom
#14 63.35 [INFO] Downloaded from central: https://repo.maven.apache.org/maven2/org/sonatype/sisu/sisu-guice/3.2.3/sisu-guice-3.2.3.pom (11 kB at 47 kB/s)
#14 63.35 [INFO] Downloading from central: https://repo.maven.apache.org/maven2/org/sonatype/sisu/inject/guice-parent/3.2.3/guice-parent-3.2.3.pom
#14 63.71 [INFO] Downloaded from central: https://repo.maven.apache.org/maven2/org/sonatype/sisu/inject/guice-parent/3.2.3/guice-parent-3.2.3.pom (13 kB at 38 kB/s)
#14 63.71 [INFO] Downloading from central: https://repo.maven.apache.org/maven2/org/sonatype/forge/forge-parent/38/forge-parent-38.pom
#14 64.06 [INFO] Downloaded from central: https://repo.maven.apache.org/maven2/org/sonatype/forge/forge-parent/38/forge-parent-38.pom (19 kB at 54 kB/s)
#14 64.06 [INFO] Downloading from central: https://repo.maven.apache.org/maven2/aopalliance/aopalliance/1.0/aopalliance-1.0.pom
#14 64.41 [INFO] Downloaded from central: https://repo.maven.apache.org/maven2/aopalliance/aopalliance/1.0/aopalliance-1.0.pom (363 B at 1.1 kB/s)
#14 64.41 [INFO] Downloading from central: https://repo.maven.apache.org/maven2/com/google/guava/guava/16.0.1/guava-16.0.1.pom
#14 64.86 [INFO] Downloaded from central: https://repo.maven.apache.org/maven2/com/google/guava/guava/16.0.1/guava-16.0.1.pom (6.1 kB at 13 kB/s)
#14 64.87 [INFO] Downloading from central: https://repo.maven.apache.org/maven2/com/google/guava/guava-parent/16.0.1/guava-parent-16.0.1.pom
#14 65.43 [INFO] Downloaded from central: https://repo.maven.apache.org/maven2/com/google/guava/guava-parent/16.0.1/guava-parent-16.0.1.pom (7.3 kB at 13 kB/s)
#14 65.43 [INFO] Downloading from central: https://repo.maven.apache.org/maven2/org/codehaus/plexus/plexus-classworlds/2.5.2/plexus-classworlds-2.5.2.pom
#14 65.90 [INFO] Downloaded from central: https://repo.maven.apache.org/maven2/org/codehaus/plexus/plexus-classworlds/2.5.2/plexus-classworlds-2.5.2.pom (7.3 kB at 16 kB/s)
#14 65.90 [INFO] Downloading from central: https://repo.maven.apache.org/maven2/org/ow2/asm/asm/9.5/asm-9.5.pom
#14 66.36 [INFO] Downloaded from central: https://repo.maven.apache.org/maven2/org/ow2/asm/asm/9.5/asm-9.5.pom (2.4 kB at 5.2 kB/s)
#14 66.36 [INFO] Downloading from central: https://repo.maven.apache.org/maven2/org/ow2/ow2/1.5.1/ow2-1.5.1.pom
#14 -1052.763 [INFO] Downloaded from central: https://repo.maven.apache.org/maven2/org/ow2/ow2/1.5.1/ow2-1.5.1.pom (11 kB)
#14 -1052.759 [INFO] Downloading from central: https://repo.maven.apache.org/maven2/org/apache/maven/shared/maven-dependency-tree/3.2.1/maven-dependency-tree-3.2.1.pom
#14 69.95 [INFO] Downloaded from central: https://repo.maven.apache.org/maven2/org/apache/maven/shared/maven-dependency-tree/3.2.1/maven-dependency-tree-3.2.1.pom (6.2 kB at 5 B/s)
#14 69.95 [INFO] Downloading from central: https://repo.maven.apache.org/maven2/org/apache/maven/shared/maven-shared-components/37/maven-shared-components-37.pom
#14 71.12 [INFO] Downloaded from central: https://repo.maven.apache.org/maven2/org/apache/maven/shared/maven-shared-components/37/maven-shared-components-37.pom (4.9 kB at 4.2 kB/s)
#14 71.13 [INFO] Downloading from central: https://repo.maven.apache.org/maven2/org/apache/maven/maven-parent/37/maven-parent-37.pom
#14 72.58 [INFO] Downloaded from central: https://repo.maven.apache.org/maven2/org/apache/maven/maven-parent/37/maven-parent-37.pom (46 kB at 31 kB/s)
#14 72.58 [INFO] Downloading from central: https://repo.maven.apache.org/maven2/org/apache/maven/shared/maven-common-artifact-filters/3.3.2/maven-common-artifact-filters-3.3.2.pom
#14 73.09 [INFO] Downloaded from central: https://repo.maven.apache.org/maven2/org/apache/maven/shared/maven-common-artifact-filters/3.3.2/maven-common-artifact-filters-3.3.2.pom (5.3 kB at 10 kB/s)
#14 73.09 [INFO] Downloading from central: https://repo.maven.apache.org/maven2/org/apache/maven/shared/maven-artifact-transfer/0.13.1/maven-artifact-transfer-0.13.1.pom
#14 73.37 [INFO] Downloaded from central: https://repo.maven.apache.org/maven2/org/apache/maven/shared/maven-artifact-transfer/0.13.1/maven-artifact-transfer-0.13.1.pom (11 kB at 41 kB/s)
#14 73.37 [INFO] Downloading from central: https://repo.maven.apache.org/maven2/org/apache/maven/maven-core/3.0/maven-core-3.0.pom
#14 73.55 [INFO] Downloaded from central: https://repo.maven.apache.org/maven2/org/apache/maven/maven-core/3.0/maven-core-3.0.pom (6.6 kB at 36 kB/s)
#14 73.56 [INFO] Downloading from central: https://repo.maven.apache.org/maven2/org/apache/maven/maven-model/3.0/maven-model-3.0.pom
#14 73.70 [INFO] Downloaded from central: https://repo.maven.apache.org/maven2/org/apache/maven/maven-model/3.0/maven-model-3.0.pom (3.9 kB at 28 kB/s)
#14 73.70 [INFO] Downloading from central: https://repo.maven.apache.org/maven2/org/apache/maven/maven-settings/3.0/maven-settings-3.0.pom
#14 73.80 [INFO] Downloaded from central: https://repo.maven.apache.org/maven2/org/apache/maven/maven-settings/3.0/maven-settings-3.0.pom (1.9 kB at 20 kB/s)
#14 73.80 [INFO] Downloading from central: https://repo.maven.apache.org/maven2/org/apache/maven/maven-settings-builder/3.0/maven-settings-builder-3.0.pom
#14 73.88 [INFO] Downloaded from central: https://repo.maven.apache.org/maven2/org/apache/maven/maven-settings-builder/3.0/maven-settings-builder-3.0.pom (2.2 kB at 27 kB/s)
#14 73.89 [INFO] Downloading from central: https://repo.maven.apache.org/maven2/org/codehaus/plexus/plexus-interpolation/1.14/plexus-interpolation-1.14.pom
#14 73.96 [INFO] Downloaded from central: https://repo.maven.apache.org/maven2/org/codehaus/plexus/plexus-interpolation/1.14/plexus-interpolation-1.14.pom (910 B at 12 kB/s)
#14 73.97 [INFO] Downloading from central: https://repo.maven.apache.org/maven2/org/codehaus/plexus/plexus-components/1.1.18/plexus-components-1.1.18.pom
#14 74.06 [INFO] Downloaded from central: https://repo.maven.apache.org/maven2/org/codehaus/plexus/plexus-components/1.1.18/plexus-components-1.1.18.pom (5.4 kB at 58 kB/s)
#14 74.06 [INFO] Downloading from central: https://repo.maven.apache.org/maven2/org/apache/maven/maven-repository-metadata/3.0/maven-repository-metadata-3.0.pom
#14 74.15 [INFO] Downloaded from central: https://repo.maven.apache.org/maven2/org/apache/maven/maven-repository-metadata/3.0/maven-repository-metadata-3.0.pom (1.9 kB at 22 kB/s)
#14 74.15 [INFO] Downloading from central: https://repo.maven.apache.org/maven2/org/apache/maven/maven-plugin-api/3.0/maven-plugin-api-3.0.pom
#14 74.23 [INFO] Downloaded from central: https://repo.maven.apache.org/maven2/org/apache/maven/maven-plugin-api/3.0/maven-plugin-api-3.0.pom (2.3 kB at 29 kB/s)
#14 74.23 [INFO] Downloading from central: https://repo.maven.apache.org/maven2/org/sonatype/sisu/sisu-inject-plexus/1.4.2/sisu-inject-plexus-1.4.2.pom
#14 74.33 [INFO] Downloaded from central: https://repo.maven.apache.org/maven2/org/sonatype/sisu/sisu-inject-plexus/1.4.2/sisu-inject-plexus-1.4.2.pom (5.4 kB at 58 kB/s)
#14 74.33 [INFO] Downloading from central: https://repo.maven.apache.org/maven2/org/sonatype/sisu/inject/guice-plexus/1.4.2/guice-plexus-1.4.2.pom
#14 74.42 [INFO] Downloaded from central: https://repo.maven.apache.org/maven2/org/sonatype/sisu/inject/guice-plexus/1.4.2/guice-plexus-1.4.2.pom (3.1 kB at 34 kB/s)
#14 74.43 [INFO] Downloading from central: https://repo.maven.apache.org/maven2/org/sonatype/sisu/inject/guice-bean/1.4.2/guice-bean-1.4.2.pom
#14 74.50 [INFO] Downloaded from central: https://repo.maven.apache.org/maven2/org/sonatype/sisu/inject/guice-bean/1.4.2/guice-bean-1.4.2.pom (2.6 kB at 33 kB/s)
#14 74.51 [INFO] Downloading from central: https://repo.maven.apache.org/maven2/org/sonatype/sisu/sisu-inject/1.4.2/sisu-inject-1.4.2.pom
#14 74.59 [INFO] Downloaded from central: https://repo.maven.apache.org/maven2/org/sonatype/sisu/sisu-inject/1.4.2/sisu-inject-1.4.2.pom (1.2 kB at 16 kB/s)
#14 74.59 [INFO] Downloading from central: https://repo.maven.apache.org/maven2/org/sonatype/sisu/sisu-parent/1.4.2/sisu-parent-1.4.2.pom
#14 74.69 [INFO] Downloaded from central: https://repo.maven.apache.org/maven2/org/sonatype/sisu/sisu-parent/1.4.2/sisu-parent-1.4.2.pom (7.8 kB at 80 kB/s)
#14 74.69 [INFO] Downloading from central: https://repo.maven.apache.org/maven2/org/sonatype/forge/forge-parent/6/forge-parent-6.pom
#14 74.82 [INFO] Downloaded from central: https://repo.maven.apache.org/maven2/org/sonatype/forge/forge-parent/6/forge-parent-6.pom (11 kB at 81 kB/s)
#14 74.83 [INFO] Downloading from central: https://repo.maven.apache.org/maven2/org/codehaus/plexus/plexus-component-annotations/1.5.4/plexus-component-annotations-1.5.4.pom
#14 74.94 [INFO] Downloaded from central: https://repo.maven.apache.org/maven2/org/codehaus/plexus/plexus-component-annotations/1.5.4/plexus-component-annotations-1.5.4.pom (815 B at 7.1 kB/s)
#14 74.94 [INFO] Downloading from central: https://repo.maven.apache.org/maven2/org/codehaus/plexus/plexus-containers/1.5.4/plexus-containers-1.5.4.pom
#14 75.03 [INFO] Downloaded from central: https://repo.maven.apache.org/maven2/org/codehaus/plexus/plexus-containers/1.5.4/plexus-containers-1.5.4.pom (4.2 kB at 47 kB/s)
#14 75.04 [INFO] Downloading from central: https://repo.maven.apache.org/maven2/org/codehaus/plexus/plexus/2.0.5/plexus-2.0.5.pom
#14 75.15 [INFO] Downloaded from central: https://repo.maven.apache.org/maven2/org/codehaus/plexus/plexus/2.0.5/plexus-2.0.5.pom (17 kB at 154 kB/s)
#14 75.16 [INFO] Downloading from central: https://repo.maven.apache.org/maven2/org/codehaus/plexus/plexus-classworlds/2.2.3/plexus-classworlds-2.2.3.pom
#14 75.24 [INFO] Downloaded from central: https://repo.maven.apache.org/maven2/org/codehaus/plexus/plexus-classworlds/2.2.3/plexus-classworlds-2.2.3.pom (4.0 kB at 49 kB/s)
#14 75.24 [INFO] Downloading from central: https://repo.maven.apache.org/maven2/org/codehaus/plexus/plexus/2.0.6/plexus-2.0.6.pom
#14 75.36 [INFO] Downloaded from central: https://repo.maven.apache.org/maven2/org/codehaus/plexus/plexus/2.0.6/plexus-2.0.6.pom (17 kB at 141 kB/s)
#14 75.36 [INFO] Downloading from central: https://repo.maven.apache.org/maven2/org/sonatype/sisu/sisu-inject-bean/1.4.2/sisu-inject-bean-1.4.2.pom
#14 75.46 [INFO] Downloaded from central: https://repo.maven.apache.org/maven2/org/sonatype/sisu/sisu-inject-bean/1.4.2/sisu-inject-bean-1.4.2.pom (5.5 kB at 60 kB/s)
#14 75.46 [INFO] Downloading from central: https://repo.maven.apache.org/maven2/org/sonatype/sisu/sisu-guice/2.1.7/sisu-guice-2.1.7.pom
#14 75.58 [INFO] Downloaded from central: https://repo.maven.apache.org/maven2/org/sonatype/sisu/sisu-guice/2.1.7/sisu-guice-2.1.7.pom (11 kB at 91 kB/s)
#14 75.58 [INFO] Downloading from central: https://repo.maven.apache.org/maven2/org/apache/maven/maven-model-builder/3.0/maven-model-builder-3.0.pom
#14 75.67 [INFO] Downloaded from central: https://repo.maven.apache.org/maven2/org/apache/maven/maven-model-builder/3.0/maven-model-builder-3.0.pom (2.2 kB at 26 kB/s)
#14 75.67 [INFO] Downloading from central: https://repo.maven.apache.org/maven2/org/apache/maven/maven-aether-provider/3.0/maven-aether-provider-3.0.pom
#14 75.85 [INFO] Downloaded from central: https://repo.maven.apache.org/maven2/org/apache/maven/maven-aether-provider/3.0/maven-aether-provider-3.0.pom (2.5 kB at 14 kB/s)
#14 75.86 [INFO] Downloading from central: https://repo.maven.apache.org/maven2/org/sonatype/aether/aether-api/1.7/aether-api-1.7.pom
#14 76.03 [INFO] Downloaded from central: https://repo.maven.apache.org/maven2/org/sonatype/aether/aether-api/1.7/aether-api-1.7.pom (1.7 kB at 9.7 kB/s)
#14 76.03 [INFO] Downloading from central: https://repo.maven.apache.org/maven2/org/sonatype/aether/aether-parent/1.7/aether-parent-1.7.pom
#14 76.32 [INFO] Downloaded from central: https://repo.maven.apache.org/maven2/org/sonatype/aether/aether-parent/1.7/aether-parent-1.7.pom (7.7 kB at 27 kB/s)
#14 76.33 [INFO] Downloading from central: https://repo.maven.apache.org/maven2/org/sonatype/aether/aether-util/1.7/aether-util-1.7.pom
#14 77.07 [INFO] Downloaded from central: https://repo.maven.apache.org/maven2/org/sonatype/aether/aether-util/1.7/aether-util-1.7.pom (2.1 kB at 2.8 kB/s)
#14 77.07 [INFO] Downloading from central: https://repo.maven.apache.org/maven2/org/sonatype/aether/aether-impl/1.7/aether-impl-1.7.pom
#14 77.86 [INFO] Downloaded from central: https://repo.maven.apache.org/maven2/org/sonatype/aether/aether-impl/1.7/aether-impl-1.7.pom (3.7 kB at 4.7 kB/s)
#14 77.86 [INFO] Downloading from central: https://repo.maven.apache.org/maven2/org/sonatype/aether/aether-spi/1.7/aether-spi-1.7.pom
#14 78.84 [INFO] Downloaded from central: https://repo.maven.apache.org/maven2/org/sonatype/aether/aether-spi/1.7/aether-spi-1.7.pom (1.7 kB at 1.8 kB/s)
#14 78.85 [INFO] Downloading from central: https://repo.maven.apache.org/maven2/org/apache/maven/shared/maven-common-artifact-filters/3.1.0/maven-common-artifact-filters-3.1.0.pom
#14 79.51 [INFO] Downloaded from central: https://repo.maven.apache.org/maven2/org/apache/maven/shared/maven-common-artifact-filters/3.1.0/maven-common-artifact-filters-3.1.0.pom (5.3 kB at 7.9 kB/s)
#14 79.52 [INFO] Downloading from central: https://repo.maven.apache.org/maven2/org/apache/maven/shared/maven-shared-components/33/maven-shared-components-33.pom
#14 80.34 [INFO] Downloaded from central: https://repo.maven.apache.org/maven2/org/apache/maven/shared/maven-shared-components/33/maven-shared-components-33.pom (5.1 kB at 6.2 kB/s)
#14 80.34 [INFO] Downloading from central: https://repo.maven.apache.org/maven2/org/apache/maven/maven-parent/33/maven-parent-33.pom
#14 81.22 [INFO] Downloaded from central: https://repo.maven.apache.org/maven2/org/apache/maven/maven-parent/33/maven-parent-33.pom (44 kB at 50 kB/s)
#14 81.22 [INFO] Downloading from central: https://repo.maven.apache.org/maven2/org/apache/maven/shared/maven-shared-utils/3.1.0/maven-shared-utils-3.1.0.pom
#14 81.62 [INFO] Downloaded from central: https://repo.maven.apache.org/maven2/org/apache/maven/shared/maven-shared-utils/3.1.0/maven-shared-utils-3.1.0.pom (5.0 kB at 12 kB/s)
#14 81.62 [INFO] Downloading from central: https://repo.maven.apache.org/maven2/org/apache/maven/shared/maven-shared-components/30/maven-shared-components-30.pom
#14 81.99 [INFO] Downloaded from central: https://repo.maven.apache.org/maven2/org/apache/maven/shared/maven-shared-components/30/maven-shared-components-30.pom (4.6 kB at 13 kB/s)
#14 81.99 [INFO] Downloading from central: https://repo.maven.apache.org/maven2/org/apache/maven/maven-parent/30/maven-parent-30.pom
#14 82.45 [INFO] Downloaded from central: https://repo.maven.apache.org/maven2/org/apache/maven/maven-parent/30/maven-parent-30.pom (41 kB at 90 kB/s)
#14 82.45 [INFO] Downloading from central: https://repo.maven.apache.org/maven2/commons-io/commons-io/2.5/commons-io-2.5.pom
#14 82.88 [INFO] Downloaded from central: https://repo.maven.apache.org/maven2/commons-io/commons-io/2.5/commons-io-2.5.pom (13 kB at 31 kB/s)
#14 82.88 [INFO] Downloading from central: https://repo.maven.apache.org/maven2/org/slf4j/slf4j-api/1.7.5/slf4j-api-1.7.5.pom
#14 83.19 [INFO] Downloaded from central: https://repo.maven.apache.org/maven2/org/slf4j/slf4j-api/1.7.5/slf4j-api-1.7.5.pom (2.7 kB at 8.8 kB/s)
#14 83.19 [INFO] Downloading from central: https://repo.maven.apache.org/maven2/org/slf4j/slf4j-parent/1.7.5/slf4j-parent-1.7.5.pom
#14 83.35 [INFO] Downloaded from central: https://repo.maven.apache.org/maven2/org/slf4j/slf4j-parent/1.7.5/slf4j-parent-1.7.5.pom (12 kB at 72 kB/s)
#14 83.36 [INFO] Downloading from central: https://repo.maven.apache.org/maven2/org/apache/maven/shared/maven-shared-utils/3.4.2/maven-shared-utils-3.4.2.pom
#14 83.45 [INFO] Downloaded from central: https://repo.maven.apache.org/maven2/org/apache/maven/shared/maven-shared-utils/3.4.2/maven-shared-utils-3.4.2.pom (5.9 kB at 63 kB/s)
#14 83.45 [INFO] Downloading from central: https://repo.maven.apache.org/maven2/org/apache/commons/commons-collections4/4.4/commons-collections4-4.4.pom
#14 83.60 [INFO] Downloaded from central: https://repo.maven.apache.org/maven2/org/apache/commons/commons-collections4/4.4/commons-collections4-4.4.pom (24 kB at 165 kB/s)
#14 83.60 [INFO] Downloading from central: https://repo.maven.apache.org/maven2/org/apache/commons/commons-parent/48/commons-parent-48.pom
#14 83.88 [INFO] Downloaded from central: https://repo.maven.apache.org/maven2/org/apache/commons/commons-parent/48/commons-parent-48.pom (72 kB at 263 kB/s)
#14 83.88 [INFO] Downloading from central: https://repo.maven.apache.org/maven2/org/sonatype/plexus/plexus-build-api/0.0.7/plexus-build-api-0.0.7.pom
#14 83.98 [INFO] Downloaded from central: https://repo.maven.apache.org/maven2/org/sonatype/plexus/plexus-build-api/0.0.7/plexus-build-api-0.0.7.pom (3.2 kB at 34 kB/s)
#14 83.98 [INFO] Downloading from central: https://repo.maven.apache.org/maven2/org/sonatype/spice/spice-parent/15/spice-parent-15.pom
#14 84.08 [INFO] Downloaded from central: https://repo.maven.apache.org/maven2/org/sonatype/spice/spice-parent/15/spice-parent-15.pom (8.4 kB at 82 kB/s)
#14 84.08 [INFO] Downloading from central: https://repo.maven.apache.org/maven2/org/sonatype/forge/forge-parent/5/forge-parent-5.pom
#14 84.17 [INFO] Downloaded from central: https://repo.maven.apache.org/maven2/org/sonatype/forge/forge-parent/5/forge-parent-5.pom (8.4 kB at 93 kB/s)
#14 84.20 [INFO] Downloading from central: https://repo.maven.apache.org/maven2/org/apache/maven/doxia/doxia-sink-api/1.11.1/doxia-sink-api-1.11.1.jar
#14 84.42 [INFO] Downloaded from central: https://repo.maven.apache.org/maven2/org/apache/maven/doxia/doxia-sink-api/1.11.1/doxia-sink-api-1.11.1.jar (12 kB at 52 kB/s)
#14 84.43 [INFO] Downloading from central: https://repo.maven.apache.org/maven2/org/apache/maven/doxia/doxia-logging-api/1.11.1/doxia-logging-api-1.11.1.jar
#14 84.43 [INFO] Downloading from central: https://repo.maven.apache.org/maven2/org/apache/maven/reporting/maven-reporting-api/3.1.1/maven-reporting-api-3.1.1.jar
#14 84.43 [INFO] Downloading from central: https://repo.maven.apache.org/maven2/org/apache/maven/reporting/maven-reporting-impl/3.2.0/maven-reporting-impl-3.2.0.jar
#14 84.43 [INFO] Downloading from central: https://repo.maven.apache.org/maven2/org/apache/maven/maven-settings/3.1.0/maven-settings-3.1.0.jar
#14 84.43 [INFO] Downloading from central: https://repo.maven.apache.org/maven2/org/apache/maven/maven-core/3.1.0/maven-core-3.1.0.jar
#14 84.65 [INFO] Downloaded from central: https://repo.maven.apache.org/maven2/org/apache/maven/reporting/maven-reporting-api/3.1.1/maven-reporting-api-3.1.1.jar (11 kB at 47 kB/s)
#14 84.65 [INFO] Downloading from central: https://repo.maven.apache.org/maven2/org/apache/maven/maven-settings-builder/3.1.0/maven-settings-builder-3.1.0.jar
#14 84.75 [INFO] Downloaded from central: https://repo.maven.apache.org/maven2/org/apache/maven/maven-settings-builder/3.1.0/maven-settings-builder-3.1.0.jar (41 kB at 127 kB/s)
#14 84.75 [INFO] Downloading from central: https://repo.maven.apache.org/maven2/org/apache/maven/maven-repository-metadata/3.1.0/maven-repository-metadata-3.1.0.jar
#14 84.81 [INFO] Downloaded from central: https://repo.maven.apache.org/maven2/org/apache/maven/doxia/doxia-logging-api/1.11.1/doxia-logging-api-1.11.1.jar (12 kB at 30 kB/s)
#14 84.81 [INFO] Downloading from central: https://repo.maven.apache.org/maven2/org/apache/maven/maven-model-builder/3.1.0/maven-model-builder-3.1.0.jar
#14 84.86 [INFO] Downloaded from central: https://repo.maven.apache.org/maven2/org/apache/maven/reporting/maven-reporting-impl/3.2.0/maven-reporting-impl-3.2.0.jar (20 kB at 45 kB/s)
#14 84.86 [INFO] Downloading from central: https://repo.maven.apache.org/maven2/org/apache/maven/maven-aether-provider/3.1.0/maven-aether-provider-3.1.0.jar
#14 85.12 [INFO] Downloaded from central: https://repo.maven.apache.org/maven2/org/apache/maven/maven-settings/3.1.0/maven-settings-3.1.0.jar (47 kB at 68 kB/s)
#14 85.12 [INFO] Downloading from central: https://repo.maven.apache.org/maven2/org/eclipse/aether/aether-spi/0.9.0.M2/aether-spi-0.9.0.M2.jar
#14 85.14 [INFO] Downloaded from central: https://repo.maven.apache.org/maven2/org/apache/maven/maven-repository-metadata/3.1.0/maven-repository-metadata-3.1.0.jar (30 kB at 42 kB/s)
#14 85.14 [INFO] Downloading from central: https://repo.maven.apache.org/maven2/org/eclipse/aether/aether-impl/0.9.0.M2/aether-impl-0.9.0.M2.jar
#14 85.48 [INFO] Downloaded from central: https://repo.maven.apache.org/maven2/org/apache/maven/maven-core/3.1.0/maven-core-3.1.0.jar (563 kB at 535 kB/s)
#14 85.48 [INFO] Downloaded from central: https://repo.maven.apache.org/maven2/org/eclipse/aether/aether-spi/0.9.0.M2/aether-spi-0.9.0.M2.jar (18 kB at 17 kB/s)
#14 85.48 [INFO] Downloading from central: https://repo.maven.apache.org/maven2/org/eclipse/aether/aether-api/0.9.0.M2/aether-api-0.9.0.M2.jar
#14 85.48 [INFO] Downloading from central: https://repo.maven.apache.org/maven2/org/eclipse/sisu/org.eclipse.sisu.plexus/0.3.0.M1/org.eclipse.sisu.plexus-0.3.0.M1.jar
#14 85.50 [INFO] Downloaded from central: https://repo.maven.apache.org/maven2/org/apache/maven/maven-model-builder/3.1.0/maven-model-builder-3.1.0.jar (159 kB at 148 kB/s)
#14 85.50 [INFO] Downloading from central: https://repo.maven.apache.org/maven2/javax/enterprise/cdi-api/1.0/cdi-api-1.0.jar
#14 85.83 [INFO] Downloaded from central: https://repo.maven.apache.org/maven2/org/apache/maven/maven-aether-provider/3.1.0/maven-aether-provider-3.1.0.jar (60 kB at 43 kB/s)
#14 85.83 [INFO] Downloading from central: https://repo.maven.apache.org/maven2/javax/annotation/jsr250-api/1.0/jsr250-api-1.0.jar
#14 85.86 [INFO] Downloaded from central: https://repo.maven.apache.org/maven2/javax/enterprise/cdi-api/1.0/cdi-api-1.0.jar (45 kB at 31 kB/s)
#14 85.86 [INFO] Downloading from central: https://repo.maven.apache.org/maven2/org/eclipse/sisu/org.eclipse.sisu.inject/0.3.0.M1/org.eclipse.sisu.inject-0.3.0.M1.jar
#14 85.87 [INFO] Downloaded from central: https://repo.maven.apache.org/maven2/org/eclipse/sisu/org.eclipse.sisu.plexus/0.3.0.M1/org.eclipse.sisu.plexus-0.3.0.M1.jar (201 kB at 139 kB/s)
#14 85.87 [INFO] Downloading from central: https://repo.maven.apache.org/maven2/org/codehaus/plexus/plexus-interpolation/1.16/plexus-interpolation-1.16.jar
#14 85.88 [INFO] Downloaded from central: https://repo.maven.apache.org/maven2/org/eclipse/aether/aether-impl/0.9.0.M2/aether-impl-0.9.0.M2.jar (145 kB at 99 kB/s)
#14 85.88 [INFO] Downloading from central: https://repo.maven.apache.org/maven2/org/codehaus/plexus/plexus-classworlds/2.4.2/plexus-classworlds-2.4.2.jar
#14 85.98 [INFO] Downloaded from central: https://repo.maven.apache.org/maven2/javax/annotation/jsr250-api/1.0/jsr250-api-1.0.jar (5.8 kB at 3.8 kB/s)
#14 85.98 [INFO] Downloading from central: https://repo.maven.apache.org/maven2/org/sonatype/plexus/plexus-sec-dispatcher/1.3/plexus-sec-dispatcher-1.3.jar
#14 86.06 [INFO] Downloaded from central: https://repo.maven.apache.org/maven2/org/codehaus/plexus/plexus-interpolation/1.16/plexus-interpolation-1.16.jar (61 kB at 38 kB/s)
#14 86.06 [INFO] Downloading from central: https://repo.maven.apache.org/maven2/org/sonatype/plexus/plexus-cipher/1.4/plexus-cipher-1.4.jar
#14 86.09 [INFO] Downloaded from central: https://repo.maven.apache.org/maven2/org/sonatype/plexus/plexus-sec-dispatcher/1.3/plexus-sec-dispatcher-1.3.jar (29 kB at 17 kB/s)
#14 86.09 [INFO] Downloading from central: https://repo.maven.apache.org/maven2/org/apache/maven/maven-artifact/3.1.0/maven-artifact-3.1.0.jar
#14 86.11 [INFO] Downloaded from central: https://repo.maven.apache.org/maven2/org/codehaus/plexus/plexus-classworlds/2.4.2/plexus-classworlds-2.4.2.jar (47 kB at 28 kB/s)
#14 86.11 [INFO] Downloading from central: https://repo.maven.apache.org/maven2/org/apache/maven/maven-plugin-api/3.1.0/maven-plugin-api-3.1.0.jar
#14 86.14 [INFO] Downloaded from central: https://repo.maven.apache.org/maven2/org/sonatype/plexus/plexus-cipher/1.4/plexus-cipher-1.4.jar (13 kB at 7.9 kB/s)
#14 86.14 [INFO] Downloading from central: https://repo.maven.apache.org/maven2/org/apache/maven/doxia/doxia-decoration-model/1.11.1/doxia-decoration-model-1.11.1.jar
#14 86.44 [INFO] Downloaded from central: https://repo.maven.apache.org/maven2/org/apache/maven/doxia/doxia-decoration-model/1.11.1/doxia-decoration-model-1.11.1.jar (60 kB at 30 kB/s)
#14 86.44 [INFO] Downloaded from central: https://repo.maven.apache.org/maven2/org/apache/maven/maven-plugin-api/3.1.0/maven-plugin-api-3.1.0.jar (50 kB at 25 kB/s)
#14 86.44 [INFO] Downloading from central: https://repo.maven.apache.org/maven2/org/apache/maven/doxia/doxia-core/1.11.1/doxia-core-1.11.1.jar
#14 86.44 [INFO] Downloading from central: https://repo.maven.apache.org/maven2/org/apache/commons/commons-lang3/3.8.1/commons-lang3-3.8.1.jar
#14 86.48 [INFO] Downloaded from central: https://repo.maven.apache.org/maven2/org/apache/maven/maven-artifact/3.1.0/maven-artifact-3.1.0.jar (52 kB at 25 kB/s)
#14 86.48 [INFO] Downloading from central: https://repo.maven.apache.org/maven2/org/apache/commons/commons-text/1.10.0/commons-text-1.10.0.jar
#14 86.82 [INFO] Downloaded from central: https://repo.maven.apache.org/maven2/org/eclipse/sisu/org.eclipse.sisu.inject/0.3.0.M1/org.eclipse.sisu.inject-0.3.0.M1.jar (340 kB at 142 kB/s)
#14 86.82 [INFO] Downloading from central: https://repo.maven.apache.org/maven2/org/apache/httpcomponents/httpclient/4.5.13/httpclient-4.5.13.jar
#14 87.03 [INFO] Downloaded from central: https://repo.maven.apache.org/maven2/org/eclipse/aether/aether-api/0.9.0.M2/aether-api-0.9.0.M2.jar (134 kB at 51 kB/s)
#14 87.03 [INFO] Downloading from central: https://repo.maven.apache.org/maven2/commons-logging/commons-logging/1.2/commons-logging-1.2.jar
#14 87.05 [INFO] Downloaded from central: https://repo.maven.apache.org/maven2/org/apache/maven/doxia/doxia-core/1.11.1/doxia-core-1.11.1.jar (218 kB at 83 kB/s)
#14 87.05 [INFO] Downloading from central: https://repo.maven.apache.org/maven2/commons-codec/commons-codec/1.11/commons-codec-1.11.jar
#14 87.45 [INFO] Downloaded from central: https://repo.maven.apache.org/maven2/org/apache/commons/commons-text/1.10.0/commons-text-1.10.0.jar (238 kB at 79 kB/s)
#14 87.45 [INFO] Downloading from central: https://repo.maven.apache.org/maven2/org/apache/httpcomponents/httpcore/4.4.14/httpcore-4.4.14.jar
#14 87.52 [INFO] Downloaded from central: https://repo.maven.apache.org/maven2/commons-logging/commons-logging/1.2/commons-logging-1.2.jar (62 kB at 20 kB/s)
#14 87.52 [INFO] Downloading from central: https://repo.maven.apache.org/maven2/org/apache/maven/doxia/doxia-integration-tools/1.11.1/doxia-integration-tools-1.11.1.jar
#14 88.24 [INFO] Downloaded from central: https://repo.maven.apache.org/maven2/org/apache/commons/commons-lang3/3.8.1/commons-lang3-3.8.1.jar (502 kB at 132 kB/s)
#14 88.24 [INFO] Downloading from central: https://repo.maven.apache.org/maven2/org/apache/maven/doxia/doxia-site-renderer/1.11.1/doxia-site-renderer-1.11.1.jar
#14 88.25 [INFO] Downloaded from central: https://repo.maven.apache.org/maven2/commons-codec/commons-codec/1.11/commons-codec-1.11.jar (335 kB at 88 kB/s)
#14 88.25 [INFO] Downloading from central: https://repo.maven.apache.org/maven2/org/apache/maven/doxia/doxia-skin-model/1.11.1/doxia-skin-model-1.11.1.jar
#14 88.35 [INFO] Downloaded from central: https://repo.maven.apache.org/maven2/org/apache/httpcomponents/httpcore/4.4.14/httpcore-4.4.14.jar (328 kB at 84 kB/s)
#14 88.35 [INFO] Downloading from central: https://repo.maven.apache.org/maven2/org/apache/maven/doxia/doxia-module-xhtml/1.11.1/doxia-module-xhtml-1.11.1.jar
#14 88.37 [INFO] Downloaded from central: https://repo.maven.apache.org/maven2/org/apache/httpcomponents/httpclient/4.5.13/httpclient-4.5.13.jar (780 kB at 198 kB/s)
#14 88.37 [INFO] Downloading from central: https://repo.maven.apache.org/maven2/org/apache/maven/doxia/doxia-module-xhtml5/1.11.1/doxia-module-xhtml5-1.11.1.jar
#14 88.38 [INFO] Downloaded from central: https://repo.maven.apache.org/maven2/org/apache/maven/doxia/doxia-skin-model/1.11.1/doxia-skin-model-1.11.1.jar (16 kB at 4.1 kB/s)
#14 88.38 [INFO] Downloading from central: https://repo.maven.apache.org/maven2/org/codehaus/plexus/plexus-velocity/1.2/plexus-velocity-1.2.jar
#14 88.48 [INFO] Downloaded from central: https://repo.maven.apache.org/maven2/org/apache/maven/doxia/doxia-module-xhtml/1.11.1/doxia-module-xhtml-1.11.1.jar (17 kB at 4.3 kB/s)
#14 88.48 [INFO] Downloading from central: https://repo.maven.apache.org/maven2/org/apache/velocity/velocity/1.7/velocity-1.7.jar
#14 88.48 [INFO] Downloaded from central: https://repo.maven.apache.org/maven2/org/apache/maven/doxia/doxia-site-renderer/1.11.1/doxia-site-renderer-1.11.1.jar (65 kB at 16 kB/s)
#14 88.48 [INFO] Downloading from central: https://repo.maven.apache.org/maven2/commons-lang/commons-lang/2.4/commons-lang-2.4.jar
#14 88.49 [INFO] Downloaded from central: https://repo.maven.apache.org/maven2/org/codehaus/plexus/plexus-velocity/1.2/plexus-velocity-1.2.jar (8.1 kB at 2.0 kB/s)
#14 88.49 [INFO] Downloaded from central: https://repo.maven.apache.org/maven2/org/apache/maven/doxia/doxia-module-xhtml5/1.11.1/doxia-module-xhtml5-1.11.1.jar (18 kB at 4.4 kB/s)
#14 88.49 [INFO] Downloading from central: https://repo.maven.apache.org/maven2/org/apache/velocity/velocity-tools/2.0/velocity-tools-2.0.jar
#14 88.49 [INFO] Downloading from central: https://repo.maven.apache.org/maven2/commons-beanutils/commons-beanutils/1.7.0/commons-beanutils-1.7.0.jar
#14 88.90 [INFO] Downloaded from central: https://repo.maven.apache.org/maven2/commons-beanutils/commons-beanutils/1.7.0/commons-beanutils-1.7.0.jar (189 kB at 42 kB/s)
#14 88.90 [INFO] Downloading from central: https://repo.maven.apache.org/maven2/commons-digester/commons-digester/1.8/commons-digester-1.8.jar
#14 89.10 [INFO] Downloaded from central: https://repo.maven.apache.org/maven2/org/apache/maven/doxia/doxia-integration-tools/1.11.1/doxia-integration-tools-1.11.1.jar (47 kB at 10 kB/s)
#14 89.10 [INFO] Downloading from central: https://repo.maven.apache.org/maven2/commons-chain/commons-chain/1.1/commons-chain-1.1.jar
#14 89.48 [INFO] Downloaded from central: https://repo.maven.apache.org/maven2/commons-lang/commons-lang/2.4/commons-lang-2.4.jar (262 kB at 52 kB/s)
#14 89.48 [INFO] Downloading from central: https://repo.maven.apache.org/maven2/dom4j/dom4j/1.1/dom4j-1.1.jar
#14 89.58 [INFO] Downloaded from central: https://repo.maven.apache.org/maven2/commons-digester/commons-digester/1.8/commons-digester-1.8.jar (144 kB at 28 kB/s)
#14 89.58 [INFO] Downloading from central: https://repo.maven.apache.org/maven2/oro/oro/2.0.8/oro-2.0.8.jar
#14 89.80 [INFO] Downloaded from central: https://repo.maven.apache.org/maven2/org/apache/velocity/velocity-tools/2.0/velocity-tools-2.0.jar (347 kB at 65 kB/s)
#14 89.80 [INFO] Downloading from central: https://repo.maven.apache.org/maven2/commons-collections/commons-collections/3.2.2/commons-collections-3.2.2.jar
#14 89.89 [INFO] Downloaded from central: https://repo.maven.apache.org/maven2/org/apache/velocity/velocity/1.7/velocity-1.7.jar (450 kB at 82 kB/s)
#14 89.89 [INFO] Downloading from central: https://repo.maven.apache.org/maven2/org/codehaus/plexus/plexus-archiver/4.8.0/plexus-archiver-4.8.0.jar
#14 89.96 [INFO] Downloaded from central: https://repo.maven.apache.org/maven2/oro/oro/2.0.8/oro-2.0.8.jar (65 kB at 12 kB/s)
#14 89.96 [INFO] Downloading from central: https://repo.maven.apache.org/maven2/javax/inject/javax.inject/1/javax.inject-1.jar
#14 90.17 [INFO] Downloaded from central: https://repo.maven.apache.org/maven2/javax/inject/javax.inject/1/javax.inject-1.jar (2.5 kB at 434 B/s)
#14 90.17 [INFO] Downloading from central: https://repo.maven.apache.org/maven2/commons-io/commons-io/2.13.0/commons-io-2.13.0.jar
#14 90.89 [INFO] Downloaded from central: https://repo.maven.apache.org/maven2/commons-chain/commons-chain/1.1/commons-chain-1.1.jar (90 kB at 14 kB/s)
#14 90.89 [INFO] Downloading from central: https://repo.maven.apache.org/maven2/org/apache/commons/commons-compress/1.23.0/commons-compress-1.23.0.jar
#14 90.89 [INFO] Downloaded from central: https://repo.maven.apache.org/maven2/org/codehaus/plexus/plexus-archiver/4.8.0/plexus-archiver-4.8.0.jar (224 kB at 35 kB/s)
#14 90.89 [INFO] Downloading from central: https://repo.maven.apache.org/maven2/org/slf4j/slf4j-api/1.7.36/slf4j-api-1.7.36.jar
#14 91.11 [INFO] Downloaded from central: https://repo.maven.apache.org/maven2/dom4j/dom4j/1.1/dom4j-1.1.jar (457 kB at 68 kB/s)
#14 91.11 [INFO] Downloading from central: https://repo.maven.apache.org/maven2/org/iq80/snappy/snappy/0.4/snappy-0.4.jar
#14 91.52 [INFO] Downloaded from central: https://repo.maven.apache.org/maven2/org/slf4j/slf4j-api/1.7.36/slf4j-api-1.7.36.jar (41 kB at 5.8 kB/s)
#14 91.52 [INFO] Downloading from central: https://repo.maven.apache.org/maven2/org/tukaani/xz/1.9/xz-1.9.jar
#14 91.61 [INFO] Downloaded from central: https://repo.maven.apache.org/maven2/org/iq80/snappy/snappy/0.4/snappy-0.4.jar (58 kB at 8.1 kB/s)
#14 91.61 [INFO] Downloading from central: https://repo.maven.apache.org/maven2/com/github/luben/zstd-jni/1.5.5-5/zstd-jni-1.5.5-5.jar
#14 92.02 [INFO] Downloaded from central: https://repo.maven.apache.org/maven2/commons-collections/commons-collections/3.2.2/commons-collections-3.2.2.jar (588 kB at 77 kB/s)
#14 92.02 [INFO] Downloading from central: https://repo.maven.apache.org/maven2/org/codehaus/plexus/plexus-utils/3.5.1/plexus-utils-3.5.1.jar
#14 92.34 [INFO] Downloaded from central: https://repo.maven.apache.org/maven2/commons-io/commons-io/2.13.0/commons-io-2.13.0.jar (484 kB at 61 kB/s)
#14 92.34 [INFO] Downloading from central: https://repo.maven.apache.org/maven2/org/codehaus/plexus/plexus-io/3.4.1/plexus-io-3.4.1.jar
#14 93.81 [INFO] Downloaded from central: https://repo.maven.apache.org/maven2/org/codehaus/plexus/plexus-utils/3.5.1/plexus-utils-3.5.1.jar (269 kB at 29 kB/s)
#14 93.81 [INFO] Downloading from central: https://repo.maven.apache.org/maven2/org/codehaus/plexus/plexus-i18n/1.0-beta-10/plexus-i18n-1.0-beta-10.jar
#14 93.90 [INFO] Downloaded from central: https://repo.maven.apache.org/maven2/org/codehaus/plexus/plexus-io/3.4.1/plexus-io-3.4.1.jar (79 kB at 8.4 kB/s)
#14 93.90 [INFO] Downloading from central: https://repo.maven.apache.org/maven2/org/apache/maven/shared/maven-dependency-analyzer/1.13.2/maven-dependency-analyzer-1.13.2.jar
#14 94.65 [INFO] Downloaded from central: https://repo.maven.apache.org/maven2/org/codehaus/plexus/plexus-i18n/1.0-beta-10/plexus-i18n-1.0-beta-10.jar (12 kB at 1.2 kB/s)
#14 94.65 [INFO] Downloading from central: https://repo.maven.apache.org/maven2/org/apache/maven/maven-model/3.2.5/maven-model-3.2.5.jar
#14 95.24 [INFO] Downloaded from central: https://repo.maven.apache.org/maven2/org/apache/maven/shared/maven-dependency-analyzer/1.13.2/maven-dependency-analyzer-1.13.2.jar (39 kB at 3.6 kB/s)
#14 95.24 [INFO] Downloading from central: https://repo.maven.apache.org/maven2/org/ow2/asm/asm/9.5/asm-9.5.jar
#14 95.38 [INFO] Downloaded from central: https://repo.maven.apache.org/maven2/org/tukaani/xz/1.9/xz-1.9.jar (116 kB at 11 kB/s)
#14 95.38 [INFO] Downloading from central: https://repo.maven.apache.org/maven2/org/apache/maven/shared/maven-dependency-tree/3.2.1/maven-dependency-tree-3.2.1.jar
#14 95.95 [INFO] Downloaded from central: https://repo.maven.apache.org/maven2/org/apache/commons/commons-compress/1.23.0/commons-compress-1.23.0.jar (1.1 MB at 92 kB/s)
#14 95.95 [INFO] Downloading from central: https://repo.maven.apache.org/maven2/org/eclipse/aether/aether-util/1.0.0.v20140518/aether-util-1.0.0.v20140518.jar
#14 96.63 [INFO] Downloaded from central: https://repo.maven.apache.org/maven2/org/ow2/asm/asm/9.5/asm-9.5.jar (122 kB at 10.0 kB/s)
#14 96.63 [INFO] Downloading from central: https://repo.maven.apache.org/maven2/org/apache/maven/shared/maven-common-artifact-filters/3.3.2/maven-common-artifact-filters-3.3.2.jar
#14 96.68 [INFO] Downloaded from central: https://repo.maven.apache.org/maven2/org/apache/maven/maven-model/3.2.5/maven-model-3.2.5.jar (161 kB at 13 kB/s)
#14 96.68 [INFO] Downloading from central: https://repo.maven.apache.org/maven2/org/apache/maven/shared/maven-artifact-transfer/0.13.1/maven-artifact-transfer-0.13.1.jar
#14 97.57 [INFO] Downloaded from central: https://repo.maven.apache.org/maven2/org/eclipse/aether/aether-util/1.0.0.v20140518/aether-util-1.0.0.v20140518.jar (146 kB at 11 kB/s)
#14 97.57 [INFO] Downloading from central: https://repo.maven.apache.org/maven2/org/codehaus/plexus/plexus-component-annotations/2.0.0/plexus-component-annotations-2.0.0.jar
#14 97.59 [INFO] Downloaded from central: https://repo.maven.apache.org/maven2/org/apache/maven/shared/maven-dependency-tree/3.2.1/maven-dependency-tree-3.2.1.jar (43 kB at 3.2 kB/s)
#14 97.59 [INFO] Downloading from central: https://repo.maven.apache.org/maven2/org/apache/maven/shared/maven-shared-utils/3.4.2/maven-shared-utils-3.4.2.jar
#14 97.64 [INFO] Downloaded from central: https://repo.maven.apache.org/maven2/org/apache/maven/shared/maven-common-artifact-filters/3.3.2/maven-common-artifact-filters-3.3.2.jar (58 kB at 4.4 kB/s)
#14 97.64 [INFO] Downloading from central: https://repo.maven.apache.org/maven2/org/apache/commons/commons-collections4/4.4/commons-collections4-4.4.jar
#14 97.81 [INFO] Downloaded from central: https://repo.maven.apache.org/maven2/org/apache/maven/shared/maven-artifact-transfer/0.13.1/maven-artifact-transfer-0.13.1.jar (159 kB at 12 kB/s)
#14 97.81 [INFO] Downloading from central: https://repo.maven.apache.org/maven2/org/sonatype/plexus/plexus-build-api/0.0.7/plexus-build-api-0.0.7.jar
#14 98.04 [INFO] Downloaded from central: https://repo.maven.apache.org/maven2/org/codehaus/plexus/plexus-component-annotations/2.0.0/plexus-component-annotations-2.0.0.jar (4.2 kB at 310 B/s)
#14 98.35 [INFO] Downloaded from central: https://repo.maven.apache.org/maven2/org/sonatype/plexus/plexus-build-api/0.0.7/plexus-build-api-0.0.7.jar (8.5 kB at 609 B/s)
#14 -1021.732 [INFO] Downloaded from central: https://repo.maven.apache.org/maven2/org/apache/maven/shared/maven-shared-utils/3.4.2/maven-shared-utils-3.4.2.jar (151 kB)
#14 102.3 [INFO] Downloaded from central: https://repo.maven.apache.org/maven2/org/apache/commons/commons-collections4/4.4/commons-collections4-4.4.jar (752 kB at 42 kB/s)
#14 110.7 [INFO] Downloaded from central: https://repo.maven.apache.org/maven2/com/github/luben/zstd-jni/1.5.5-5/zstd-jni-1.5.5-5.jar (5.9 MB at 225 kB/s)
#14 111.0 [INFO] Downloading from central: https://repo.maven.apache.org/maven2/org/springframework/boot/spring-boot-buildpack-platform/3.2.5/spring-boot-buildpack-platform-3.2.5.pom
#14 111.1 [INFO] Downloaded from central: https://repo.maven.apache.org/maven2/org/springframework/boot/spring-boot-buildpack-platform/3.2.5/spring-boot-buildpack-platform-3.2.5.pom (3.2 kB at 38 kB/s)
#14 111.1 [INFO] Downloading from central: https://repo.maven.apache.org/maven2/com/fasterxml/jackson/core/jackson-databind/2.14.2/jackson-databind-2.14.2.pom
#14 111.2 [INFO] Downloaded from central: https://repo.maven.apache.org/maven2/com/fasterxml/jackson/core/jackson-databind/2.14.2/jackson-databind-2.14.2.pom (19 kB at 253 kB/s)
#14 111.2 [INFO] Downloading from central: https://repo.maven.apache.org/maven2/com/fasterxml/jackson/jackson-base/2.14.2/jackson-base-2.14.2.pom
#14 111.3 [INFO] Downloaded from central: https://repo.maven.apache.org/maven2/com/fasterxml/jackson/jackson-base/2.14.2/jackson-base-2.14.2.pom (10 kB at 129 kB/s)
#14 111.3 [INFO] Downloading from central: https://repo.maven.apache.org/maven2/com/fasterxml/jackson/jackson-bom/2.14.2/jackson-bom-2.14.2.pom
#14 111.3 [INFO] Downloaded from central: https://repo.maven.apache.org/maven2/com/fasterxml/jackson/jackson-bom/2.14.2/jackson-bom-2.14.2.pom (17 kB at 219 kB/s)
#14 111.3 [INFO] Downloading from central: https://repo.maven.apache.org/maven2/com/fasterxml/jackson/jackson-parent/2.14/jackson-parent-2.14.pom
#14 111.4 [INFO] Downloaded from central: https://repo.maven.apache.org/maven2/com/fasterxml/jackson/jackson-parent/2.14/jackson-parent-2.14.pom (7.7 kB at 97 kB/s)
#14 111.4 [INFO] Downloading from central: https://repo.maven.apache.org/maven2/com/fasterxml/oss-parent/48/oss-parent-48.pom
#14 111.5 [INFO] Downloaded from central: https://repo.maven.apache.org/maven2/com/fasterxml/oss-parent/48/oss-parent-48.pom (24 kB at 267 kB/s)
#14 111.5 [INFO] Downloading from central: https://repo.maven.apache.org/maven2/com/fasterxml/jackson/core/jackson-annotations/2.14.2/jackson-annotations-2.14.2.pom
#14 111.6 [INFO] Downloaded from central: https://repo.maven.apache.org/maven2/com/fasterxml/jackson/core/jackson-annotations/2.14.2/jackson-annotations-2.14.2.pom (6.2 kB at 50 kB/s)
#14 111.6 [INFO] Downloading from central: https://repo.maven.apache.org/maven2/com/fasterxml/jackson/core/jackson-core/2.14.2/jackson-core-2.14.2.pom
#14 111.7 [INFO] Downloaded from central: https://repo.maven.apache.org/maven2/com/fasterxml/jackson/core/jackson-core/2.14.2/jackson-core-2.14.2.pom (7.0 kB at 88 kB/s)
#14 111.7 [INFO] Downloading from central: https://repo.maven.apache.org/maven2/com/fasterxml/jackson/module/jackson-module-parameter-names/2.14.2/jackson-module-parameter-names-2.14.2.pom
#14 111.8 [INFO] Downloaded from central: https://repo.maven.apache.org/maven2/com/fasterxml/jackson/module/jackson-module-parameter-names/2.14.2/jackson-module-parameter-names-2.14.2.pom (4.4 kB at 43 kB/s)
#14 111.8 [INFO] Downloading from central: https://repo.maven.apache.org/maven2/com/fasterxml/jackson/module/jackson-modules-java8/2.14.2/jackson-modules-java8-2.14.2.pom
#14 111.9 [INFO] Downloaded from central: https://repo.maven.apache.org/maven2/com/fasterxml/jackson/module/jackson-modules-java8/2.14.2/jackson-modules-java8-2.14.2.pom (3.1 kB at 35 kB/s)
#14 111.9 [INFO] Downloading from central: https://repo.maven.apache.org/maven2/net/java/dev/jna/jna-platform/5.13.0/jna-platform-5.13.0.pom
#14 112.0 [INFO] Downloaded from central: https://repo.maven.apache.org/maven2/net/java/dev/jna/jna-platform/5.13.0/jna-platform-5.13.0.pom (2.3 kB at 28 kB/s)
#14 112.0 [INFO] Downloading from central: https://repo.maven.apache.org/maven2/net/java/dev/jna/jna/5.13.0/jna-5.13.0.pom
#14 112.1 [INFO] Downloaded from central: https://repo.maven.apache.org/maven2/net/java/dev/jna/jna/5.13.0/jna-5.13.0.pom (2.0 kB at 24 kB/s)
#14 112.1 [INFO] Downloading from central: https://repo.maven.apache.org/maven2/org/apache/commons/commons-compress/1.21/commons-compress-1.21.pom
#14 112.2 [INFO] Downloaded from central: https://repo.maven.apache.org/maven2/org/apache/commons/commons-compress/1.21/commons-compress-1.21.pom (20 kB at 216 kB/s)
#14 112.2 [INFO] Downloading from central: https://repo.maven.apache.org/maven2/org/apache/httpcomponents/client5/httpclient5/5.2.3/httpclient5-5.2.3.pom
#14 112.3 [INFO] Downloaded from central: https://repo.maven.apache.org/maven2/org/apache/httpcomponents/client5/httpclient5/5.2.3/httpclient5-5.2.3.pom (6.0 kB at 77 kB/s)
#14 112.3 [INFO] Downloading from central: https://repo.maven.apache.org/maven2/org/apache/httpcomponents/client5/httpclient5-parent/5.2.3/httpclient5-parent-5.2.3.pom
#14 112.3 [INFO] Downloaded from central: https://repo.maven.apache.org/maven2/org/apache/httpcomponents/client5/httpclient5-parent/5.2.3/httpclient5-parent-5.2.3.pom (17 kB at 220 kB/s)
#14 112.3 [INFO] Downloading from central: https://repo.maven.apache.org/maven2/org/apache/httpcomponents/httpcomponents-parent/13/httpcomponents-parent-13.pom
#14 112.4 [INFO] Downloaded from central: https://repo.maven.apache.org/maven2/org/apache/httpcomponents/httpcomponents-parent/13/httpcomponents-parent-13.pom (30 kB at 351 kB/s)
#14 112.4 [INFO] Downloading from central: https://repo.maven.apache.org/maven2/org/apache/httpcomponents/core5/httpcore5/5.2.4/httpcore5-5.2.4.pom
#14 112.5 [INFO] Downloaded from central: https://repo.maven.apache.org/maven2/org/apache/httpcomponents/core5/httpcore5/5.2.4/httpcore5-5.2.4.pom (3.9 kB at 48 kB/s)
#14 112.5 [INFO] Downloading from central: https://repo.maven.apache.org/maven2/org/apache/httpcomponents/core5/httpcore5-parent/5.2.4/httpcore5-parent-5.2.4.pom
#14 112.6 [INFO] Downloaded from central: https://repo.maven.apache.org/maven2/org/apache/httpcomponents/core5/httpcore5-parent/5.2.4/httpcore5-parent-5.2.4.pom (14 kB at 172 kB/s)
#14 112.6 [INFO] Downloading from central: https://repo.maven.apache.org/maven2/org/apache/httpcomponents/core5/httpcore5-h2/5.2.4/httpcore5-h2-5.2.4.pom
#14 112.7 [INFO] Downloaded from central: https://repo.maven.apache.org/maven2/org/apache/httpcomponents/core5/httpcore5-h2/5.2.4/httpcore5-h2-5.2.4.pom (3.6 kB at 44 kB/s)
#14 112.7 [INFO] Downloading from central: https://repo.maven.apache.org/maven2/org/springframework/spring-core/6.0.10/spring-core-6.0.10.pom
#14 112.8 [INFO] Downloaded from central: https://repo.maven.apache.org/maven2/org/springframework/spring-core/6.0.10/spring-core-6.0.10.pom (2.0 kB at 26 kB/s)
#14 112.8 [INFO] Downloading from central: https://repo.maven.apache.org/maven2/org/springframework/spring-jcl/6.0.10/spring-jcl-6.0.10.pom
#14 112.8 [INFO] Downloaded from central: https://repo.maven.apache.org/maven2/org/springframework/spring-jcl/6.0.10/spring-jcl-6.0.10.pom (1.8 kB at 25 kB/s)
#14 112.8 [INFO] Downloading from central: https://repo.maven.apache.org/maven2/org/tomlj/tomlj/1.0.0/tomlj-1.0.0.pom
#14 112.9 [INFO] Downloaded from central: https://repo.maven.apache.org/maven2/org/tomlj/tomlj/1.0.0/tomlj-1.0.0.pom (2.8 kB at 40 kB/s)
#14 112.9 [INFO] Downloading from central: https://repo.maven.apache.org/maven2/org/antlr/antlr4-runtime/4.7.2/antlr4-runtime-4.7.2.pom
#14 113.0 [INFO] Downloaded from central: https://repo.maven.apache.org/maven2/org/antlr/antlr4-runtime/4.7.2/antlr4-runtime-4.7.2.pom (3.6 kB at 36 kB/s)
#14 113.0 [INFO] Downloading from central: https://repo.maven.apache.org/maven2/org/antlr/antlr4-master/4.7.2/antlr4-master-4.7.2.pom
#14 113.1 [INFO] Downloaded from central: https://repo.maven.apache.org/maven2/org/antlr/antlr4-master/4.7.2/antlr4-master-4.7.2.pom (4.4 kB at 50 kB/s)
#14 113.1 [INFO] Downloading from central: https://repo.maven.apache.org/maven2/com/google/code/findbugs/jsr305/3.0.2/jsr305-3.0.2.pom
#14 113.2 [INFO] Downloaded from central: https://repo.maven.apache.org/maven2/com/google/code/findbugs/jsr305/3.0.2/jsr305-3.0.2.pom (4.3 kB at 49 kB/s)
#14 113.2 [INFO] Downloading from central: https://repo.maven.apache.org/maven2/org/springframework/boot/spring-boot-loader-tools/3.2.5/spring-boot-loader-tools-3.2.5.pom
#14 113.3 [INFO] Downloaded from central: https://repo.maven.apache.org/maven2/org/springframework/boot/spring-boot-loader-tools/3.2.5/spring-boot-loader-tools-3.2.5.pom (2.2 kB at 31 kB/s)
#14 113.3 [INFO] Downloading from central: https://repo.maven.apache.org/maven2/org/springframework/spring-core/6.1.6/spring-core-6.1.6.pom
#14 113.4 [INFO] Downloaded from central: https://repo.maven.apache.org/maven2/org/springframework/spring-core/6.1.6/spring-core-6.1.6.pom (2.0 kB at 26 kB/s)
#14 113.4 [INFO] Downloading from central: https://repo.maven.apache.org/maven2/org/springframework/spring-jcl/6.1.6/spring-jcl-6.1.6.pom
#14 113.4 [INFO] Downloaded from central: https://repo.maven.apache.org/maven2/org/springframework/spring-jcl/6.1.6/spring-jcl-6.1.6.pom (1.8 kB at 26 kB/s)
#14 113.4 [INFO] Downloading from central: https://repo.maven.apache.org/maven2/org/springframework/spring-context/6.1.6/spring-context-6.1.6.pom
#14 113.5 [INFO] Downloaded from central: https://repo.maven.apache.org/maven2/org/springframework/spring-context/6.1.6/spring-context-6.1.6.pom (2.8 kB at 27 kB/s)
#14 113.5 [INFO] Downloading from central: https://repo.maven.apache.org/maven2/org/springframework/spring-aop/6.1.6/spring-aop-6.1.6.pom
#14 113.6 [INFO] Downloaded from central: https://repo.maven.apache.org/maven2/org/springframework/spring-aop/6.1.6/spring-aop-6.1.6.pom (2.2 kB at 29 kB/s)
#14 113.6 [INFO] Downloading from central: https://repo.maven.apache.org/maven2/org/springframework/spring-beans/6.1.6/spring-beans-6.1.6.pom
#14 113.7 [INFO] Downloaded from central: https://repo.maven.apache.org/maven2/org/springframework/spring-beans/6.1.6/spring-beans-6.1.6.pom (2.0 kB at 20 kB/s)
#14 113.7 [INFO] Downloading from central: https://repo.maven.apache.org/maven2/org/springframework/spring-expression/6.1.6/spring-expression-6.1.6.pom
#14 113.8 [INFO] Downloaded from central: https://repo.maven.apache.org/maven2/org/springframework/spring-expression/6.1.6/spring-expression-6.1.6.pom (2.1 kB at 27 kB/s)
#14 113.8 [INFO] Downloading from central: https://repo.maven.apache.org/maven2/io/micrometer/micrometer-observation/1.12.5/micrometer-observation-1.12.5.pom
#14 113.9 [INFO] Downloaded from central: https://repo.maven.apache.org/maven2/io/micrometer/micrometer-observation/1.12.5/micrometer-observation-1.12.5.pom (3.8 kB at 49 kB/s)
#14 113.9 [INFO] Downloading from central: https://repo.maven.apache.org/maven2/io/micrometer/micrometer-commons/1.12.5/micrometer-commons-1.12.5.pom
#14 114.0 [INFO] Downloaded from central: https://repo.maven.apache.org/maven2/io/micrometer/micrometer-commons/1.12.5/micrometer-commons-1.12.5.pom (3.4 kB at 45 kB/s)
#14 114.0 [INFO] Downloading from central: https://repo.maven.apache.org/maven2/org/codehaus/plexus/plexus-utils/1.5.8/plexus-utils-1.5.8.pom
#14 114.0 [INFO] Downloaded from central: https://repo.maven.apache.org/maven2/org/codehaus/plexus/plexus-utils/1.5.8/plexus-utils-1.5.8.pom (8.1 kB at 115 kB/s)
#14 114.0 [INFO] Downloading from central: https://repo.maven.apache.org/maven2/org/codehaus/plexus/plexus/2.0.2/plexus-2.0.2.pom
#14 114.1 [INFO] Downloaded from central: https://repo.maven.apache.org/maven2/org/codehaus/plexus/plexus/2.0.2/plexus-2.0.2.pom (12 kB at 153 kB/s)
#14 114.1 [INFO] Downloading from central: https://repo.maven.apache.org/maven2/org/apache/maven/plugins/maven-shade-plugin/3.5.0/maven-shade-plugin-3.5.0.pom
#14 114.2 [INFO] Downloaded from central: https://repo.maven.apache.org/maven2/org/apache/maven/plugins/maven-shade-plugin/3.5.0/maven-shade-plugin-3.5.0.pom (12 kB at 120 kB/s)
#14 114.2 [INFO] Downloading from central: https://repo.maven.apache.org/maven2/org/slf4j/slf4j-api/1.7.32/slf4j-api-1.7.32.pom
#14 114.3 [INFO] Downloaded from central: https://repo.maven.apache.org/maven2/org/slf4j/slf4j-api/1.7.32/slf4j-api-1.7.32.pom (3.8 kB at 49 kB/s)
#14 114.3 [INFO] Downloading from central: https://repo.maven.apache.org/maven2/org/slf4j/slf4j-parent/1.7.32/slf4j-parent-1.7.32.pom
#14 114.4 [INFO] Downloaded from central: https://repo.maven.apache.org/maven2/org/slf4j/slf4j-parent/1.7.32/slf4j-parent-1.7.32.pom (14 kB at 168 kB/s)
#14 114.4 [INFO] Downloading from central: https://repo.maven.apache.org/maven2/org/ow2/asm/asm-commons/9.5/asm-commons-9.5.pom
#14 114.5 [INFO] Downloaded from central: https://repo.maven.apache.org/maven2/org/ow2/asm/asm-commons/9.5/asm-commons-9.5.pom (2.8 kB at 39 kB/s)
#14 114.5 [INFO] Downloading from central: https://repo.maven.apache.org/maven2/org/ow2/asm/asm-tree/9.5/asm-tree-9.5.pom
#14 114.6 [INFO] Downloaded from central: https://repo.maven.apache.org/maven2/org/ow2/asm/asm-tree/9.5/asm-tree-9.5.pom (2.6 kB at 29 kB/s)
#14 114.6 [INFO] Downloading from central: https://repo.maven.apache.org/maven2/org/jdom/jdom2/2.0.6.1/jdom2-2.0.6.1.pom
#14 114.6 [INFO] Downloaded from central: https://repo.maven.apache.org/maven2/org/jdom/jdom2/2.0.6.1/jdom2-2.0.6.1.pom (4.6 kB at 59 kB/s)
#14 114.6 [INFO] Downloading from central: https://repo.maven.apache.org/maven2/org/vafer/jdependency/2.8.0/jdependency-2.8.0.pom
#14 114.7 [INFO] Downloaded from central: https://repo.maven.apache.org/maven2/org/vafer/jdependency/2.8.0/jdependency-2.8.0.pom (14 kB at 185 kB/s)
#14 114.7 [INFO] Downloading from central: https://repo.maven.apache.org/maven2/org/springframework/boot/spring-boot-buildpack-platform/3.2.5/spring-boot-buildpack-platform-3.2.5.jar
#14 115.0 [INFO] Downloaded from central: https://repo.maven.apache.org/maven2/org/springframework/boot/spring-boot-buildpack-platform/3.2.5/spring-boot-buildpack-platform-3.2.5.jar (272 kB at 1.0 MB/s)
#14 115.0 [INFO] Downloading from central: https://repo.maven.apache.org/maven2/com/fasterxml/jackson/core/jackson-databind/2.14.2/jackson-databind-2.14.2.jar
#14 115.0 [INFO] Downloading from central: https://repo.maven.apache.org/maven2/com/fasterxml/jackson/core/jackson-annotations/2.14.2/jackson-annotations-2.14.2.jar
#14 115.0 [INFO] Downloading from central: https://repo.maven.apache.org/maven2/com/fasterxml/jackson/core/jackson-core/2.14.2/jackson-core-2.14.2.jar
#14 115.0 [INFO] Downloading from central: https://repo.maven.apache.org/maven2/com/fasterxml/jackson/module/jackson-module-parameter-names/2.14.2/jackson-module-parameter-names-2.14.2.jar
#14 115.0 [INFO] Downloading from central: https://repo.maven.apache.org/maven2/net/java/dev/jna/jna-platform/5.13.0/jna-platform-5.13.0.jar
#14 115.1 [INFO] Downloaded from central: https://repo.maven.apache.org/maven2/com/fasterxml/jackson/module/jackson-module-parameter-names/2.14.2/jackson-module-parameter-names-2.14.2.jar (9.5 kB at 69 kB/s)
#14 115.1 [INFO] Downloading from central: https://repo.maven.apache.org/maven2/net/java/dev/jna/jna/5.13.0/jna-5.13.0.jar
#14 115.6 [INFO] Downloaded from central: https://repo.maven.apache.org/maven2/com/fasterxml/jackson/core/jackson-annotations/2.14.2/jackson-annotations-2.14.2.jar (77 kB at 120 kB/s)
#14 115.6 [INFO] Downloading from central: https://repo.maven.apache.org/maven2/org/apache/commons/commons-compress/1.21/commons-compress-1.21.jar
#14 115.7 [INFO] Downloaded from central: https://repo.maven.apache.org/maven2/com/fasterxml/jackson/core/jackson-core/2.14.2/jackson-core-2.14.2.jar (459 kB at 663 kB/s)
#14 115.7 [INFO] Downloading from central: https://repo.maven.apache.org/maven2/org/apache/httpcomponents/client5/httpclient5/5.2.3/httpclient5-5.2.3.jar
#14 117.8 [INFO] Downloaded from central: https://repo.maven.apache.org/maven2/org/apache/httpcomponents/client5/httpclient5/5.2.3/httpclient5-5.2.3.jar (843 kB at 298 kB/s)
#14 117.8 [INFO] Downloading from central: https://repo.maven.apache.org/maven2/org/apache/httpcomponents/core5/httpcore5/5.2.4/httpcore5-5.2.4.jar
#14 120.0 [INFO] Downloaded from central: https://repo.maven.apache.org/maven2/org/apache/httpcomponents/core5/httpcore5/5.2.4/httpcore5-5.2.4.jar (855 kB at 172 kB/s)
#14 120.0 [INFO] Downloading from central: https://repo.maven.apache.org/maven2/org/apache/httpcomponents/core5/httpcore5-h2/5.2.4/httpcore5-h2-5.2.4.jar
#14 120.7 [INFO] Downloaded from central: https://repo.maven.apache.org/maven2/net/java/dev/jna/jna-platform/5.13.0/jna-platform-5.13.0.jar (1.4 MB at 240 kB/s)
#14 120.7 [INFO] Downloading from central: https://repo.maven.apache.org/maven2/org/tomlj/tomlj/1.0.0/tomlj-1.0.0.jar
#14 121.2 [INFO] Downloaded from central: https://repo.maven.apache.org/maven2/org/apache/httpcomponents/core5/httpcore5-h2/5.2.4/httpcore5-h2-5.2.4.jar (237 kB at 38 kB/s)
#14 121.2 [INFO] Downloading from central: https://repo.maven.apache.org/maven2/org/antlr/antlr4-runtime/4.7.2/antlr4-runtime-4.7.2.jar
#14 121.3 [INFO] Downloaded from central: https://repo.maven.apache.org/maven2/org/tomlj/tomlj/1.0.0/tomlj-1.0.0.jar (157 kB at 25 kB/s)
#14 121.3 [INFO] Downloading from central: https://repo.maven.apache.org/maven2/com/google/code/findbugs/jsr305/3.0.2/jsr305-3.0.2.jar
#14 123.7 [INFO] Downloaded from central: https://repo.maven.apache.org/maven2/com/google/code/findbugs/jsr305/3.0.2/jsr305-3.0.2.jar (20 kB at 2.3 kB/s)
#14 123.7 [INFO] Downloading from central: https://repo.maven.apache.org/maven2/org/springframework/boot/spring-boot-loader-tools/3.2.5/spring-boot-loader-tools-3.2.5.jar
#14 123.7 [INFO] Downloaded from central: https://repo.maven.apache.org/maven2/org/apache/commons/commons-compress/1.21/commons-compress-1.21.jar (1.0 MB at 117 kB/s)
#14 123.7 [INFO] Downloading from central: https://repo.maven.apache.org/maven2/org/springframework/spring-core/6.1.6/spring-core-6.1.6.jar
#14 124.7 [INFO] Downloaded from central: https://repo.maven.apache.org/maven2/org/antlr/antlr4-runtime/4.7.2/antlr4-runtime-4.7.2.jar (338 kB at 35 kB/s)
#14 124.7 [INFO] Downloading from central: https://repo.maven.apache.org/maven2/org/springframework/spring-jcl/6.1.6/spring-jcl-6.1.6.jar
#14 126.1 [INFO] Downloaded from central: https://repo.maven.apache.org/maven2/org/springframework/spring-jcl/6.1.6/spring-jcl-6.1.6.jar (25 kB at 2.2 kB/s)
#14 126.1 [INFO] Downloading from central: https://repo.maven.apache.org/maven2/org/springframework/spring-context/6.1.6/spring-context-6.1.6.jar
#14 127.3 [INFO] Downloaded from central: https://repo.maven.apache.org/maven2/net/java/dev/jna/jna/5.13.0/jna-5.13.0.jar (1.9 MB at 152 kB/s)
#14 127.3 [INFO] Downloading from central: https://repo.maven.apache.org/maven2/org/springframework/spring-aop/6.1.6/spring-aop-6.1.6.jar
#14 129.8 [INFO] Downloaded from central: https://repo.maven.apache.org/maven2/org/springframework/boot/spring-boot-loader-tools/3.2.5/spring-boot-loader-tools-3.2.5.jar (435 kB at 29 kB/s)
#14 129.8 [INFO] Downloading from central: https://repo.maven.apache.org/maven2/org/springframework/spring-beans/6.1.6/spring-beans-6.1.6.jar
#14 -991.096 [INFO] Downloaded from central: https://repo.maven.apache.org/maven2/org/springframework/spring-aop/6.1.6/spring-aop-6.1.6.jar (416 kB)
#14 -991.096 [INFO] Downloading from central: https://repo.maven.apache.org/maven2/org/springframework/spring-expression/6.1.6/spring-expression-6.1.6.jar
#14 133.5 [INFO] Downloaded from central: https://repo.maven.apache.org/maven2/org/springframework/spring-expression/6.1.6/spring-expression-6.1.6.jar (303 kB at 16 kB/s)
#14 133.5 [INFO] Downloading from central: https://repo.maven.apache.org/maven2/io/micrometer/micrometer-observation/1.12.5/micrometer-observation-1.12.5.jar
#14 134.3 [INFO] Downloaded from central: https://repo.maven.apache.org/maven2/io/micrometer/micrometer-observation/1.12.5/micrometer-observation-1.12.5.jar (72 kB at 3.7 kB/s)
#14 134.3 [INFO] Downloading from central: https://repo.maven.apache.org/maven2/io/micrometer/micrometer-commons/1.12.5/micrometer-commons-1.12.5.jar
#14 135.1 [INFO] Downloaded from central: https://repo.maven.apache.org/maven2/io/micrometer/micrometer-commons/1.12.5/micrometer-commons-1.12.5.jar (47 kB at 2.4 kB/s)
#14 135.1 [INFO] Downloading from central: https://repo.maven.apache.org/maven2/org/codehaus/plexus/plexus-utils/1.5.8/plexus-utils-1.5.8.jar
#14 137.1 [INFO] Downloaded from central: https://repo.maven.apache.org/maven2/org/codehaus/plexus/plexus-utils/1.5.8/plexus-utils-1.5.8.jar (268 kB at 12 kB/s)
#14 137.1 [INFO] Downloading from central: https://repo.maven.apache.org/maven2/org/apache/maven/plugins/maven-shade-plugin/3.5.0/maven-shade-plugin-3.5.0.jar
#14 137.3 [INFO] Downloaded from central: https://repo.maven.apache.org/maven2/org/springframework/spring-beans/6.1.6/spring-beans-6.1.6.jar (858 kB at 38 kB/s)
#14 137.3 [INFO] Downloading from central: https://repo.maven.apache.org/maven2/org/ow2/asm/asm-commons/9.5/asm-commons-9.5.jar
#14 138.3 [INFO] Downloaded from central: https://repo.maven.apache.org/maven2/org/ow2/asm/asm-commons/9.5/asm-commons-9.5.jar (72 kB at 3.1 kB/s)
#14 138.3 [INFO] Downloading from central: https://repo.maven.apache.org/maven2/org/ow2/asm/asm-tree/9.5/asm-tree-9.5.jar
#14 138.3 [INFO] Downloaded from central: https://repo.maven.apache.org/maven2/org/apache/maven/plugins/maven-shade-plugin/3.5.0/maven-shade-plugin-3.5.0.jar (147 kB at 6.3 kB/s)
#14 138.3 [INFO] Downloading from central: https://repo.maven.apache.org/maven2/org/jdom/jdom2/2.0.6.1/jdom2-2.0.6.1.jar
#14 139.3 [INFO] Downloaded from central: https://repo.maven.apache.org/maven2/org/ow2/asm/asm-tree/9.5/asm-tree-9.5.jar (52 kB at 2.1 kB/s)
#14 139.3 [INFO] Downloading from central: https://repo.maven.apache.org/maven2/org/eclipse/aether/aether-api/1.0.0.v20140518/aether-api-1.0.0.v20140518.jar
#14 140.5 [INFO] Downloaded from central: https://repo.maven.apache.org/maven2/org/jdom/jdom2/2.0.6.1/jdom2-2.0.6.1.jar (328 kB at 13 kB/s)
#14 140.5 [INFO] Downloading from central: https://repo.maven.apache.org/maven2/org/vafer/jdependency/2.8.0/jdependency-2.8.0.jar
#14 140.6 [INFO] Downloaded from central: https://repo.maven.apache.org/maven2/org/eclipse/aether/aether-api/1.0.0.v20140518/aether-api-1.0.0.v20140518.jar (136 kB at 5.3 kB/s)
#14 140.6 [INFO] Downloaded from central: https://repo.maven.apache.org/maven2/org/springframework/spring-context/6.1.6/spring-context-6.1.6.jar (1.3 MB at 51 kB/s)
#14 142.2 [INFO] Downloaded from central: https://repo.maven.apache.org/maven2/org/vafer/jdependency/2.8.0/jdependency-2.8.0.jar (233 kB at 8.6 kB/s)
#14 143.6 [INFO] Downloaded from central: https://repo.maven.apache.org/maven2/org/springframework/spring-core/6.1.6/spring-core-6.1.6.jar (1.9 MB at 66 kB/s)
#14 144.7 [INFO] Downloaded from central: https://repo.maven.apache.org/maven2/com/fasterxml/jackson/core/jackson-databind/2.14.2/jackson-databind-2.14.2.jar (1.6 MB at 54 kB/s)
#14 144.7 [INFO] Downloading from central: https://repo.maven.apache.org/maven2/org/apache/maven/reporting/maven-reporting-exec/1.6.0/maven-reporting-exec-1.6.0.pom
#14 144.8 [INFO] Downloaded from central: https://repo.maven.apache.org/maven2/org/apache/maven/reporting/maven-reporting-exec/1.6.0/maven-reporting-exec-1.6.0.pom (14 kB at 163 kB/s)
#14 144.8 [INFO] Downloading from central: https://repo.maven.apache.org/maven2/org/apache/maven/reporting/maven-reporting-api/3.1.0/maven-reporting-api-3.1.0.pom
#14 144.9 [INFO] Downloaded from central: https://repo.maven.apache.org/maven2/org/apache/maven/reporting/maven-reporting-api/3.1.0/maven-reporting-api-3.1.0.pom (3.8 kB at 48 kB/s)
#14 144.9 [INFO] Downloading from central: https://repo.maven.apache.org/maven2/org/codehaus/plexus/plexus-utils/3.3.0/plexus-utils-3.3.0.pom
#14 145.0 [INFO] Downloaded from central: https://repo.maven.apache.org/maven2/org/codehaus/plexus/plexus-utils/3.3.0/plexus-utils-3.3.0.pom (5.2 kB at 51 kB/s)
#14 145.0 [INFO] Downloading from central: https://repo.maven.apache.org/maven2/org/codehaus/plexus/plexus-component-annotations/2.1.1/plexus-component-annotations-2.1.1.pom
#14 145.1 [INFO] Downloaded from central: https://repo.maven.apache.org/maven2/org/codehaus/plexus/plexus-component-annotations/2.1.1/plexus-component-annotations-2.1.1.pom (770 B at 7.5 kB/s)
#14 145.1 [INFO] Downloading from central: https://repo.maven.apache.org/maven2/org/codehaus/plexus/plexus-containers/2.1.1/plexus-containers-2.1.1.pom
#14 145.2 [INFO] Downloaded from central: https://repo.maven.apache.org/maven2/org/codehaus/plexus/plexus-containers/2.1.1/plexus-containers-2.1.1.pom (6.0 kB at 71 kB/s)
#14 145.2 [INFO] Downloading from central: https://repo.maven.apache.org/maven2/org/codehaus/plexus/plexus/6.5/plexus-6.5.pom
#14 145.3 [INFO] Downloaded from central: https://repo.maven.apache.org/maven2/org/codehaus/plexus/plexus/6.5/plexus-6.5.pom (26 kB at 292 kB/s)
#14 145.3 [INFO] Downloading from central: https://repo.maven.apache.org/maven2/org/eclipse/sisu/org.eclipse.sisu.plexus/0.3.5/org.eclipse.sisu.plexus-0.3.5.pom
#14 145.4 [INFO] Downloaded from central: https://repo.maven.apache.org/maven2/org/eclipse/sisu/org.eclipse.sisu.plexus/0.3.5/org.eclipse.sisu.plexus-0.3.5.pom (4.3 kB at 54 kB/s)
#14 145.4 [INFO] Downloading from central: https://repo.maven.apache.org/maven2/org/eclipse/sisu/sisu-plexus/0.3.5/sisu-plexus-0.3.5.pom
#14 145.5 [INFO] Downloaded from central: https://repo.maven.apache.org/maven2/org/eclipse/sisu/sisu-plexus/0.3.5/sisu-plexus-0.3.5.pom (14 kB at 169 kB/s)
#14 145.5 [INFO] Downloading from central: https://repo.maven.apache.org/maven2/javax/annotation/javax.annotation-api/1.2/javax.annotation-api-1.2.pom
#14 145.6 [INFO] Downloaded from central: https://repo.maven.apache.org/maven2/javax/annotation/javax.annotation-api/1.2/javax.annotation-api-1.2.pom (13 kB at 113 kB/s)
#14 145.6 [INFO] Downloading from central: https://repo.maven.apache.org/maven2/net/java/jvnet-parent/3/jvnet-parent-3.pom
#14 145.7 [INFO] Downloaded from central: https://repo.maven.apache.org/maven2/net/java/jvnet-parent/3/jvnet-parent-3.pom (4.8 kB at 51 kB/s)
#14 145.7 [INFO] Downloading from central: https://repo.maven.apache.org/maven2/javax/enterprise/cdi-api/1.2/cdi-api-1.2.pom
#14 145.8 [INFO] Downloaded from central: https://repo.maven.apache.org/maven2/javax/enterprise/cdi-api/1.2/cdi-api-1.2.pom (6.3 kB at 65 kB/s)
#14 145.8 [INFO] Downloading from central: https://repo.maven.apache.org/maven2/org/jboss/weld/weld-parent/26/weld-parent-26.pom
#14 145.9 [INFO] Downloaded from central: https://repo.maven.apache.org/maven2/org/jboss/weld/weld-parent/26/weld-parent-26.pom (32 kB at 351 kB/s)
#14 145.9 [INFO] Downloading from central: https://repo.maven.apache.org/maven2/org/eclipse/sisu/org.eclipse.sisu.inject/0.3.5/org.eclipse.sisu.inject-0.3.5.pom
#14 146.0 [INFO] Downloaded from central: https://repo.maven.apache.org/maven2/org/eclipse/sisu/org.eclipse.sisu.inject/0.3.5/org.eclipse.sisu.inject-0.3.5.pom (2.6 kB at 23 kB/s)
#14 146.0 [INFO] Downloading from central: https://repo.maven.apache.org/maven2/org/eclipse/sisu/sisu-inject/0.3.5/sisu-inject-0.3.5.pom
#14 146.1 [INFO] Downloaded from central: https://repo.maven.apache.org/maven2/org/eclipse/sisu/sisu-inject/0.3.5/sisu-inject-0.3.5.pom (14 kB at 158 kB/s)
#14 146.1 [INFO] Downloading from central: https://repo.maven.apache.org/maven2/org/apache/maven/maven-archiver/3.5.2/maven-archiver-3.5.2.pom
#14 146.2 [INFO] Downloaded from central: https://repo.maven.apache.org/maven2/org/apache/maven/maven-archiver/3.5.2/maven-archiver-3.5.2.pom (5.5 kB at 57 kB/s)
#14 146.2 [INFO] Downloading from central: https://repo.maven.apache.org/maven2/org/apache/maven/maven-artifact/3.1.1/maven-artifact-3.1.1.pom
#14 146.3 [INFO] Downloaded from central: https://repo.maven.apache.org/maven2/org/apache/maven/maven-artifact/3.1.1/maven-artifact-3.1.1.pom (2.0 kB at 19 kB/s)
#14 146.3 [INFO] Downloading from central: https://repo.maven.apache.org/maven2/org/apache/maven/maven/3.1.1/maven-3.1.1.pom
#14 146.4 [INFO] Downloaded from central: https://repo.maven.apache.org/maven2/org/apache/maven/maven/3.1.1/maven-3.1.1.pom (22 kB at 201 kB/s)
#14 146.4 [INFO] Downloading from central: https://repo.maven.apache.org/maven2/org/apache/maven/maven-model/3.1.1/maven-model-3.1.1.pom
#14 146.5 [INFO] Downloaded from central: https://repo.maven.apache.org/maven2/org/apache/maven/maven-model/3.1.1/maven-model-3.1.1.pom (4.1 kB at 49 kB/s)
#14 146.5 [INFO] Downloading from central: https://repo.maven.apache.org/maven2/org/apache/maven/maven-core/3.1.1/maven-core-3.1.1.pom
#14 146.7 [INFO] Downloaded from central: https://repo.maven.apache.org/maven2/org/apache/maven/maven-core/3.1.1/maven-core-3.1.1.pom (7.3 kB at 63 kB/s)
#14 146.7 [INFO] Downloading from central: https://repo.maven.apache.org/maven2/org/apache/maven/maven-settings/3.1.1/maven-settings-3.1.1.pom
#14 146.7 [INFO] Downloaded from central: https://repo.maven.apache.org/maven2/org/apache/maven/maven-settings/3.1.1/maven-settings-3.1.1.pom (2.2 kB at 29 kB/s)
#14 146.7 [INFO] Downloading from central: https://repo.maven.apache.org/maven2/org/apache/maven/maven-settings-builder/3.1.1/maven-settings-builder-3.1.1.pom
#14 146.8 [INFO] Downloaded from central: https://repo.maven.apache.org/maven2/org/apache/maven/maven-settings-builder/3.1.1/maven-settings-builder-3.1.1.pom (2.6 kB at 28 kB/s)
#14 146.8 [INFO] Downloading from central: https://repo.maven.apache.org/maven2/org/codehaus/plexus/plexus-interpolation/1.19/plexus-interpolation-1.19.pom
#14 146.9 [INFO] Downloaded from central: https://repo.maven.apache.org/maven2/org/codehaus/plexus/plexus-interpolation/1.19/plexus-interpolation-1.19.pom (1.0 kB at 13 kB/s)
#14 146.9 [INFO] Downloading from central: https://repo.maven.apache.org/maven2/org/apache/maven/maven-repository-metadata/3.1.1/maven-repository-metadata-3.1.1.pom
#14 147.0 [INFO] Downloaded from central: https://repo.maven.apache.org/maven2/org/apache/maven/maven-repository-metadata/3.1.1/maven-repository-metadata-3.1.1.pom (2.2 kB at 23 kB/s)
#14 147.0 [INFO] Downloading from central: https://repo.maven.apache.org/maven2/org/apache/maven/maven-plugin-api/3.1.1/maven-plugin-api-3.1.1.pom
#14 147.1 [INFO] Downloaded from central: https://repo.maven.apache.org/maven2/org/apache/maven/maven-plugin-api/3.1.1/maven-plugin-api-3.1.1.pom (3.4 kB at 41 kB/s)
#14 147.1 [INFO] Downloading from central: https://repo.maven.apache.org/maven2/org/apache/maven/maven-model-builder/3.1.1/maven-model-builder-3.1.1.pom
#14 147.5 [INFO] Downloaded from central: https://repo.maven.apache.org/maven2/org/apache/maven/maven-model-builder/3.1.1/maven-model-builder-3.1.1.pom (2.8 kB at 6.7 kB/s)
#14 147.5 [INFO] Downloading from central: https://repo.maven.apache.org/maven2/org/apache/maven/maven-aether-provider/3.1.1/maven-aether-provider-3.1.1.pom
#14 147.9 [INFO] Downloaded from central: https://repo.maven.apache.org/maven2/org/apache/maven/maven-aether-provider/3.1.1/maven-aether-provider-3.1.1.pom (4.1 kB at 9.9 kB/s)
#14 147.9 [INFO] Downloading from central: https://repo.maven.apache.org/maven2/org/apache/maven/shared/maven-shared-utils/3.3.3/maven-shared-utils-3.3.3.pom
#14 148.1 [INFO] Downloaded from central: https://repo.maven.apache.org/maven2/org/apache/maven/shared/maven-shared-utils/3.3.3/maven-shared-utils-3.3.3.pom (5.8 kB at 48 kB/s)
#14 148.1 [INFO] Downloading from central: https://repo.maven.apache.org/maven2/org/apache/commons/commons-compress/1.20/commons-compress-1.20.pom
#14 148.2 [INFO] Downloaded from central: https://repo.maven.apache.org/maven2/org/apache/commons/commons-compress/1.20/commons-compress-1.20.pom (18 kB at 171 kB/s)
#14 148.2 [INFO] Downloading from central: https://repo.maven.apache.org/maven2/org/codehaus/plexus/plexus-archiver/4.2.7/plexus-archiver-4.2.7.pom
#14 148.3 [INFO] Downloaded from central: https://repo.maven.apache.org/maven2/org/codehaus/plexus/plexus-archiver/4.2.7/plexus-archiver-4.2.7.pom (4.9 kB at 61 kB/s)
#14 148.3 [INFO] Downloading from central: https://repo.maven.apache.org/maven2/org/codehaus/plexus/plexus/8/plexus-8.pom
#14 148.4 [INFO] Downloaded from central: https://repo.maven.apache.org/maven2/org/codehaus/plexus/plexus/8/plexus-8.pom (25 kB at 159 kB/s)
#14 148.4 [INFO] Downloading from central: https://repo.maven.apache.org/maven2/org/codehaus/plexus/plexus-io/3.2.0/plexus-io-3.2.0.pom
#14 148.5 [INFO] Downloaded from central: https://repo.maven.apache.org/maven2/org/codehaus/plexus/plexus-io/3.2.0/plexus-io-3.2.0.pom (4.5 kB at 58 kB/s)
#14 148.5 [INFO] Downloading from central: https://repo.maven.apache.org/maven2/org/codehaus/plexus/plexus-utils/3.4.2/plexus-utils-3.4.2.pom
#14 148.6 [INFO] Downloaded from central: https://repo.maven.apache.org/maven2/org/codehaus/plexus/plexus-utils/3.4.2/plexus-utils-3.4.2.pom (8.2 kB at 99 kB/s)
#14 148.6 [INFO] Downloading from central: https://repo.maven.apache.org/maven2/org/codehaus/plexus/plexus-container-default/2.1.0/plexus-container-default-2.1.0.pom
#14 148.7 [INFO] Downloaded from central: https://repo.maven.apache.org/maven2/org/codehaus/plexus/plexus-container-default/2.1.0/plexus-container-default-2.1.0.pom (3.0 kB at 32 kB/s)
#14 148.7 [INFO] Downloading from central: https://repo.maven.apache.org/maven2/org/codehaus/plexus/plexus-classworlds/2.6.0/plexus-classworlds-2.6.0.pom
#14 148.8 [INFO] Downloaded from central: https://repo.maven.apache.org/maven2/org/codehaus/plexus/plexus-classworlds/2.6.0/plexus-classworlds-2.6.0.pom (7.9 kB at 79 kB/s)
#14 148.8 [INFO] Downloading from central: https://repo.maven.apache.org/maven2/org/apache/xbean/xbean-reflect/3.7/xbean-reflect-3.7.pom
#14 148.9 [INFO] Downloaded from central: https://repo.maven.apache.org/maven2/org/apache/xbean/xbean-reflect/3.7/xbean-reflect-3.7.pom (5.1 kB at 39 kB/s)
#14 148.9 [INFO] Downloading from central: https://repo.maven.apache.org/maven2/org/apache/xbean/xbean/3.7/xbean-3.7.pom
#14 149.0 [INFO] Downloaded from central: https://repo.maven.apache.org/maven2/org/apache/xbean/xbean/3.7/xbean-3.7.pom (15 kB at 150 kB/s)
#14 149.0 [INFO] Downloading from central: https://repo.maven.apache.org/maven2/org/apache/geronimo/genesis/genesis-java5-flava/2.0/genesis-java5-flava-2.0.pom
#14 149.1 [INFO] Downloaded from central: https://repo.maven.apache.org/maven2/org/apache/geronimo/genesis/genesis-java5-flava/2.0/genesis-java5-flava-2.0.pom (5.5 kB at 62 kB/s)
#14 149.1 [INFO] Downloading from central: https://repo.maven.apache.org/maven2/org/apache/geronimo/genesis/genesis-default-flava/2.0/genesis-default-flava-2.0.pom
#14 149.2 [INFO] Downloaded from central: https://repo.maven.apache.org/maven2/org/apache/geronimo/genesis/genesis-default-flava/2.0/genesis-default-flava-2.0.pom (18 kB at 184 kB/s)
#14 149.2 [INFO] Downloading from central: https://repo.maven.apache.org/maven2/org/apache/geronimo/genesis/genesis/2.0/genesis-2.0.pom
#14 149.3 [INFO] Downloaded from central: https://repo.maven.apache.org/maven2/org/apache/geronimo/genesis/genesis/2.0/genesis-2.0.pom (18 kB at 179 kB/s)
#14 149.3 [INFO] Downloading from central: https://repo.maven.apache.org/maven2/com/google/collections/google-collections/1.0/google-collections-1.0.pom
#14 149.5 [INFO] Downloaded from central: https://repo.maven.apache.org/maven2/com/google/collections/google-collections/1.0/google-collections-1.0.pom (2.5 kB at 22 kB/s)
#14 149.5 [INFO] Downloading from central: https://repo.maven.apache.org/maven2/com/google/google/1/google-1.pom
#14 149.6 [INFO] Downloaded from central: https://repo.maven.apache.org/maven2/com/google/google/1/google-1.pom (1.6 kB at 10 kB/s)
#14 149.6 [INFO] Downloading from central: https://repo.maven.apache.org/maven2/org/apache/commons/commons-text/1.3/commons-text-1.3.pom
#14 149.7 [INFO] Downloaded from central: https://repo.maven.apache.org/maven2/org/apache/commons/commons-text/1.3/commons-text-1.3.pom (14 kB at 113 kB/s)
#14 149.7 [INFO] Downloading from central: https://repo.maven.apache.org/maven2/org/apache/commons/commons-parent/45/commons-parent-45.pom
#14 149.9 [INFO] Downloaded from central: https://repo.maven.apache.org/maven2/org/apache/commons/commons-parent/45/commons-parent-45.pom (73 kB at 501 kB/s)
#14 149.9 [INFO] Downloading from central: https://repo.maven.apache.org/maven2/org/apache/commons/commons-lang3/3.7/commons-lang3-3.7.pom
#14 150.0 [INFO] Downloaded from central: https://repo.maven.apache.org/maven2/org/apache/commons/commons-lang3/3.7/commons-lang3-3.7.pom (28 kB at 278 kB/s)
#14 150.0 [INFO] Downloading from central: https://repo.maven.apache.org/maven2/org/apache/maven/doxia/doxia-module-apt/1.11.1/doxia-module-apt-1.11.1.pom
#14 150.1 [INFO] Downloaded from central: https://repo.maven.apache.org/maven2/org/apache/maven/doxia/doxia-module-apt/1.11.1/doxia-module-apt-1.11.1.pom (2.1 kB at 23 kB/s)
#14 150.1 [INFO] Downloading from central: https://repo.maven.apache.org/maven2/org/apache/maven/doxia/doxia-module-xdoc/1.11.1/doxia-module-xdoc-1.11.1.pom
#14 150.2 [INFO] Downloaded from central: https://repo.maven.apache.org/maven2/org/apache/maven/doxia/doxia-module-xdoc/1.11.1/doxia-module-xdoc-1.11.1.pom (4.5 kB at 51 kB/s)
#14 150.2 [INFO] Downloading from central: https://repo.maven.apache.org/maven2/org/apache/maven/doxia/doxia-module-fml/1.11.1/doxia-module-fml-1.11.1.pom
#14 150.3 [INFO] Downloaded from central: https://repo.maven.apache.org/maven2/org/apache/maven/doxia/doxia-module-fml/1.11.1/doxia-module-fml-1.11.1.pom (4.4 kB at 49 kB/s)
#14 150.3 [INFO] Downloading from central: https://repo.maven.apache.org/maven2/org/apache/maven/doxia/doxia-module-markdown/1.11.1/doxia-module-markdown-1.11.1.pom
#14 150.4 [INFO] Downloaded from central: https://repo.maven.apache.org/maven2/org/apache/maven/doxia/doxia-module-markdown/1.11.1/doxia-module-markdown-1.11.1.pom (5.4 kB at 68 kB/s)
#14 150.4 [INFO] Downloading from central: https://repo.maven.apache.org/maven2/com/vladsch/flexmark/flexmark-all/0.42.14/flexmark-all-0.42.14.pom
#14 150.4 [INFO] Downloaded from central: https://repo.maven.apache.org/maven2/com/vladsch/flexmark/flexmark-all/0.42.14/flexmark-all-0.42.14.pom (9.0 kB at 108 kB/s)
#14 150.5 [INFO] Downloading from central: https://repo.maven.apache.org/maven2/com/vladsch/flexmark/flexmark-java/0.42.14/flexmark-java-0.42.14.pom
#14 150.6 [INFO] Downloaded from central: https://repo.maven.apache.org/maven2/com/vladsch/flexmark/flexmark-java/0.42.14/flexmark-java-0.42.14.pom (20 kB at 194 kB/s)
#14 150.6 [INFO] Downloading from central: https://repo.maven.apache.org/maven2/com/vladsch/flexmark/flexmark/0.42.14/flexmark-0.42.14.pom
#14 150.6 [INFO] Downloaded from central: https://repo.maven.apache.org/maven2/com/vladsch/flexmark/flexmark/0.42.14/flexmark-0.42.14.pom (2.5 kB at 34 kB/s)
#14 150.6 [INFO] Downloading from central: https://repo.maven.apache.org/maven2/com/vladsch/flexmark/flexmark-util/0.42.14/flexmark-util-0.42.14.pom
#14 150.8 [INFO] Downloaded from central: https://repo.maven.apache.org/maven2/com/vladsch/flexmark/flexmark-util/0.42.14/flexmark-util-0.42.14.pom (792 B at 6.7 kB/s)
#14 150.8 [INFO] Downloading from central: https://repo.maven.apache.org/maven2/com/vladsch/flexmark/flexmark-ext-abbreviation/0.42.14/flexmark-ext-abbreviation-0.42.14.pom
#14 150.9 [INFO] Downloaded from central: https://repo.maven.apache.org/maven2/com/vladsch/flexmark/flexmark-ext-abbreviation/0.42.14/flexmark-ext-abbreviation-0.42.14.pom (2.5 kB at 26 kB/s)
#14 150.9 [INFO] Downloading from central: https://repo.maven.apache.org/maven2/com/vladsch/flexmark/flexmark-ext-autolink/0.42.14/flexmark-ext-autolink-0.42.14.pom
#14 151.0 [INFO] Downloaded from central: https://repo.maven.apache.org/maven2/com/vladsch/flexmark/flexmark-ext-autolink/0.42.14/flexmark-ext-autolink-0.42.14.pom (1.8 kB at 17 kB/s)
#14 151.0 [INFO] Downloading from central: https://repo.maven.apache.org/maven2/org/nibor/autolink/autolink/0.6.0/autolink-0.6.0.pom
#14 151.1 [INFO] Downloaded from central: https://repo.maven.apache.org/maven2/org/nibor/autolink/autolink/0.6.0/autolink-0.6.0.pom (9.2 kB at 105 kB/s)
#14 151.1 [INFO] Downloading from central: https://repo.maven.apache.org/maven2/com/vladsch/flexmark/flexmark-formatter/0.42.14/flexmark-formatter-0.42.14.pom
#14 151.2 [INFO] Downloaded from central: https://repo.maven.apache.org/maven2/com/vladsch/flexmark/flexmark-formatter/0.42.14/flexmark-formatter-0.42.14.pom (1.1 kB at 14 kB/s)
#14 151.2 [INFO] Downloading from central: https://repo.maven.apache.org/maven2/com/vladsch/flexmark/flexmark-ext-admonition/0.42.14/flexmark-ext-admonition-0.42.14.pom
#14 151.2 [INFO] Downloaded from central: https://repo.maven.apache.org/maven2/com/vladsch/flexmark/flexmark-ext-admonition/0.42.14/flexmark-ext-admonition-0.42.14.pom (1.5 kB at 18 kB/s)
#14 151.2 [INFO] Downloading from central: https://repo.maven.apache.org/maven2/com/vladsch/flexmark/flexmark-ext-anchorlink/0.42.14/flexmark-ext-anchorlink-0.42.14.pom
#14 151.3 [INFO] Downloaded from central: https://repo.maven.apache.org/maven2/com/vladsch/flexmark/flexmark-ext-anchorlink/0.42.14/flexmark-ext-anchorlink-0.42.14.pom (1.6 kB at 21 kB/s)
#14 151.3 [INFO] Downloading from central: https://repo.maven.apache.org/maven2/com/vladsch/flexmark/flexmark-ext-aside/0.42.14/flexmark-ext-aside-0.42.14.pom
#14 151.4 [INFO] Downloaded from central: https://repo.maven.apache.org/maven2/com/vladsch/flexmark/flexmark-ext-aside/0.42.14/flexmark-ext-aside-0.42.14.pom (1.5 kB at 18 kB/s)
#14 151.4 [INFO] Downloading from central: https://repo.maven.apache.org/maven2/com/vladsch/flexmark/flexmark-jira-converter/0.42.14/flexmark-jira-converter-0.42.14.pom
#14 151.5 [INFO] Downloaded from central: https://repo.maven.apache.org/maven2/com/vladsch/flexmark/flexmark-jira-converter/0.42.14/flexmark-jira-converter-0.42.14.pom (2.1 kB at 29 kB/s)
#14 151.5 [INFO] Downloading from central: https://repo.maven.apache.org/maven2/com/vladsch/flexmark/flexmark-ext-gfm-strikethrough/0.42.14/flexmark-ext-gfm-strikethrough-0.42.14.pom
#14 151.6 [INFO] Downloaded from central: https://repo.maven.apache.org/maven2/com/vladsch/flexmark/flexmark-ext-gfm-strikethrough/0.42.14/flexmark-ext-gfm-strikethrough-0.42.14.pom (1.3 kB at 17 kB/s)
#14 151.6 [INFO] Downloading from central: https://repo.maven.apache.org/maven2/com/vladsch/flexmark/flexmark-ext-tables/0.42.14/flexmark-ext-tables-0.42.14.pom
#14 151.6 [INFO] Downloaded from central: https://repo.maven.apache.org/maven2/com/vladsch/flexmark/flexmark-ext-tables/0.42.14/flexmark-ext-tables-0.42.14.pom (1.5 kB at 20 kB/s)
#14 151.6 [INFO] Downloading from central: https://repo.maven.apache.org/maven2/com/vladsch/flexmark/flexmark-ext-wikilink/0.42.14/flexmark-ext-wikilink-0.42.14.pom
#14 151.7 [INFO] Downloaded from central: https://repo.maven.apache.org/maven2/com/vladsch/flexmark/flexmark-ext-wikilink/0.42.14/flexmark-ext-wikilink-0.42.14.pom (1.5 kB at 18 kB/s)
#14 151.7 [INFO] Downloading from central: https://repo.maven.apache.org/maven2/com/vladsch/flexmark/flexmark-ext-ins/0.42.14/flexmark-ext-ins-0.42.14.pom
#14 151.9 [INFO] Downloaded from central: https://repo.maven.apache.org/maven2/com/vladsch/flexmark/flexmark-ext-ins/0.42.14/flexmark-ext-ins-0.42.14.pom (1.3 kB at 9.4 kB/s)
#14 151.9 [INFO] Downloading from central: https://repo.maven.apache.org/maven2/com/vladsch/flexmark/flexmark-ext-superscript/0.42.14/flexmark-ext-superscript-0.42.14.pom
#14 151.9 [INFO] Downloaded from central: https://repo.maven.apache.org/maven2/com/vladsch/flexmark/flexmark-ext-superscript/0.42.14/flexmark-ext-superscript-0.42.14.pom (1.3 kB at 17 kB/s)
#14 151.9 [INFO] Downloading from central: https://repo.maven.apache.org/maven2/com/vladsch/flexmark/flexmark-ext-attributes/0.42.14/flexmark-ext-attributes-0.42.14.pom
#14 152.0 [INFO] Downloaded from central: https://repo.maven.apache.org/maven2/com/vladsch/flexmark/flexmark-ext-attributes/0.42.14/flexmark-ext-attributes-0.42.14.pom (2.6 kB at 32 kB/s)
#14 152.0 [INFO] Downloading from central: https://repo.maven.apache.org/maven2/com/vladsch/flexmark/flexmark-ext-definition/0.42.14/flexmark-ext-definition-0.42.14.pom
#14 152.1 [INFO] Downloaded from central: https://repo.maven.apache.org/maven2/com/vladsch/flexmark/flexmark-ext-definition/0.42.14/flexmark-ext-definition-0.42.14.pom (1.3 kB at 16 kB/s)
#14 152.1 [INFO] Downloading from central: https://repo.maven.apache.org/maven2/com/vladsch/flexmark/flexmark-ext-emoji/0.42.14/flexmark-ext-emoji-0.42.14.pom
#14 152.2 [INFO] Downloaded from central: https://repo.maven.apache.org/maven2/com/vladsch/flexmark/flexmark-ext-emoji/0.42.14/flexmark-ext-emoji-0.42.14.pom (1.5 kB at 17 kB/s)
#14 152.2 [INFO] Downloading from central: https://repo.maven.apache.org/maven2/com/vladsch/flexmark/flexmark-ext-enumerated-reference/0.42.14/flexmark-ext-enumerated-reference-0.42.14.pom
#14 152.3 [INFO] Downloaded from central: https://repo.maven.apache.org/maven2/com/vladsch/flexmark/flexmark-ext-enumerated-reference/0.42.14/flexmark-ext-enumerated-reference-0.42.14.pom (1.7 kB at 21 kB/s)
#14 152.3 [INFO] Downloading from central: https://repo.maven.apache.org/maven2/com/vladsch/flexmark/flexmark-ext-escaped-character/0.42.14/flexmark-ext-escaped-character-0.42.14.pom
#14 152.4 [INFO] Downloaded from central: https://repo.maven.apache.org/maven2/com/vladsch/flexmark/flexmark-ext-escaped-character/0.42.14/flexmark-ext-escaped-character-0.42.14.pom (1.3 kB at 20 kB/s)
#14 152.4 [INFO] Downloading from central: https://repo.maven.apache.org/maven2/com/vladsch/flexmark/flexmark-ext-footnotes/0.42.14/flexmark-ext-footnotes-0.42.14.pom
#14 152.4 [INFO] Downloaded from central: https://repo.maven.apache.org/maven2/com/vladsch/flexmark/flexmark-ext-footnotes/0.42.14/flexmark-ext-footnotes-0.42.14.pom (1.3 kB at 19 kB/s)
#14 152.4 [INFO] Downloading from central: https://repo.maven.apache.org/maven2/com/vladsch/flexmark/flexmark-ext-gfm-issues/0.42.14/flexmark-ext-gfm-issues-0.42.14.pom
#14 152.5 [INFO] Downloaded from central: https://repo.maven.apache.org/maven2/com/vladsch/flexmark/flexmark-ext-gfm-issues/0.42.14/flexmark-ext-gfm-issues-0.42.14.pom (1.3 kB at 13 kB/s)
#14 152.5 [INFO] Downloading from central: https://repo.maven.apache.org/maven2/com/vladsch/flexmark/flexmark-ext-gfm-tables/0.42.14/flexmark-ext-gfm-tables-0.42.14.pom
#14 152.6 [INFO] Downloaded from central: https://repo.maven.apache.org/maven2/com/vladsch/flexmark/flexmark-ext-gfm-tables/0.42.14/flexmark-ext-gfm-tables-0.42.14.pom (1.3 kB at 14 kB/s)
#14 152.6 [INFO] Downloading from central: https://repo.maven.apache.org/maven2/com/vladsch/flexmark/flexmark-ext-gfm-tasklist/0.42.14/flexmark-ext-gfm-tasklist-0.42.14.pom
#14 152.7 [INFO] Downloaded from central: https://repo.maven.apache.org/maven2/com/vladsch/flexmark/flexmark-ext-gfm-tasklist/0.42.14/flexmark-ext-gfm-tasklist-0.42.14.pom (1.4 kB at 17 kB/s)
#14 152.7 [INFO] Downloading from central: https://repo.maven.apache.org/maven2/com/vladsch/flexmark/flexmark-ext-gfm-users/0.42.14/flexmark-ext-gfm-users-0.42.14.pom
#14 152.8 [INFO] Downloaded from central: https://repo.maven.apache.org/maven2/com/vladsch/flexmark/flexmark-ext-gfm-users/0.42.14/flexmark-ext-gfm-users-0.42.14.pom (1.3 kB at 18 kB/s)
#14 152.8 [INFO] Downloading from central: https://repo.maven.apache.org/maven2/com/vladsch/flexmark/flexmark-ext-gitlab/0.42.14/flexmark-ext-gitlab-0.42.14.pom
#14 152.9 [INFO] Downloaded from central: https://repo.maven.apache.org/maven2/com/vladsch/flexmark/flexmark-ext-gitlab/0.42.14/flexmark-ext-gitlab-0.42.14.pom (1.3 kB at 17 kB/s)
#14 152.9 [INFO] Downloading from central: https://repo.maven.apache.org/maven2/com/vladsch/flexmark/flexmark-ext-jekyll-front-matter/0.42.14/flexmark-ext-jekyll-front-matter-0.42.14.pom
#14 152.9 [INFO] Downloaded from central: https://repo.maven.apache.org/maven2/com/vladsch/flexmark/flexmark-ext-jekyll-front-matter/0.42.14/flexmark-ext-jekyll-front-matter-0.42.14.pom (1.5 kB at 19 kB/s)
#14 152.9 [INFO] Downloading from central: https://repo.maven.apache.org/maven2/com/vladsch/flexmark/flexmark-ext-yaml-front-matter/0.42.14/flexmark-ext-yaml-front-matter-0.42.14.pom
#14 153.0 [INFO] Downloaded from central: https://repo.maven.apache.org/maven2/com/vladsch/flexmark/flexmark-ext-yaml-front-matter/0.42.14/flexmark-ext-yaml-front-matter-0.42.14.pom (1.3 kB at 18 kB/s)
#14 153.0 [INFO] Downloading from central: https://repo.maven.apache.org/maven2/com/vladsch/flexmark/flexmark-ext-jekyll-tag/0.42.14/flexmark-ext-jekyll-tag-0.42.14.pom
#14 153.2 [INFO] Downloaded from central: https://repo.maven.apache.org/maven2/com/vladsch/flexmark/flexmark-ext-jekyll-tag/0.42.14/flexmark-ext-jekyll-tag-0.42.14.pom (1.3 kB at 7.8 kB/s)
#14 153.2 [INFO] Downloading from central: https://repo.maven.apache.org/maven2/com/vladsch/flexmark/flexmark-ext-media-tags/0.42.14/flexmark-ext-media-tags-0.42.14.pom
#14 153.5 [INFO] Downloaded from central: https://repo.maven.apache.org/maven2/com/vladsch/flexmark/flexmark-ext-media-tags/0.42.14/flexmark-ext-media-tags-0.42.14.pom (1.0 kB at 3.4 kB/s)
#14 153.5 [INFO] Downloading from central: https://repo.maven.apache.org/maven2/com/vladsch/flexmark/flexmark-ext-macros/0.42.14/flexmark-ext-macros-0.42.14.pom
#14 153.6 [INFO] Downloaded from central: https://repo.maven.apache.org/maven2/com/vladsch/flexmark/flexmark-ext-macros/0.42.14/flexmark-ext-macros-0.42.14.pom (1.6 kB at 12 kB/s)
#14 153.6 [INFO] Downloading from central: https://repo.maven.apache.org/maven2/com/vladsch/flexmark/flexmark-ext-xwiki-macros/0.42.14/flexmark-ext-xwiki-macros-0.42.14.pom
#14 154.3 [INFO] Downloaded from central: https://repo.maven.apache.org/maven2/com/vladsch/flexmark/flexmark-ext-xwiki-macros/0.42.14/flexmark-ext-xwiki-macros-0.42.14.pom (1.3 kB at 2.0 kB/s)
#14 154.3 [INFO] Downloading from central: https://repo.maven.apache.org/maven2/com/vladsch/flexmark/flexmark-ext-toc/0.42.14/flexmark-ext-toc-0.42.14.pom
#14 154.8 [INFO] Downloaded from central: https://repo.maven.apache.org/maven2/com/vladsch/flexmark/flexmark-ext-toc/0.42.14/flexmark-ext-toc-0.42.14.pom (1.5 kB at 2.9 kB/s)
#14 154.8 [INFO] Downloading from central: https://repo.maven.apache.org/maven2/com/vladsch/flexmark/flexmark-ext-typographic/0.42.14/flexmark-ext-typographic-0.42.14.pom
#14 155.2 [INFO] Downloaded from central: https://repo.maven.apache.org/maven2/com/vladsch/flexmark/flexmark-ext-typographic/0.42.14/flexmark-ext-typographic-0.42.14.pom (1.3 kB at 3.8 kB/s)
#14 155.2 [INFO] Downloading from central: https://repo.maven.apache.org/maven2/com/vladsch/flexmark/flexmark-ext-youtube-embedded/0.42.14/flexmark-ext-youtube-embedded-0.42.14.pom
#14 155.3 [INFO] Downloaded from central: https://repo.maven.apache.org/maven2/com/vladsch/flexmark/flexmark-ext-youtube-embedded/0.42.14/flexmark-ext-youtube-embedded-0.42.14.pom (883 B at 5.1 kB/s)
#14 155.4 [INFO] Downloading from central: https://repo.maven.apache.org/maven2/com/vladsch/flexmark/flexmark-html-parser/0.42.14/flexmark-html-parser-0.42.14.pom
#14 155.5 [INFO] Downloaded from central: https://repo.maven.apache.org/maven2/com/vladsch/flexmark/flexmark-html-parser/0.42.14/flexmark-html-parser-0.42.14.pom (1.5 kB at 8.4 kB/s)
#14 155.5 [INFO] Downloading from central: https://repo.maven.apache.org/maven2/org/jsoup/jsoup/1.10.2/jsoup-1.10.2.pom
#14 155.6 [INFO] Downloaded from central: https://repo.maven.apache.org/maven2/org/jsoup/jsoup/1.10.2/jsoup-1.10.2.pom (7.3 kB at 91 kB/s)
#14 155.6 [INFO] Downloading from central: https://repo.maven.apache.org/maven2/com/vladsch/flexmark/flexmark-profile-pegdown/0.42.14/flexmark-profile-pegdown-0.42.14.pom
#14 155.7 [INFO] Downloaded from central: https://repo.maven.apache.org/maven2/com/vladsch/flexmark/flexmark-profile-pegdown/0.42.14/flexmark-profile-pegdown-0.42.14.pom (4.0 kB at 41 kB/s)
#14 155.7 [INFO] Downloading from central: https://repo.maven.apache.org/maven2/com/vladsch/flexmark/flexmark-youtrack-converter/0.42.14/flexmark-youtrack-converter-0.42.14.pom
#14 155.8 [INFO] Downloaded from central: https://repo.maven.apache.org/maven2/com/vladsch/flexmark/flexmark-youtrack-converter/0.42.14/flexmark-youtrack-converter-0.42.14.pom (1.7 kB at 16 kB/s)
#14 155.8 [INFO] Downloading from central: https://repo.maven.apache.org/maven2/org/apache/maven/doxia/doxia-module-confluence/1.11.1/doxia-module-confluence-1.11.1.pom
#14 155.9 [INFO] Downloaded from central: https://repo.maven.apache.org/maven2/org/apache/maven/doxia/doxia-module-confluence/1.11.1/doxia-module-confluence-1.11.1.pom (2.2 kB at 24 kB/s)
#14 155.9 [INFO] Downloading from central: https://repo.maven.apache.org/maven2/org/apache/maven/doxia/doxia-module-docbook-simple/1.11.1/doxia-module-docbook-simple-1.11.1.pom
#14 156.0 [INFO] Downloaded from central: https://repo.maven.apache.org/maven2/org/apache/maven/doxia/doxia-module-docbook-simple/1.11.1/doxia-module-docbook-simple-1.11.1.pom (2.0 kB at 23 kB/s)
#14 156.0 [INFO] Downloading from central: https://repo.maven.apache.org/maven2/org/apache/maven/doxia/doxia-module-twiki/1.11.1/doxia-module-twiki-1.11.1.pom
#14 156.1 [INFO] Downloaded from central: https://repo.maven.apache.org/maven2/org/apache/maven/doxia/doxia-module-twiki/1.11.1/doxia-module-twiki-1.11.1.pom (2.1 kB at 25 kB/s)
#14 156.1 [INFO] Downloading from central: https://repo.maven.apache.org/maven2/org/codehaus/plexus/plexus-container-default/1.0-alpha-30/plexus-container-default-1.0-alpha-30.pom
#14 156.2 [INFO] Downloaded from central: https://repo.maven.apache.org/maven2/org/codehaus/plexus/plexus-container-default/1.0-alpha-30/plexus-container-default-1.0-alpha-30.pom (3.5 kB at 50 kB/s)
#14 156.2 [INFO] Downloading from central: https://repo.maven.apache.org/maven2/org/codehaus/plexus/plexus-containers/1.0-alpha-30/plexus-containers-1.0-alpha-30.pom
#14 156.3 [INFO] Downloaded from central: https://repo.maven.apache.org/maven2/org/codehaus/plexus/plexus-containers/1.0-alpha-30/plexus-containers-1.0-alpha-30.pom (1.9 kB at 26 kB/s)
#14 156.3 [INFO] Downloading from central: https://repo.maven.apache.org/maven2/org/codehaus/plexus/plexus/1.0.11/plexus-1.0.11.pom
#14 156.3 [INFO] Downloaded from central: https://repo.maven.apache.org/maven2/org/codehaus/plexus/plexus/1.0.11/plexus-1.0.11.pom (9.0 kB at 132 kB/s)
#14 156.3 [INFO] Downloading from central: https://repo.maven.apache.org/maven2/org/codehaus/plexus/plexus-classworlds/1.2-alpha-9/plexus-classworlds-1.2-alpha-9.pom
#14 156.4 [INFO] Downloaded from central: https://repo.maven.apache.org/maven2/org/codehaus/plexus/plexus-classworlds/1.2-alpha-9/plexus-classworlds-1.2-alpha-9.pom (3.2 kB at 47 kB/s)
#14 156.4 [INFO] Downloading from central: https://repo.maven.apache.org/maven2/junit/junit/3.8.1/junit-3.8.1.pom
#14 156.5 [INFO] Downloaded from central: https://repo.maven.apache.org/maven2/junit/junit/3.8.1/junit-3.8.1.pom (998 B at 13 kB/s)
#14 156.5 [INFO] Downloading from central: https://repo.maven.apache.org/maven2/org/codehaus/plexus/plexus-container-default/1.0-alpha-9-stable-1/plexus-container-default-1.0-alpha-9-stable-1.pom
#14 156.6 [INFO] Downloaded from central: https://repo.maven.apache.org/maven2/org/codehaus/plexus/plexus-container-default/1.0-alpha-9-stable-1/plexus-container-default-1.0-alpha-9-stable-1.pom (3.9 kB at 54 kB/s)
#14 156.6 [INFO] Downloading from central: https://repo.maven.apache.org/maven2/org/codehaus/plexus/plexus-containers/1.0.3/plexus-containers-1.0.3.pom
#14 156.6 [INFO] Downloaded from central: https://repo.maven.apache.org/maven2/org/codehaus/plexus/plexus-containers/1.0.3/plexus-containers-1.0.3.pom (492 B at 5.7 kB/s)
#14 156.6 [INFO] Downloading from central: https://repo.maven.apache.org/maven2/org/codehaus/plexus/plexus/1.0.4/plexus-1.0.4.pom
#14 156.8 [INFO] Downloaded from central: https://repo.maven.apache.org/maven2/org/codehaus/plexus/plexus/1.0.4/plexus-1.0.4.pom (5.7 kB at 40 kB/s)
#14 156.8 [INFO] Downloading from central: https://repo.maven.apache.org/maven2/classworlds/classworlds/1.1-alpha-2/classworlds-1.1-alpha-2.pom
#14 156.9 [INFO] Downloaded from central: https://repo.maven.apache.org/maven2/classworlds/classworlds/1.1-alpha-2/classworlds-1.1-alpha-2.pom (3.1 kB at 37 kB/s)
#14 156.9 [INFO] Downloading from central: https://repo.maven.apache.org/maven2/org/eclipse/jetty/jetty-server/9.4.46.v20220331/jetty-server-9.4.46.v20220331.pom
#14 157.0 [INFO] Downloaded from central: https://repo.maven.apache.org/maven2/org/eclipse/jetty/jetty-server/9.4.46.v20220331/jetty-server-9.4.46.v20220331.pom (3.4 kB at 39 kB/s)
#14 157.0 [INFO] Downloading from central: https://repo.maven.apache.org/maven2/org/eclipse/jetty/jetty-project/9.4.46.v20220331/jetty-project-9.4.46.v20220331.pom
#14 157.1 [INFO] Downloaded from central: https://repo.maven.apache.org/maven2/org/eclipse/jetty/jetty-project/9.4.46.v20220331/jetty-project-9.4.46.v20220331.pom (71 kB at 460 kB/s)
#14 157.1 [INFO] Downloading from central: https://repo.maven.apache.org/maven2/org/junit/junit-bom/5.8.2/junit-bom-5.8.2.pom
#14 157.2 [INFO] Downloaded from central: https://repo.maven.apache.org/maven2/org/junit/junit-bom/5.8.2/junit-bom-5.8.2.pom (5.6 kB at 69 kB/s)
#14 157.2 [INFO] Downloading from central: https://repo.maven.apache.org/maven2/org/testcontainers/testcontainers-bom/1.16.1/testcontainers-bom-1.16.1.pom
#14 157.3 [INFO] Downloaded from central: https://repo.maven.apache.org/maven2/org/testcontainers/testcontainers-bom/1.16.1/testcontainers-bom-1.16.1.pom (7.2 kB at 89 kB/s)
#14 157.3 [INFO] Downloading from central: https://repo.maven.apache.org/maven2/org/infinispan/infinispan-bom/11.0.15.Final/infinispan-bom-11.0.15.Final.pom
#14 157.4 [INFO] Downloaded from central: https://repo.maven.apache.org/maven2/org/infinispan/infinispan-bom/11.0.15.Final/infinispan-bom-11.0.15.Final.pom (19 kB at 244 kB/s)
#14 157.4 [INFO] Downloading from central: https://repo.maven.apache.org/maven2/org/infinispan/infinispan-build-configuration-parent/11.0.15.Final/infinispan-build-configuration-parent-11.0.15.Final.pom
#14 157.5 [INFO] Downloaded from central: https://repo.maven.apache.org/maven2/org/infinispan/infinispan-build-configuration-parent/11.0.15.Final/infinispan-build-configuration-parent-11.0.15.Final.pom (13 kB at 155 kB/s)
#14 157.5 [INFO] Downloading from central: https://repo.maven.apache.org/maven2/org/jboss/jboss-parent/36/jboss-parent-36.pom
#14 157.5 [INFO] Downloaded from central: https://repo.maven.apache.org/maven2/org/jboss/jboss-parent/36/jboss-parent-36.pom (66 kB at 833 kB/s)
#14 157.6 [INFO] Downloading from central: https://repo.maven.apache.org/maven2/javax/servlet/javax.servlet-api/3.1.0/javax.servlet-api-3.1.0.pom
#14 157.6 [INFO] Downloaded from central: https://repo.maven.apache.org/maven2/javax/servlet/javax.servlet-api/3.1.0/javax.servlet-api-3.1.0.pom (14 kB at 169 kB/s)
#14 157.6 [INFO] Downloading from central: https://repo.maven.apache.org/maven2/org/eclipse/jetty/jetty-http/9.4.46.v20220331/jetty-http-9.4.46.v20220331.pom
#14 157.7 [INFO] Downloaded from central: https://repo.maven.apache.org/maven2/org/eclipse/jetty/jetty-http/9.4.46.v20220331/jetty-http-9.4.46.v20220331.pom (4.0 kB at 55 kB/s)
#14 157.7 [INFO] Downloading from central: https://repo.maven.apache.org/maven2/org/eclipse/jetty/jetty-util/9.4.46.v20220331/jetty-util-9.4.46.v20220331.pom
#14 157.8 [INFO] Downloaded from central: https://repo.maven.apache.org/maven2/org/eclipse/jetty/jetty-util/9.4.46.v20220331/jetty-util-9.4.46.v20220331.pom (4.0 kB at 38 kB/s)
#14 157.8 [INFO] Downloading from central: https://repo.maven.apache.org/maven2/org/eclipse/jetty/jetty-io/9.4.46.v20220331/jetty-io-9.4.46.v20220331.pom
#14 157.9 [INFO] Downloaded from central: https://repo.maven.apache.org/maven2/org/eclipse/jetty/jetty-io/9.4.46.v20220331/jetty-io-9.4.46.v20220331.pom (1.2 kB at 16 kB/s)
#14 157.9 [INFO] Downloading from central: https://repo.maven.apache.org/maven2/org/eclipse/jetty/jetty-servlet/9.4.46.v20220331/jetty-servlet-9.4.46.v20220331.pom
#14 158.0 [INFO] Downloaded from central: https://repo.maven.apache.org/maven2/org/eclipse/jetty/jetty-servlet/9.4.46.v20220331/jetty-servlet-9.4.46.v20220331.pom (2.3 kB at 29 kB/s)
#14 158.0 [INFO] Downloading from central: https://repo.maven.apache.org/maven2/org/eclipse/jetty/jetty-security/9.4.46.v20220331/jetty-security-9.4.46.v20220331.pom
#14 158.1 [INFO] Downloaded from central: https://repo.maven.apache.org/maven2/org/eclipse/jetty/jetty-security/9.4.46.v20220331/jetty-security-9.4.46.v20220331.pom (2.1 kB at 28 kB/s)
#14 158.1 [INFO] Downloading from central: https://repo.maven.apache.org/maven2/org/eclipse/jetty/jetty-util-ajax/9.4.46.v20220331/jetty-util-ajax-9.4.46.v20220331.pom
#14 158.2 [INFO] Downloaded from central: https://repo.maven.apache.org/maven2/org/eclipse/jetty/jetty-util-ajax/9.4.46.v20220331/jetty-util-ajax-9.4.46.v20220331.pom (1.3 kB at 14 kB/s)
#14 158.2 [INFO] Downloading from central: https://repo.maven.apache.org/maven2/org/eclipse/jetty/jetty-webapp/9.4.46.v20220331/jetty-webapp-9.4.46.v20220331.pom
#14 158.3 [INFO] Downloaded from central: https://repo.maven.apache.org/maven2/org/eclipse/jetty/jetty-webapp/9.4.46.v20220331/jetty-webapp-9.4.46.v20220331.pom (3.2 kB at 30 kB/s)
#14 158.3 [INFO] Downloading from central: https://repo.maven.apache.org/maven2/org/eclipse/jetty/jetty-xml/9.4.46.v20220331/jetty-xml-9.4.46.v20220331.pom
#14 158.4 [INFO] Downloaded from central: https://repo.maven.apache.org/maven2/org/eclipse/jetty/jetty-xml/9.4.46.v20220331/jetty-xml-9.4.46.v20220331.pom (1.7 kB at 17 kB/s)
#14 158.4 [INFO] Downloading from central: https://repo.maven.apache.org/maven2/org/apache/maven/reporting/maven-reporting-exec/1.6.0/maven-reporting-exec-1.6.0.jar
#14 158.6 [INFO] Downloaded from central: https://repo.maven.apache.org/maven2/org/apache/maven/reporting/maven-reporting-exec/1.6.0/maven-reporting-exec-1.6.0.jar (31 kB at 233 kB/s)
#14 158.6 [INFO] Downloading from central: https://repo.maven.apache.org/maven2/org/apache/maven/maven-artifact/3.2.5/maven-artifact-3.2.5.jar
#14 158.6 [INFO] Downloading from central: https://repo.maven.apache.org/maven2/org/apache/maven/maven-core/3.2.5/maven-core-3.2.5.jar
#14 158.6 [INFO] Downloading from central: https://repo.maven.apache.org/maven2/org/apache/maven/maven-repository-metadata/3.2.5/maven-repository-metadata-3.2.5.jar
#14 158.6 [INFO] Downloading from central: https://repo.maven.apache.org/maven2/org/apache/maven/maven-model-builder/3.2.5/maven-model-builder-3.2.5.jar
#14 158.6 [INFO] Downloading from central: https://repo.maven.apache.org/maven2/org/apache/maven/maven-aether-provider/3.2.5/maven-aether-provider-3.2.5.jar
#14 158.8 [INFO] Downloaded from central: https://repo.maven.apache.org/maven2/org/apache/maven/maven-repository-metadata/3.2.5/maven-repository-metadata-3.2.5.jar (26 kB at 120 kB/s)
#14 158.8 [INFO] Downloading from central: https://repo.maven.apache.org/maven2/org/eclipse/aether/aether-spi/1.0.0.v20140518/aether-spi-1.0.0.v20140518.jar
#14 158.8 [INFO] Downloaded from central: https://repo.maven.apache.org/maven2/org/apache/maven/maven-artifact/3.2.5/maven-artifact-3.2.5.jar (55 kB at 206 kB/s)
#14 158.8 [INFO] Downloading from central: https://repo.maven.apache.org/maven2/org/eclipse/aether/aether-impl/1.0.0.v20140518/aether-impl-1.0.0.v20140518.jar
#14 159.1 [INFO] Downloaded from central: https://repo.maven.apache.org/maven2/org/eclipse/aether/aether-spi/1.0.0.v20140518/aether-spi-1.0.0.v20140518.jar (31 kB at 55 kB/s)
#14 159.1 [INFO] Downloading from central: https://repo.maven.apache.org/maven2/org/eclipse/sisu/org.eclipse.sisu.plexus/0.3.5/org.eclipse.sisu.plexus-0.3.5.jar
#14 159.1 [INFO] Downloaded from central: https://repo.maven.apache.org/maven2/org/apache/maven/maven-aether-provider/3.2.5/maven-aether-provider-3.2.5.jar (66 kB at 116 kB/s)
#14 159.1 [INFO] Downloading from central: https://repo.maven.apache.org/maven2/javax/annotation/javax.annotation-api/1.2/javax.annotation-api-1.2.jar
#14 159.8 [INFO] Downloaded from central: https://repo.maven.apache.org/maven2/javax/annotation/javax.annotation-api/1.2/javax.annotation-api-1.2.jar (26 kB at 22 kB/s)
#14 159.8 [INFO] Downloading from central: https://repo.maven.apache.org/maven2/javax/enterprise/cdi-api/1.2/cdi-api-1.2.jar
#14 159.8 [INFO] Downloaded from central: https://repo.maven.apache.org/maven2/org/apache/maven/maven-model-builder/3.2.5/maven-model-builder-3.2.5.jar (170 kB at 141 kB/s)
#14 159.8 [INFO] Downloading from central: https://repo.maven.apache.org/maven2/org/eclipse/sisu/org.eclipse.sisu.inject/0.3.5/org.eclipse.sisu.inject-0.3.5.jar
#14 160.0 [INFO] Downloaded from central: https://repo.maven.apache.org/maven2/org/eclipse/aether/aether-impl/1.0.0.v20140518/aether-impl-1.0.0.v20140518.jar (172 kB at 116 kB/s)
#14 160.0 [INFO] Downloading from central: https://repo.maven.apache.org/maven2/org/sonatype/sisu/sisu-guice/3.2.3/sisu-guice-3.2.3-no_aop.jar
#14 160.5 [INFO] Downloaded from central: https://repo.maven.apache.org/maven2/org/eclipse/sisu/org.eclipse.sisu.plexus/0.3.5/org.eclipse.sisu.plexus-0.3.5.jar (205 kB at 105 kB/s)
#14 160.5 [INFO] Downloading from central: https://repo.maven.apache.org/maven2/aopalliance/aopalliance/1.0/aopalliance-1.0.jar
#14 161.0 [INFO] Downloaded from central: https://repo.maven.apache.org/maven2/aopalliance/aopalliance/1.0/aopalliance-1.0.jar (4.5 kB at 1.8 kB/s)
#14 161.0 [INFO] Downloading from central: https://repo.maven.apache.org/maven2/com/google/guava/guava/16.0.1/guava-16.0.1.jar
#14 161.0 [INFO] Downloaded from central: https://repo.maven.apache.org/maven2/javax/enterprise/cdi-api/1.2/cdi-api-1.2.jar (71 kB at 29 kB/s)
#14 161.0 [INFO] Downloading from central: https://repo.maven.apache.org/maven2/org/codehaus/plexus/plexus-classworlds/2.5.2/plexus-classworlds-2.5.2.jar
#14 162.7 [INFO] Downloaded from central: https://repo.maven.apache.org/maven2/org/codehaus/plexus/plexus-classworlds/2.5.2/plexus-classworlds-2.5.2.jar (53 kB at 13 kB/s)
#14 162.7 [INFO] Downloading from central: https://repo.maven.apache.org/maven2/org/apache/maven/maven-plugin-api/3.2.5/maven-plugin-api-3.2.5.jar
#14 163.6 [INFO] Downloaded from central: https://repo.maven.apache.org/maven2/org/apache/maven/maven-plugin-api/3.2.5/maven-plugin-api-3.2.5.jar (46 kB at 9.1 kB/s)
#14 163.6 [INFO] Downloading from central: https://repo.maven.apache.org/maven2/org/apache/maven/maven-settings/3.2.5/maven-settings-3.2.5.jar
#14 164.0 [INFO] Downloaded from central: https://repo.maven.apache.org/maven2/org/eclipse/sisu/org.eclipse.sisu.inject/0.3.5/org.eclipse.sisu.inject-0.3.5.jar (379 kB at 70 kB/s)
#14 164.0 [INFO] Downloading from central: https://repo.maven.apache.org/maven2/org/apache/maven/maven-settings-builder/3.2.5/maven-settings-builder-3.2.5.jar
#14 164.0 [INFO] Downloaded from central: https://repo.maven.apache.org/maven2/org/apache/maven/maven-core/3.2.5/maven-core-3.2.5.jar (608 kB at 112 kB/s)
#14 164.0 [INFO] Downloading from central: https://repo.maven.apache.org/maven2/org/apache/maven/shared/maven-shared-utils/3.3.4/maven-shared-utils-3.3.4.jar
#14 164.2 [INFO] Downloaded from central: https://repo.maven.apache.org/maven2/org/apache/maven/maven-settings/3.2.5/maven-settings-3.2.5.jar (43 kB at 7.6 kB/s)
#14 164.2 [INFO] Downloading from central: https://repo.maven.apache.org/maven2/commons-io/commons-io/2.6/commons-io-2.6.jar
#14 164.6 [INFO] Downloaded from central: https://repo.maven.apache.org/maven2/org/apache/maven/maven-settings-builder/3.2.5/maven-settings-builder-3.2.5.jar (44 kB at 7.2 kB/s)
#14 164.6 [INFO] Downloading from central: https://repo.maven.apache.org/maven2/org/apache/maven/maven-archiver/3.5.2/maven-archiver-3.5.2.jar
#14 165.7 [INFO] Downloaded from central: https://repo.maven.apache.org/maven2/org/apache/maven/maven-archiver/3.5.2/maven-archiver-3.5.2.jar (26 kB at 3.7 kB/s)
#14 165.7 [INFO] Downloading from central: https://repo.maven.apache.org/maven2/org/apache/commons/commons-compress/1.20/commons-compress-1.20.jar
#14 165.9 [INFO] Downloaded from central: https://repo.maven.apache.org/maven2/org/apache/maven/shared/maven-shared-utils/3.3.4/maven-shared-utils-3.3.4.jar (153 kB at 21 kB/s)
#14 165.9 [INFO] Downloading from central: https://repo.maven.apache.org/maven2/org/codehaus/plexus/plexus-interpolation/1.26/plexus-interpolation-1.26.jar
#14 167.0 [INFO] Downloaded from central: https://repo.maven.apache.org/maven2/org/sonatype/sisu/sisu-guice/3.2.3/sisu-guice-3.2.3-no_aop.jar (398 kB at 47 kB/s)
#14 167.0 [INFO] Downloading from central: https://repo.maven.apache.org/maven2/org/codehaus/plexus/plexus-archiver/4.2.7/plexus-archiver-4.2.7.jar
#14 167.1 [INFO] Downloaded from central: https://repo.maven.apache.org/maven2/commons-io/commons-io/2.6/commons-io-2.6.jar (215 kB at 25 kB/s)
#14 167.1 [INFO] Downloading from central: https://repo.maven.apache.org/maven2/org/codehaus/plexus/plexus-io/3.2.0/plexus-io-3.2.0.jar
#14 167.2 [INFO] Downloaded from central: https://repo.maven.apache.org/maven2/org/codehaus/plexus/plexus-interpolation/1.26/plexus-interpolation-1.26.jar (85 kB at 9.9 kB/s)
#14 167.2 [INFO] Downloading from central: https://repo.maven.apache.org/maven2/org/codehaus/plexus/plexus-utils/3.4.2/plexus-utils-3.4.2.jar
#14 168.2 [INFO] Downloaded from central: https://repo.maven.apache.org/maven2/org/codehaus/plexus/plexus-io/3.2.0/plexus-io-3.2.0.jar (76 kB at 7.9 kB/s)
#14 168.2 [INFO] Downloading from central: https://repo.maven.apache.org/maven2/org/codehaus/plexus/plexus-container-default/2.1.0/plexus-container-default-2.1.0.jar
#14 169.0 [INFO] Downloaded from central: https://repo.maven.apache.org/maven2/org/codehaus/plexus/plexus-archiver/4.2.7/plexus-archiver-4.2.7.jar (195 kB at 19 kB/s)
#14 169.0 [INFO] Downloading from central: https://repo.maven.apache.org/maven2/org/apache/xbean/xbean-reflect/3.7/xbean-reflect-3.7.jar
#14 170.6 [INFO] Downloaded from central: https://repo.maven.apache.org/maven2/org/codehaus/plexus/plexus-utils/3.4.2/plexus-utils-3.4.2.jar (267 kB at 22 kB/s)
#14 170.6 [INFO] Downloading from central: https://repo.maven.apache.org/maven2/com/google/collections/google-collections/1.0/google-collections-1.0.jar
#14 170.6 [INFO] Downloaded from central: https://repo.maven.apache.org/maven2/org/apache/xbean/xbean-reflect/3.7/xbean-reflect-3.7.jar (148 kB at 12 kB/s)
#14 170.6 [INFO] Downloading from central: https://repo.maven.apache.org/maven2/org/codehaus/plexus/plexus-component-annotations/2.1.1/plexus-component-annotations-2.1.1.jar
#14 170.8 [INFO] Downloaded from central: https://repo.maven.apache.org/maven2/org/codehaus/plexus/plexus-component-annotations/2.1.1/plexus-component-annotations-2.1.1.jar (4.1 kB at 334 B/s)
#14 170.8 [INFO] Downloading from central: https://repo.maven.apache.org/maven2/org/apache/commons/commons-text/1.3/commons-text-1.3.jar
#14 171.8 [INFO] Downloaded from central: https://repo.maven.apache.org/maven2/org/apache/commons/commons-text/1.3/commons-text-1.3.jar (183 kB at 14 kB/s)
#14 171.8 [INFO] Downloading from central: https://repo.maven.apache.org/maven2/org/apache/maven/doxia/doxia-module-apt/1.11.1/doxia-module-apt-1.11.1.jar
#14 172.9 [INFO] Downloaded from central: https://repo.maven.apache.org/maven2/org/apache/maven/doxia/doxia-module-apt/1.11.1/doxia-module-apt-1.11.1.jar (55 kB at 3.8 kB/s)
#14 172.9 [INFO] Downloading from central: https://repo.maven.apache.org/maven2/org/apache/maven/doxia/doxia-module-xdoc/1.11.1/doxia-module-xdoc-1.11.1.jar
#14 173.3 [INFO] Downloaded from central: https://repo.maven.apache.org/maven2/org/codehaus/plexus/plexus-container-default/2.1.0/plexus-container-default-2.1.0.jar (230 kB at 16 kB/s)
#14 173.3 [INFO] Downloading from central: https://repo.maven.apache.org/maven2/org/apache/maven/doxia/doxia-module-fml/1.11.1/doxia-module-fml-1.11.1.jar
#14 173.6 [INFO] Downloaded from central: https://repo.maven.apache.org/maven2/org/apache/commons/commons-compress/1.20/commons-compress-1.20.jar (632 kB at 42 kB/s)
#14 173.6 [INFO] Downloading from central: https://repo.maven.apache.org/maven2/org/apache/maven/doxia/doxia-module-markdown/1.11.1/doxia-module-markdown-1.11.1.jar
#14 174.1 [INFO] Downloaded from central: https://repo.maven.apache.org/maven2/org/apache/maven/doxia/doxia-module-markdown/1.11.1/doxia-module-markdown-1.11.1.jar (18 kB at 1.1 kB/s)
#14 174.1 [INFO] Downloading from central: https://repo.maven.apache.org/maven2/com/vladsch/flexmark/flexmark-all/0.42.14/flexmark-all-0.42.14.jar
#14 174.2 [INFO] Downloaded from central: https://repo.maven.apache.org/maven2/com/vladsch/flexmark/flexmark-all/0.42.14/flexmark-all-0.42.14.jar (2.2 kB at 137 B/s)
#14 174.2 [INFO] Downloading from central: https://repo.maven.apache.org/maven2/com/vladsch/flexmark/flexmark/0.42.14/flexmark-0.42.14.jar
#14 174.6 [INFO] Downloaded from central: https://repo.maven.apache.org/maven2/org/apache/maven/doxia/doxia-module-fml/1.11.1/doxia-module-fml-1.11.1.jar (38 kB at 2.4 kB/s)
#14 174.6 [INFO] Downloading from central: https://repo.maven.apache.org/maven2/com/vladsch/flexmark/flexmark-ext-abbreviation/0.42.14/flexmark-ext-abbreviation-0.42.14.jar
#14 175.6 [INFO] Downloaded from central: https://repo.maven.apache.org/maven2/com/vladsch/flexmark/flexmark-ext-abbreviation/0.42.14/flexmark-ext-abbreviation-0.42.14.jar (35 kB at 2.1 kB/s)
#14 175.6 [INFO] Downloading from central: https://repo.maven.apache.org/maven2/com/vladsch/flexmark/flexmark-ext-admonition/0.42.14/flexmark-ext-admonition-0.42.14.jar
#14 175.6 [INFO] Downloaded from central: https://repo.maven.apache.org/maven2/org/apache/maven/doxia/doxia-module-xdoc/1.11.1/doxia-module-xdoc-1.11.1.jar (37 kB at 2.2 kB/s)
#14 175.6 [INFO] Downloading from central: https://repo.maven.apache.org/maven2/com/vladsch/flexmark/flexmark-ext-anchorlink/0.42.14/flexmark-ext-anchorlink-0.42.14.jar
#14 176.0 [INFO] Downloaded from central: https://repo.maven.apache.org/maven2/com/vladsch/flexmark/flexmark-ext-anchorlink/0.42.14/flexmark-ext-anchorlink-0.42.14.jar (17 kB at 956 B/s)
#14 176.0 [INFO] Downloading from central: https://repo.maven.apache.org/maven2/com/vladsch/flexmark/flexmark-ext-aside/0.42.14/flexmark-ext-aside-0.42.14.jar
#14 176.4 [INFO] Downloaded from central: https://repo.maven.apache.org/maven2/com/vladsch/flexmark/flexmark-ext-aside/0.42.14/flexmark-ext-aside-0.42.14.jar (16 kB at 908 B/s)
#14 176.4 [INFO] Downloading from central: https://repo.maven.apache.org/maven2/com/vladsch/flexmark/flexmark-ext-attributes/0.42.14/flexmark-ext-attributes-0.42.14.jar
#14 176.6 [INFO] Downloaded from central: https://repo.maven.apache.org/maven2/com/vladsch/flexmark/flexmark-ext-admonition/0.42.14/flexmark-ext-admonition-0.42.14.jar (34 kB at 1.9 kB/s)
#14 176.6 [INFO] Downloading from central: https://repo.maven.apache.org/maven2/com/vladsch/flexmark/flexmark-ext-autolink/0.42.14/flexmark-ext-autolink-0.42.14.jar
#14 176.9 [INFO] Downloaded from central: https://repo.maven.apache.org/maven2/com/google/collections/google-collections/1.0/google-collections-1.0.jar (640 kB at 35 kB/s)
#14 176.9 [INFO] Downloading from central: https://repo.maven.apache.org/maven2/org/nibor/autolink/autolink/0.6.0/autolink-0.6.0.jar
#14 177.0 [INFO] Downloaded from central: https://repo.maven.apache.org/maven2/com/vladsch/flexmark/flexmark-ext-attributes/0.42.14/flexmark-ext-attributes-0.42.14.jar (36 kB at 1.9 kB/s)
#14 177.0 [INFO] Downloading from central: https://repo.maven.apache.org/maven2/com/vladsch/flexmark/flexmark-ext-definition/0.42.14/flexmark-ext-definition-0.42.14.jar
#14 177.0 [INFO] Downloaded from central: https://repo.maven.apache.org/maven2/com/vladsch/flexmark/flexmark-ext-autolink/0.42.14/flexmark-ext-autolink-0.42.14.jar (9.4 kB at 508 B/s)
#14 177.0 [INFO] Downloading from central: https://repo.maven.apache.org/maven2/com/vladsch/flexmark/flexmark-ext-emoji/0.42.14/flexmark-ext-emoji-0.42.14.jar
#14 177.7 [INFO] Downloaded from central: https://repo.maven.apache.org/maven2/org/nibor/autolink/autolink/0.6.0/autolink-0.6.0.jar (16 kB at 841 B/s)
#14 177.7 [INFO] Downloading from central: https://repo.maven.apache.org/maven2/com/vladsch/flexmark/flexmark-ext-enumerated-reference/0.42.14/flexmark-ext-enumerated-reference-0.42.14.jar
#14 177.9 [INFO] Downloaded from central: https://repo.maven.apache.org/maven2/com/vladsch/flexmark/flexmark/0.42.14/flexmark-0.42.14.jar (389 kB at 20 kB/s)
#14 177.9 [INFO] Downloading from central: https://repo.maven.apache.org/maven2/com/vladsch/flexmark/flexmark-ext-escaped-character/0.42.14/flexmark-ext-escaped-character-0.42.14.jar
#14 178.1 [INFO] Downloaded from central: https://repo.maven.apache.org/maven2/com/vladsch/flexmark/flexmark-ext-definition/0.42.14/flexmark-ext-definition-0.42.14.jar (40 kB at 2.0 kB/s)
#14 178.1 [INFO] Downloading from central: https://repo.maven.apache.org/maven2/com/vladsch/flexmark/flexmark-ext-footnotes/0.42.14/flexmark-ext-footnotes-0.42.14.jar
#14 178.1 [INFO] Downloaded from central: https://repo.maven.apache.org/maven2/com/vladsch/flexmark/flexmark-ext-enumerated-reference/0.42.14/flexmark-ext-enumerated-reference-0.42.14.jar (66 kB at 3.4 kB/s)
#14 178.1 [INFO] Downloading from central: https://repo.maven.apache.org/maven2/com/vladsch/flexmark/flexmark-ext-gfm-issues/0.42.14/flexmark-ext-gfm-issues-0.42.14.jar
#14 178.2 [INFO] Downloaded from central: https://repo.maven.apache.org/maven2/com/vladsch/flexmark/flexmark-ext-emoji/0.42.14/flexmark-ext-emoji-0.42.14.jar (73 kB at 3.7 kB/s)
#14 178.2 [INFO] Downloading from central: https://repo.maven.apache.org/maven2/com/vladsch/flexmark/flexmark-ext-gfm-strikethrough/0.42.14/flexmark-ext-gfm-strikethrough-0.42.14.jar
#14 178.2 [INFO] Downloaded from central: https://repo.maven.apache.org/maven2/com/vladsch/flexmark/flexmark-ext-escaped-character/0.42.14/flexmark-ext-escaped-character-0.42.14.jar (13 kB at 649 B/s)
#14 178.2 [INFO] Downloading from central: https://repo.maven.apache.org/maven2/com/vladsch/flexmark/flexmark-ext-gfm-tables/0.42.14/flexmark-ext-gfm-tables-0.42.14.jar
#14 178.3 [INFO] Downloaded from central: https://repo.maven.apache.org/maven2/com/vladsch/flexmark/flexmark-ext-gfm-issues/0.42.14/flexmark-ext-gfm-issues-0.42.14.jar (16 kB at 791 B/s)
#14 178.3 [INFO] Downloading from central: https://repo.maven.apache.org/maven2/com/vladsch/flexmark/flexmark-ext-gfm-tasklist/0.42.14/flexmark-ext-gfm-tasklist-0.42.14.jar
#14 178.4 [INFO] Downloaded from central: https://repo.maven.apache.org/maven2/com/vladsch/flexmark/flexmark-ext-gfm-strikethrough/0.42.14/flexmark-ext-gfm-strikethrough-0.42.14.jar (29 kB at 1.4 kB/s)
#14 178.4 [INFO] Downloading from central: https://repo.maven.apache.org/maven2/com/vladsch/flexmark/flexmark-ext-gfm-users/0.42.14/flexmark-ext-gfm-users-0.42.14.jar
#14 178.5 [INFO] Downloaded from central: https://repo.maven.apache.org/maven2/com/vladsch/flexmark/flexmark-ext-gfm-tables/0.42.14/flexmark-ext-gfm-tables-0.42.14.jar (33 kB at 1.7 kB/s)
#14 178.5 [INFO] Downloading from central: https://repo.maven.apache.org/maven2/com/vladsch/flexmark/flexmark-ext-gitlab/0.42.14/flexmark-ext-gitlab-0.42.14.jar
#14 178.5 [INFO] Downloaded from central: https://repo.maven.apache.org/maven2/com/vladsch/flexmark/flexmark-ext-gfm-tasklist/0.42.14/flexmark-ext-gfm-tasklist-0.42.14.jar (28 kB at 1.4 kB/s)
#14 178.5 [INFO] Downloading from central: https://repo.maven.apache.org/maven2/com/vladsch/flexmark/flexmark-ext-jekyll-front-matter/0.42.14/flexmark-ext-jekyll-front-matter-0.42.14.jar
#14 178.6 [INFO] Downloaded from central: https://repo.maven.apache.org/maven2/com/vladsch/flexmark/flexmark-ext-gfm-users/0.42.14/flexmark-ext-gfm-users-0.42.14.jar (16 kB at 787 B/s)
#14 178.6 [INFO] Downloading from central: https://repo.maven.apache.org/maven2/com/vladsch/flexmark/flexmark-ext-jekyll-tag/0.42.14/flexmark-ext-jekyll-tag-0.42.14.jar
#14 178.7 [INFO] Downloaded from central: https://repo.maven.apache.org/maven2/com/vladsch/flexmark/flexmark-ext-footnotes/0.42.14/flexmark-ext-footnotes-0.42.14.jar (41 kB at 2.0 kB/s)
#14 178.7 [INFO] Downloading from central: https://repo.maven.apache.org/maven2/com/vladsch/flexmark/flexmark-ext-media-tags/0.42.14/flexmark-ext-media-tags-0.42.14.jar
#14 178.7 [INFO] Downloaded from central: https://repo.maven.apache.org/maven2/com/vladsch/flexmark/flexmark-ext-jekyll-front-matter/0.42.14/flexmark-ext-jekyll-front-matter-0.42.14.jar (18 kB at 905 B/s)
#14 178.7 [INFO] Downloading from central: https://repo.maven.apache.org/maven2/com/vladsch/flexmark/flexmark-ext-macros/0.42.14/flexmark-ext-macros-0.42.14.jar
#14 178.8 [INFO] Downloaded from central: https://repo.maven.apache.org/maven2/com/vladsch/flexmark/flexmark-ext-gitlab/0.42.14/flexmark-ext-gitlab-0.42.14.jar (42 kB at 2.1 kB/s)
#14 178.8 [INFO] Downloading from central: https://repo.maven.apache.org/maven2/com/vladsch/flexmark/flexmark-ext-ins/0.42.14/flexmark-ext-ins-0.42.14.jar
#14 178.8 [INFO] Downloaded from central: https://repo.maven.apache.org/maven2/com/vladsch/flexmark/flexmark-ext-jekyll-tag/0.42.14/flexmark-ext-jekyll-tag-0.42.14.jar (21 kB at 1.0 kB/s)
#14 178.8 [INFO] Downloading from central: https://repo.maven.apache.org/maven2/com/vladsch/flexmark/flexmark-ext-xwiki-macros/0.42.14/flexmark-ext-xwiki-macros-0.42.14.jar
#14 178.9 [INFO] Downloaded from central: https://repo.maven.apache.org/maven2/com/google/guava/guava/16.0.1/guava-16.0.1.jar (2.2 MB at 110 kB/s)
#14 178.9 [INFO] Downloading from central: https://repo.maven.apache.org/maven2/com/vladsch/flexmark/flexmark-ext-superscript/0.42.14/flexmark-ext-superscript-0.42.14.jar
#14 178.9 [INFO] Downloaded from central: https://repo.maven.apache.org/maven2/com/vladsch/flexmark/flexmark-ext-ins/0.42.14/flexmark-ext-ins-0.42.14.jar (13 kB at 638 B/s)
#14 178.9 [INFO] Downloading from central: https://repo.maven.apache.org/maven2/com/vladsch/flexmark/flexmark-ext-tables/0.42.14/flexmark-ext-tables-0.42.14.jar
#14 179.1 [INFO] Downloaded from central: https://repo.maven.apache.org/maven2/com/vladsch/flexmark/flexmark-ext-xwiki-macros/0.42.14/flexmark-ext-xwiki-macros-0.42.14.jar (31 kB at 1.5 kB/s)
#14 179.1 [INFO] Downloading from central: https://repo.maven.apache.org/maven2/com/vladsch/flexmark/flexmark-ext-toc/0.42.14/flexmark-ext-toc-0.42.14.jar
#14 179.1 [INFO] Downloaded from central: https://repo.maven.apache.org/maven2/com/vladsch/flexmark/flexmark-ext-superscript/0.42.14/flexmark-ext-superscript-0.42.14.jar (13 kB at 649 B/s)
#14 179.1 [INFO] Downloading from central: https://repo.maven.apache.org/maven2/com/vladsch/flexmark/flexmark-ext-typographic/0.42.14/flexmark-ext-typographic-0.42.14.jar
#14 179.1 [INFO] Downloaded from central: https://repo.maven.apache.org/maven2/com/vladsch/flexmark/flexmark-ext-macros/0.42.14/flexmark-ext-macros-0.42.14.jar (35 kB at 1.7 kB/s)
#14 179.1 [INFO] Downloading from central: https://repo.maven.apache.org/maven2/com/vladsch/flexmark/flexmark-ext-wikilink/0.42.14/flexmark-ext-wikilink-0.42.14.jar
#14 179.1 [INFO] Downloaded from central: https://repo.maven.apache.org/maven2/com/vladsch/flexmark/flexmark-ext-media-tags/0.42.14/flexmark-ext-media-tags-0.42.14.jar (25 kB at 1.2 kB/s)
#14 179.1 [INFO] Downloading from central: https://repo.maven.apache.org/maven2/com/vladsch/flexmark/flexmark-ext-yaml-front-matter/0.42.14/flexmark-ext-yaml-front-matter-0.42.14.jar
#14 179.3 [INFO] Downloaded from central: https://repo.maven.apache.org/maven2/com/vladsch/flexmark/flexmark-ext-typographic/0.42.14/flexmark-ext-typographic-0.42.14.jar (22 kB at 1.1 kB/s)
#14 179.3 [INFO] Downloading from central: https://repo.maven.apache.org/maven2/com/vladsch/flexmark/flexmark-ext-youtube-embedded/0.42.14/flexmark-ext-youtube-embedded-0.42.14.jar
#14 179.4 [INFO] Downloaded from central: https://repo.maven.apache.org/maven2/com/vladsch/flexmark/flexmark-ext-yaml-front-matter/0.42.14/flexmark-ext-yaml-front-matter-0.42.14.jar (18 kB at 877 B/s)
#14 179.4 [INFO] Downloading from central: https://repo.maven.apache.org/maven2/com/vladsch/flexmark/flexmark-formatter/0.42.14/flexmark-formatter-0.42.14.jar
#14 179.4 [INFO] Downloaded from central: https://repo.maven.apache.org/maven2/com/vladsch/flexmark/flexmark-ext-youtube-embedded/0.42.14/flexmark-ext-youtube-embedded-0.42.14.jar (13 kB at 601 B/s)
#14 179.4 [INFO] Downloading from central: https://repo.maven.apache.org/maven2/com/vladsch/flexmark/flexmark-html-parser/0.42.14/flexmark-html-parser-0.42.14.jar
#14 179.4 [INFO] Downloaded from central: https://repo.maven.apache.org/maven2/com/vladsch/flexmark/flexmark-ext-wikilink/0.42.14/flexmark-ext-wikilink-0.42.14.jar (26 kB at 1.2 kB/s)
#14 179.4 [INFO] Downloading from central: https://repo.maven.apache.org/maven2/org/jsoup/jsoup/1.10.2/jsoup-1.10.2.jar
#14 179.4 [INFO] Downloaded from central: https://repo.maven.apache.org/maven2/com/vladsch/flexmark/flexmark-ext-tables/0.42.14/flexmark-ext-tables-0.42.14.jar (76 kB at 3.7 kB/s)
#14 179.4 [INFO] Downloading from central: https://repo.maven.apache.org/maven2/com/vladsch/flexmark/flexmark-jira-converter/0.42.14/flexmark-jira-converter-0.42.14.jar
#14 179.6 [INFO] Downloaded from central: https://repo.maven.apache.org/maven2/com/vladsch/flexmark/flexmark-ext-toc/0.42.14/flexmark-ext-toc-0.42.14.jar (91 kB at 4.3 kB/s)
#14 179.6 [INFO] Downloading from central: https://repo.maven.apache.org/maven2/com/vladsch/flexmark/flexmark-profile-pegdown/0.42.14/flexmark-profile-pegdown-0.42.14.jar
#14 179.7 [INFO] Downloaded from central: https://repo.maven.apache.org/maven2/com/vladsch/flexmark/flexmark-html-parser/0.42.14/flexmark-html-parser-0.42.14.jar (45 kB at 2.1 kB/s)
#14 179.7 [INFO] Downloading from central: https://repo.maven.apache.org/maven2/com/vladsch/flexmark/flexmark-util/0.42.14/flexmark-util-0.42.14.jar
#14 179.7 [INFO] Downloaded from central: https://repo.maven.apache.org/maven2/com/vladsch/flexmark/flexmark-profile-pegdown/0.42.14/flexmark-profile-pegdown-0.42.14.jar (6.3 kB at 297 B/s)
#14 179.7 [INFO] Downloading from central: https://repo.maven.apache.org/maven2/com/vladsch/flexmark/flexmark-youtrack-converter/0.42.14/flexmark-youtrack-converter-0.42.14.jar
#14 179.9 [INFO] Downloaded from central: https://repo.maven.apache.org/maven2/com/vladsch/flexmark/flexmark-youtrack-converter/0.42.14/flexmark-youtrack-converter-0.42.14.jar (41 kB at 1.9 kB/s)
#14 179.9 [INFO] Downloading from central: https://repo.maven.apache.org/maven2/org/apache/maven/doxia/doxia-module-confluence/1.11.1/doxia-module-confluence-1.11.1.jar
#14 180.0 [INFO] Downloaded from central: https://repo.maven.apache.org/maven2/com/vladsch/flexmark/flexmark-formatter/0.42.14/flexmark-formatter-0.42.14.jar (97 kB at 4.6 kB/s)
#14 180.0 [INFO] Downloading from central: https://repo.maven.apache.org/maven2/org/apache/maven/doxia/doxia-module-docbook-simple/1.11.1/doxia-module-docbook-simple-1.11.1.jar
#14 180.1 [INFO] Downloaded from central: https://repo.maven.apache.org/maven2/org/apache/maven/doxia/doxia-module-confluence/1.11.1/doxia-module-confluence-1.11.1.jar (58 kB at 2.7 kB/s)
#14 180.1 [INFO] Downloading from central: https://repo.maven.apache.org/maven2/org/apache/maven/doxia/doxia-module-twiki/1.11.1/doxia-module-twiki-1.11.1.jar
#14 180.2 [INFO] Downloaded from central: https://repo.maven.apache.org/maven2/com/vladsch/flexmark/flexmark-jira-converter/0.42.14/flexmark-jira-converter-0.42.14.jar (40 kB at 1.8 kB/s)
#14 180.2 [INFO] Downloading from central: https://repo.maven.apache.org/maven2/org/eclipse/jetty/jetty-server/9.4.46.v20220331/jetty-server-9.4.46.v20220331.jar
#14 180.5 [INFO] Downloaded from central: https://repo.maven.apache.org/maven2/org/apache/maven/doxia/doxia-module-docbook-simple/1.11.1/doxia-module-docbook-simple-1.11.1.jar (128 kB at 5.8 kB/s)
#14 180.5 [INFO] Downloading from central: https://repo.maven.apache.org/maven2/javax/servlet/javax.servlet-api/3.1.0/javax.servlet-api-3.1.0.jar
#14 180.6 [INFO] Downloaded from central: https://repo.maven.apache.org/maven2/org/apache/maven/doxia/doxia-module-twiki/1.11.1/doxia-module-twiki-1.11.1.jar (73 kB at 3.3 kB/s)
#14 180.6 [INFO] Downloading from central: https://repo.maven.apache.org/maven2/org/eclipse/jetty/jetty-http/9.4.46.v20220331/jetty-http-9.4.46.v20220331.jar
#14 181.0 [INFO] Downloaded from central: https://repo.maven.apache.org/maven2/com/vladsch/flexmark/flexmark-util/0.42.14/flexmark-util-0.42.14.jar (385 kB at 17 kB/s)
#14 181.0 [INFO] Downloading from central: https://repo.maven.apache.org/maven2/org/eclipse/jetty/jetty-io/9.4.46.v20220331/jetty-io-9.4.46.v20220331.jar
#14 181.1 [INFO] Downloaded from central: https://repo.maven.apache.org/maven2/javax/servlet/javax.servlet-api/3.1.0/javax.servlet-api-3.1.0.jar (96 kB at 4.3 kB/s)
#14 181.1 [INFO] Downloading from central: https://repo.maven.apache.org/maven2/org/eclipse/jetty/jetty-servlet/9.4.46.v20220331/jetty-servlet-9.4.46.v20220331.jar
#14 181.7 [INFO] Downloaded from central: https://repo.maven.apache.org/maven2/org/eclipse/jetty/jetty-io/9.4.46.v20220331/jetty-io-9.4.46.v20220331.jar (184 kB at 7.9 kB/s)
#14 181.7 [INFO] Downloading from central: https://repo.maven.apache.org/maven2/org/eclipse/jetty/jetty-security/9.4.46.v20220331/jetty-security-9.4.46.v20220331.jar
#14 181.8 [INFO] Downloaded from central: https://repo.maven.apache.org/maven2/org/eclipse/jetty/jetty-servlet/9.4.46.v20220331/jetty-servlet-9.4.46.v20220331.jar (147 kB at 6.3 kB/s)
#14 181.8 [INFO] Downloading from central: https://repo.maven.apache.org/maven2/org/eclipse/jetty/jetty-util-ajax/9.4.46.v20220331/jetty-util-ajax-9.4.46.v20220331.jar
#14 182.1 [INFO] Downloaded from central: https://repo.maven.apache.org/maven2/org/eclipse/jetty/jetty-util-ajax/9.4.46.v20220331/jetty-util-ajax-9.4.46.v20220331.jar (67 kB at 2.8 kB/s)
#14 182.1 [INFO] Downloading from central: https://repo.maven.apache.org/maven2/org/eclipse/jetty/jetty-webapp/9.4.46.v20220331/jetty-webapp-9.4.46.v20220331.jar
#14 182.2 [INFO] Downloaded from central: https://repo.maven.apache.org/maven2/org/eclipse/jetty/jetty-security/9.4.46.v20220331/jetty-security-9.4.46.v20220331.jar (119 kB at 5.0 kB/s)
#14 182.2 [INFO] Downloading from central: https://repo.maven.apache.org/maven2/org/eclipse/jetty/jetty-xml/9.4.46.v20220331/jetty-xml-9.4.46.v20220331.jar
#14 182.2 [INFO] Downloaded from central: https://repo.maven.apache.org/maven2/org/eclipse/jetty/jetty-http/9.4.46.v20220331/jetty-http-9.4.46.v20220331.jar (225 kB at 9.5 kB/s)
#14 182.2 [INFO] Downloading from central: https://repo.maven.apache.org/maven2/org/eclipse/jetty/jetty-util/9.4.46.v20220331/jetty-util-9.4.46.v20220331.jar
#14 182.6 [INFO] Downloaded from central: https://repo.maven.apache.org/maven2/org/eclipse/jetty/jetty-server/9.4.46.v20220331/jetty-server-9.4.46.v20220331.jar (733 kB at 30 kB/s)
#14 182.7 [INFO] Downloaded from central: https://repo.maven.apache.org/maven2/org/jsoup/jsoup/1.10.2/jsoup-1.10.2.jar (351 kB at 15 kB/s)
#14 182.9 [INFO] Downloaded from central: https://repo.maven.apache.org/maven2/org/eclipse/jetty/jetty-webapp/9.4.46.v20220331/jetty-webapp-9.4.46.v20220331.jar (141 kB at 5.8 kB/s)
#14 182.9 [INFO] Downloaded from central: https://repo.maven.apache.org/maven2/org/eclipse/jetty/jetty-xml/9.4.46.v20220331/jetty-xml-9.4.46.v20220331.jar (69 kB at 2.8 kB/s)
#14 184.3 [INFO] Downloaded from central: https://repo.maven.apache.org/maven2/org/eclipse/jetty/jetty-util/9.4.46.v20220331/jetty-util-9.4.46.v20220331.jar (586 kB at 23 kB/s)
#14 184.3 [INFO] Downloading from central: https://repo.maven.apache.org/maven2/org/codehaus/plexus/plexus-utils/4.0.0/plexus-utils-4.0.0.jar
#14 184.6 [INFO] Downloaded from central: https://repo.maven.apache.org/maven2/org/codehaus/plexus/plexus-utils/4.0.0/plexus-utils-4.0.0.jar (192 kB at 675 kB/s)
#14 184.6 [INFO] Downloading from central: https://repo.maven.apache.org/maven2/org/codehaus/plexus/plexus-utils/3.5.0/plexus-utils-3.5.0.pom
#14 184.7 [INFO] Downloaded from central: https://repo.maven.apache.org/maven2/org/codehaus/plexus/plexus-utils/3.5.0/plexus-utils-3.5.0.pom (8.0 kB at 84 kB/s)
#14 184.7 [INFO] Downloading from central: https://repo.maven.apache.org/maven2/org/codehaus/plexus/plexus-utils/3.5.0/plexus-utils-3.5.0.jar
#14 185.2 [INFO] Downloaded from central: https://repo.maven.apache.org/maven2/org/codehaus/plexus/plexus-utils/3.5.0/plexus-utils-3.5.0.jar (267 kB at 554 kB/s)
#14 185.2 [INFO] Resolved plugin: jetty-servlet-9.4.46.v20220331.jar
#14 185.2 [INFO] Resolved plugin: aopalliance-1.0.jar
#14 185.2 [INFO] Resolved plugin: aether-spi-1.0.0.v20140518.jar
#14 185.2 [INFO] Resolved plugin: plexus-interpolation-1.26.jar
#14 185.2 [INFO] Resolved plugin: doxia-module-twiki-1.11.1.jar
#14 185.2 [INFO] Resolved plugin: jdependency-2.8.0.jar
#14 185.2 [INFO] Resolved plugin: maven-deploy-plugin-3.1.1.jar
#14 185.2 [INFO] Resolved plugin: velocity-tools-2.0.jar
#14 185.2 [INFO] Resolved plugin: maven-settings-builder-3.2.5.jar
#14 185.2 [INFO] Resolved plugin: httpcore-4.4.14.jar
#14 185.2 [INFO] Resolved plugin: flexmark-ext-gfm-tasklist-0.42.14.jar
#14 185.2 [INFO] Resolved plugin: flexmark-ext-admonition-0.42.14.jar
#14 185.2 [INFO] Resolved plugin: jna-5.13.0.jar
#14 185.2 [INFO] Resolved plugin: maven-artifact-3.2.5.jar
#14 185.2 [INFO] Resolved plugin: maven-core-3.2.5.jar
#14 185.2 [INFO] Resolved plugin: flexmark-ext-footnotes-0.42.14.jar
#14 185.2 [INFO] Resolved plugin: flexmark-ext-gfm-strikethrough-0.42.14.jar
#14 185.2 [INFO] Resolved plugin: flexmark-ext-enumerated-reference-0.42.14.jar
#14 185.2 [INFO] Resolved plugin: plexus-component-annotations-2.1.1.jar
#14 185.2 [INFO] Resolved plugin: flexmark-ext-media-tags-0.42.14.jar
#14 185.2 [INFO] Resolved plugin: doxia-module-xhtml-1.11.1.jar
#14 185.2 [INFO] Resolved plugin: spring-beans-6.1.6.jar
#14 185.2 [INFO] Resolved plugin: flexmark-util-0.42.14.jar
#14 185.2 [INFO] Resolved plugin: flexmark-ext-anchorlink-0.42.14.jar
#14 185.2 [INFO] Resolved plugin: aether-api-1.0.0.v20140518.jar
#14 185.2 [INFO] Resolved plugin: autolink-0.6.0.jar
#14 185.2 [INFO] Resolved plugin: commons-logging-1.2.jar
#14 185.2 [INFO] Resolved plugin: flexmark-ext-escaped-character-0.42.14.jar
#14 185.2 [INFO] Resolved plugin: maven-clean-plugin-3.3.2.jar
#14 185.2 [INFO] Resolved plugin: jackson-annotations-2.14.2.jar
#14 185.2 [INFO] Resolved plugin: doxia-skin-model-1.11.1.jar
#14 185.2 [INFO] Resolved plugin: dom4j-1.1.jar
#14 185.2 [INFO] Resolved plugin: plexus-cipher-1.4.jar
#14 185.2 [INFO] Resolved plugin: flexmark-0.42.14.jar
#14 185.2 [INFO] Resolved plugin: plexus-utils-3.4.2.jar
#14 185.2 [INFO] Resolved plugin: flexmark-ext-aside-0.42.14.jar
#14 185.2 [INFO] Resolved plugin: flexmark-ext-wikilink-0.42.14.jar
#14 185.2 [INFO] Resolved plugin: flexmark-youtrack-converter-0.42.14.jar
#14 185.2 [INFO] Resolved plugin: spring-jcl-6.1.6.jar
#14 185.2 [INFO] Resolved plugin: org.eclipse.sisu.inject-0.3.5.jar
#14 185.2 [INFO] Resolved plugin: flexmark-ext-gfm-tables-0.42.14.jar
#14 185.2 [INFO] Resolved plugin: tomlj-1.0.0.jar
#14 185.2 [INFO] Resolved plugin: httpclient-4.5.13.jar
#14 185.2 [INFO] Resolved plugin: flexmark-ext-toc-0.42.14.jar
#14 185.2 [INFO] Resolved plugin: antlr4-runtime-4.7.2.jar
#14 185.2 [INFO] Resolved plugin: spring-aop-6.1.6.jar
#14 185.2 [INFO] Resolved plugin: jetty-io-9.4.46.v20220331.jar
#14 185.2 [INFO] Resolved plugin: plexus-utils-1.5.8.jar
#14 185.2 [INFO] Resolved plugin: cdi-api-1.2.jar
#14 185.2 [INFO] Resolved plugin: commons-chain-1.1.jar
#14 185.2 [INFO] Resolved plugin: jetty-http-9.4.46.v20220331.jar
#14 185.2 [INFO] Resolved plugin: spring-expression-6.1.6.jar
#14 185.2 [INFO] Resolved plugin: flexmark-html-parser-0.42.14.jar
#14 185.2 [INFO] Resolved plugin: flexmark-jira-converter-0.42.14.jar
#14 185.2 [INFO] Resolved plugin: maven-reporting-api-3.1.1.jar
#14 185.2 [INFO] Resolved plugin: maven-plugin-api-3.2.5.jar
#14 185.2 [INFO] Resolved plugin: sisu-guice-3.2.3-no_aop.jar
#14 185.2 [INFO] Resolved plugin: asm-tree-9.5.jar
#14 185.2 [INFO] Resolved plugin: javax.inject-1.jar
#14 185.2 [INFO] Resolved plugin: flexmark-ext-attributes-0.42.14.jar
#14 185.2 [INFO] Resolved plugin: commons-lang3-3.8.1.jar
#14 185.2 [INFO] Resolved plugin: maven-shared-utils-3.3.4.jar
#14 185.2 [INFO] Resolved plugin: maven-aether-provider-3.2.5.jar
#14 185.2 [INFO] Resolved plugin: aether-util-1.0.0.v20140518.jar
#14 185.2 [INFO] Resolved plugin: javax.servlet-api-3.1.0.jar
#14 185.2 [INFO] Resolved plugin: jetty-util-ajax-9.4.46.v20220331.jar
#14 185.2 [INFO] Resolved plugin: jetty-security-9.4.46.v20220331.jar
#14 185.2 [INFO] Resolved plugin: commons-io-2.13.0.jar
#14 185.2 [INFO] Resolved plugin: maven-settings-3.2.5.jar
#14 185.2 [INFO] Resolved plugin: jna-platform-5.13.0.jar
#14 185.2 [INFO] Resolved plugin: jackson-core-2.14.2.jar
#14 185.2 [INFO] Resolved plugin: jsoup-1.10.2.jar
#14 185.2 [INFO] Resolved plugin: oro-2.0.8.jar
#14 185.2 [INFO] Resolved plugin: org.eclipse.sisu.plexus-0.3.5.jar
#14 185.2 [INFO] Resolved plugin: maven-common-artifact-filters-3.3.2.jar
#14 185.2 [INFO] Resolved plugin: xz-1.9.jar
#14 185.2 [INFO] Resolved plugin: spring-boot-loader-tools-3.2.5.jar
#14 185.2 [INFO] Resolved plugin: micrometer-commons-1.12.5.jar
#14 185.2 [INFO] Resolved plugin: aether-impl-1.0.0.v20140518.jar
#14 185.2 [INFO] Resolved plugin: doxia-core-1.11.1.jar
#14 185.2 [INFO] Resolved plugin: commons-text-1.3.jar
#14 185.2 [INFO] Resolved plugin: plexus-utils-4.0.0.jar
#14 185.2 [INFO] Resolved plugin: flexmark-ext-ins-0.42.14.jar
#14 185.2 [INFO] Resolved plugin: commons-lang-2.4.jar
#14 185.2 [INFO] Resolved plugin: slf4j-api-1.7.36.jar
#14 185.2 [INFO] Resolved plugin: maven-install-plugin-3.1.1.jar
#14 185.2 [INFO] Resolved plugin: google-collections-1.0.jar
#14 185.2 [INFO] Resolved plugin: doxia-module-apt-1.11.1.jar
#14 185.2 [INFO] Resolved plugin: flexmark-ext-gfm-issues-0.42.14.jar
#14 185.2 [INFO] Resolved plugin: jetty-util-9.4.46.v20220331.jar
#14 185.2 [INFO] Resolved plugin: maven-model-builder-3.2.5.jar
#14 185.2 [INFO] Resolved plugin: flexmark-ext-emoji-0.42.14.jar
#14 185.2 [INFO] Resolved plugin: jackson-databind-2.14.2.jar
#14 185.2 [INFO] Resolved plugin: plexus-archiver-4.2.7.jar
#14 185.2 [INFO] Resolved plugin: doxia-integration-tools-1.11.1.jar
#14 185.2 [INFO] Resolved plugin: commons-io-2.6.jar
#14 185.2 [INFO] Resolved plugin: httpcore5-5.2.4.jar
#14 185.2 [INFO] Resolved plugin: flexmark-ext-youtube-embedded-0.42.14.jar
#14 185.2 [INFO] Resolved plugin: maven-repository-metadata-3.2.5.jar
#14 185.2 [INFO] Resolved plugin: flexmark-formatter-0.42.14.jar
#14 185.2 [INFO] Resolved plugin: maven-model-3.2.5.jar
#14 185.2 [INFO] Resolved plugin: flexmark-ext-jekyll-front-matter-0.42.14.jar
#14 185.2 [INFO] Resolved plugin: doxia-decoration-model-1.11.1.jar
#14 185.2 [INFO] Resolved plugin: flexmark-all-0.42.14.jar
#14 185.2 [INFO] Resolved plugin: plexus-utils-3.5.0.jar
#14 185.2 [INFO] Resolved plugin: jdom2-2.0.6.1.jar
#14 185.2 [INFO] Resolved plugin: jetty-webapp-9.4.46.v20220331.jar
#14 185.2 [INFO] Resolved plugin: flexmark-profile-pegdown-0.42.14.jar
#14 185.2 [INFO] Resolved plugin: doxia-module-docbook-simple-1.11.1.jar
#14 185.2 [INFO] Resolved plugin: plexus-io-3.2.0.jar
#14 185.2 [INFO] Resolved plugin: xbean-reflect-3.7.jar
#14 185.2 [INFO] Resolved plugin: maven-reporting-exec-1.6.0.jar
#14 185.2 [INFO] Resolved plugin: doxia-sink-api-1.11.1.jar
#14 185.2 [INFO] Resolved plugin: jetty-xml-9.4.46.v20220331.jar
#14 185.2 [INFO] Resolved plugin: guava-16.0.1.jar
#14 185.2 [INFO] Resolved plugin: plexus-velocity-1.2.jar
#14 185.2 [INFO] Resolved plugin: plexus-container-default-2.1.0.jar
#14 185.2 [INFO] Resolved plugin: commons-codec-1.11.jar
#14 185.2 [INFO] Resolved plugin: flexmark-ext-typographic-0.42.14.jar
#14 185.2 [INFO] Resolved plugin: flexmark-ext-autolink-0.42.14.jar
#14 185.2 [INFO] Resolved plugin: micrometer-observation-1.12.5.jar
#14 185.2 [INFO] Resolved plugin: snappy-0.4.jar
#14 185.2 [INFO] Resolved plugin: flexmark-ext-jekyll-tag-0.42.14.jar
#14 185.2 [INFO] Resolved plugin: jsr305-3.0.2.jar
#14 185.2 [INFO] Resolved plugin: flexmark-ext-gitlab-0.42.14.jar
#14 185.2 [INFO] Resolved plugin: doxia-module-xdoc-1.11.1.jar
#14 185.2 [INFO] Resolved plugin: plexus-build-api-0.0.7.jar
#14 185.2 [INFO] Resolved plugin: commons-compress-1.21.jar
#14 185.2 [INFO] Resolved plugin: asm-9.5.jar
#14 185.2 [INFO] Resolved plugin: maven-dependency-tree-3.2.1.jar
#14 185.2 [INFO] Resolved plugin: doxia-module-fml-1.11.1.jar
#14 185.2 [INFO] Resolved plugin: doxia-site-renderer-1.11.1.jar
#14 185.2 [INFO] Resolved plugin: commons-digester-1.8.jar
#14 185.2 [INFO] Resolved plugin: jetty-server-9.4.46.v20220331.jar
#14 185.2 [INFO] Resolved plugin: flexmark-ext-abbreviation-0.42.14.jar
#14 185.2 [INFO] Resolved plugin: commons-beanutils-1.7.0.jar
#14 185.2 [INFO] Resolved plugin: maven-archiver-3.5.2.jar
#14 185.2 [INFO] Resolved plugin: httpcore5-h2-5.2.4.jar
#14 185.2 [INFO] Resolved plugin: spring-boot-buildpack-platform-3.2.5.jar
#14 185.2 [INFO] Resolved plugin: flexmark-ext-definition-0.42.14.jar
#14 185.2 [INFO] Resolved plugin: plexus-classworlds-2.5.2.jar
#14 185.2 [INFO] Resolved plugin: doxia-logging-api-1.11.1.jar
#14 185.2 [INFO] Resolved plugin: spring-core-6.1.6.jar
#14 185.2 [INFO] Resolved plugin: doxia-module-confluence-1.11.1.jar
#14 185.2 [INFO] Resolved plugin: doxia-module-xhtml5-1.11.1.jar
#14 185.2 [INFO] Resolved plugin: flexmark-ext-tables-0.42.14.jar
#14 185.2 [INFO] Resolved plugin: javax.annotation-api-1.2.jar
#14 185.2 [INFO] Resolved plugin: flexmark-ext-macros-0.42.14.jar
#14 185.2 [INFO] Resolved plugin: flexmark-ext-yaml-front-matter-0.42.14.jar
#14 185.2 [INFO] Resolved plugin: spring-boot-maven-plugin-3.2.5.jar
#14 185.2 [INFO] Resolved plugin: maven-shade-plugin-3.5.0.jar
#14 185.2 [INFO] Resolved plugin: maven-site-plugin-3.12.1.jar
#14 185.2 [INFO] Resolved plugin: plexus-sec-dispatcher-1.3.jar
#14 185.2 [INFO] Resolved plugin: jackson-module-parameter-names-2.14.2.jar
#14 185.2 [INFO] Resolved plugin: commons-collections4-4.4.jar
#14 185.2 [INFO] Resolved plugin: plexus-i18n-1.0-beta-10.jar
#14 185.2 [INFO] Resolved plugin: flexmark-ext-superscript-0.42.14.jar
#14 185.2 [INFO] Resolved plugin: commons-collections-3.2.2.jar
#14 185.2 [INFO] Resolved plugin: flexmark-ext-gfm-users-0.42.14.jar
#14 185.2 [INFO] Resolved plugin: doxia-module-markdown-1.11.1.jar
#14 185.2 [INFO] Resolved plugin: flexmark-ext-xwiki-macros-0.42.14.jar
#14 185.2 [INFO] Resolved plugin: spring-context-6.1.6.jar
#14 185.2 [INFO] Resolved plugin: commons-compress-1.20.jar
#14 185.2 [INFO] Resolved plugin: asm-commons-9.5.jar
#14 185.2 [INFO] Resolved plugin: velocity-1.7.jar
#14 185.2 [INFO] Resolved plugin: httpclient5-5.2.3.jar
#14 185.2 [INFO] 
#14 185.2 [INFO] ---------------------< com.elearning:auth-server >----------------------
#14 185.2 [INFO] Building auth-server 0.0.1-SNAPSHOT                                [2/3]
#14 185.2 [INFO]   from auth-server/pom.xml
#14 185.2 [INFO] --------------------------------[ jar ]---------------------------------
#14 185.2 [INFO] Downloading from central: https://repo.maven.apache.org/maven2/org/apache/maven/plugins/maven-resources-plugin/3.3.1/maven-resources-plugin-3.3.1.pom
#14 185.3 [INFO] Downloaded from central: https://repo.maven.apache.org/maven2/org/apache/maven/plugins/maven-resources-plugin/3.3.1/maven-resources-plugin-3.3.1.pom (8.2 kB at 94 kB/s)
#14 185.3 [INFO] Downloading from central: https://repo.maven.apache.org/maven2/org/apache/maven/plugins/maven-resources-plugin/3.3.1/maven-resources-plugin-3.3.1.jar
#14 185.4 [INFO] Downloaded from central: https://repo.maven.apache.org/maven2/org/apache/maven/plugins/maven-resources-plugin/3.3.1/maven-resources-plugin-3.3.1.jar (31 kB at 284 kB/s)
#14 185.4 [INFO] Downloading from central: https://repo.maven.apache.org/maven2/org/apache/maven/plugins/maven-jar-plugin/3.3.0/maven-jar-plugin-3.3.0.pom
#14 185.5 [INFO] Downloaded from central: https://repo.maven.apache.org/maven2/org/apache/maven/plugins/maven-jar-plugin/3.3.0/maven-jar-plugin-3.3.0.pom (6.8 kB at 69 kB/s)
#14 185.5 [INFO] Downloading from central: https://repo.maven.apache.org/maven2/org/apache/maven/plugins/maven-plugins/37/maven-plugins-37.pom
#14 185.6 [INFO] Downloaded from central: https://repo.maven.apache.org/maven2/org/apache/maven/plugins/maven-plugins/37/maven-plugins-37.pom (9.9 kB at 130 kB/s)
#14 185.6 [INFO] Downloading from central: https://repo.maven.apache.org/maven2/org/apache/maven/plugins/maven-jar-plugin/3.3.0/maven-jar-plugin-3.3.0.jar
#14 185.7 [INFO] Downloaded from central: https://repo.maven.apache.org/maven2/org/apache/maven/plugins/maven-jar-plugin/3.3.0/maven-jar-plugin-3.3.0.jar (27 kB at 234 kB/s)
#14 185.7 [INFO] Downloading from central: https://repo.maven.apache.org/maven2/org/apache/maven/plugins/maven-surefire-plugin/3.1.2/maven-surefire-plugin-3.1.2.pom
#14 185.8 [INFO] Downloaded from central: https://repo.maven.apache.org/maven2/org/apache/maven/plugins/maven-surefire-plugin/3.1.2/maven-surefire-plugin-3.1.2.pom (5.5 kB at 66 kB/s)
#14 185.8 [INFO] Downloading from central: https://repo.maven.apache.org/maven2/org/apache/maven/surefire/surefire/3.1.2/surefire-3.1.2.pom
#14 185.9 [INFO] Downloaded from central: https://repo.maven.apache.org/maven2/org/apache/maven/surefire/surefire/3.1.2/surefire-3.1.2.pom (22 kB at 189 kB/s)
#14 185.9 [INFO] Downloading from central: https://repo.maven.apache.org/maven2/org/apache/maven/plugins/maven-surefire-plugin/3.1.2/maven-surefire-plugin-3.1.2.jar
#14 186.1 [INFO] Downloaded from central: https://repo.maven.apache.org/maven2/org/apache/maven/plugins/maven-surefire-plugin/3.1.2/maven-surefire-plugin-3.1.2.jar (43 kB at 295 kB/s)
#14 186.1 [INFO] 
#14 186.1 [INFO] --- dependency:3.6.1:go-offline (default-cli) @ auth-server ---
#14 186.1 [INFO] Downloading from central: https://repo.maven.apache.org/maven2/org/apache/maven/shared/maven-shared-incremental/1.1/maven-shared-incremental-1.1.pom
#14 186.2 [INFO] Downloaded from central: https://repo.maven.apache.org/maven2/org/apache/maven/shared/maven-shared-incremental/1.1/maven-shared-incremental-1.1.pom (4.7 kB at 30 kB/s)
#14 186.2 [INFO] Downloading from central: https://repo.maven.apache.org/maven2/org/apache/maven/shared/maven-shared-components/19/maven-shared-components-19.pom
#14 186.3 [INFO] Downloaded from central: https://repo.maven.apache.org/maven2/org/apache/maven/shared/maven-shared-components/19/maven-shared-components-19.pom (6.4 kB at 85 kB/s)
#14 186.3 [INFO] Downloading from central: https://repo.maven.apache.org/maven2/org/codehaus/plexus/plexus-java/1.1.2/plexus-java-1.1.2.pom
#14 186.4 [INFO] Downloaded from central: https://repo.maven.apache.org/maven2/org/codehaus/plexus/plexus-java/1.1.2/plexus-java-1.1.2.pom (5.0 kB at 54 kB/s)
#14 186.4 [INFO] Downloading from central: https://repo.maven.apache.org/maven2/org/codehaus/plexus/plexus-languages/1.1.2/plexus-languages-1.1.2.pom
#14 186.5 [INFO] Downloaded from central: https://repo.maven.apache.org/maven2/org/codehaus/plexus/plexus-languages/1.1.2/plexus-languages-1.1.2.pom (4.1 kB at 54 kB/s)
#14 186.5 [INFO] Downloading from central: https://repo.maven.apache.org/maven2/org/ow2/asm/asm/9.4/asm-9.4.pom
#14 186.6 [INFO] Downloaded from central: https://repo.maven.apache.org/maven2/org/ow2/asm/asm/9.4/asm-9.4.pom (2.4 kB at 30 kB/s)
#14 186.6 [INFO] Downloading from central: https://repo.maven.apache.org/maven2/com/thoughtworks/qdox/qdox/2.0.3/qdox-2.0.3.pom
#14 186.6 [INFO] Downloaded from central: https://repo.maven.apache.org/maven2/com/thoughtworks/qdox/qdox/2.0.3/qdox-2.0.3.pom (17 kB at 227 kB/s)
#14 186.6 [INFO] Downloading from central: https://repo.maven.apache.org/maven2/org/codehaus/plexus/plexus-compiler-api/2.13.0/plexus-compiler-api-2.13.0.pom
#14 186.7 [INFO] Downloaded from central: https://repo.maven.apache.org/maven2/org/codehaus/plexus/plexus-compiler-api/2.13.0/plexus-compiler-api-2.13.0.pom (1.1 kB at 16 kB/s)
#14 186.7 [INFO] Downloading from central: https://repo.maven.apache.org/maven2/org/codehaus/plexus/plexus-compiler/2.13.0/plexus-compiler-2.13.0.pom
#14 186.8 [INFO] Downloaded from central: https://repo.maven.apache.org/maven2/org/codehaus/plexus/plexus-compiler/2.13.0/plexus-compiler-2.13.0.pom (8.4 kB at 106 kB/s)
#14 186.8 [INFO] Downloading from central: https://repo.maven.apache.org/maven2/org/codehaus/plexus/plexus-components/10.0/plexus-components-10.0.pom
#14 186.9 [INFO] Downloaded from central: https://repo.maven.apache.org/maven2/org/codehaus/plexus/plexus-components/10.0/plexus-components-10.0.pom (2.7 kB at 29 kB/s)
#14 186.9 [INFO] Downloading from central: https://repo.maven.apache.org/maven2/org/codehaus/plexus/plexus-compiler-manager/2.13.0/plexus-compiler-manager-2.13.0.pom
#14 187.0 [INFO] Downloaded from central: https://repo.maven.apache.org/maven2/org/codehaus/plexus/plexus-compiler-manager/2.13.0/plexus-compiler-manager-2.13.0.pom (1.1 kB at 15 kB/s)
#14 187.0 [INFO] Downloading from central: https://repo.maven.apache.org/maven2/org/codehaus/plexus/plexus-compiler-javac/2.13.0/plexus-compiler-javac-2.13.0.pom
#14 187.0 [INFO] Downloaded from central: https://repo.maven.apache.org/maven2/org/codehaus/plexus/plexus-compiler-javac/2.13.0/plexus-compiler-javac-2.13.0.pom (1.2 kB at 16 kB/s)
#14 187.0 [INFO] Downloading from central: https://repo.maven.apache.org/maven2/org/codehaus/plexus/plexus-compilers/2.13.0/plexus-compilers-2.13.0.pom
#14 187.1 [INFO] Downloaded from central: https://repo.maven.apache.org/maven2/org/codehaus/plexus/plexus-compilers/2.13.0/plexus-compilers-2.13.0.pom (1.3 kB at 19 kB/s)
#14 187.1 [INFO] Downloading from central: https://repo.maven.apache.org/maven2/org/apache/maven/shared/maven-shared-incremental/1.1/maven-shared-incremental-1.1.jar
#14 187.2 [INFO] Downloaded from central: https://repo.maven.apache.org/maven2/org/apache/maven/shared/maven-shared-incremental/1.1/maven-shared-incremental-1.1.jar (14 kB at 163 kB/s)
#14 187.2 [INFO] Downloading from central: https://repo.maven.apache.org/maven2/org/codehaus/plexus/plexus-component-annotations/1.5.5/plexus-component-annotations-1.5.5.jar
#14 187.2 [INFO] Downloading from central: https://repo.maven.apache.org/maven2/org/codehaus/plexus/plexus-java/1.1.2/plexus-java-1.1.2.jar
#14 187.2 [INFO] Downloading from central: https://repo.maven.apache.org/maven2/org/ow2/asm/asm/9.4/asm-9.4.jar
#14 187.2 [INFO] Downloading from central: https://repo.maven.apache.org/maven2/com/thoughtworks/qdox/qdox/2.0.3/qdox-2.0.3.jar
#14 187.2 [INFO] Downloading from central: https://repo.maven.apache.org/maven2/org/codehaus/plexus/plexus-compiler-api/2.13.0/plexus-compiler-api-2.13.0.jar
#14 187.3 [INFO] Downloaded from central: https://repo.maven.apache.org/maven2/org/codehaus/plexus/plexus-component-annotations/1.5.5/plexus-component-annotations-1.5.5.jar (4.2 kB at 47 kB/s)
#14 187.3 [INFO] Downloading from central: https://repo.maven.apache.org/maven2/org/codehaus/plexus/plexus-compiler-manager/2.13.0/plexus-compiler-manager-2.13.0.jar
#14 187.4 [INFO] Downloaded from central: https://repo.maven.apache.org/maven2/org/codehaus/plexus/plexus-compiler-api/2.13.0/plexus-compiler-api-2.13.0.jar (27 kB at 150 kB/s)
#14 187.4 [INFO] Downloading from central: https://repo.maven.apache.org/maven2/org/codehaus/plexus/plexus-compiler-javac/2.13.0/plexus-compiler-javac-2.13.0.jar
#14 187.4 [INFO] Downloaded from central: https://repo.maven.apache.org/maven2/org/codehaus/plexus/plexus-compiler-manager/2.13.0/plexus-compiler-manager-2.13.0.jar (4.7 kB at 22 kB/s)
#14 187.6 [INFO] Downloaded from central: https://repo.maven.apache.org/maven2/org/codehaus/plexus/plexus-compiler-javac/2.13.0/plexus-compiler-javac-2.13.0.jar (23 kB at 56 kB/s)
#14 187.7 [INFO] Downloaded from central: https://repo.maven.apache.org/maven2/org/codehaus/plexus/plexus-java/1.1.2/plexus-java-1.1.2.jar (55 kB at 114 kB/s)
#14 187.7 [INFO] Downloaded from central: https://repo.maven.apache.org/maven2/org/ow2/asm/asm/9.4/asm-9.4.jar (122 kB at 255 kB/s)
#14 189.5 [INFO] Downloaded from central: https://repo.maven.apache.org/maven2/com/thoughtworks/qdox/qdox/2.0.3/qdox-2.0.3.jar (334 kB at 148 kB/s)
#14 189.5 [INFO] Downloading from central: https://repo.maven.apache.org/maven2/org/apache/maven/shared/file-management/3.1.0/file-management-3.1.0.pom
#14 189.6 [INFO] Downloaded from central: https://repo.maven.apache.org/maven2/org/apache/maven/shared/file-management/3.1.0/file-management-3.1.0.pom (4.5 kB at 37 kB/s)
#14 189.6 [INFO] Downloading from central: https://repo.maven.apache.org/maven2/org/apache/maven/shared/maven-shared-components/36/maven-shared-components-36.pom
#14 189.7 [INFO] Downloaded from central: https://repo.maven.apache.org/maven2/org/apache/maven/shared/maven-shared-components/36/maven-shared-components-36.pom (4.9 kB at 43 kB/s)
#14 189.7 [INFO] Downloading from central: https://repo.maven.apache.org/maven2/org/apache/maven/maven-archiver/3.6.0/maven-archiver-3.6.0.pom
#14 189.8 [INFO] Downloaded from central: https://repo.maven.apache.org/maven2/org/apache/maven/maven-archiver/3.6.0/maven-archiver-3.6.0.pom (3.9 kB at 41 kB/s)
#14 189.8 [INFO] Downloading from central: https://repo.maven.apache.org/maven2/org/codehaus/plexus/plexus-io/3.4.0/plexus-io-3.4.0.pom
#14 189.9 [INFO] Downloaded from central: https://repo.maven.apache.org/maven2/org/codehaus/plexus/plexus-io/3.4.0/plexus-io-3.4.0.pom (6.0 kB at 60 kB/s)
#14 189.9 [INFO] Downloading from central: https://repo.maven.apache.org/maven2/org/codehaus/plexus/plexus-archiver/4.4.0/plexus-archiver-4.4.0.pom
#14 190.0 [INFO] Downloaded from central: https://repo.maven.apache.org/maven2/org/codehaus/plexus/plexus-archiver/4.4.0/plexus-archiver-4.4.0.pom (6.3 kB at 69 kB/s)
#14 190.0 [INFO] Downloading from central: https://repo.maven.apache.org/maven2/org/apache/maven/shared/file-management/3.1.0/file-management-3.1.0.jar
#14 190.3 [INFO] Downloaded from central: https://repo.maven.apache.org/maven2/org/apache/maven/shared/file-management/3.1.0/file-management-3.1.0.jar (36 kB at 135 kB/s)
#14 190.3 [INFO] Downloading from central: https://repo.maven.apache.org/maven2/commons-io/commons-io/2.11.0/commons-io-2.11.0.jar
#14 190.3 [INFO] Downloading from central: https://repo.maven.apache.org/maven2/org/apache/maven/maven-archiver/3.6.0/maven-archiver-3.6.0.jar
#14 190.3 [INFO] Downloading from central: https://repo.maven.apache.org/maven2/org/codehaus/plexus/plexus-io/3.4.0/plexus-io-3.4.0.jar
#14 190.3 [INFO] Downloading from central: https://repo.maven.apache.org/maven2/org/codehaus/plexus/plexus-archiver/4.4.0/plexus-archiver-4.4.0.jar
#14 191.2 [INFO] Downloaded from central: https://repo.maven.apache.org/maven2/org/apache/maven/maven-archiver/3.6.0/maven-archiver-3.6.0.jar (26 kB at 29 kB/s)
#14 191.5 [INFO] Downloaded from central: https://repo.maven.apache.org/maven2/org/codehaus/plexus/plexus-io/3.4.0/plexus-io-3.4.0.jar (79 kB at 69 kB/s)
#14 191.5 [INFO] Downloaded from central: https://repo.maven.apache.org/maven2/org/codehaus/plexus/plexus-archiver/4.4.0/plexus-archiver-4.4.0.jar (211 kB at 171 kB/s)
#14 193.3 [INFO] Downloaded from central: https://repo.maven.apache.org/maven2/commons-io/commons-io/2.11.0/commons-io-2.11.0.jar (327 kB at 108 kB/s)
#14 193.4 [INFO] Downloading from central: https://repo.maven.apache.org/maven2/org/apache/maven/surefire/maven-surefire-common/3.1.2/maven-surefire-common-3.1.2.pom
#14 193.5 [INFO] Downloaded from central: https://repo.maven.apache.org/maven2/org/apache/maven/surefire/maven-surefire-common/3.1.2/maven-surefire-common-3.1.2.pom (6.1 kB at 39 kB/s)
#14 193.5 [INFO] Downloading from central: https://repo.maven.apache.org/maven2/org/apache/maven/surefire/surefire-api/3.1.2/surefire-api-3.1.2.pom
#14 193.7 [INFO] Downloaded from central: https://repo.maven.apache.org/maven2/org/apache/maven/surefire/surefire-api/3.1.2/surefire-api-3.1.2.pom (3.5 kB at 18 kB/s)
#14 193.7 [INFO] Downloading from central: https://repo.maven.apache.org/maven2/org/apache/maven/surefire/surefire-logger-api/3.1.2/surefire-logger-api-3.1.2.pom
#14 193.8 [INFO] Downloaded from central: https://repo.maven.apache.org/maven2/org/apache/maven/surefire/surefire-logger-api/3.1.2/surefire-logger-api-3.1.2.pom (3.3 kB at 31 kB/s)
#14 193.8 [INFO] Downloading from central: https://repo.maven.apache.org/maven2/org/apache/maven/surefire/surefire-shared-utils/3.1.2/surefire-shared-utils-3.1.2.pom
#14 193.9 [INFO] Downloaded from central: https://repo.maven.apache.org/maven2/org/apache/maven/surefire/surefire-shared-utils/3.1.2/surefire-shared-utils-3.1.2.pom (4.1 kB at 45 kB/s)
#14 193.9 [INFO] Downloading from central: https://repo.maven.apache.org/maven2/org/apache/maven/surefire/surefire-extensions-api/3.1.2/surefire-extensions-api-3.1.2.pom
#14 194.0 [INFO] Downloaded from central: https://repo.maven.apache.org/maven2/org/apache/maven/surefire/surefire-extensions-api/3.1.2/surefire-extensions-api-3.1.2.pom (3.3 kB at 25 kB/s)
#14 194.0 [INFO] Downloading from central: https://repo.maven.apache.org/maven2/org/apache/maven/surefire/surefire-booter/3.1.2/surefire-booter-3.1.2.pom
#14 194.2 [INFO] Downloaded from central: https://repo.maven.apache.org/maven2/org/apache/maven/surefire/surefire-booter/3.1.2/surefire-booter-3.1.2.pom (4.5 kB at 30 kB/s)
#14 194.2 [INFO] Downloading from central: https://repo.maven.apache.org/maven2/org/apache/maven/surefire/surefire-extensions-spi/3.1.2/surefire-extensions-spi-3.1.2.pom
#14 194.3 [INFO] Downloaded from central: https://repo.maven.apache.org/maven2/org/apache/maven/surefire/surefire-extensions-spi/3.1.2/surefire-extensions-spi-3.1.2.pom (1.8 kB at 18 kB/s)
#14 194.3 [INFO] Downloading from central: https://repo.maven.apache.org/maven2/org/apache/maven/shared/maven-common-artifact-filters/3.1.1/maven-common-artifact-filters-3.1.1.pom
#14 194.4 [INFO] Downloaded from central: https://repo.maven.apache.org/maven2/org/apache/maven/shared/maven-common-artifact-filters/3.1.1/maven-common-artifact-filters-3.1.1.pom (5.8 kB at 67 kB/s)
#14 194.4 [INFO] Downloading from central: https://repo.maven.apache.org/maven2/commons-io/commons-io/2.12.0/commons-io-2.12.0.pom
#14 194.5 [INFO] Downloaded from central: https://repo.maven.apache.org/maven2/commons-io/commons-io/2.12.0/commons-io-2.12.0.pom (20 kB at 168 kB/s)
#14 194.5 [INFO] Downloading from central: https://repo.maven.apache.org/maven2/org/apache/commons/commons-parent/57/commons-parent-57.pom
#14 194.6 [INFO] Downloaded from central: https://repo.maven.apache.org/maven2/org/apache/commons/commons-parent/57/commons-parent-57.pom (83 kB at 590 kB/s)
#14 194.7 [INFO] Downloading from central: https://repo.maven.apache.org/maven2/org/apache/maven/surefire/maven-surefire-common/3.1.2/maven-surefire-common-3.1.2.jar
#14 195.7 [INFO] Downloaded from central: https://repo.maven.apache.org/maven2/org/apache/maven/surefire/maven-surefire-common/3.1.2/maven-surefire-common-3.1.2.jar (306 kB at 301 kB/s)
#14 195.7 [INFO] Downloading from central: https://repo.maven.apache.org/maven2/org/apache/maven/surefire/surefire-api/3.1.2/surefire-api-3.1.2.jar
#14 195.7 [INFO] Downloading from central: https://repo.maven.apache.org/maven2/org/apache/maven/surefire/surefire-logger-api/3.1.2/surefire-logger-api-3.1.2.jar
#14 195.7 [INFO] Downloading from central: https://repo.maven.apache.org/maven2/org/apache/maven/surefire/surefire-booter/3.1.2/surefire-booter-3.1.2.jar
#14 195.7 [INFO] Downloading from central: https://repo.maven.apache.org/maven2/org/apache/maven/surefire/surefire-extensions-api/3.1.2/surefire-extensions-api-3.1.2.jar
#14 195.7 [INFO] Downloading from central: https://repo.maven.apache.org/maven2/org/apache/maven/surefire/surefire-extensions-spi/3.1.2/surefire-extensions-spi-3.1.2.jar
#14 195.8 [INFO] Downloaded from central: https://repo.maven.apache.org/maven2/org/apache/maven/surefire/surefire-extensions-spi/3.1.2/surefire-extensions-spi-3.1.2.jar (8.2 kB at 66 kB/s)
#14 195.8 [INFO] Downloaded from central: https://repo.maven.apache.org/maven2/org/apache/maven/surefire/surefire-logger-api/3.1.2/surefire-logger-api-3.1.2.jar (14 kB at 109 kB/s)
#14 195.8 [INFO] Downloading from central: https://repo.maven.apache.org/maven2/org/apache/maven/shared/maven-common-artifact-filters/3.1.1/maven-common-artifact-filters-3.1.1.jar
#14 195.8 [INFO] Downloading from central: https://repo.maven.apache.org/maven2/org/codehaus/plexus/plexus-interpolation/1.21/plexus-interpolation-1.21.jar
#14 195.9 [INFO] Downloaded from central: https://repo.maven.apache.org/maven2/org/apache/maven/surefire/surefire-extensions-api/3.1.2/surefire-extensions-api-3.1.2.jar (26 kB at 135 kB/s)
#14 195.9 [INFO] Downloading from central: https://repo.maven.apache.org/maven2/commons-io/commons-io/2.12.0/commons-io-2.12.0.jar
#14 196.3 [INFO] Downloaded from central: https://repo.maven.apache.org/maven2/org/codehaus/plexus/plexus-interpolation/1.21/plexus-interpolation-1.21.jar (62 kB at 106 kB/s)
#14 196.3 [INFO] Downloading from central: https://repo.maven.apache.org/maven2/org/apache/maven/surefire/surefire-shared-utils/3.1.2/surefire-shared-utils-3.1.2.jar
#14 196.4 [INFO] Downloaded from central: https://repo.maven.apache.org/maven2/org/apache/maven/surefire/surefire-api/3.1.2/surefire-api-3.1.2.jar (171 kB at 244 kB/s)
#14 196.4 [INFO] Downloaded from central: https://repo.maven.apache.org/maven2/org/apache/maven/surefire/surefire-booter/3.1.2/surefire-booter-3.1.2.jar (118 kB at 168 kB/s)
#14 196.4 [INFO] Downloaded from central: https://repo.maven.apache.org/maven2/org/apache/maven/shared/maven-common-artifact-filters/3.1.1/maven-common-artifact-filters-3.1.1.jar (61 kB at 81 kB/s)
#14 197.4 [INFO] Downloaded from central: https://repo.maven.apache.org/maven2/commons-io/commons-io/2.12.0/commons-io-2.12.0.jar (474 kB at 282 kB/s)
#14 202.2 [INFO] Downloaded from central: https://repo.maven.apache.org/maven2/org/apache/maven/surefire/surefire-shared-utils/3.1.2/surefire-shared-utils-3.1.2.jar (2.3 MB at 358 kB/s)
#14 202.3 [INFO] Downloading from central: https://repo.maven.apache.org/maven2/org/apache/maven/shared/maven-filtering/3.3.1/maven-filtering-3.3.1.pom
#14 202.4 [INFO] Downloaded from central: https://repo.maven.apache.org/maven2/org/apache/maven/shared/maven-filtering/3.3.1/maven-filtering-3.3.1.pom (6.0 kB at 53 kB/s)
#14 202.4 [INFO] Downloading from central: https://repo.maven.apache.org/maven2/org/apache/maven/shared/maven-filtering/3.3.1/maven-filtering-3.3.1.jar
#14 202.6 [INFO] Downloaded from central: https://repo.maven.apache.org/maven2/org/apache/maven/shared/maven-filtering/3.3.1/maven-filtering-3.3.1.jar (55 kB at 227 kB/s)
#14 202.6 [INFO] Downloading from central: https://repo.maven.apache.org/maven2/org/apache/commons/commons-lang3/3.12.0/commons-lang3-3.12.0.jar
#14 203.7 [INFO] Downloaded from central: https://repo.maven.apache.org/maven2/org/apache/commons/commons-lang3/3.12.0/commons-lang3-3.12.0.jar (587 kB at 530 kB/s)
#14 203.7 [INFO] Downloading from central: https://repo.maven.apache.org/maven2/org/springframework/boot/spring-boot-starter-data-redis/3.2.5/spring-boot-starter-data-redis-3.2.5.pom
#14 203.9 [INFO] Downloaded from central: https://repo.maven.apache.org/maven2/org/springframework/boot/spring-boot-starter-data-redis/3.2.5/spring-boot-starter-data-redis-3.2.5.pom (2.5 kB at 15 kB/s)
#14 203.9 [INFO] Downloading from central: https://repo.maven.apache.org/maven2/org/springframework/boot/spring-boot-starter/3.2.5/spring-boot-starter-3.2.5.pom
#14 204.0 [INFO] Downloaded from central: https://repo.maven.apache.org/maven2/org/springframework/boot/spring-boot-starter/3.2.5/spring-boot-starter-3.2.5.pom (3.0 kB at 37 kB/s)
#14 204.0 [INFO] Downloading from central: https://repo.maven.apache.org/maven2/org/springframework/boot/spring-boot/3.2.5/spring-boot-3.2.5.pom
#14 204.1 [INFO] Downloaded from central: https://repo.maven.apache.org/maven2/org/springframework/boot/spring-boot/3.2.5/spring-boot-3.2.5.pom (2.2 kB at 29 kB/s)
#14 204.1 [INFO] Downloading from central: https://repo.maven.apache.org/maven2/org/springframework/boot/spring-boot-autoconfigure/3.2.5/spring-boot-autoconfigure-3.2.5.pom
#14 204.2 [INFO] Downloaded from central: https://repo.maven.apache.org/maven2/org/springframework/boot/spring-boot-autoconfigure/3.2.5/spring-boot-autoconfigure-3.2.5.pom (2.1 kB at 23 kB/s)
#14 204.2 [INFO] Downloading from central: https://repo.maven.apache.org/maven2/org/springframework/boot/spring-boot-starter-logging/3.2.5/spring-boot-starter-logging-3.2.5.pom
#14 204.2 [INFO] Downloaded from central: https://repo.maven.apache.org/maven2/org/springframework/boot/spring-boot-starter-logging/3.2.5/spring-boot-starter-logging-3.2.5.pom (2.5 kB at 31 kB/s)
#14 204.2 [INFO] Downloading from central: https://repo.maven.apache.org/maven2/ch/qos/logback/logback-classic/1.4.14/logback-classic-1.4.14.pom
#14 204.3 [INFO] Downloaded from central: https://repo.maven.apache.org/maven2/ch/qos/logback/logback-classic/1.4.14/logback-classic-1.4.14.pom (13 kB at 174 kB/s)
#14 204.3 [INFO] Downloading from central: https://repo.maven.apache.org/maven2/ch/qos/logback/logback-parent/1.4.14/logback-parent-1.4.14.pom
#14 204.4 [INFO] Downloaded from central: https://repo.maven.apache.org/maven2/ch/qos/logback/logback-parent/1.4.14/logback-parent-1.4.14.pom (20 kB at 217 kB/s)
#14 204.4 [INFO] Downloading from central: https://repo.maven.apache.org/maven2/ch/qos/logback/logback-core/1.4.14/logback-core-1.4.14.pom
#14 204.5 [INFO] Downloaded from central: https://repo.maven.apache.org/maven2/ch/qos/logback/logback-core/1.4.14/logback-core-1.4.14.pom (5.0 kB at 37 kB/s)
#14 204.5 [INFO] Downloading from central: https://repo.maven.apache.org/maven2/org/slf4j/slf4j-api/2.0.7/slf4j-api-2.0.7.pom
#14 204.6 [INFO] Downloaded from central: https://repo.maven.apache.org/maven2/org/slf4j/slf4j-api/2.0.7/slf4j-api-2.0.7.pom (2.7 kB at 42 kB/s)
#14 204.6 [INFO] Downloading from central: https://repo.maven.apache.org/maven2/org/slf4j/slf4j-parent/2.0.7/slf4j-parent-2.0.7.pom
#14 204.7 [INFO] Downloaded from central: https://repo.maven.apache.org/maven2/org/slf4j/slf4j-parent/2.0.7/slf4j-parent-2.0.7.pom (17 kB at 186 kB/s)
#14 204.7 [INFO] Downloading from central: https://repo.maven.apache.org/maven2/org/apache/logging/log4j/log4j-to-slf4j/2.21.1/log4j-to-slf4j-2.21.1.pom
#14 204.8 [INFO] Downloaded from central: https://repo.maven.apache.org/maven2/org/apache/logging/log4j/log4j-to-slf4j/2.21.1/log4j-to-slf4j-2.21.1.pom (4.2 kB at 59 kB/s)
#14 204.8 [INFO] Downloading from central: https://repo.maven.apache.org/maven2/org/apache/logging/log4j/log4j/2.21.1/log4j-2.21.1.pom
#14 204.9 [INFO] Downloaded from central: https://repo.maven.apache.org/maven2/org/apache/logging/log4j/log4j/2.21.1/log4j-2.21.1.pom (35 kB at 459 kB/s)
#14 204.9 [INFO] Downloading from central: https://repo.maven.apache.org/maven2/org/ow2/asm/asm-bom/9.5/asm-bom-9.5.pom
#14 205.0 [INFO] Downloaded from central: https://repo.maven.apache.org/maven2/org/ow2/asm/asm-bom/9.5/asm-bom-9.5.pom (3.2 kB at 30 kB/s)
#14 205.0 [INFO] Downloading from central: https://repo.maven.apache.org/maven2/org/codehaus/groovy/groovy-bom/3.0.19/groovy-bom-3.0.19.pom
#14 205.1 [INFO] Downloaded from central: https://repo.maven.apache.org/maven2/org/codehaus/groovy/groovy-bom/3.0.19/groovy-bom-3.0.19.pom (26 kB at 236 kB/s)
#14 205.1 [INFO] Downloading from central: https://repo.maven.apache.org/maven2/com/fasterxml/jackson/jackson-bom/2.15.2/jackson-bom-2.15.2.pom
#14 205.2 [INFO] Downloaded from central: https://repo.maven.apache.org/maven2/com/fasterxml/jackson/jackson-bom/2.15.2/jackson-bom-2.15.2.pom (18 kB at 222 kB/s)
#14 205.2 [INFO] Downloading from central: https://repo.maven.apache.org/maven2/jakarta/platform/jakarta.jakartaee-bom/9.1.0/jakarta.jakartaee-bom-9.1.0.pom
#14 205.3 [INFO] Downloaded from central: https://repo.maven.apache.org/maven2/jakarta/platform/jakarta.jakartaee-bom/9.1.0/jakarta.jakartaee-bom-9.1.0.pom (9.6 kB at 81 kB/s)
#14 205.3 [INFO] Downloading from central: https://repo.maven.apache.org/maven2/jakarta/platform/jakartaee-api-parent/9.1.0/jakartaee-api-parent-9.1.0.pom
#14 205.4 [INFO] Downloaded from central: https://repo.maven.apache.org/maven2/jakarta/platform/jakartaee-api-parent/9.1.0/jakartaee-api-parent-9.1.0.pom (15 kB at 181 kB/s)
#14 205.4 [INFO] Downloading from central: https://repo.maven.apache.org/maven2/org/eclipse/ee4j/project/1.0.7/project-1.0.7.pom
#14 205.5 [INFO] Downloaded from central: https://repo.maven.apache.org/maven2/org/eclipse/ee4j/project/1.0.7/project-1.0.7.pom (14 kB at 139 kB/s)
#14 205.5 [INFO] Downloading from central: https://repo.maven.apache.org/maven2/org/eclipse/jetty/jetty-bom/9.4.53.v20231009/jetty-bom-9.4.53.v20231009.pom
#14 205.5 [INFO] Downloaded from central: https://repo.maven.apache.org/maven2/org/eclipse/jetty/jetty-bom/9.4.53.v20231009/jetty-bom-9.4.53.v20231009.pom (18 kB at 245 kB/s)
#14 205.6 [INFO] Downloading from central: https://repo.maven.apache.org/maven2/org/junit/junit-bom/5.10.0/junit-bom-5.10.0.pom
#14 205.6 [INFO] Downloaded from central: https://repo.maven.apache.org/maven2/org/junit/junit-bom/5.10.0/junit-bom-5.10.0.pom (5.6 kB at 71 kB/s)
#14 205.6 [INFO] Downloading from central: https://repo.maven.apache.org/maven2/io/fabric8/kubernetes-client-bom/5.12.4/kubernetes-client-bom-5.12.4.pom
#14 206.0 [INFO] Downloaded from central: https://repo.maven.apache.org/maven2/io/fabric8/kubernetes-client-bom/5.12.4/kubernetes-client-bom-5.12.4.pom (26 kB at 68 kB/s)
#14 206.0 [INFO] Downloading from central: https://repo.maven.apache.org/maven2/org/mockito/mockito-bom/4.11.0/mockito-bom-4.11.0.pom
#14 206.1 [INFO] Downloaded from central: https://repo.maven.apache.org/maven2/org/mockito/mockito-bom/4.11.0/mockito-bom-4.11.0.pom (3.2 kB at 34 kB/s)
#14 206.1 [INFO] Downloading from central: https://repo.maven.apache.org/maven2/io/netty/netty-bom/4.1.97.Final/netty-bom-4.1.97.Final.pom
#14 206.2 [INFO] Downloaded from central: https://repo.maven.apache.org/maven2/io/netty/netty-bom/4.1.97.Final/netty-bom-4.1.97.Final.pom (13 kB at 154 kB/s)
#14 206.2 [INFO] Downloading from central: https://repo.maven.apache.org/maven2/org/springframework/spring-framework-bom/5.3.29/spring-framework-bom-5.3.29.pom
#14 206.3 [INFO] Downloaded from central: https://repo.maven.apache.org/maven2/org/springframework/spring-framework-bom/5.3.29/spring-framework-bom-5.3.29.pom (5.7 kB at 76 kB/s)
#14 206.3 [INFO] Downloading from central: https://repo.maven.apache.org/maven2/org/apache/logging/log4j/log4j-api/2.21.1/log4j-api-2.21.1.pom
#14 206.3 [INFO] Downloaded from central: https://repo.maven.apache.org/maven2/org/apache/logging/log4j/log4j-api/2.21.1/log4j-api-2.21.1.pom (4.0 kB at 57 kB/s)
#14 206.3 [INFO] Downloading from central: https://repo.maven.apache.org/maven2/org/slf4j/jul-to-slf4j/2.0.13/jul-to-slf4j-2.0.13.pom
#14 206.4 [INFO] Downloaded from central: https://repo.maven.apache.org/maven2/org/slf4j/jul-to-slf4j/2.0.13/jul-to-slf4j-2.0.13.pom (1.1 kB at 15 kB/s)
#14 206.4 [INFO] Downloading from central: https://repo.maven.apache.org/maven2/org/slf4j/slf4j-parent/2.0.13/slf4j-parent-2.0.13.pom
#14 206.5 [INFO] Downloaded from central: https://repo.maven.apache.org/maven2/org/slf4j/slf4j-parent/2.0.13/slf4j-parent-2.0.13.pom (13 kB at 125 kB/s)
#14 206.5 [INFO] Downloading from central: https://repo.maven.apache.org/maven2/org/slf4j/slf4j-bom/2.0.13/slf4j-bom-2.0.13.pom
#14 206.6 [INFO] Downloaded from central: https://repo.maven.apache.org/maven2/org/slf4j/slf4j-bom/2.0.13/slf4j-bom-2.0.13.pom (7.3 kB at 105 kB/s)
#14 206.6 [INFO] Downloading from central: https://repo.maven.apache.org/maven2/org/slf4j/slf4j-api/2.0.13/slf4j-api-2.0.13.pom
#14 206.7 [INFO] Downloaded from central: https://repo.maven.apache.org/maven2/org/slf4j/slf4j-api/2.0.13/slf4j-api-2.0.13.pom (2.8 kB at 38 kB/s)
#14 206.7 [INFO] Downloading from central: https://repo.maven.apache.org/maven2/jakarta/annotation/jakarta.annotation-api/2.1.1/jakarta.annotation-api-2.1.1.pom
#14 206.7 [INFO] Downloaded from central: https://repo.maven.apache.org/maven2/jakarta/annotation/jakarta.annotation-api/2.1.1/jakarta.annotation-api-2.1.1.pom (16 kB at 214 kB/s)
#14 206.7 [INFO] Downloading from central: https://repo.maven.apache.org/maven2/org/yaml/snakeyaml/2.2/snakeyaml-2.2.pom
#14 206.8 [INFO] Downloaded from central: https://repo.maven.apache.org/maven2/org/yaml/snakeyaml/2.2/snakeyaml-2.2.pom (21 kB at 313 kB/s)
#14 206.8 [INFO] Downloading from central: https://repo.maven.apache.org/maven2/io/lettuce/lettuce-core/6.3.2.RELEASE/lettuce-core-6.3.2.RELEASE.pom
#14 206.9 [INFO] Downloaded from central: https://repo.maven.apache.org/maven2/io/lettuce/lettuce-core/6.3.2.RELEASE/lettuce-core-6.3.2.RELEASE.pom (7.4 kB at 98 kB/s)
#14 206.9 [INFO] Downloading from central: https://repo.maven.apache.org/maven2/io/netty/netty-common/4.1.107.Final/netty-common-4.1.107.Final.pom
#14 207.0 [INFO] Downloaded from central: https://repo.maven.apache.org/maven2/io/netty/netty-common/4.1.107.Final/netty-common-4.1.107.Final.pom (12 kB at 162 kB/s)
#14 207.0 [INFO] Downloading from central: https://repo.maven.apache.org/maven2/io/netty/netty-parent/4.1.107.Final/netty-parent-4.1.107.Final.pom
#14 207.1 [INFO] Downloaded from central: https://repo.maven.apache.org/maven2/io/netty/netty-parent/4.1.107.Final/netty-parent-4.1.107.Final.pom (85 kB at 990 kB/s)
#14 207.1 [INFO] Downloading from central: https://repo.maven.apache.org/maven2/io/netty/netty-handler/4.1.107.Final/netty-handler-4.1.107.Final.pom
#14 207.1 [INFO] Downloaded from central: https://repo.maven.apache.org/maven2/io/netty/netty-handler/4.1.107.Final/netty-handler-4.1.107.Final.pom (4.6 kB at 70 kB/s)
#14 207.1 [INFO] Downloading from central: https://repo.maven.apache.org/maven2/io/netty/netty-resolver/4.1.107.Final/netty-resolver-4.1.107.Final.pom
#14 207.2 [INFO] Downloaded from central: https://repo.maven.apache.org/maven2/io/netty/netty-resolver/4.1.107.Final/netty-resolver-4.1.107.Final.pom (1.6 kB at 21 kB/s)
#14 207.2 [INFO] Downloading from central: https://repo.maven.apache.org/maven2/io/netty/netty-buffer/4.1.107.Final/netty-buffer-4.1.107.Final.pom
#14 207.3 [INFO] Downloaded from central: https://repo.maven.apache.org/maven2/io/netty/netty-buffer/4.1.107.Final/netty-buffer-4.1.107.Final.pom (1.6 kB at 24 kB/s)
#14 207.3 [INFO] Downloading from central: https://repo.maven.apache.org/maven2/io/netty/netty-transport/4.1.107.Final/netty-transport-4.1.107.Final.pom
#14 207.3 [INFO] Downloaded from central: https://repo.maven.apache.org/maven2/io/netty/netty-transport/4.1.107.Final/netty-transport-4.1.107.Final.pom (2.2 kB at 33 kB/s)
#14 207.3 [INFO] Downloading from central: https://repo.maven.apache.org/maven2/io/netty/netty-transport-native-unix-common/4.1.107.Final/netty-transport-native-unix-common-4.1.107.Final.pom
#14 207.4 [INFO] Downloaded from central: https://repo.maven.apache.org/maven2/io/netty/netty-transport-native-unix-common/4.1.107.Final/netty-transport-native-unix-common-4.1.107.Final.pom (33 kB at 424 kB/s)
#14 207.4 [INFO] Downloading from central: https://repo.maven.apache.org/maven2/io/netty/netty-codec/4.1.107.Final/netty-codec-4.1.107.Final.pom
#14 207.5 [INFO] Downloaded from central: https://repo.maven.apache.org/maven2/io/netty/netty-codec/4.1.107.Final/netty-codec-4.1.107.Final.pom (5.5 kB at 76 kB/s)
#14 207.5 [INFO] Downloading from central: https://repo.maven.apache.org/maven2/io/projectreactor/reactor-core/3.6.4/reactor-core-3.6.4.pom
#14 207.6 [INFO] Downloaded from central: https://repo.maven.apache.org/maven2/io/projectreactor/reactor-core/3.6.4/reactor-core-3.6.4.pom (2.1 kB at 23 kB/s)
#14 207.6 [INFO] Downloading from central: https://repo.maven.apache.org/maven2/org/reactivestreams/reactive-streams/1.0.4/reactive-streams-1.0.4.pom
#14 207.7 [INFO] Downloaded from central: https://repo.maven.apache.org/maven2/org/reactivestreams/reactive-streams/1.0.4/reactive-streams-1.0.4.pom (1.1 kB at 10 kB/s)
#14 207.7 [INFO] Downloading from central: https://repo.maven.apache.org/maven2/org/springframework/data/spring-data-redis/3.2.5/spring-data-redis-3.2.5.pom
#14 207.8 [INFO] Downloaded from central: https://repo.maven.apache.org/maven2/org/springframework/data/spring-data-redis/3.2.5/spring-data-redis-3.2.5.pom (9.7 kB at 140 kB/s)
#14 207.8 [INFO] Downloading from central: https://repo.maven.apache.org/maven2/org/springframework/data/build/spring-data-parent/3.2.5/spring-data-parent-3.2.5.pom
#14 207.9 [INFO] Downloaded from central: https://repo.maven.apache.org/maven2/org/springframework/data/build/spring-data-parent/3.2.5/spring-data-parent-3.2.5.pom (40 kB at 497 kB/s)
#14 207.9 [INFO] Downloading from central: https://repo.maven.apache.org/maven2/org/springframework/data/build/spring-data-build/3.2.5/spring-data-build-3.2.5.pom
#14 208.0 [INFO] Downloaded from central: https://repo.maven.apache.org/maven2/org/springframework/data/build/spring-data-build/3.2.5/spring-data-build-3.2.5.pom (7.2 kB at 75 kB/s)
#14 208.0 [INFO] Downloading from central: https://repo.maven.apache.org/maven2/org/springframework/data/spring-data-keyvalue/3.2.5/spring-data-keyvalue-3.2.5.pom
#14 208.0 [INFO] Downloaded from central: https://repo.maven.apache.org/maven2/org/springframework/data/spring-data-keyvalue/3.2.5/spring-data-keyvalue-3.2.5.pom (2.7 kB at 40 kB/s)
#14 208.0 [INFO] Downloading from central: https://repo.maven.apache.org/maven2/org/springframework/data/spring-data-commons/3.2.5/spring-data-commons-3.2.5.pom
#14 208.1 [INFO] Downloaded from central: https://repo.maven.apache.org/maven2/org/springframework/data/spring-data-commons/3.2.5/spring-data-commons-3.2.5.pom (9.9 kB at 138 kB/s)
#14 208.1 [INFO] Downloading from central: https://repo.maven.apache.org/maven2/org/slf4j/slf4j-api/2.0.2/slf4j-api-2.0.2.pom
#14 208.2 [INFO] Downloaded from central: https://repo.maven.apache.org/maven2/org/slf4j/slf4j-api/2.0.2/slf4j-api-2.0.2.pom (1.6 kB at 18 kB/s)
#14 208.2 [INFO] Downloading from central: https://repo.maven.apache.org/maven2/org/slf4j/slf4j-parent/2.0.2/slf4j-parent-2.0.2.pom
#14 208.4 [INFO] Downloaded from central: https://repo.maven.apache.org/maven2/org/slf4j/slf4j-parent/2.0.2/slf4j-parent-2.0.2.pom (16 kB at 94 kB/s)
#14 208.4 [INFO] Downloading from central: https://repo.maven.apache.org/maven2/org/springframework/spring-tx/6.1.6/spring-tx-6.1.6.pom
#14 208.4 [INFO] Downloaded from central: https://repo.maven.apache.org/maven2/org/springframework/spring-tx/6.1.6/spring-tx-6.1.6.pom (2.2 kB at 32 kB/s)
#14 208.4 [INFO] Downloading from central: https://repo.maven.apache.org/maven2/org/springframework/spring-oxm/6.1.6/spring-oxm-6.1.6.pom
#14 208.5 [INFO] Downloaded from central: https://repo.maven.apache.org/maven2/org/springframework/spring-oxm/6.1.6/spring-oxm-6.1.6.pom (2.2 kB at 26 kB/s)
#14 208.5 [INFO] Downloading from central: https://repo.maven.apache.org/maven2/org/springframework/spring-context-support/6.1.6/spring-context-support-6.1.6.pom
#14 208.6 [INFO] Downloaded from central: https://repo.maven.apache.org/maven2/org/springframework/spring-context-support/6.1.6/spring-context-support-6.1.6.pom (2.4 kB at 31 kB/s)
#14 208.6 [INFO] Downloading from central: https://repo.maven.apache.org/maven2/org/springframework/boot/spring-boot-starter-data-redis/3.2.5/spring-boot-starter-data-redis-3.2.5.jar
#14 208.7 [INFO] Downloaded from central: https://repo.maven.apache.org/maven2/org/springframework/boot/spring-boot-starter-data-redis/3.2.5/spring-boot-starter-data-redis-3.2.5.jar (4.8 kB at 66 kB/s)
#14 208.7 [INFO] Downloading from central: https://repo.maven.apache.org/maven2/org/springframework/boot/spring-boot-starter/3.2.5/spring-boot-starter-3.2.5.jar
#14 208.7 [INFO] Downloading from central: https://repo.maven.apache.org/maven2/org/springframework/boot/spring-boot/3.2.5/spring-boot-3.2.5.jar
#14 208.7 [INFO] Downloading from central: https://repo.maven.apache.org/maven2/org/springframework/boot/spring-boot-autoconfigure/3.2.5/spring-boot-autoconfigure-3.2.5.jar
#14 208.7 [INFO] Downloading from central: https://repo.maven.apache.org/maven2/org/springframework/boot/spring-boot-starter-logging/3.2.5/spring-boot-starter-logging-3.2.5.jar
#14 208.7 [INFO] Downloading from central: https://repo.maven.apache.org/maven2/ch/qos/logback/logback-classic/1.4.14/logback-classic-1.4.14.jar
#14 208.9 [INFO] Downloaded from central: https://repo.maven.apache.org/maven2/org/springframework/boot/spring-boot-starter-logging/3.2.5/spring-boot-starter-logging-3.2.5.jar (4.8 kB at 22 kB/s)
#14 208.9 [INFO] Downloading from central: https://repo.maven.apache.org/maven2/ch/qos/logback/logback-core/1.4.14/logback-core-1.4.14.jar
#14 209.8 [INFO] Downloaded from central: https://repo.maven.apache.org/maven2/org/springframework/boot/spring-boot-starter/3.2.5/spring-boot-starter-3.2.5.jar (4.8 kB at 4.3 kB/s)
#14 209.8 [INFO] Downloading from central: https://repo.maven.apache.org/maven2/org/apache/logging/log4j/log4j-to-slf4j/2.21.1/log4j-to-slf4j-2.21.1.jar
#14 214.5 [INFO] Downloaded from central: https://repo.maven.apache.org/maven2/ch/qos/logback/logback-core/1.4.14/logback-core-1.4.14.jar (597 kB at 103 kB/s)
#14 214.5 [INFO] Downloading from central: https://repo.maven.apache.org/maven2/org/apache/logging/log4j/log4j-api/2.21.1/log4j-api-2.21.1.jar
#14 214.7 [INFO] Downloaded from central: https://repo.maven.apache.org/maven2/ch/qos/logback/logback-classic/1.4.14/logback-classic-1.4.14.jar (284 kB at 47 kB/s)
#14 214.7 [INFO] Downloading from central: https://repo.maven.apache.org/maven2/org/slf4j/jul-to-slf4j/2.0.13/jul-to-slf4j-2.0.13.jar
#14 215.0 [INFO] Downloaded from central: https://repo.maven.apache.org/maven2/org/slf4j/jul-to-slf4j/2.0.13/jul-to-slf4j-2.0.13.jar (6.3 kB at 1.0 kB/s)
#14 215.0 [INFO] Downloading from central: https://repo.maven.apache.org/maven2/jakarta/annotation/jakarta.annotation-api/2.1.1/jakarta.annotation-api-2.1.1.jar
#14 215.3 [INFO] Downloaded from central: https://repo.maven.apache.org/maven2/jakarta/annotation/jakarta.annotation-api/2.1.1/jakarta.annotation-api-2.1.1.jar (26 kB at 3.9 kB/s)
#14 215.3 [INFO] Downloading from central: https://repo.maven.apache.org/maven2/org/yaml/snakeyaml/2.2/snakeyaml-2.2.jar
#14 216.5 [INFO] Downloaded from central: https://repo.maven.apache.org/maven2/org/apache/logging/log4j/log4j-api/2.21.1/log4j-api-2.21.1.jar (317 kB at 41 kB/s)
#14 216.5 [INFO] Downloading from central: https://repo.maven.apache.org/maven2/io/lettuce/lettuce-core/6.3.2.RELEASE/lettuce-core-6.3.2.RELEASE.jar
#14 218.1 [INFO] Downloaded from central: https://repo.maven.apache.org/maven2/org/apache/logging/log4j/log4j-to-slf4j/2.21.1/log4j-to-slf4j-2.21.1.jar (23 kB at 2.4 kB/s)
#14 218.1 [INFO] Downloading from central: https://repo.maven.apache.org/maven2/io/netty/netty-common/4.1.107.Final/netty-common-4.1.107.Final.jar
#14 218.6 [INFO] Downloaded from central: https://repo.maven.apache.org/maven2/org/yaml/snakeyaml/2.2/snakeyaml-2.2.jar (334 kB at 34 kB/s)
#14 218.6 [INFO] Downloading from central: https://repo.maven.apache.org/maven2/io/netty/netty-handler/4.1.107.Final/netty-handler-4.1.107.Final.jar
#14 220.1 [INFO] Downloaded from central: https://repo.maven.apache.org/maven2/org/springframework/boot/spring-boot/3.2.5/spring-boot-3.2.5.jar (1.6 MB at 141 kB/s)
#14 220.1 [INFO] Downloading from central: https://repo.maven.apache.org/maven2/io/netty/netty-resolver/4.1.107.Final/netty-resolver-4.1.107.Final.jar
#14 220.9 [INFO] Downloaded from central: https://repo.maven.apache.org/maven2/io/netty/netty-resolver/4.1.107.Final/netty-resolver-4.1.107.Final.jar (38 kB at 3.1 kB/s)
#14 220.9 [INFO] Downloading from central: https://repo.maven.apache.org/maven2/io/netty/netty-buffer/4.1.107.Final/netty-buffer-4.1.107.Final.jar
#14 -896.746 [INFO] Downloaded from central: https://repo.maven.apache.org/maven2/io/netty/netty-handler/4.1.107.Final/netty-handler-4.1.107.Final.jar (563 kB)
#14 -896.746 [INFO] Downloading from central: https://repo.maven.apache.org/maven2/io/netty/netty-transport-native-unix-common/4.1.107.Final/netty-transport-native-unix-common-4.1.107.Final.jar
#14 226.0 [INFO] Downloaded from central: https://repo.maven.apache.org/maven2/io/netty/netty-transport-native-unix-common/4.1.107.Final/netty-transport-native-unix-common-4.1.107.Final.jar (44 kB at 2.5 kB/s)
#14 226.0 [INFO] Downloading from central: https://repo.maven.apache.org/maven2/io/netty/netty-codec/4.1.107.Final/netty-codec-4.1.107.Final.jar
#14 228.0 [INFO] Downloaded from central: https://repo.maven.apache.org/maven2/io/netty/netty-buffer/4.1.107.Final/netty-buffer-4.1.107.Final.jar (308 kB at 16 kB/s)
#14 228.0 [INFO] Downloading from central: https://repo.maven.apache.org/maven2/io/netty/netty-transport/4.1.107.Final/netty-transport-4.1.107.Final.jar
#14 228.1 [INFO] Downloaded from central: https://repo.maven.apache.org/maven2/io/netty/netty-codec/4.1.107.Final/netty-codec-4.1.107.Final.jar (346 kB at 18 kB/s)
#14 228.1 [INFO] Downloading from central: https://repo.maven.apache.org/maven2/io/projectreactor/reactor-core/3.6.4/reactor-core-3.6.4.jar
#14 231.0 [INFO] Downloaded from central: https://repo.maven.apache.org/maven2/io/lettuce/lettuce-core/6.3.2.RELEASE/lettuce-core-6.3.2.RELEASE.jar (2.0 MB at 89 kB/s)
#14 231.0 [INFO] Downloading from central: https://repo.maven.apache.org/maven2/org/reactivestreams/reactive-streams/1.0.4/reactive-streams-1.0.4.jar
#14 231.6 [INFO] Downloaded from central: https://repo.maven.apache.org/maven2/io/netty/netty-transport/4.1.107.Final/netty-transport-4.1.107.Final.jar (497 kB at 22 kB/s)
#14 231.6 [INFO] Downloading from central: https://repo.maven.apache.org/maven2/org/springframework/data/spring-data-redis/3.2.5/spring-data-redis-3.2.5.jar
#14 231.7 [INFO] Downloaded from central: https://repo.maven.apache.org/maven2/org/reactivestreams/reactive-streams/1.0.4/reactive-streams-1.0.4.jar (12 kB at 505 B/s)
#14 231.7 [INFO] Downloading from central: https://repo.maven.apache.org/maven2/org/springframework/data/spring-data-keyvalue/3.2.5/spring-data-keyvalue-3.2.5.jar
#14 233.7 [INFO] Downloaded from central: https://repo.maven.apache.org/maven2/org/springframework/data/spring-data-keyvalue/3.2.5/spring-data-keyvalue-3.2.5.jar (124 kB at 5.0 kB/s)
#14 233.7 [INFO] Downloading from central: https://repo.maven.apache.org/maven2/org/springframework/data/spring-data-commons/3.2.5/spring-data-commons-3.2.5.jar
#14 233.9 [INFO] Downloaded from central: https://repo.maven.apache.org/maven2/org/springframework/boot/spring-boot-autoconfigure/3.2.5/spring-boot-autoconfigure-3.2.5.jar (1.9 MB at 76 kB/s)
#14 233.9 [INFO] Downloading from central: https://repo.maven.apache.org/maven2/org/springframework/spring-tx/6.1.6/spring-tx-6.1.6.jar
#14 236.5 [INFO] Downloaded from central: https://repo.maven.apache.org/maven2/org/springframework/spring-tx/6.1.6/spring-tx-6.1.6.jar (285 kB at 10 kB/s)
#14 236.5 [INFO] Downloading from central: https://repo.maven.apache.org/maven2/org/springframework/spring-oxm/6.1.6/spring-oxm-6.1.6.jar
#14 237.2 [INFO] Downloaded from central: https://repo.maven.apache.org/maven2/org/springframework/spring-oxm/6.1.6/spring-oxm-6.1.6.jar (60 kB at 2.1 kB/s)
#14 237.2 [INFO] Downloading from central: https://repo.maven.apache.org/maven2/org/springframework/spring-context-support/6.1.6/spring-context-support-6.1.6.jar
#14 240.6 [INFO] Downloaded from central: https://repo.maven.apache.org/maven2/io/projectreactor/reactor-core/3.6.4/reactor-core-3.6.4.jar (1.9 MB at 58 kB/s)
#14 240.6 [INFO] Downloading from central: https://repo.maven.apache.org/maven2/org/slf4j/slf4j-api/2.0.2/slf4j-api-2.0.2.jar
#14 240.8 [INFO] Downloaded from central: https://repo.maven.apache.org/maven2/org/springframework/spring-context-support/6.1.6/spring-context-support-6.1.6.jar (173 kB at 5.4 kB/s)
#14 241.7 [INFO] Downloaded from central: https://repo.maven.apache.org/maven2/org/slf4j/slf4j-api/2.0.2/slf4j-api-2.0.2.jar (61 kB at 1.9 kB/s)
#14 243.9 [INFO] Downloaded from central: https://repo.maven.apache.org/maven2/org/springframework/data/spring-data-commons/3.2.5/spring-data-commons-3.2.5.jar (1.4 MB at 41 kB/s)
#14 249.8 [INFO] Downloaded from central: https://repo.maven.apache.org/maven2/org/springframework/data/spring-data-redis/3.2.5/spring-data-redis-3.2.5.jar (2.2 MB at 54 kB/s)
#14 252.0 [INFO] Downloaded from central: https://repo.maven.apache.org/maven2/io/netty/netty-common/4.1.107.Final/netty-common-4.1.107.Final.jar (661 kB at 15 kB/s)
#14 252.1 [INFO] Downloading from central: https://repo.maven.apache.org/maven2/org/springframework/boot/spring-boot-starter-test/3.2.5/spring-boot-starter-test-3.2.5.pom
#14 252.2 [INFO] Downloaded from central: https://repo.maven.apache.org/maven2/org/springframework/boot/spring-boot-starter-test/3.2.5/spring-boot-starter-test-3.2.5.pom (5.0 kB at 28 kB/s)
#14 252.2 [INFO] Downloading from central: https://repo.maven.apache.org/maven2/org/springframework/boot/spring-boot-test/3.2.5/spring-boot-test-3.2.5.pom
#14 252.6 [INFO] Downloaded from central: https://repo.maven.apache.org/maven2/org/springframework/boot/spring-boot-test/3.2.5/spring-boot-test-3.2.5.pom (2.0 kB at 6.1 kB/s)
#14 252.6 [INFO] Downloading from central: https://repo.maven.apache.org/maven2/org/springframework/boot/spring-boot-test-autoconfigure/3.2.5/spring-boot-test-autoconfigure-3.2.5.pom
#14 253.0 [INFO] Downloaded from central: https://repo.maven.apache.org/maven2/org/springframework/boot/spring-boot-test-autoconfigure/3.2.5/spring-boot-test-autoconfigure-3.2.5.pom (2.5 kB at 5.8 kB/s)
#14 253.0 [INFO] Downloading from central: https://repo.maven.apache.org/maven2/com/jayway/jsonpath/json-path/2.9.0/json-path-2.9.0.pom
#14 253.3 [INFO] Downloaded from central: https://repo.maven.apache.org/maven2/com/jayway/jsonpath/json-path/2.9.0/json-path-2.9.0.pom (1.9 kB at 6.9 kB/s)
#14 253.3 [INFO] Downloading from central: https://repo.maven.apache.org/maven2/net/minidev/json-smart/2.5.0/json-smart-2.5.0.pom
#14 253.5 [INFO] Downloaded from central: https://repo.maven.apache.org/maven2/net/minidev/json-smart/2.5.0/json-smart-2.5.0.pom (9.2 kB at 35 kB/s)
#14 253.5 [INFO] Downloading from central: https://repo.maven.apache.org/maven2/net/minidev/accessors-smart/2.5.0/accessors-smart-2.5.0.pom
#14 253.8 [INFO] Downloaded from central: https://repo.maven.apache.org/maven2/net/minidev/accessors-smart/2.5.0/accessors-smart-2.5.0.pom (11 kB at 48 kB/s)
#14 253.8 [INFO] Downloading from central: https://repo.maven.apache.org/maven2/org/ow2/asm/asm/9.3/asm-9.3.pom
#14 254.1 [INFO] Downloaded from central: https://repo.maven.apache.org/maven2/org/ow2/asm/asm/9.3/asm-9.3.pom (2.4 kB at 6.4 kB/s)
#14 254.1 [INFO] Downloading from central: https://repo.maven.apache.org/maven2/org/ow2/ow2/1.5/ow2-1.5.pom
#14 254.4 [INFO] Downloaded from central: https://repo.maven.apache.org/maven2/org/ow2/ow2/1.5/ow2-1.5.pom (11 kB at 47 kB/s)
#14 254.4 [INFO] Downloading from central: https://repo.maven.apache.org/maven2/org/slf4j/slf4j-api/2.0.11/slf4j-api-2.0.11.pom
#14 254.7 [INFO] Downloaded from central: https://repo.maven.apache.org/maven2/org/slf4j/slf4j-api/2.0.11/slf4j-api-2.0.11.pom (2.8 kB at 11 kB/s)
#14 254.7 [INFO] Downloading from central: https://repo.maven.apache.org/maven2/org/slf4j/slf4j-parent/2.0.11/slf4j-parent-2.0.11.pom
#14 254.9 [INFO] Downloaded from central: https://repo.maven.apache.org/maven2/org/slf4j/slf4j-parent/2.0.11/slf4j-parent-2.0.11.pom (15 kB at 63 kB/s)
#14 254.9 [INFO] Downloading from central: https://repo.maven.apache.org/maven2/org/slf4j/slf4j-bom/2.0.11/slf4j-bom-2.0.11.pom
#14 -865.813 [INFO] Downloaded from central: https://repo.maven.apache.org/maven2/org/slf4j/slf4j-bom/2.0.11/slf4j-bom-2.0.11.pom (7.3 kB)
#14 -865.810 [INFO] Downloading from central: https://repo.maven.apache.org/maven2/jakarta/xml/bind/jakarta.xml.bind-api/4.0.2/jakarta.xml.bind-api-4.0.2.pom
#14 256.5 [INFO] Downloaded from central: https://repo.maven.apache.org/maven2/jakarta/xml/bind/jakarta.xml.bind-api/4.0.2/jakarta.xml.bind-api-4.0.2.pom (13 kB at 11 B/s)
#14 256.5 [INFO] Downloading from central: https://repo.maven.apache.org/maven2/jakarta/xml/bind/jakarta.xml.bind-api-parent/4.0.2/jakarta.xml.bind-api-parent-4.0.2.pom
#14 256.6 [INFO] Downloaded from central: https://repo.maven.apache.org/maven2/jakarta/xml/bind/jakarta.xml.bind-api-parent/4.0.2/jakarta.xml.bind-api-parent-4.0.2.pom (9.1 kB at 58 kB/s)
#14 256.6 [INFO] Downloading from central: https://repo.maven.apache.org/maven2/jakarta/activation/jakarta.activation-api/2.1.3/jakarta.activation-api-2.1.3.pom
#14 256.9 [INFO] Downloaded from central: https://repo.maven.apache.org/maven2/jakarta/activation/jakarta.activation-api/2.1.3/jakarta.activation-api-2.1.3.pom (19 kB at 88 kB/s)
#14 256.9 [INFO] Downloading from central: https://repo.maven.apache.org/maven2/net/minidev/json-smart/2.5.1/json-smart-2.5.1.pom
#14 257.0 [INFO] Downloaded from central: https://repo.maven.apache.org/maven2/net/minidev/json-smart/2.5.1/json-smart-2.5.1.pom (9.3 kB at 52 kB/s)
#14 257.0 [INFO] Downloading from central: https://repo.maven.apache.org/maven2/net/minidev/accessors-smart/2.5.1/accessors-smart-2.5.1.pom
#14 257.2 [INFO] Downloaded from central: https://repo.maven.apache.org/maven2/net/minidev/accessors-smart/2.5.1/accessors-smart-2.5.1.pom (11 kB at 83 kB/s)
#14 257.2 [INFO] Downloading from central: https://repo.maven.apache.org/maven2/org/ow2/asm/asm/9.6/asm-9.6.pom
#14 257.3 [INFO] Downloaded from central: https://repo.maven.apache.org/maven2/org/ow2/asm/asm/9.6/asm-9.6.pom (2.4 kB at 26 kB/s)
#14 257.3 [INFO] Downloading from central: https://repo.maven.apache.org/maven2/org/assertj/assertj-core/3.24.2/assertj-core-3.24.2.pom
#14 257.6 [INFO] Downloaded from central: https://repo.maven.apache.org/maven2/org/assertj/assertj-core/3.24.2/assertj-core-3.24.2.pom (19 kB at 54 kB/s)
#14 257.6 [INFO] Downloading from central: https://repo.maven.apache.org/maven2/org/assertj/assertj-parent/3.24.2/assertj-parent-3.24.2.pom
#14 257.8 [INFO] Downloaded from central: https://repo.maven.apache.org/maven2/org/assertj/assertj-parent/3.24.2/assertj-parent-3.24.2.pom (13 kB at 69 kB/s)
#14 257.8 [INFO] Downloading from central: https://repo.maven.apache.org/maven2/org/assertj/assertj-build/3.24.2/assertj-build-3.24.2.pom
#14 258.0 [INFO] Downloaded from central: https://repo.maven.apache.org/maven2/org/assertj/assertj-build/3.24.2/assertj-build-3.24.2.pom (8.8 kB at 61 kB/s)
#14 258.0 [INFO] Downloading from central: https://repo.maven.apache.org/maven2/net/bytebuddy/byte-buddy/1.12.21/byte-buddy-1.12.21.pom
#14 258.1 [INFO] Downloaded from central: https://repo.maven.apache.org/maven2/net/bytebuddy/byte-buddy/1.12.21/byte-buddy-1.12.21.pom (16 kB at 152 kB/s)
#14 258.1 [INFO] Downloading from central: https://repo.maven.apache.org/maven2/net/bytebuddy/byte-buddy-parent/1.12.21/byte-buddy-parent-1.12.21.pom
#14 258.3 [INFO] Downloaded from central: https://repo.maven.apache.org/maven2/net/bytebuddy/byte-buddy-parent/1.12.21/byte-buddy-parent-1.12.21.pom (58 kB at 293 kB/s)
#14 258.3 [INFO] Downloading from central: https://repo.maven.apache.org/maven2/org/awaitility/awaitility/4.2.1/awaitility-4.2.1.pom
#14 258.4 [INFO] Downloaded from central: https://repo.maven.apache.org/maven2/org/awaitility/awaitility/4.2.1/awaitility-4.2.1.pom (3.5 kB at 31 kB/s)
#14 258.4 [INFO] Downloading from central: https://repo.maven.apache.org/maven2/org/awaitility/awaitility-parent/4.2.1/awaitility-parent-4.2.1.pom
#14 258.5 [INFO] Downloaded from central: https://repo.maven.apache.org/maven2/org/awaitility/awaitility-parent/4.2.1/awaitility-parent-4.2.1.pom (11 kB at 99 kB/s)
#14 258.5 [INFO] Downloading from central: https://repo.maven.apache.org/maven2/org/hamcrest/hamcrest/2.1/hamcrest-2.1.pom
#14 258.6 [INFO] Downloaded from central: https://repo.maven.apache.org/maven2/org/hamcrest/hamcrest/2.1/hamcrest-2.1.pom (1.1 kB at 12 kB/s)
#14 258.6 [INFO] Downloading from central: https://repo.maven.apache.org/maven2/org/hamcrest/hamcrest/2.2/hamcrest-2.2.pom
#14 258.7 [INFO] Downloaded from central: https://repo.maven.apache.org/maven2/org/hamcrest/hamcrest/2.2/hamcrest-2.2.pom (1.1 kB at 10 kB/s)
#14 258.7 [INFO] Downloading from central: https://repo.maven.apache.org/maven2/org/junit/jupiter/junit-jupiter/5.10.2/junit-jupiter-5.10.2.pom
#14 258.8 [INFO] Downloaded from central: https://repo.maven.apache.org/maven2/org/junit/jupiter/junit-jupiter/5.10.2/junit-jupiter-5.10.2.pom (3.2 kB at 26 kB/s)
#14 258.8 [INFO] Downloading from central: https://repo.maven.apache.org/maven2/org/junit/jupiter/junit-jupiter-api/5.10.2/junit-jupiter-api-5.10.2.pom
#14 258.9 [INFO] Downloaded from central: https://repo.maven.apache.org/maven2/org/junit/jupiter/junit-jupiter-api/5.10.2/junit-jupiter-api-5.10.2.pom (3.2 kB at 32 kB/s)
#14 258.9 [INFO] Downloading from central: https://repo.maven.apache.org/maven2/org/opentest4j/opentest4j/1.3.0/opentest4j-1.3.0.pom
#14 259.0 [INFO] Downloaded from central: https://repo.maven.apache.org/maven2/org/opentest4j/opentest4j/1.3.0/opentest4j-1.3.0.pom (2.0 kB at 22 kB/s)
#14 259.0 [INFO] Downloading from central: https://repo.maven.apache.org/maven2/org/junit/platform/junit-platform-commons/1.10.2/junit-platform-commons-1.10.2.pom
#14 259.1 [INFO] Downloaded from central: https://repo.maven.apache.org/maven2/org/junit/platform/junit-platform-commons/1.10.2/junit-platform-commons-1.10.2.pom (2.8 kB at 29 kB/s)
#14 259.1 [INFO] Downloading from central: https://repo.maven.apache.org/maven2/org/apiguardian/apiguardian-api/1.1.2/apiguardian-api-1.1.2.pom
#14 259.2 [INFO] Downloaded from central: https://repo.maven.apache.org/maven2/org/apiguardian/apiguardian-api/1.1.2/apiguardian-api-1.1.2.pom (1.5 kB at 18 kB/s)
#14 259.2 [INFO] Downloading from central: https://repo.maven.apache.org/maven2/org/junit/jupiter/junit-jupiter-params/5.10.2/junit-jupiter-params-5.10.2.pom
#14 259.3 [INFO] Downloaded from central: https://repo.maven.apache.org/maven2/org/junit/jupiter/junit-jupiter-params/5.10.2/junit-jupiter-params-5.10.2.pom (3.0 kB at 35 kB/s)
#14 259.3 [INFO] Downloading from central: https://repo.maven.apache.org/maven2/org/junit/jupiter/junit-jupiter-engine/5.10.2/junit-jupiter-engine-5.10.2.pom
#14 259.4 [INFO] Downloaded from central: https://repo.maven.apache.org/maven2/org/junit/jupiter/junit-jupiter-engine/5.10.2/junit-jupiter-engine-5.10.2.pom (3.2 kB at 34 kB/s)
#14 259.4 [INFO] Downloading from central: https://repo.maven.apache.org/maven2/org/junit/platform/junit-platform-engine/1.10.2/junit-platform-engine-1.10.2.pom
#14 259.6 [INFO] Downloaded from central: https://repo.maven.apache.org/maven2/org/junit/platform/junit-platform-engine/1.10.2/junit-platform-engine-1.10.2.pom (3.2 kB at 22 kB/s)
#14 259.6 [INFO] Downloading from central: https://repo.maven.apache.org/maven2/org/mockito/mockito-core/5.7.0/mockito-core-5.7.0.pom
#14 259.9 [INFO] Downloaded from central: https://repo.maven.apache.org/maven2/org/mockito/mockito-core/5.7.0/mockito-core-5.7.0.pom (2.5 kB at 7.7 kB/s)
#14 259.9 [INFO] Downloading from central: https://repo.maven.apache.org/maven2/net/bytebuddy/byte-buddy/1.14.9/byte-buddy-1.14.9.pom
#14 260.2 [INFO] Downloaded from central: https://repo.maven.apache.org/maven2/net/bytebuddy/byte-buddy/1.14.9/byte-buddy-1.14.9.pom (16 kB at 48 kB/s)
#14 260.2 [INFO] Downloading from central: https://repo.maven.apache.org/maven2/net/bytebuddy/byte-buddy-parent/1.14.9/byte-buddy-parent-1.14.9.pom
#14 260.8 [INFO] Downloaded from central: https://repo.maven.apache.org/maven2/net/bytebuddy/byte-buddy-parent/1.14.9/byte-buddy-parent-1.14.9.pom (62 kB at 98 kB/s)
#14 260.8 [INFO] Downloading from central: https://repo.maven.apache.org/maven2/net/bytebuddy/byte-buddy-agent/1.14.9/byte-buddy-agent-1.14.9.pom
#14 261.4 [INFO] Downloaded from central: https://repo.maven.apache.org/maven2/net/bytebuddy/byte-buddy-agent/1.14.9/byte-buddy-agent-1.14.9.pom (10 kB at 19 kB/s)
#14 261.4 [INFO] Downloading from central: https://repo.maven.apache.org/maven2/org/objenesis/objenesis/3.3/objenesis-3.3.pom
#14 261.6 [INFO] Downloaded from central: https://repo.maven.apache.org/maven2/org/objenesis/objenesis/3.3/objenesis-3.3.pom (3.0 kB at 14 kB/s)
#14 261.6 [INFO] Downloading from central: https://repo.maven.apache.org/maven2/org/objenesis/objenesis-parent/3.3/objenesis-parent-3.3.pom
#14 262.0 [INFO] Downloaded from central: https://repo.maven.apache.org/maven2/org/objenesis/objenesis-parent/3.3/objenesis-parent-3.3.pom (19 kB at 54 kB/s)
#14 262.0 [INFO] Downloading from central: https://repo.maven.apache.org/maven2/org/mockito/mockito-junit-jupiter/5.7.0/mockito-junit-jupiter-5.7.0.pom
#14 262.1 [INFO] Downloaded from central: https://repo.maven.apache.org/maven2/org/mockito/mockito-junit-jupiter/5.7.0/mockito-junit-jupiter-5.7.0.pom (2.3 kB at 20 kB/s)
#14 262.1 [INFO] Downloading from central: https://repo.maven.apache.org/maven2/org/junit/jupiter/junit-jupiter-api/5.10.0/junit-jupiter-api-5.10.0.pom
#14 262.3 [INFO] Downloaded from central: https://repo.maven.apache.org/maven2/org/junit/jupiter/junit-jupiter-api/5.10.0/junit-jupiter-api-5.10.0.pom (3.2 kB at 17 kB/s)
#14 262.3 [INFO] Downloading from central: https://repo.maven.apache.org/maven2/org/junit/platform/junit-platform-commons/1.10.0/junit-platform-commons-1.10.0.pom
#14 262.4 [INFO] Downloaded from central: https://repo.maven.apache.org/maven2/org/junit/platform/junit-platform-commons/1.10.0/junit-platform-commons-1.10.0.pom (2.8 kB at 34 kB/s)
#14 262.4 [INFO] Downloading from central: https://repo.maven.apache.org/maven2/org/skyscreamer/jsonassert/1.5.1/jsonassert-1.5.1.pom
#14 262.4 [INFO] Downloaded from central: https://repo.maven.apache.org/maven2/org/skyscreamer/jsonassert/1.5.1/jsonassert-1.5.1.pom (5.2 kB at 58 kB/s)
#14 262.5 [INFO] Downloading from central: https://repo.maven.apache.org/maven2/com/vaadin/external/google/android-json/0.0.20131108.vaadin1/android-json-0.0.20131108.vaadin1.pom
#14 262.7 [INFO] Downloaded from central: https://repo.maven.apache.org/maven2/com/vaadin/external/google/android-json/0.0.20131108.vaadin1/android-json-0.0.20131108.vaadin1.pom (2.8 kB at 13 kB/s)
#14 262.7 [INFO] Downloading from central: https://repo.maven.apache.org/maven2/org/springframework/spring-test/6.1.6/spring-test-6.1.6.pom
#14 262.8 [INFO] Downloaded from central: https://repo.maven.apache.org/maven2/org/springframework/spring-test/6.1.6/spring-test-6.1.6.pom (2.0 kB at 21 kB/s)
#14 262.8 [INFO] Downloading from central: https://repo.maven.apache.org/maven2/org/xmlunit/xmlunit-core/2.9.1/xmlunit-core-2.9.1.pom
#14 262.8 [INFO] Downloaded from central: https://repo.maven.apache.org/maven2/org/xmlunit/xmlunit-core/2.9.1/xmlunit-core-2.9.1.pom (2.4 kB at 29 kB/s)
#14 262.9 [INFO] Downloading from central: https://repo.maven.apache.org/maven2/org/xmlunit/xmlunit-parent/2.9.1/xmlunit-parent-2.9.1.pom
#14 263.0 [INFO] Downloaded from central: https://repo.maven.apache.org/maven2/org/xmlunit/xmlunit-parent/2.9.1/xmlunit-parent-2.9.1.pom (21 kB at 176 kB/s)
#14 263.0 [INFO] Downloading from central: https://repo.maven.apache.org/maven2/jakarta/xml/bind/jakarta.xml.bind-api/2.3.3/jakarta.xml.bind-api-2.3.3.pom
#14 263.1 [INFO] Downloaded from central: https://repo.maven.apache.org/maven2/jakarta/xml/bind/jakarta.xml.bind-api/2.3.3/jakarta.xml.bind-api-2.3.3.pom (13 kB at 109 kB/s)
#14 263.1 [INFO] Downloading from central: https://repo.maven.apache.org/maven2/jakarta/xml/bind/jakarta.xml.bind-api-parent/2.3.3/jakarta.xml.bind-api-parent-2.3.3.pom
#14 263.4 [INFO] Downloaded from central: https://repo.maven.apache.org/maven2/jakarta/xml/bind/jakarta.xml.bind-api-parent/2.3.3/jakarta.xml.bind-api-parent-2.3.3.pom (9.0 kB at 27 kB/s)
#14 263.4 [INFO] Downloading from central: https://repo.maven.apache.org/maven2/org/eclipse/ee4j/project/1.0.6/project-1.0.6.pom
#14 263.8 [INFO] Downloaded from central: https://repo.maven.apache.org/maven2/org/eclipse/ee4j/project/1.0.6/project-1.0.6.pom (13 kB at 32 kB/s)
#14 263.8 [INFO] Downloading from central: https://repo.maven.apache.org/maven2/jakarta/activation/jakarta.activation-api/1.2.2/jakarta.activation-api-1.2.2.pom
#14 264.2 [INFO] Downloaded from central: https://repo.maven.apache.org/maven2/jakarta/activation/jakarta.activation-api/1.2.2/jakarta.activation-api-1.2.2.pom (5.3 kB at 16 kB/s)
#14 264.2 [INFO] Downloading from central: https://repo.maven.apache.org/maven2/com/sun/activation/all/1.2.2/all-1.2.2.pom
#14 264.8 [INFO] Downloaded from central: https://repo.maven.apache.org/maven2/com/sun/activation/all/1.2.2/all-1.2.2.pom (15 kB at 26 kB/s)
#14 264.8 [INFO] Downloading from central: https://repo.maven.apache.org/maven2/org/springframework/boot/spring-boot-starter-test/3.2.5/spring-boot-starter-test-3.2.5.jar
#14 265.2 [INFO] Downloaded from central: https://repo.maven.apache.org/maven2/org/springframework/boot/spring-boot-starter-test/3.2.5/spring-boot-starter-test-3.2.5.jar (4.8 kB at 14 kB/s)
#14 265.2 [INFO] Downloading from central: https://repo.maven.apache.org/maven2/org/springframework/boot/spring-boot-test/3.2.5/spring-boot-test-3.2.5.jar
#14 265.2 [INFO] Downloading from central: https://repo.maven.apache.org/maven2/org/springframework/boot/spring-boot-test-autoconfigure/3.2.5/spring-boot-test-autoconfigure-3.2.5.jar
#14 265.2 [INFO] Downloading from central: https://repo.maven.apache.org/maven2/com/jayway/jsonpath/json-path/2.9.0/json-path-2.9.0.jar
#14 265.2 [INFO] Downloading from central: https://repo.maven.apache.org/maven2/org/slf4j/slf4j-api/2.0.11/slf4j-api-2.0.11.jar
#14 265.2 [INFO] Downloading from central: https://repo.maven.apache.org/maven2/jakarta/xml/bind/jakarta.xml.bind-api/4.0.2/jakarta.xml.bind-api-4.0.2.jar
#14 267.1 [INFO] Downloaded from central: https://repo.maven.apache.org/maven2/org/slf4j/slf4j-api/2.0.11/slf4j-api-2.0.11.jar (68 kB at 34 kB/s)
#14 267.1 [INFO] Downloading from central: https://repo.maven.apache.org/maven2/jakarta/activation/jakarta.activation-api/2.1.3/jakarta.activation-api-2.1.3.jar
#14 267.6 [INFO] Downloaded from central: https://repo.maven.apache.org/maven2/jakarta/xml/bind/jakarta.xml.bind-api/4.0.2/jakarta.xml.bind-api-4.0.2.jar (131 kB at 52 kB/s)
#14 267.6 [INFO] Downloading from central: https://repo.maven.apache.org/maven2/net/minidev/json-smart/2.5.1/json-smart-2.5.1.jar
#14 268.1 [INFO] Downloaded from central: https://repo.maven.apache.org/maven2/com/jayway/jsonpath/json-path/2.9.0/json-path-2.9.0.jar (277 kB at 94 kB/s)
#14 268.1 [INFO] Downloading from central: https://repo.maven.apache.org/maven2/net/minidev/accessors-smart/2.5.1/accessors-smart-2.5.1.jar
#14 268.4 [INFO] Downloaded from central: https://repo.maven.apache.org/maven2/jakarta/activation/jakarta.activation-api/2.1.3/jakarta.activation-api-2.1.3.jar (67 kB at 21 kB/s)
#14 268.4 [INFO] Downloading from central: https://repo.maven.apache.org/maven2/org/ow2/asm/asm/9.6/asm-9.6.jar
#14 268.5 [INFO] Downloaded from central: https://repo.maven.apache.org/maven2/org/springframework/boot/spring-boot-test-autoconfigure/3.2.5/spring-boot-test-autoconfigure-3.2.5.jar (219 kB at 66 kB/s)
#14 268.5 [INFO] Downloading from central: https://repo.maven.apache.org/maven2/org/assertj/assertj-core/3.24.2/assertj-core-3.24.2.jar
#14 268.7 [INFO] Downloaded from central: https://repo.maven.apache.org/maven2/net/minidev/accessors-smart/2.5.1/accessors-smart-2.5.1.jar (30 kB at 8.6 kB/s)
#14 268.7 [INFO] Downloading from central: https://repo.maven.apache.org/maven2/net/bytebuddy/byte-buddy/1.12.21/byte-buddy-1.12.21.jar
#14 269.5 [INFO] Downloaded from central: https://repo.maven.apache.org/maven2/net/minidev/json-smart/2.5.1/json-smart-2.5.1.jar (122 kB at 28 kB/s)
#14 269.5 [INFO] Downloading from central: https://repo.maven.apache.org/maven2/org/awaitility/awaitility/4.2.1/awaitility-4.2.1.jar
#14 269.7 [INFO] Downloaded from central: https://repo.maven.apache.org/maven2/org/ow2/asm/asm/9.6/asm-9.6.jar (124 kB at 27 kB/s)
#14 269.7 [INFO] Downloading from central: https://repo.maven.apache.org/maven2/org/hamcrest/hamcrest/2.2/hamcrest-2.2.jar
#14 270.6 [INFO] Downloaded from central: https://repo.maven.apache.org/maven2/org/awaitility/awaitility/4.2.1/awaitility-4.2.1.jar (97 kB at 18 kB/s)
#14 270.6 [INFO] Downloading from central: https://repo.maven.apache.org/maven2/org/junit/jupiter/junit-jupiter/5.10.2/junit-jupiter-5.10.2.jar
#14 270.8 [INFO] Downloaded from central: https://repo.maven.apache.org/maven2/org/hamcrest/hamcrest/2.2/hamcrest-2.2.jar (123 kB at 22 kB/s)
#14 270.8 [INFO] Downloading from central: https://repo.maven.apache.org/maven2/org/junit/jupiter/junit-jupiter-api/5.10.2/junit-jupiter-api-5.10.2.jar
#14 271.3 [INFO] Downloaded from central: https://repo.maven.apache.org/maven2/org/junit/jupiter/junit-jupiter/5.10.2/junit-jupiter-5.10.2.jar (6.4 kB at 1.0 kB/s)
#14 271.3 [INFO] Downloading from central: https://repo.maven.apache.org/maven2/org/opentest4j/opentest4j/1.3.0/opentest4j-1.3.0.jar
#14 272.0 [INFO] Downloaded from central: https://repo.maven.apache.org/maven2/org/opentest4j/opentest4j/1.3.0/opentest4j-1.3.0.jar (14 kB at 2.1 kB/s)
#14 272.0 [INFO] Downloading from central: https://repo.maven.apache.org/maven2/org/junit/platform/junit-platform-commons/1.10.2/junit-platform-commons-1.10.2.jar
#14 273.2 [INFO] Downloaded from central: https://repo.maven.apache.org/maven2/org/junit/platform/junit-platform-commons/1.10.2/junit-platform-commons-1.10.2.jar (106 kB at 13 kB/s)
#14 273.2 [INFO] Downloading from central: https://repo.maven.apache.org/maven2/org/apiguardian/apiguardian-api/1.1.2/apiguardian-api-1.1.2.jar
#14 273.4 [INFO] Downloaded from central: https://repo.maven.apache.org/maven2/org/apiguardian/apiguardian-api/1.1.2/apiguardian-api-1.1.2.jar (6.8 kB at 830 B/s)
#14 273.4 [INFO] Downloading from central: https://repo.maven.apache.org/maven2/org/junit/jupiter/junit-jupiter-params/5.10.2/junit-jupiter-params-5.10.2.jar
#14 273.7 [INFO] Downloaded from central: https://repo.maven.apache.org/maven2/org/junit/jupiter/junit-jupiter-api/5.10.2/junit-jupiter-api-5.10.2.jar (211 kB at 25 kB/s)
#14 273.7 [INFO] Downloading from central: https://repo.maven.apache.org/maven2/org/junit/jupiter/junit-jupiter-engine/5.10.2/junit-jupiter-engine-5.10.2.jar
#14 276.5 [INFO] Downloaded from central: https://repo.maven.apache.org/maven2/org/junit/jupiter/junit-jupiter-engine/5.10.2/junit-jupiter-engine-5.10.2.jar (245 kB at 22 kB/s)
#14 276.5 [INFO] Downloading from central: https://repo.maven.apache.org/maven2/org/junit/platform/junit-platform-engine/1.10.2/junit-platform-engine-1.10.2.jar
#14 276.6 [INFO] Downloaded from central: https://repo.maven.apache.org/maven2/org/springframework/boot/spring-boot-test/3.2.5/spring-boot-test-3.2.5.jar (246 kB at 22 kB/s)
#14 276.6 [INFO] Downloading from central: https://repo.maven.apache.org/maven2/org/mockito/mockito-core/5.7.0/mockito-core-5.7.0.jar
#14 279.0 [INFO] Downloaded from central: https://repo.maven.apache.org/maven2/org/assertj/assertj-core/3.24.2/assertj-core-3.24.2.jar (1.3 MB at 97 kB/s)
#14 279.0 [INFO] Downloading from central: https://repo.maven.apache.org/maven2/net/bytebuddy/byte-buddy-agent/1.14.9/byte-buddy-agent-1.14.9.jar
#14 280.1 [INFO] Downloaded from central: https://repo.maven.apache.org/maven2/org/junit/jupiter/junit-jupiter-params/5.10.2/junit-jupiter-params-5.10.2.jar (586 kB at 39 kB/s)
#14 280.1 [INFO] Downloading from central: https://repo.maven.apache.org/maven2/org/objenesis/objenesis/3.3/objenesis-3.3.jar
#14 280.2 [INFO] Downloaded from central: https://repo.maven.apache.org/maven2/org/junit/platform/junit-platform-engine/1.10.2/junit-platform-engine-1.10.2.jar (205 kB at 14 kB/s)
#14 280.2 [INFO] Downloading from central: https://repo.maven.apache.org/maven2/org/mockito/mockito-junit-jupiter/5.7.0/mockito-junit-jupiter-5.7.0.jar
#14 280.7 [INFO] Downloaded from central: https://repo.maven.apache.org/maven2/org/mockito/mockito-junit-jupiter/5.7.0/mockito-junit-jupiter-5.7.0.jar (8.8 kB at 569 B/s)
#14 280.7 [INFO] Downloading from central: https://repo.maven.apache.org/maven2/org/skyscreamer/jsonassert/1.5.1/jsonassert-1.5.1.jar
#14 280.7 [INFO] Downloaded from central: https://repo.maven.apache.org/maven2/net/bytebuddy/byte-buddy-agent/1.14.9/byte-buddy-agent-1.14.9.jar (257 kB at 16 kB/s)
#14 280.7 [INFO] Downloading from central: https://repo.maven.apache.org/maven2/com/vaadin/external/google/android-json/0.0.20131108.vaadin1/android-json-0.0.20131108.vaadin1.jar
#14 280.8 [INFO] Downloaded from central: https://repo.maven.apache.org/maven2/org/objenesis/objenesis/3.3/objenesis-3.3.jar (49 kB at 3.2 kB/s)
#14 280.8 [INFO] Downloading from central: https://repo.maven.apache.org/maven2/org/springframework/spring-test/6.1.6/spring-test-6.1.6.jar
#14 281.0 [INFO] Downloaded from central: https://repo.maven.apache.org/maven2/com/vaadin/external/google/android-json/0.0.20131108.vaadin1/android-json-0.0.20131108.vaadin1.jar (18 kB at 1.1 kB/s)
#14 281.0 [INFO] Downloading from central: https://repo.maven.apache.org/maven2/org/xmlunit/xmlunit-core/2.9.1/xmlunit-core-2.9.1.jar
#14 281.3 [INFO] Downloaded from central: https://repo.maven.apache.org/maven2/org/skyscreamer/jsonassert/1.5.1/jsonassert-1.5.1.jar (31 kB at 1.9 kB/s)
#14 284.0 [INFO] Downloaded from central: https://repo.maven.apache.org/maven2/org/xmlunit/xmlunit-core/2.9.1/xmlunit-core-2.9.1.jar (175 kB at 9.3 kB/s)
#14 291.1 [INFO] Downloaded from central: https://repo.maven.apache.org/maven2/net/bytebuddy/byte-buddy/1.12.21/byte-buddy-1.12.21.jar (3.9 MB at 151 kB/s)
#14 291.8 [INFO] Downloaded from central: https://repo.maven.apache.org/maven2/org/springframework/spring-test/6.1.6/spring-test-6.1.6.jar (855 kB at 32 kB/s)
#14 295.5 [INFO] Downloaded from central: https://repo.maven.apache.org/maven2/org/mockito/mockito-core/5.7.0/mockito-core-5.7.0.jar (700 kB at 23 kB/s)
#14 295.5 [INFO] Downloading from central: https://repo.maven.apache.org/maven2/org/springframework/boot/spring-boot-starter-data-jpa/3.2.5/spring-boot-starter-data-jpa-3.2.5.pom
#14 295.6 [INFO] Downloaded from central: https://repo.maven.apache.org/maven2/org/springframework/boot/spring-boot-starter-data-jpa/3.2.5/spring-boot-starter-data-jpa-3.2.5.pom (2.9 kB at 36 kB/s)
#14 295.6 [INFO] Downloading from central: https://repo.maven.apache.org/maven2/org/springframework/boot/spring-boot-starter-aop/3.2.5/spring-boot-starter-aop-3.2.5.pom
#14 295.7 [INFO] Downloaded from central: https://repo.maven.apache.org/maven2/org/springframework/boot/spring-boot-starter-aop/3.2.5/spring-boot-starter-aop-3.2.5.pom (2.5 kB at 25 kB/s)
#14 295.7 [INFO] Downloading from central: https://repo.maven.apache.org/maven2/org/aspectj/aspectjweaver/1.9.22/aspectjweaver-1.9.22.pom
#14 295.9 [INFO] Downloaded from central: https://repo.maven.apache.org/maven2/org/aspectj/aspectjweaver/1.9.22/aspectjweaver-1.9.22.pom (2.2 kB at 9.3 kB/s)
#14 295.9 [INFO] Downloading from central: https://repo.maven.apache.org/maven2/org/springframework/boot/spring-boot-starter-jdbc/3.2.5/spring-boot-starter-jdbc-3.2.5.pom
#14 296.0 [INFO] Downloaded from central: https://repo.maven.apache.org/maven2/org/springframework/boot/spring-boot-starter-jdbc/3.2.5/spring-boot-starter-jdbc-3.2.5.pom (2.5 kB at 31 kB/s)
#14 296.0 [INFO] Downloading from central: https://repo.maven.apache.org/maven2/com/zaxxer/HikariCP/5.0.1/HikariCP-5.0.1.pom
#14 296.1 [INFO] Downloaded from central: https://repo.maven.apache.org/maven2/com/zaxxer/HikariCP/5.0.1/HikariCP-5.0.1.pom (25 kB at 227 kB/s)
#14 296.1 [INFO] Downloading from central: https://repo.maven.apache.org/maven2/org/slf4j/slf4j-api/2.0.0-alpha1/slf4j-api-2.0.0-alpha1.pom
#14 296.2 [INFO] Downloaded from central: https://repo.maven.apache.org/maven2/org/slf4j/slf4j-api/2.0.0-alpha1/slf4j-api-2.0.0-alpha1.pom (1.7 kB at 22 kB/s)
#14 296.2 [INFO] Downloading from central: https://repo.maven.apache.org/maven2/org/slf4j/slf4j-parent/2.0.0-alpha1/slf4j-parent-2.0.0-alpha1.pom
#14 296.3 [INFO] Downloaded from central: https://repo.maven.apache.org/maven2/org/slf4j/slf4j-parent/2.0.0-alpha1/slf4j-parent-2.0.0-alpha1.pom (16 kB at 166 kB/s)
#14 296.3 [INFO] Downloading from central: https://repo.maven.apache.org/maven2/org/springframework/spring-jdbc/6.1.6/spring-jdbc-6.1.6.pom
#14 296.4 [INFO] Downloaded from central: https://repo.maven.apache.org/maven2/org/springframework/spring-jdbc/6.1.6/spring-jdbc-6.1.6.pom (2.4 kB at 31 kB/s)
#14 296.4 [INFO] Downloading from central: https://repo.maven.apache.org/maven2/org/hibernate/orm/hibernate-core/6.4.4.Final/hibernate-core-6.4.4.Final.pom
#14 296.7 [INFO] Downloaded from central: https://repo.maven.apache.org/maven2/org/hibernate/orm/hibernate-core/6.4.4.Final/hibernate-core-6.4.4.Final.pom (5.8 kB at 17 kB/s)
#14 296.7 [INFO] Downloading from central: https://repo.maven.apache.org/maven2/jakarta/persistence/jakarta.persistence-api/3.1.0/jakarta.persistence-api-3.1.0.pom
#14 296.9 [INFO] Downloaded from central: https://repo.maven.apache.org/maven2/jakarta/persistence/jakarta.persistence-api/3.1.0/jakarta.persistence-api-3.1.0.pom (16 kB at 113 kB/s)
#14 296.9 [INFO] Downloading from central: https://repo.maven.apache.org/maven2/jakarta/transaction/jakarta.transaction-api/2.0.1/jakarta.transaction-api-2.0.1.pom
#14 297.0 [INFO] Downloaded from central: https://repo.maven.apache.org/maven2/jakarta/transaction/jakarta.transaction-api/2.0.1/jakarta.transaction-api-2.0.1.pom (14 kB at 124 kB/s)
#14 297.0 [INFO] Downloading from central: https://repo.maven.apache.org/maven2/org/jboss/logging/jboss-logging/3.5.0.Final/jboss-logging-3.5.0.Final.pom
#14 297.2 [INFO] Downloaded from central: https://repo.maven.apache.org/maven2/org/jboss/logging/jboss-logging/3.5.0.Final/jboss-logging-3.5.0.Final.pom (18 kB at 78 kB/s)
#14 297.2 [INFO] Downloading from central: https://repo.maven.apache.org/maven2/org/hibernate/common/hibernate-commons-annotations/6.0.6.Final/hibernate-commons-annotations-6.0.6.Final.pom
#14 297.3 [INFO] Downloaded from central: https://repo.maven.apache.org/maven2/org/hibernate/common/hibernate-commons-annotations/6.0.6.Final/hibernate-commons-annotations-6.0.6.Final.pom (2.1 kB at 21 kB/s)
#14 297.3 [INFO] Downloading from central: https://repo.maven.apache.org/maven2/io/smallrye/jandex/3.1.2/jandex-3.1.2.pom
#14 297.4 [INFO] Downloaded from central: https://repo.maven.apache.org/maven2/io/smallrye/jandex/3.1.2/jandex-3.1.2.pom (7.0 kB at 90 kB/s)
#14 297.4 [INFO] Downloading from central: https://repo.maven.apache.org/maven2/io/smallrye/jandex-parent/3.1.2/jandex-parent-3.1.2.pom
#14 297.5 [INFO] Downloaded from central: https://repo.maven.apache.org/maven2/io/smallrye/jandex-parent/3.1.2/jandex-parent-3.1.2.pom (7.2 kB at 86 kB/s)
#14 297.5 [INFO] Downloading from central: https://repo.maven.apache.org/maven2/io/smallrye/smallrye-build-parent/39/smallrye-build-parent-39.pom
#14 297.6 [INFO] Downloaded from central: https://repo.maven.apache.org/maven2/io/smallrye/smallrye-build-parent/39/smallrye-build-parent-39.pom (28 kB at 251 kB/s)
#14 297.6 [INFO] Downloading from central: https://repo.maven.apache.org/maven2/com/fasterxml/classmate/1.5.1/classmate-1.5.1.pom
#14 297.7 [INFO] Downloaded from central: https://repo.maven.apache.org/maven2/com/fasterxml/classmate/1.5.1/classmate-1.5.1.pom (7.3 kB at 50 kB/s)
#14 297.7 [INFO] Downloading from central: https://repo.maven.apache.org/maven2/com/fasterxml/oss-parent/35/oss-parent-35.pom
#14 297.9 [INFO] Downloaded from central: https://repo.maven.apache.org/maven2/com/fasterxml/oss-parent/35/oss-parent-35.pom (23 kB at 197 kB/s)
#14 297.9 [INFO] Downloading from central: https://repo.maven.apache.org/maven2/net/bytebuddy/byte-buddy/1.14.11/byte-buddy-1.14.11.pom
#14 298.0 [INFO] Downloaded from central: https://repo.maven.apache.org/maven2/net/bytebuddy/byte-buddy/1.14.11/byte-buddy-1.14.11.pom (16 kB at 140 kB/s)
#14 298.0 [INFO] Downloading from central: https://repo.maven.apache.org/maven2/net/bytebuddy/byte-buddy-parent/1.14.11/byte-buddy-parent-1.14.11.pom
#14 298.2 [INFO] Downloaded from central: https://repo.maven.apache.org/maven2/net/bytebuddy/byte-buddy-parent/1.14.11/byte-buddy-parent-1.14.11.pom (62 kB at 354 kB/s)
#14 298.2 [INFO] Downloading from central: https://repo.maven.apache.org/maven2/jakarta/xml/bind/jakarta.xml.bind-api/4.0.0/jakarta.xml.bind-api-4.0.0.pom
#14 298.4 [INFO] Downloaded from central: https://repo.maven.apache.org/maven2/jakarta/xml/bind/jakarta.xml.bind-api/4.0.0/jakarta.xml.bind-api-4.0.0.pom (12 kB at 47 kB/s)
#14 298.4 [INFO] Downloading from central: https://repo.maven.apache.org/maven2/jakarta/xml/bind/jakarta.xml.bind-api-parent/4.0.0/jakarta.xml.bind-api-parent-4.0.0.pom
#14 298.7 [INFO] Downloaded from central: https://repo.maven.apache.org/maven2/jakarta/xml/bind/jakarta.xml.bind-api-parent/4.0.0/jakarta.xml.bind-api-parent-4.0.0.pom (9.2 kB at 37 kB/s)
#14 298.7 [INFO] Downloading from central: https://repo.maven.apache.org/maven2/jakarta/activation/jakarta.activation-api/2.1.0/jakarta.activation-api-2.1.0.pom
#14 299.3 [INFO] Downloaded from central: https://repo.maven.apache.org/maven2/jakarta/activation/jakarta.activation-api/2.1.0/jakarta.activation-api-2.1.0.pom (18 kB at 27 kB/s)
#14 299.3 [INFO] Downloading from central: https://repo.maven.apache.org/maven2/org/glassfish/jaxb/jaxb-runtime/4.0.2/jaxb-runtime-4.0.2.pom
#14 301.4 [INFO] Downloaded from central: https://repo.maven.apache.org/maven2/org/glassfish/jaxb/jaxb-runtime/4.0.2/jaxb-runtime-4.0.2.pom (4.8 kB at 2.4 kB/s)
#14 301.4 [INFO] Downloading from central: https://repo.maven.apache.org/maven2/com/sun/xml/bind/mvn/jaxb-runtime-parent/4.0.2/jaxb-runtime-parent-4.0.2.pom
#14 302.5 [INFO] Downloaded from central: https://repo.maven.apache.org/maven2/com/sun/xml/bind/mvn/jaxb-runtime-parent/4.0.2/jaxb-runtime-parent-4.0.2.pom (1.2 kB at 1.0 kB/s)
#14 302.5 [INFO] Downloading from central: https://repo.maven.apache.org/maven2/com/sun/xml/bind/mvn/jaxb-parent/4.0.2/jaxb-parent-4.0.2.pom
#14 304.2 [INFO] Downloaded from central: https://repo.maven.apache.org/maven2/com/sun/xml/bind/mvn/jaxb-parent/4.0.2/jaxb-parent-4.0.2.pom (33 kB at 19 kB/s)
#14 304.2 [INFO] Downloading from central: https://repo.maven.apache.org/maven2/com/sun/xml/bind/jaxb-bom-ext/4.0.2/jaxb-bom-ext-4.0.2.pom
#14 305.9 [INFO] Downloaded from central: https://repo.maven.apache.org/maven2/com/sun/xml/bind/jaxb-bom-ext/4.0.2/jaxb-bom-ext-4.0.2.pom (3.5 kB at 2.1 kB/s)
#14 305.9 [INFO] Downloading from central: https://repo.maven.apache.org/maven2/org/glassfish/jaxb/jaxb-bom/4.0.2/jaxb-bom-4.0.2.pom
#14 307.2 [INFO] Downloaded from central: https://repo.maven.apache.org/maven2/org/glassfish/jaxb/jaxb-bom/4.0.2/jaxb-bom-4.0.2.pom (11 kB at 8.3 kB/s)
#14 307.2 [INFO] Downloading from central: https://repo.maven.apache.org/maven2/org/glassfish/jaxb/jaxb-core/4.0.2/jaxb-core-4.0.2.pom
#14 307.9 [INFO] Downloaded from central: https://repo.maven.apache.org/maven2/org/glassfish/jaxb/jaxb-core/4.0.2/jaxb-core-4.0.2.pom (3.7 kB at 5.4 kB/s)
#14 307.9 [INFO] Downloading from central: https://repo.maven.apache.org/maven2/jakarta/activation/jakarta.activation-api/2.1.1/jakarta.activation-api-2.1.1.pom
#14 308.8 [INFO] Downloaded from central: https://repo.maven.apache.org/maven2/jakarta/activation/jakarta.activation-api/2.1.1/jakarta.activation-api-2.1.1.pom (18 kB at 20 kB/s)
#14 308.8 [INFO] Downloading from central: https://repo.maven.apache.org/maven2/org/eclipse/angus/angus-activation/2.0.0/angus-activation-2.0.0.pom
#14 309.4 [INFO] Downloaded from central: https://repo.maven.apache.org/maven2/org/eclipse/angus/angus-activation/2.0.0/angus-activation-2.0.0.pom (4.1 kB at 6.8 kB/s)
#14 309.4 [INFO] Downloading from central: https://repo.maven.apache.org/maven2/org/eclipse/angus/angus-activation-project/2.0.0/angus-activation-project-2.0.0.pom
#14 310.1 [INFO] Downloaded from central: https://repo.maven.apache.org/maven2/org/eclipse/angus/angus-activation-project/2.0.0/angus-activation-project-2.0.0.pom (20 kB at 32 kB/s)
#14 310.1 [INFO] Downloading from central: https://repo.maven.apache.org/maven2/org/glassfish/jaxb/txw2/4.0.2/txw2-4.0.2.pom
#14 310.3 [INFO] Downloaded from central: https://repo.maven.apache.org/maven2/org/glassfish/jaxb/txw2/4.0.2/txw2-4.0.2.pom (1.8 kB at 7.5 kB/s)
#14 310.3 [INFO] Downloading from central: https://repo.maven.apache.org/maven2/com/sun/xml/bind/mvn/jaxb-txw-parent/4.0.2/jaxb-txw-parent-4.0.2.pom
#14 310.6 [INFO] Downloaded from central: https://repo.maven.apache.org/maven2/com/sun/xml/bind/mvn/jaxb-txw-parent/4.0.2/jaxb-txw-parent-4.0.2.pom (1.2 kB at 4.1 kB/s)
#14 310.6 [INFO] Downloading from central: https://repo.maven.apache.org/maven2/com/sun/istack/istack-commons-runtime/4.1.1/istack-commons-runtime-4.1.1.pom
#14 310.8 [INFO] Downloaded from central: https://repo.maven.apache.org/maven2/com/sun/istack/istack-commons-runtime/4.1.1/istack-commons-runtime-4.1.1.pom (2.3 kB at 10.0 kB/s)
#14 310.8 [INFO] Downloading from central: https://repo.maven.apache.org/maven2/com/sun/istack/istack-commons/4.1.1/istack-commons-4.1.1.pom
#14 311.4 [INFO] Downloaded from central: https://repo.maven.apache.org/maven2/com/sun/istack/istack-commons/4.1.1/istack-commons-4.1.1.pom (24 kB at 39 kB/s)
#14 311.5 [INFO] Downloading from central: https://repo.maven.apache.org/maven2/jakarta/inject/jakarta.inject-api/2.0.1/jakarta.inject-api-2.0.1.pom
#14 312.0 [INFO] Downloaded from central: https://repo.maven.apache.org/maven2/jakarta/inject/jakarta.inject-api/2.0.1/jakarta.inject-api-2.0.1.pom (5.9 kB at 11 kB/s)
#14 312.0 [INFO] Downloading from central: https://repo.maven.apache.org/maven2/org/antlr/antlr4-runtime/4.13.0/antlr4-runtime-4.13.0.pom
#14 312.3 [INFO] Downloaded from central: https://repo.maven.apache.org/maven2/org/antlr/antlr4-runtime/4.13.0/antlr4-runtime-4.13.0.pom (3.6 kB at 13 kB/s)
#14 312.3 [INFO] Downloading from central: https://repo.maven.apache.org/maven2/org/antlr/antlr4-master/4.13.0/antlr4-master-4.13.0.pom
#14 312.7 [INFO] Downloaded from central: https://repo.maven.apache.org/maven2/org/antlr/antlr4-master/4.13.0/antlr4-master-4.13.0.pom (4.8 kB at 9.8 kB/s)
#14 312.7 [INFO] Downloading from central: https://repo.maven.apache.org/maven2/org/springframework/data/spring-data-jpa/3.2.5/spring-data-jpa-3.2.5.pom
#14 313.1 [INFO] Downloaded from central: https://repo.maven.apache.org/maven2/org/springframework/data/spring-data-jpa/3.2.5/spring-data-jpa-3.2.5.pom (11 kB at 33 kB/s)
#14 313.1 [INFO] Downloading from central: https://repo.maven.apache.org/maven2/org/springframework/data/spring-data-jpa-parent/3.2.5/spring-data-jpa-parent-3.2.5.pom
#14 313.4 [INFO] Downloaded from central: https://repo.maven.apache.org/maven2/org/springframework/data/spring-data-jpa-parent/3.2.5/spring-data-jpa-parent-3.2.5.pom (8.1 kB at 25 kB/s)
#14 313.4 [INFO] Downloading from central: https://repo.maven.apache.org/maven2/org/springframework/spring-orm/6.1.6/spring-orm-6.1.6.pom
#14 313.7 [INFO] Downloaded from central: https://repo.maven.apache.org/maven2/org/springframework/spring-orm/6.1.6/spring-orm-6.1.6.pom (2.6 kB at 8.4 kB/s)
#14 313.7 [INFO] Downloading from central: https://repo.maven.apache.org/maven2/jakarta/annotation/jakarta.annotation-api/2.0.0/jakarta.annotation-api-2.0.0.pom
#14 313.9 [INFO] Downloaded from central: https://repo.maven.apache.org/maven2/jakarta/annotation/jakarta.annotation-api/2.0.0/jakarta.annotation-api-2.0.0.pom (16 kB at 75 kB/s)
#14 313.9 [INFO] Downloading from central: https://repo.maven.apache.org/maven2/org/springframework/spring-aspects/6.1.6/spring-aspects-6.1.6.pom
#14 314.1 [INFO] Downloaded from central: https://repo.maven.apache.org/maven2/org/springframework/spring-aspects/6.1.6/spring-aspects-6.1.6.pom (2.0 kB at 16 kB/s)
#14 314.1 [INFO] Downloading from central: https://repo.maven.apache.org/maven2/org/springframework/boot/spring-boot-starter-data-jpa/3.2.5/spring-boot-starter-data-jpa-3.2.5.jar
#14 314.2 [INFO] Downloaded from central: https://repo.maven.apache.org/maven2/org/springframework/boot/spring-boot-starter-data-jpa/3.2.5/spring-boot-starter-data-jpa-3.2.5.jar (4.8 kB at 27 kB/s)
#14 314.2 [INFO] Downloading from central: https://repo.maven.apache.org/maven2/org/springframework/boot/spring-boot-starter-aop/3.2.5/spring-boot-starter-aop-3.2.5.jar
#14 314.2 [INFO] Downloading from central: https://repo.maven.apache.org/maven2/org/aspectj/aspectjweaver/1.9.22/aspectjweaver-1.9.22.jar
#14 314.2 [INFO] Downloading from central: https://repo.maven.apache.org/maven2/org/springframework/boot/spring-boot-starter-jdbc/3.2.5/spring-boot-starter-jdbc-3.2.5.jar
#14 314.2 [INFO] Downloading from central: https://repo.maven.apache.org/maven2/com/zaxxer/HikariCP/5.0.1/HikariCP-5.0.1.jar
#14 314.2 [INFO] Downloading from central: https://repo.maven.apache.org/maven2/org/springframework/spring-jdbc/6.1.6/spring-jdbc-6.1.6.jar
#14 314.5 [INFO] Downloaded from central: https://repo.maven.apache.org/maven2/org/springframework/boot/spring-boot-starter-jdbc/3.2.5/spring-boot-starter-jdbc-3.2.5.jar (4.8 kB at 17 kB/s)
#14 314.5 [INFO] Downloading from central: https://repo.maven.apache.org/maven2/org/hibernate/orm/hibernate-core/6.4.4.Final/hibernate-core-6.4.4.Final.jar
#14 314.6 [INFO] Downloaded from central: https://repo.maven.apache.org/maven2/org/springframework/boot/spring-boot-starter-aop/3.2.5/spring-boot-starter-aop-3.2.5.jar (4.8 kB at 14 kB/s)
#14 314.6 [INFO] Downloading from central: https://repo.maven.apache.org/maven2/jakarta/persistence/jakarta.persistence-api/3.1.0/jakarta.persistence-api-3.1.0.jar
#14 316.4 [INFO] Downloaded from central: https://repo.maven.apache.org/maven2/com/zaxxer/HikariCP/5.0.1/HikariCP-5.0.1.jar (162 kB at 75 kB/s)
#14 316.4 [INFO] Downloading from central: https://repo.maven.apache.org/maven2/jakarta/transaction/jakarta.transaction-api/2.0.1/jakarta.transaction-api-2.0.1.jar
#14 -804.251 [INFO] Downloaded from central: https://repo.maven.apache.org/maven2/jakarta/transaction/jakarta.transaction-api/2.0.1/jakarta.transaction-api-2.0.1.jar (29 kB)
#14 -804.251 [INFO] Downloading from central: https://repo.maven.apache.org/maven2/org/jboss/logging/jboss-logging/3.5.0.Final/jboss-logging-3.5.0.Final.jar
#14 319.1 [INFO] Downloaded from central: https://repo.maven.apache.org/maven2/org/jboss/logging/jboss-logging/3.5.0.Final/jboss-logging-3.5.0.Final.jar (63 kB at 13 kB/s)
#14 319.1 [INFO] Downloading from central: https://repo.maven.apache.org/maven2/org/hibernate/common/hibernate-commons-annotations/6.0.6.Final/hibernate-commons-annotations-6.0.6.Final.jar
#14 321.0 [INFO] Downloaded from central: https://repo.maven.apache.org/maven2/org/hibernate/common/hibernate-commons-annotations/6.0.6.Final/hibernate-commons-annotations-6.0.6.Final.jar (68 kB at 10 kB/s)
#14 321.0 [INFO] Downloading from central: https://repo.maven.apache.org/maven2/io/smallrye/jandex/3.1.2/jandex-3.1.2.jar
#14 322.7 [INFO] Downloaded from central: https://repo.maven.apache.org/maven2/jakarta/persistence/jakarta.persistence-api/3.1.0/jakarta.persistence-api-3.1.0.jar (165 kB at 20 kB/s)
#14 322.7 [INFO] Downloading from central: https://repo.maven.apache.org/maven2/com/fasterxml/classmate/1.5.1/classmate-1.5.1.jar
#14 323.7 [INFO] Downloaded from central: https://repo.maven.apache.org/maven2/io/smallrye/jandex/3.1.2/jandex-3.1.2.jar (327 kB at 35 kB/s)
#14 323.7 [INFO] Downloading from central: https://repo.maven.apache.org/maven2/net/bytebuddy/byte-buddy/1.14.11/byte-buddy-1.14.11.jar
#14 324.0 [INFO] Downloaded from central: https://repo.maven.apache.org/maven2/com/fasterxml/classmate/1.5.1/classmate-1.5.1.jar (68 kB at 6.9 kB/s)
#14 324.0 [INFO] Downloading from central: https://repo.maven.apache.org/maven2/jakarta/xml/bind/jakarta.xml.bind-api/4.0.0/jakarta.xml.bind-api-4.0.0.jar
#14 326.7 [INFO] Downloaded from central: https://repo.maven.apache.org/maven2/jakarta/xml/bind/jakarta.xml.bind-api/4.0.0/jakarta.xml.bind-api-4.0.0.jar (127 kB at 10 kB/s)
#14 326.7 [INFO] Downloading from central: https://repo.maven.apache.org/maven2/jakarta/activation/jakarta.activation-api/2.1.0/jakarta.activation-api-2.1.0.jar
#14 328.0 [INFO] Downloaded from central: https://repo.maven.apache.org/maven2/jakarta/activation/jakarta.activation-api/2.1.0/jakarta.activation-api-2.1.0.jar (63 kB at 4.6 kB/s)
#14 328.0 [INFO] Downloading from central: https://repo.maven.apache.org/maven2/org/glassfish/jaxb/jaxb-runtime/4.0.2/jaxb-runtime-4.0.2.jar
#14 332.6 [INFO] Downloaded from central: https://repo.maven.apache.org/maven2/org/aspectj/aspectjweaver/1.9.22/aspectjweaver-1.9.22.jar (2.2 MB at 118 kB/s)
#14 332.6 [INFO] Downloading from central: https://repo.maven.apache.org/maven2/org/glassfish/jaxb/jaxb-core/4.0.2/jaxb-core-4.0.2.jar
#14 332.6 [INFO] Downloaded from central: https://repo.maven.apache.org/maven2/org/springframework/spring-jdbc/6.1.6/spring-jdbc-6.1.6.jar (467 kB at 25 kB/s)
#14 332.6 [INFO] Downloading from central: https://repo.maven.apache.org/maven2/org/eclipse/angus/angus-activation/2.0.0/angus-activation-2.0.0.jar
#14 333.6 [INFO] Downloaded from central: https://repo.maven.apache.org/maven2/org/eclipse/angus/angus-activation/2.0.0/angus-activation-2.0.0.jar (27 kB at 1.4 kB/s)
#14 333.6 [INFO] Downloading from central: https://repo.maven.apache.org/maven2/org/glassfish/jaxb/txw2/4.0.2/txw2-4.0.2.jar
#14 334.2 [INFO] Downloaded from central: https://repo.maven.apache.org/maven2/org/glassfish/jaxb/jaxb-core/4.0.2/jaxb-core-4.0.2.jar (139 kB at 6.9 kB/s)
#14 334.2 [INFO] Downloading from central: https://repo.maven.apache.org/maven2/com/sun/istack/istack-commons-runtime/4.1.1/istack-commons-runtime-4.1.1.jar
#14 334.9 [INFO] Downloaded from central: https://repo.maven.apache.org/maven2/com/sun/istack/istack-commons-runtime/4.1.1/istack-commons-runtime-4.1.1.jar (26 kB at 1.3 kB/s)
#14 334.9 [INFO] Downloading from central: https://repo.maven.apache.org/maven2/jakarta/inject/jakarta.inject-api/2.0.1/jakarta.inject-api-2.0.1.jar
#14 335.1 [INFO] Downloaded from central: https://repo.maven.apache.org/maven2/jakarta/inject/jakarta.inject-api/2.0.1/jakarta.inject-api-2.0.1.jar (11 kB at 510 B/s)
#14 335.1 [INFO] Downloading from central: https://repo.maven.apache.org/maven2/org/antlr/antlr4-runtime/4.13.0/antlr4-runtime-4.13.0.jar
#14 340.8 [INFO] Downloaded from central: https://repo.maven.apache.org/maven2/org/glassfish/jaxb/txw2/4.0.2/txw2-4.0.2.jar (73 kB at 2.8 kB/s)
#14 340.8 [INFO] Downloading from central: https://repo.maven.apache.org/maven2/org/springframework/data/spring-data-jpa/3.2.5/spring-data-jpa-3.2.5.jar
#14 358.7 [INFO] Downloaded from central: https://repo.maven.apache.org/maven2/org/antlr/antlr4-runtime/4.13.0/antlr4-runtime-4.13.0.jar (326 kB at 7.3 kB/s)
#14 358.7 [INFO] Downloading from central: https://repo.maven.apache.org/maven2/org/springframework/spring-orm/6.1.6/spring-orm-6.1.6.jar
#14 361.3 [INFO] Downloaded from central: https://repo.maven.apache.org/maven2/org/springframework/data/spring-data-jpa/3.2.5/spring-data-jpa-3.2.5.jar (1.5 MB at 33 kB/s)
#14 361.3 [INFO] Downloading from central: https://repo.maven.apache.org/maven2/jakarta/annotation/jakarta.annotation-api/2.0.0/jakarta.annotation-api-2.0.0.jar
#14 361.3 [INFO] Downloaded from central: https://repo.maven.apache.org/maven2/org/springframework/spring-orm/6.1.6/spring-orm-6.1.6.jar (237 kB at 5.0 kB/s)
#14 361.3 [INFO] Downloading from central: https://repo.maven.apache.org/maven2/org/springframework/spring-aspects/6.1.6/spring-aspects-6.1.6.jar
#14 361.4 [INFO] Downloaded from central: https://repo.maven.apache.org/maven2/jakarta/annotation/jakarta.annotation-api/2.0.0/jakarta.annotation-api-2.0.0.jar (25 kB at 539 B/s)
#14 361.7 [INFO] Downloaded from central: https://repo.maven.apache.org/maven2/org/springframework/spring-aspects/6.1.6/spring-aspects-6.1.6.jar (50 kB at 1.0 kB/s)
#14 363.0 [INFO] Downloaded from central: https://repo.maven.apache.org/maven2/net/bytebuddy/byte-buddy/1.14.11/byte-buddy-1.14.11.jar (4.2 MB at 86 kB/s)
#14 366.5 [INFO] Downloaded from central: https://repo.maven.apache.org/maven2/org/hibernate/orm/hibernate-core/6.4.4.Final/hibernate-core-6.4.4.Final.jar (12 MB at 221 kB/s)
#14 371.0 [INFO] Downloaded from central: https://repo.maven.apache.org/maven2/org/glassfish/jaxb/jaxb-runtime/4.0.2/jaxb-runtime-4.0.2.jar (908 kB at 16 kB/s)
#14 371.1 [INFO] Downloading from central: https://repo.maven.apache.org/maven2/org/springframework/boot/spring-boot-starter-oauth2-client/3.2.5/spring-boot-starter-oauth2-client-3.2.5.pom
#14 371.1 [INFO] Downloaded from central: https://repo.maven.apache.org/maven2/org/springframework/boot/spring-boot-starter-oauth2-client/3.2.5/spring-boot-starter-oauth2-client-3.2.5.pom (3.0 kB at 42 kB/s)
#14 371.1 [INFO] Downloading from central: https://repo.maven.apache.org/maven2/org/springframework/security/spring-security-config/6.2.4/spring-security-config-6.2.4.pom
#14 371.2 [INFO] Downloaded from central: https://repo.maven.apache.org/maven2/org/springframework/security/spring-security-config/6.2.4/spring-security-config-6.2.4.pom (2.8 kB at 39 kB/s)
#14 371.2 [INFO] Downloading from central: https://repo.maven.apache.org/maven2/org/springframework/security/spring-security-core/6.2.4/spring-security-core-6.2.4.pom
#14 371.3 [INFO] Downloaded from central: https://repo.maven.apache.org/maven2/org/springframework/security/spring-security-core/6.2.4/spring-security-core-6.2.4.pom (3.2 kB at 48 kB/s)
#14 371.3 [INFO] Downloading from central: https://repo.maven.apache.org/maven2/org/springframework/security/spring-security-crypto/6.2.4/spring-security-crypto-6.2.4.pom
#14 371.4 [INFO] Downloaded from central: https://repo.maven.apache.org/maven2/org/springframework/security/spring-security-crypto/6.2.4/spring-security-crypto-6.2.4.pom (1.9 kB at 11 kB/s)
#14 371.5 [INFO] Downloading from central: https://repo.maven.apache.org/maven2/org/springframework/security/spring-security-oauth2-client/6.2.4/spring-security-oauth2-client-6.2.4.pom
#14 371.7 [INFO] Downloaded from central: https://repo.maven.apache.org/maven2/org/springframework/security/spring-security-oauth2-client/6.2.4/spring-security-oauth2-client-6.2.4.pom (2.9 kB at 12 kB/s)
#14 371.7 [INFO] Downloading from central: https://repo.maven.apache.org/maven2/org/springframework/security/spring-security-oauth2-core/6.2.4/spring-security-oauth2-core-6.2.4.pom
#14 372.0 [INFO] Downloaded from central: https://repo.maven.apache.org/maven2/org/springframework/security/spring-security-oauth2-core/6.2.4/spring-security-oauth2-core-6.2.4.pom (2.5 kB at 9.5 kB/s)
#14 372.0 [INFO] Downloading from central: https://repo.maven.apache.org/maven2/org/springframework/spring-web/6.1.6/spring-web-6.1.6.pom
#14 372.0 [INFO] Downloaded from central: https://repo.maven.apache.org/maven2/org/springframework/spring-web/6.1.6/spring-web-6.1.6.pom (2.4 kB at 35 kB/s)
#14 372.0 [INFO] Downloading from central: https://repo.maven.apache.org/maven2/org/springframework/security/spring-security-web/6.2.4/spring-security-web-6.2.4.pom
#14 372.1 [INFO] Downloaded from central: https://repo.maven.apache.org/maven2/org/springframework/security/spring-security-web/6.2.4/spring-security-web-6.2.4.pom (3.2 kB at 46 kB/s)
#14 372.1 [INFO] Downloading from central: https://repo.maven.apache.org/maven2/com/nimbusds/oauth2-oidc-sdk/9.43.3/oauth2-oidc-sdk-9.43.3.pom
#14 372.2 [INFO] Downloaded from central: https://repo.maven.apache.org/maven2/com/nimbusds/oauth2-oidc-sdk/9.43.3/oauth2-oidc-sdk-9.43.3.pom (14 kB at 156 kB/s)
#14 372.2 [INFO] Downloading from central: https://repo.maven.apache.org/maven2/com/github/stephenc/jcip/jcip-annotations/1.0-1/jcip-annotations-1.0-1.pom
#14 372.3 [INFO] Downloaded from central: https://repo.maven.apache.org/maven2/com/github/stephenc/jcip/jcip-annotations/1.0-1/jcip-annotations-1.0-1.pom (5.4 kB at 70 kB/s)
#14 372.3 [INFO] Downloading from central: https://repo.maven.apache.org/maven2/com/nimbusds/content-type/2.2/content-type-2.2.pom
#14 372.4 [INFO] Downloaded from central: https://repo.maven.apache.org/maven2/com/nimbusds/content-type/2.2/content-type-2.2.pom (8.9 kB at 114 kB/s)
#14 372.4 [INFO] Downloading from central: https://repo.maven.apache.org/maven2/net/minidev/json-smart/maven-metadata.xml
#14 372.4 [INFO] Downloading from shibboleth-repo: https://build.shibboleth.net/nexus/content/repositories/releases/net/minidev/json-smart/maven-metadata.xml
#14 372.4 [INFO] Downloaded from central: https://repo.maven.apache.org/maven2/net/minidev/json-smart/maven-metadata.xml (1.4 kB at 22 kB/s)
#14 373.3 [INFO] Downloading from central: https://repo.maven.apache.org/maven2/net/minidev/json-smart/1.3.3/json-smart-1.3.3.pom
#14 373.4 [INFO] Downloaded from central: https://repo.maven.apache.org/maven2/net/minidev/json-smart/1.3.3/json-smart-1.3.3.pom (2.0 kB at 31 kB/s)
#14 373.4 [INFO] Downloading from central: https://repo.maven.apache.org/maven2/net/minidev/parent/1.3.2/parent-1.3.2.pom
#14 373.5 [INFO] Downloaded from central: https://repo.maven.apache.org/maven2/net/minidev/parent/1.3.2/parent-1.3.2.pom (7.9 kB at 89 kB/s)
#14 373.5 [INFO] Downloading from central: https://repo.maven.apache.org/maven2/net/minidev/json-smart/2.0-RC1/json-smart-2.0-RC1.pom
#14 373.6 [INFO] Downloaded from central: https://repo.maven.apache.org/maven2/net/minidev/json-smart/2.0-RC1/json-smart-2.0-RC1.pom (1.4 kB at 23 kB/s)
#14 373.6 [INFO] Downloading from central: https://repo.maven.apache.org/maven2/net/minidev/parent/2.0-RC1/parent-2.0-RC1.pom
#14 373.7 [INFO] Downloaded from central: https://repo.maven.apache.org/maven2/net/minidev/parent/2.0-RC1/parent-2.0-RC1.pom (11 kB at 127 kB/s)
#14 373.7 [INFO] Downloading from central: https://repo.maven.apache.org/maven2/net/minidev/asm/1.0-RC1/asm-1.0-RC1.pom
#14 373.7 [INFO] Downloaded from central: https://repo.maven.apache.org/maven2/net/minidev/asm/1.0-RC1/asm-1.0-RC1.pom (1.6 kB at 24 kB/s)
#14 373.7 [INFO] Downloading from central: https://repo.maven.apache.org/maven2/asm/asm/3.3.1/asm-3.3.1.pom
#14 373.8 [INFO] Downloaded from central: https://repo.maven.apache.org/maven2/asm/asm/3.3.1/asm-3.3.1.pom (266 B at 4.0 kB/s)
#14 373.8 [INFO] Downloading from central: https://repo.maven.apache.org/maven2/asm/asm-parent/3.3.1/asm-parent-3.3.1.pom
#14 373.9 [INFO] Downloaded from central: https://repo.maven.apache.org/maven2/asm/asm-parent/3.3.1/asm-parent-3.3.1.pom (4.3 kB at 63 kB/s)
#14 373.9 [INFO] Downloading from central: https://repo.maven.apache.org/maven2/net/minidev/json-smart/2.0-RC2/json-smart-2.0-RC2.pom
#14 373.9 [INFO] Downloaded from central: https://repo.maven.apache.org/maven2/net/minidev/json-smart/2.0-RC2/json-smart-2.0-RC2.pom (1.4 kB at 23 kB/s)
#14 373.9 [INFO] Downloading from central: https://repo.maven.apache.org/maven2/net/minidev/parent/2.0-RC2/parent-2.0-RC2.pom
#14 374.0 [INFO] Downloaded from central: https://repo.maven.apache.org/maven2/net/minidev/parent/2.0-RC2/parent-2.0-RC2.pom (11 kB at 130 kB/s)
#14 374.0 [INFO] Downloading from central: https://repo.maven.apache.org/maven2/net/minidev/json-smart/2.0-RC3/json-smart-2.0-RC3.pom
#14 374.1 [INFO] Downloaded from central: https://repo.maven.apache.org/maven2/net/minidev/json-smart/2.0-RC3/json-smart-2.0-RC3.pom (1.4 kB at 20 kB/s)
#14 374.1 [INFO] Downloading from central: https://repo.maven.apache.org/maven2/net/minidev/parent/2.0-RC3/parent-2.0-RC3.pom
#14 374.2 [INFO] Downloaded from central: https://repo.maven.apache.org/maven2/net/minidev/parent/2.0-RC3/parent-2.0-RC3.pom (8.4 kB at 102 kB/s)
#14 374.2 [INFO] Downloading from central: https://repo.maven.apache.org/maven2/net/minidev/asm/1.0-RC3/asm-1.0-RC3.pom
#14 374.2 [INFO] Downloaded from central: https://repo.maven.apache.org/maven2/net/minidev/asm/1.0-RC3/asm-1.0-RC3.pom (1.6 kB at 24 kB/s)
#14 374.2 [INFO] Downloading from central: https://repo.maven.apache.org/maven2/net/minidev/json-smart/2.0/json-smart-2.0.pom
#14 374.3 [INFO] Downloaded from central: https://repo.maven.apache.org/maven2/net/minidev/json-smart/2.0/json-smart-2.0.pom (1.4 kB at 21 kB/s)
#14 374.3 [INFO] Downloading from central: https://repo.maven.apache.org/maven2/net/minidev/parent/2.0/parent-2.0.pom
#14 374.4 [INFO] Downloaded from central: https://repo.maven.apache.org/maven2/net/minidev/parent/2.0/parent-2.0.pom (8.6 kB at 89 kB/s)
#14 374.4 [INFO] Downloading from central: https://repo.maven.apache.org/maven2/net/minidev/asm/1.0/asm-1.0.pom
#14 374.6 [INFO] Downloaded from central: https://repo.maven.apache.org/maven2/net/minidev/asm/1.0/asm-1.0.pom (1.6 kB at 10 kB/s)
#14 374.6 [INFO] Downloading from central: https://repo.maven.apache.org/maven2/net/minidev/json-smart/2.1.0/json-smart-2.1.0.pom
#14 374.7 [INFO] Downloaded from central: https://repo.maven.apache.org/maven2/net/minidev/json-smart/2.1.0/json-smart-2.1.0.pom (2.2 kB at 23 kB/s)
#14 374.7 [INFO] Downloading from central: https://repo.maven.apache.org/maven2/net/minidev/parent/2.1.0/parent-2.1.0.pom
#14 374.8 [INFO] Downloaded from central: https://repo.maven.apache.org/maven2/net/minidev/parent/2.1.0/parent-2.1.0.pom (8.6 kB at 63 kB/s)
#14 374.8 [INFO] Downloading from central: https://repo.maven.apache.org/maven2/net/minidev/asm/1.0.2/asm-1.0.2.pom
#14 374.9 [INFO] Downloaded from central: https://repo.maven.apache.org/maven2/net/minidev/asm/1.0.2/asm-1.0.2.pom (1.8 kB at 24 kB/s)
#14 374.9 [INFO] Downloading from central: https://repo.maven.apache.org/maven2/net/minidev/json-smart/2.1.1/json-smart-2.1.1.pom
#14 375.0 [INFO] Downloaded from central: https://repo.maven.apache.org/maven2/net/minidev/json-smart/2.1.1/json-smart-2.1.1.pom (2.2 kB at 26 kB/s)
#14 375.0 [INFO] Downloading from central: https://repo.maven.apache.org/maven2/net/minidev/json-smart/2.2/json-smart-2.2.pom
#14 375.1 [INFO] Downloaded from central: https://repo.maven.apache.org/maven2/net/minidev/json-smart/2.2/json-smart-2.2.pom (2.3 kB at 24 kB/s)
#14 375.1 [INFO] Downloading from central: https://repo.maven.apache.org/maven2/net/minidev/minidev-parent/2.2/minidev-parent-2.2.pom
#14 375.2 [INFO] Downloaded from central: https://repo.maven.apache.org/maven2/net/minidev/minidev-parent/2.2/minidev-parent-2.2.pom (9.1 kB at 72 kB/s)
#14 375.2 [INFO] Downloading from central: https://repo.maven.apache.org/maven2/net/minidev/accessors-smart/1.1/accessors-smart-1.1.pom
#14 375.4 [INFO] Downloaded from central: https://repo.maven.apache.org/maven2/net/minidev/accessors-smart/1.1/accessors-smart-1.1.pom (2.1 kB at 13 kB/s)
#14 375.4 [INFO] Downloading from central: https://repo.maven.apache.org/maven2/org/ow2/asm/asm/5.0.3/asm-5.0.3.pom
#14 375.5 [INFO] Downloaded from central: https://repo.maven.apache.org/maven2/org/ow2/asm/asm/5.0.3/asm-5.0.3.pom (1.9 kB at 15 kB/s)
#14 375.5 [INFO] Downloading from central: https://repo.maven.apache.org/maven2/org/ow2/asm/asm-parent/5.0.3/asm-parent-5.0.3.pom
#14 375.6 [INFO] Downloaded from central: https://repo.maven.apache.org/maven2/org/ow2/asm/asm-parent/5.0.3/asm-parent-5.0.3.pom (5.5 kB at 54 kB/s)
#14 375.6 [INFO] Downloading from central: https://repo.maven.apache.org/maven2/org/ow2/ow2/1.3/ow2-1.3.pom
#14 375.7 [INFO] Downloaded from central: https://repo.maven.apache.org/maven2/org/ow2/ow2/1.3/ow2-1.3.pom (9.5 kB at 79 kB/s)
#14 375.7 [INFO] Downloading from central: https://repo.maven.apache.org/maven2/net/minidev/json-smart/2.2.1/json-smart-2.2.1.pom
#14 375.8 [INFO] Downloaded from central: https://repo.maven.apache.org/maven2/net/minidev/json-smart/2.2.1/json-smart-2.2.1.pom (12 kB at 92 kB/s)
#14 375.8 [INFO] Downloading from central: https://repo.maven.apache.org/maven2/net/minidev/json-smart/2.3/json-smart-2.3.pom
#14 376.0 [INFO] Downloaded from central: https://repo.maven.apache.org/maven2/net/minidev/json-smart/2.3/json-smart-2.3.pom (9.0 kB at 84 kB/s)
#14 376.0 [INFO] Downloading from central: https://repo.maven.apache.org/maven2/net/minidev/minidev-parent/2.3/minidev-parent-2.3.pom
#14 376.1 [INFO] Downloaded from central: https://repo.maven.apache.org/maven2/net/minidev/minidev-parent/2.3/minidev-parent-2.3.pom (8.5 kB at 71 kB/s)
#14 376.1 [INFO] Downloading from central: https://repo.maven.apache.org/maven2/net/minidev/accessors-smart/1.2/accessors-smart-1.2.pom
#14 376.2 [INFO] Downloaded from central: https://repo.maven.apache.org/maven2/net/minidev/accessors-smart/1.2/accessors-smart-1.2.pom (12 kB at 71 kB/s)
#14 376.2 [INFO] Downloading from central: https://repo.maven.apache.org/maven2/org/ow2/asm/asm/5.0.4/asm-5.0.4.pom
#14 376.4 [INFO] Downloaded from central: https://repo.maven.apache.org/maven2/org/ow2/asm/asm/5.0.4/asm-5.0.4.pom (1.9 kB at 13 kB/s)
#14 376.4 [INFO] Downloading from central: https://repo.maven.apache.org/maven2/org/ow2/asm/asm-parent/5.0.4/asm-parent-5.0.4.pom
#14 376.5 [INFO] Downloaded from central: https://repo.maven.apache.org/maven2/org/ow2/asm/asm-parent/5.0.4/asm-parent-5.0.4.pom (5.5 kB at 56 kB/s)
#14 376.5 [INFO] Downloading from central: https://repo.maven.apache.org/maven2/net/minidev/json-smart/2.3.1/json-smart-2.3.1.pom
#14 376.6 [INFO] Downloaded from central: https://repo.maven.apache.org/maven2/net/minidev/json-smart/2.3.1/json-smart-2.3.1.pom (9.3 kB at 65 kB/s)
#14 376.6 [INFO] Downloading from central: https://repo.maven.apache.org/maven2/net/minidev/minidev-parent/2.3.1/minidev-parent-2.3.1.pom
#14 376.7 [INFO] Downloaded from central: https://repo.maven.apache.org/maven2/net/minidev/minidev-parent/2.3.1/minidev-parent-2.3.1.pom (8.4 kB at 82 kB/s)
#14 376.7 [INFO] Downloading from central: https://repo.maven.apache.org/maven2/net/minidev/accessors-smart/2.3.1/accessors-smart-2.3.1.pom
#14 376.8 [INFO] Downloaded from central: https://repo.maven.apache.org/maven2/net/minidev/accessors-smart/2.3.1/accessors-smart-2.3.1.pom (12 kB at 116 kB/s)
#14 376.8 [INFO] Downloading from central: https://repo.maven.apache.org/maven2/net/minidev/json-smart/2.4.1/json-smart-2.4.1.pom
#14 377.0 [INFO] Downloaded from central: https://repo.maven.apache.org/maven2/net/minidev/json-smart/2.4.1/json-smart-2.4.1.pom (9.2 kB at 66 kB/s)
#14 377.0 [INFO] Downloading from central: https://repo.maven.apache.org/maven2/net/minidev/minidev-parent/2.4.1/minidev-parent-2.4.1.pom
#14 377.1 [INFO] Downloaded from central: https://repo.maven.apache.org/maven2/net/minidev/minidev-parent/2.4.1/minidev-parent-2.4.1.pom (8.9 kB at 67 kB/s)
#14 377.1 [INFO] Downloading from central: https://repo.maven.apache.org/maven2/net/minidev/accessors-smart/1.3/accessors-smart-1.3.pom
#14 377.2 [INFO] Downloaded from central: https://repo.maven.apache.org/maven2/net/minidev/accessors-smart/1.3/accessors-smart-1.3.pom (12 kB at 109 kB/s)
#14 377.2 [INFO] Downloading from central: https://repo.maven.apache.org/maven2/org/ow2/asm/asm/8.0.1/asm-8.0.1.pom
#14 377.3 [INFO] Downloaded from central: https://repo.maven.apache.org/maven2/org/ow2/asm/asm/8.0.1/asm-8.0.1.pom (2.9 kB at 27 kB/s)
#14 377.3 [INFO] Downloading from central: https://repo.maven.apache.org/maven2/net/minidev/json-smart/2.4.2/json-smart-2.4.2.pom
#14 377.5 [INFO] Downloaded from central: https://repo.maven.apache.org/maven2/net/minidev/json-smart/2.4.2/json-smart-2.4.2.pom (9.2 kB at 63 kB/s)
#14 377.5 [INFO] Downloading from central: https://repo.maven.apache.org/maven2/net/minidev/minidev-parent/2.4.2/minidev-parent-2.4.2.pom
#14 379.3 [INFO] Downloaded from central: https://repo.maven.apache.org/maven2/net/minidev/minidev-parent/2.4.2/minidev-parent-2.4.2.pom (8.6 kB at 4.7 kB/s)
#14 379.3 [INFO] Downloading from central: https://repo.maven.apache.org/maven2/net/minidev/accessors-smart/2.4.2/accessors-smart-2.4.2.pom
#14 379.5 [INFO] Downloaded from central: https://repo.maven.apache.org/maven2/net/minidev/accessors-smart/2.4.2/accessors-smart-2.4.2.pom (12 kB at 54 kB/s)
#14 379.5 [INFO] Downloading from central: https://repo.maven.apache.org/maven2/net/minidev/json-smart/2.4.4/json-smart-2.4.4.pom
#14 379.8 [INFO] Downloaded from central: https://repo.maven.apache.org/maven2/net/minidev/json-smart/2.4.4/json-smart-2.4.4.pom (9.3 kB at 40 kB/s)
#14 379.8 [INFO] Downloading from central: https://repo.maven.apache.org/maven2/net/minidev/minidev-parent/2.4.3/minidev-parent-2.4.3.pom
#14 380.0 [INFO] Downloaded from central: https://repo.maven.apache.org/maven2/net/minidev/minidev-parent/2.4.3/minidev-parent-2.4.3.pom (8.6 kB at 42 kB/s)
#14 380.0 [INFO] Downloading from central: https://repo.maven.apache.org/maven2/net/minidev/accessors-smart/2.4.3/accessors-smart-2.4.3.pom
#14 380.2 [INFO] Downloaded from central: https://repo.maven.apache.org/maven2/net/minidev/accessors-smart/2.4.3/accessors-smart-2.4.3.pom (9.9 kB at 42 kB/s)
#14 380.2 [INFO] Downloading from central: https://repo.maven.apache.org/maven2/net/minidev/json-smart/2.4.5/json-smart-2.4.5.pom
#14 380.6 [INFO] Downloaded from central: https://repo.maven.apache.org/maven2/net/minidev/json-smart/2.4.5/json-smart-2.4.5.pom (9.3 kB at 28 kB/s)
#14 380.6 [INFO] Downloading from central: https://repo.maven.apache.org/maven2/net/minidev/minidev-parent/2.4.4/minidev-parent-2.4.4.pom
#14 380.8 [INFO] Downloaded from central: https://repo.maven.apache.org/maven2/net/minidev/minidev-parent/2.4.4/minidev-parent-2.4.4.pom (8.6 kB at 33 kB/s)
#14 380.8 [INFO] Downloading from central: https://repo.maven.apache.org/maven2/net/minidev/json-smart/2.4.6/json-smart-2.4.6.pom
#14 381.1 [INFO] Downloaded from central: https://repo.maven.apache.org/maven2/net/minidev/json-smart/2.4.6/json-smart-2.4.6.pom (8.2 kB at 29 kB/s)
#14 381.1 [INFO] Downloading from central: https://repo.maven.apache.org/maven2/net/minidev/accessors-smart/2.4.6/accessors-smart-2.4.6.pom
#14 381.4 [INFO] Downloaded from central: https://repo.maven.apache.org/maven2/net/minidev/accessors-smart/2.4.6/accessors-smart-2.4.6.pom (9.9 kB at 35 kB/s)
#14 381.4 [INFO] Downloading from central: https://repo.maven.apache.org/maven2/org/ow2/asm/asm/9.1/asm-9.1.pom
#14 382.2 [INFO] Downloaded from central: https://repo.maven.apache.org/maven2/org/ow2/asm/asm/9.1/asm-9.1.pom (2.4 kB at 3.1 kB/s)
#14 382.2 [INFO] Downloading from central: https://repo.maven.apache.org/maven2/net/minidev/json-smart/2.4.7/json-smart-2.4.7.pom
#14 382.7 [INFO] Downloaded from central: https://repo.maven.apache.org/maven2/net/minidev/json-smart/2.4.7/json-smart-2.4.7.pom (8.2 kB at 14 kB/s)
#14 382.7 [INFO] Downloading from central: https://repo.maven.apache.org/maven2/net/minidev/accessors-smart/2.4.7/accessors-smart-2.4.7.pom
#14 383.2 [INFO] Downloaded from central: https://repo.maven.apache.org/maven2/net/minidev/accessors-smart/2.4.7/accessors-smart-2.4.7.pom (9.9 kB at 24 kB/s)
#14 383.2 [INFO] Downloading from central: https://repo.maven.apache.org/maven2/net/minidev/json-smart/2.4.8/json-smart-2.4.8.pom
#14 383.5 [INFO] Downloaded from central: https://repo.maven.apache.org/maven2/net/minidev/json-smart/2.4.8/json-smart-2.4.8.pom (8.3 kB at 22 kB/s)
#14 383.6 [INFO] Downloading from central: https://repo.maven.apache.org/maven2/net/minidev/accessors-smart/2.4.8/accessors-smart-2.4.8.pom
#14 383.9 [INFO] Downloaded from central: https://repo.maven.apache.org/maven2/net/minidev/accessors-smart/2.4.8/accessors-smart-2.4.8.pom (10 kB at 27 kB/s)
#14 383.9 [INFO] Downloading from central: https://repo.maven.apache.org/maven2/net/minidev/json-smart/2.4.9/json-smart-2.4.9.pom
#14 384.3 [INFO] Downloaded from central: https://repo.maven.apache.org/maven2/net/minidev/json-smart/2.4.9/json-smart-2.4.9.pom (9.2 kB at 22 kB/s)
#14 384.3 [INFO] Downloading from central: https://repo.maven.apache.org/maven2/net/minidev/accessors-smart/2.4.9/accessors-smart-2.4.9.pom
#14 384.6 [INFO] Downloaded from central: https://repo.maven.apache.org/maven2/net/minidev/accessors-smart/2.4.9/accessors-smart-2.4.9.pom (11 kB at 36 kB/s)
#14 384.7 [INFO] Downloading from central: https://repo.maven.apache.org/maven2/net/minidev/json-smart/2.4.10/json-smart-2.4.10.pom
#14 384.8 [INFO] Downloaded from central: https://repo.maven.apache.org/maven2/net/minidev/json-smart/2.4.10/json-smart-2.4.10.pom (9.2 kB at 49 kB/s)
#14 384.8 [INFO] Downloading from central: https://repo.maven.apache.org/maven2/com/nimbusds/lang-tag/1.7/lang-tag-1.7.pom
#14 385.1 [INFO] Downloaded from central: https://repo.maven.apache.org/maven2/com/nimbusds/lang-tag/1.7/lang-tag-1.7.pom (9.2 kB at 42 kB/s)
#14 385.1 [INFO] Downloading from central: https://repo.maven.apache.org/maven2/com/nimbusds/nimbus-jose-jwt/9.24.4/nimbus-jose-jwt-9.24.4.pom
#14 385.2 [INFO] Downloaded from central: https://repo.maven.apache.org/maven2/com/nimbusds/nimbus-jose-jwt/9.24.4/nimbus-jose-jwt-9.24.4.pom (12 kB at 70 kB/s)
#14 385.2 [INFO] Downloading from central: https://repo.maven.apache.org/maven2/org/springframework/security/spring-security-oauth2-jose/6.2.4/spring-security-oauth2-jose-6.2.4.pom
#14 385.4 [INFO] Downloaded from central: https://repo.maven.apache.org/maven2/org/springframework/security/spring-security-oauth2-jose/6.2.4/spring-security-oauth2-jose-6.2.4.pom (2.7 kB at 19 kB/s)
#14 385.4 [INFO] Downloading from central: https://repo.maven.apache.org/maven2/org/springframework/boot/spring-boot-starter-oauth2-client/3.2.5/spring-boot-starter-oauth2-client-3.2.5.jar
#14 386.0 [INFO] Downloaded from central: https://repo.maven.apache.org/maven2/org/springframework/boot/spring-boot-starter-oauth2-client/3.2.5/spring-boot-starter-oauth2-client-3.2.5.jar (4.8 kB at 7.7 kB/s)
#14 386.0 [INFO] Downloading from central: https://repo.maven.apache.org/maven2/org/slf4j/slf4j-api/2.0.7/slf4j-api-2.0.7.jar
#14 386.0 [INFO] Downloading from central: https://repo.maven.apache.org/maven2/org/springframework/security/spring-security-config/6.2.4/spring-security-config-6.2.4.jar
#14 386.0 [INFO] Downloading from central: https://repo.maven.apache.org/maven2/org/springframework/security/spring-security-core/6.2.4/spring-security-core-6.2.4.jar
#14 386.0 [INFO] Downloading from central: https://repo.maven.apache.org/maven2/org/springframework/security/spring-security-crypto/6.2.4/spring-security-crypto-6.2.4.jar
#14 386.0 [INFO] Downloading from central: https://repo.maven.apache.org/maven2/org/springframework/security/spring-security-oauth2-client/6.2.4/spring-security-oauth2-client-6.2.4.jar
#14 386.7 [INFO] Downloaded from central: https://repo.maven.apache.org/maven2/org/slf4j/slf4j-api/2.0.7/slf4j-api-2.0.7.jar (64 kB at 92 kB/s)
#14 386.7 [INFO] Downloading from central: https://repo.maven.apache.org/maven2/org/springframework/security/spring-security-oauth2-core/6.2.4/spring-security-oauth2-core-6.2.4.jar
#14 387.9 [INFO] Downloaded from central: https://repo.maven.apache.org/maven2/org/springframework/security/spring-security-crypto/6.2.4/spring-security-crypto-6.2.4.jar (84 kB at 44 kB/s)
#14 387.9 [INFO] Downloading from central: https://repo.maven.apache.org/maven2/org/springframework/spring-web/6.1.6/spring-web-6.1.6.jar
#14 388.5 [INFO] Downloaded from central: https://repo.maven.apache.org/maven2/org/springframework/security/spring-security-oauth2-core/6.2.4/spring-security-oauth2-core-6.2.4.jar (105 kB at 43 kB/s)
#14 388.5 [INFO] Downloading from central: https://repo.maven.apache.org/maven2/org/springframework/security/spring-security-web/6.2.4/spring-security-web-6.2.4.jar
#14 389.9 [INFO] Downloaded from central: https://repo.maven.apache.org/maven2/org/springframework/security/spring-security-oauth2-client/6.2.4/spring-security-oauth2-client-6.2.4.jar (401 kB at 102 kB/s)
#14 389.9 [INFO] Downloading from central: https://repo.maven.apache.org/maven2/com/nimbusds/oauth2-oidc-sdk/9.43.3/oauth2-oidc-sdk-9.43.3.jar
#14 392.6 [INFO] Downloaded from central: https://repo.maven.apache.org/maven2/org/springframework/security/spring-security-core/6.2.4/spring-security-core-6.2.4.jar (513 kB at 77 kB/s)
#14 392.6 [INFO] Downloading from central: https://repo.maven.apache.org/maven2/com/github/stephenc/jcip/jcip-annotations/1.0-1/jcip-annotations-1.0-1.jar
#14 393.2 [INFO] Downloaded from central: https://repo.maven.apache.org/maven2/com/github/stephenc/jcip/jcip-annotations/1.0-1/jcip-annotations-1.0-1.jar (4.7 kB at 656 B/s)
#14 393.2 [INFO] Downloading from central: https://repo.maven.apache.org/maven2/com/nimbusds/content-type/2.2/content-type-2.2.jar
#14 393.2 [INFO] Downloaded from central: https://repo.maven.apache.org/maven2/com/nimbusds/oauth2-oidc-sdk/9.43.3/oauth2-oidc-sdk-9.43.3.jar (821 kB at 114 kB/s)
#14 393.2 [INFO] Downloading from central: https://repo.maven.apache.org/maven2/net/minidev/json-smart/2.4.10/json-smart-2.4.10.jar
#14 394.0 [INFO] Downloaded from central: https://repo.maven.apache.org/maven2/com/nimbusds/content-type/2.2/content-type-2.2.jar (8.2 kB at 1.0 kB/s)
#14 394.0 [INFO] Downloading from central: https://repo.maven.apache.org/maven2/net/minidev/accessors-smart/2.4.9/accessors-smart-2.4.9.jar
#14 394.2 [INFO] Downloaded from central: https://repo.maven.apache.org/maven2/net/minidev/json-smart/2.4.10/json-smart-2.4.10.jar (120 kB at 15 kB/s)
#14 394.2 [INFO] Downloading from central: https://repo.maven.apache.org/maven2/org/ow2/asm/asm/9.3/asm-9.3.jar
#14 394.4 [INFO] Downloaded from central: https://repo.maven.apache.org/maven2/net/minidev/accessors-smart/2.4.9/accessors-smart-2.4.9.jar (30 kB at 3.6 kB/s)
#14 394.4 [INFO] Downloading from central: https://repo.maven.apache.org/maven2/com/nimbusds/lang-tag/1.7/lang-tag-1.7.jar
#14 394.8 [INFO] Downloaded from central: https://repo.maven.apache.org/maven2/com/nimbusds/lang-tag/1.7/lang-tag-1.7.jar (11 kB at 1.3 kB/s)
#14 394.8 [INFO] Downloading from central: https://repo.maven.apache.org/maven2/org/springframework/security/spring-security-oauth2-jose/6.2.4/spring-security-oauth2-jose-6.2.4.jar
#14 394.9 [INFO] Downloaded from central: https://repo.maven.apache.org/maven2/org/ow2/asm/asm/9.3/asm-9.3.jar (122 kB at 14 kB/s)
#14 394.9 [INFO] Downloading from central: https://repo.maven.apache.org/maven2/com/nimbusds/nimbus-jose-jwt/9.24.4/nimbus-jose-jwt-9.24.4.jar
#14 397.9 [INFO] Downloaded from central: https://repo.maven.apache.org/maven2/com/nimbusds/nimbus-jose-jwt/9.24.4/nimbus-jose-jwt-9.24.4.jar (681 kB at 57 kB/s)
#14 398.1 [INFO] Downloaded from central: https://repo.maven.apache.org/maven2/org/springframework/security/spring-security-config/6.2.4/spring-security-config-6.2.4.jar (1.8 MB at 151 kB/s)
#14 398.1 [INFO] Downloaded from central: https://repo.maven.apache.org/maven2/org/springframework/security/spring-security-oauth2-jose/6.2.4/spring-security-oauth2-jose-6.2.4.jar (97 kB at 8.0 kB/s)
#14 400.9 [INFO] Downloaded from central: https://repo.maven.apache.org/maven2/org/springframework/spring-web/6.1.6/spring-web-6.1.6.jar (1.9 MB at 127 kB/s)
#14 401.9 [INFO] Downloaded from central: https://repo.maven.apache.org/maven2/org/springframework/security/spring-security-web/6.2.4/spring-security-web-6.2.4.jar (781 kB at 49 kB/s)
#14 401.9 [INFO] Downloading from central: https://repo.maven.apache.org/maven2/org/postgresql/postgresql/42.6.2/postgresql-42.6.2.pom
#14 402.5 [INFO] Downloaded from central: https://repo.maven.apache.org/maven2/org/postgresql/postgresql/42.6.2/postgresql-42.6.2.pom (2.7 kB at 4.5 kB/s)
#14 402.5 [INFO] Downloading from central: https://repo.maven.apache.org/maven2/org/checkerframework/checker-qual/3.31.0/checker-qual-3.31.0.pom
#14 402.6 [INFO] Downloaded from central: https://repo.maven.apache.org/maven2/org/checkerframework/checker-qual/3.31.0/checker-qual-3.31.0.pom (2.1 kB at 31 kB/s)
#14 402.6 [INFO] Downloading from central: https://repo.maven.apache.org/maven2/com/github/waffle/waffle-jna/1.9.1/waffle-jna-1.9.1.pom
#14 402.6 [INFO] Downloaded from central: https://repo.maven.apache.org/maven2/com/github/waffle/waffle-jna/1.9.1/waffle-jna-1.9.1.pom (3.1 kB at 46 kB/s)
#14 402.6 [INFO] Downloading from central: https://repo.maven.apache.org/maven2/com/github/waffle/waffle-parent/1.9.1/waffle-parent-1.9.1.pom
#14 402.7 [INFO] Downloaded from central: https://repo.maven.apache.org/maven2/com/github/waffle/waffle-parent/1.9.1/waffle-parent-1.9.1.pom (67 kB at 717 kB/s)
#14 402.7 [INFO] Downloading from central: https://repo.maven.apache.org/maven2/net/java/dev/jna/jna/4.5.1/jna-4.5.1.pom
#14 402.8 [INFO] Downloaded from central: https://repo.maven.apache.org/maven2/net/java/dev/jna/jna/4.5.1/jna-4.5.1.pom (1.6 kB at 18 kB/s)
#14 402.8 [INFO] Downloading from central: https://repo.maven.apache.org/maven2/net/java/dev/jna/jna-platform/4.5.1/jna-platform-4.5.1.pom
#14 402.9 [INFO] Downloaded from central: https://repo.maven.apache.org/maven2/net/java/dev/jna/jna-platform/4.5.1/jna-platform-4.5.1.pom (1.8 kB at 26 kB/s)
#14 402.9 [INFO] Downloading from central: https://repo.maven.apache.org/maven2/org/slf4j/jcl-over-slf4j/1.7.25/jcl-over-slf4j-1.7.25.pom
#14 403.0 [INFO] Downloaded from central: https://repo.maven.apache.org/maven2/org/slf4j/jcl-over-slf4j/1.7.25/jcl-over-slf4j-1.7.25.pom (959 B at 14 kB/s)
#14 403.0 [INFO] Downloading from central: https://repo.maven.apache.org/maven2/org/slf4j/slf4j-parent/1.7.25/slf4j-parent-1.7.25.pom
#14 403.0 [INFO] Downloaded from central: https://repo.maven.apache.org/maven2/org/slf4j/slf4j-parent/1.7.25/slf4j-parent-1.7.25.pom (14 kB at 202 kB/s)
#14 403.1 [INFO] Downloading from central: https://repo.maven.apache.org/maven2/org/slf4j/slf4j-api/1.7.25/slf4j-api-1.7.25.pom
#14 403.1 [INFO] Downloaded from central: https://repo.maven.apache.org/maven2/org/slf4j/slf4j-api/1.7.25/slf4j-api-1.7.25.pom (3.8 kB at 48 kB/s)
#14 403.1 [INFO] Downloading from central: https://repo.maven.apache.org/maven2/com/github/ben-manes/caffeine/caffeine/2.6.2/caffeine-2.6.2.pom
#14 403.2 [INFO] Downloaded from central: https://repo.maven.apache.org/maven2/com/github/ben-manes/caffeine/caffeine/2.6.2/caffeine-2.6.2.pom (5.6 kB at 81 kB/s)
#14 403.2 [INFO] Downloading from central: https://repo.maven.apache.org/maven2/org/postgresql/postgresql/42.6.2/postgresql-42.6.2.jar
#14 408.2 [INFO] Downloaded from central: https://repo.maven.apache.org/maven2/org/postgresql/postgresql/42.6.2/postgresql-42.6.2.jar (1.1 MB at 219 kB/s)
#14 408.2 [INFO] Downloading from central: https://repo.maven.apache.org/maven2/org/checkerframework/checker-qual/3.31.0/checker-qual-3.31.0.jar
#14 408.2 [INFO] Downloading from central: https://repo.maven.apache.org/maven2/com/github/waffle/waffle-jna/1.9.1/waffle-jna-1.9.1.jar
#14 408.2 [INFO] Downloading from central: https://repo.maven.apache.org/maven2/net/java/dev/jna/jna/4.5.1/jna-4.5.1.jar
#14 408.2 [INFO] Downloading from central: https://repo.maven.apache.org/maven2/org/slf4j/jcl-over-slf4j/1.7.25/jcl-over-slf4j-1.7.25.jar
#14 408.2 [INFO] Downloading from central: https://repo.maven.apache.org/maven2/net/java/dev/jna/jna-platform/4.5.1/jna-platform-4.5.1.jar
#14 408.4 [INFO] Downloaded from central: https://repo.maven.apache.org/maven2/org/slf4j/jcl-over-slf4j/1.7.25/jcl-over-slf4j-1.7.25.jar (17 kB at 78 kB/s)
#14 408.4 [INFO] Downloading from central: https://repo.maven.apache.org/maven2/org/slf4j/slf4j-api/1.7.25/slf4j-api-1.7.25.jar
#14 408.9 [INFO] Downloaded from central: https://repo.maven.apache.org/maven2/org/slf4j/slf4j-api/1.7.25/slf4j-api-1.7.25.jar (41 kB at 59 kB/s)
#14 408.9 [INFO] Downloading from central: https://repo.maven.apache.org/maven2/com/github/ben-manes/caffeine/caffeine/2.6.2/caffeine-2.6.2.jar
#14 408.9 [INFO] Downloaded from central: https://repo.maven.apache.org/maven2/com/github/waffle/waffle-jna/1.9.1/waffle-jna-1.9.1.jar (68 kB at 89 kB/s)
#14 410.7 [INFO] Downloaded from central: https://repo.maven.apache.org/maven2/org/checkerframework/checker-qual/3.31.0/checker-qual-3.31.0.jar (224 kB at 87 kB/s)
#14 412.0 [INFO] Downloaded from central: https://repo.maven.apache.org/maven2/com/github/ben-manes/caffeine/caffeine/2.6.2/caffeine-2.6.2.jar (660 kB at 173 kB/s)
#14 413.0 [INFO] Downloaded from central: https://repo.maven.apache.org/maven2/net/java/dev/jna/jna/4.5.1/jna-4.5.1.jar (1.4 MB at 298 kB/s)
#14 417.0 [INFO] Downloaded from central: https://repo.maven.apache.org/maven2/net/java/dev/jna/jna-platform/4.5.1/jna-platform-4.5.1.jar (2.3 MB at 264 kB/s)
#14 417.0 [INFO] Downloading from central: https://repo.maven.apache.org/maven2/org/projectlombok/lombok/1.18.32/lombok-1.18.32.pom
#14 417.1 [INFO] Downloaded from central: https://repo.maven.apache.org/maven2/org/projectlombok/lombok/1.18.32/lombok-1.18.32.pom (1.5 kB at 15 kB/s)
#14 417.1 [INFO] Downloading from central: https://repo.maven.apache.org/maven2/org/projectlombok/lombok/1.18.32/lombok-1.18.32.jar
#14 420.3 [INFO] Downloaded from central: https://repo.maven.apache.org/maven2/org/projectlombok/lombok/1.18.32/lombok-1.18.32.jar (2.0 MB at 632 kB/s)
#14 420.3 [INFO] Downloading from central: https://repo.maven.apache.org/maven2/org/springframework/boot/spring-boot-starter-security/3.2.5/spring-boot-starter-security-3.2.5.pom
#14 420.4 [INFO] Downloaded from central: https://repo.maven.apache.org/maven2/org/springframework/boot/spring-boot-starter-security/3.2.5/spring-boot-starter-security-3.2.5.pom (2.7 kB at 36 kB/s)
#14 420.4 [INFO] Downloading from central: https://repo.maven.apache.org/maven2/org/springframework/boot/spring-boot-starter-security/3.2.5/spring-boot-starter-security-3.2.5.jar
#14 420.5 [INFO] Downloaded from central: https://repo.maven.apache.org/maven2/org/springframework/boot/spring-boot-starter-security/3.2.5/spring-boot-starter-security-3.2.5.jar (4.7 kB at 60 kB/s)
#14 420.5 [INFO] Downloading from central: https://repo.maven.apache.org/maven2/org/springframework/security/spring-security-oauth2-authorization-server/1.2.4/spring-security-oauth2-authorization-server-1.2.4.pom
#14 420.6 [INFO] Downloaded from central: https://repo.maven.apache.org/maven2/org/springframework/security/spring-security-oauth2-authorization-server/1.2.4/spring-security-oauth2-authorization-server-1.2.4.pom (4.1 kB at 38 kB/s)
#14 420.6 [INFO] Downloading from central: https://repo.maven.apache.org/maven2/org/springframework/security/spring-security-oauth2-resource-server/6.2.4/spring-security-oauth2-resource-server-6.2.4.pom
#14 420.7 [INFO] Downloaded from central: https://repo.maven.apache.org/maven2/org/springframework/security/spring-security-oauth2-resource-server/6.2.4/spring-security-oauth2-resource-server-6.2.4.pom (2.7 kB at 34 kB/s)
#14 420.7 [INFO] Downloading from central: https://repo.maven.apache.org/maven2/com/nimbusds/nimbus-jose-jwt/9.37.3/nimbus-jose-jwt-9.37.3.pom
#14 420.8 [INFO] Downloaded from central: https://repo.maven.apache.org/maven2/com/nimbusds/nimbus-jose-jwt/9.37.3/nimbus-jose-jwt-9.37.3.pom (13 kB at 169 kB/s)
#14 420.8 [INFO] Downloading from central: https://repo.maven.apache.org/maven2/com/fasterxml/jackson/core/jackson-databind/2.16.2/jackson-databind-2.16.2.pom
#14 420.8 [INFO] Downloaded from central: https://repo.maven.apache.org/maven2/com/fasterxml/jackson/core/jackson-databind/2.16.2/jackson-databind-2.16.2.pom (21 kB at 274 kB/s)
#14 420.8 [INFO] Downloading from central: https://repo.maven.apache.org/maven2/com/fasterxml/jackson/jackson-base/2.16.2/jackson-base-2.16.2.pom
#14 420.9 [INFO] Downloaded from central: https://repo.maven.apache.org/maven2/com/fasterxml/jackson/jackson-base/2.16.2/jackson-base-2.16.2.pom (11 kB at 114 kB/s)
#14 420.9 [INFO] Downloading from central: https://repo.maven.apache.org/maven2/com/fasterxml/jackson/jackson-bom/2.16.2/jackson-bom-2.16.2.pom
#14 421.0 [INFO] Downloaded from central: https://repo.maven.apache.org/maven2/com/fasterxml/jackson/jackson-bom/2.16.2/jackson-bom-2.16.2.pom (18 kB at 234 kB/s)
#14 421.0 [INFO] Downloading from central: https://repo.maven.apache.org/maven2/com/fasterxml/jackson/jackson-parent/2.16/jackson-parent-2.16.pom
#14 421.1 [INFO] Downloaded from central: https://repo.maven.apache.org/maven2/com/fasterxml/jackson/jackson-parent/2.16/jackson-parent-2.16.pom (6.5 kB at 79 kB/s)
#14 421.1 [INFO] Downloading from central: https://repo.maven.apache.org/maven2/com/fasterxml/oss-parent/56/oss-parent-56.pom
#14 421.2 [INFO] Downloaded from central: https://repo.maven.apache.org/maven2/com/fasterxml/oss-parent/56/oss-parent-56.pom (24 kB at 280 kB/s)
#14 421.2 [INFO] Downloading from central: https://repo.maven.apache.org/maven2/com/fasterxml/jackson/core/jackson-annotations/2.16.2/jackson-annotations-2.16.2.pom
#14 421.3 [INFO] Downloaded from central: https://repo.maven.apache.org/maven2/com/fasterxml/jackson/core/jackson-annotations/2.16.2/jackson-annotations-2.16.2.pom (7.1 kB at 74 kB/s)
#14 421.3 [INFO] Downloading from central: https://repo.maven.apache.org/maven2/com/fasterxml/jackson/core/jackson-core/2.16.2/jackson-core-2.16.2.pom
#14 421.4 [INFO] Downloaded from central: https://repo.maven.apache.org/maven2/com/fasterxml/jackson/core/jackson-core/2.16.2/jackson-core-2.16.2.pom (9.9 kB at 95 kB/s)
#14 421.4 [INFO] Downloading from central: https://repo.maven.apache.org/maven2/org/springframework/security/spring-security-oauth2-authorization-server/1.2.4/spring-security-oauth2-authorization-server-1.2.4.jar
#14 422.4 [INFO] Downloaded from central: https://repo.maven.apache.org/maven2/org/springframework/security/spring-security-oauth2-authorization-server/1.2.4/spring-security-oauth2-authorization-server-1.2.4.jar (512 kB at 501 kB/s)
#14 422.5 [INFO] Downloading from central: https://repo.maven.apache.org/maven2/org/springframework/security/spring-security-oauth2-resource-server/6.2.4/spring-security-oauth2-resource-server-6.2.4.jar
#14 422.5 [INFO] Downloading from central: https://repo.maven.apache.org/maven2/com/nimbusds/nimbus-jose-jwt/9.37.3/nimbus-jose-jwt-9.37.3.jar
#14 422.5 [INFO] Downloading from central: https://repo.maven.apache.org/maven2/com/fasterxml/jackson/core/jackson-annotations/2.16.2/jackson-annotations-2.16.2.jar
#14 422.5 [INFO] Downloading from central: https://repo.maven.apache.org/maven2/com/fasterxml/jackson/core/jackson-databind/2.16.2/jackson-databind-2.16.2.jar
#14 422.5 [INFO] Downloading from central: https://repo.maven.apache.org/maven2/com/fasterxml/jackson/core/jackson-core/2.16.2/jackson-core-2.16.2.jar
#14 422.8 [INFO] Downloaded from central: https://repo.maven.apache.org/maven2/com/fasterxml/jackson/core/jackson-annotations/2.16.2/jackson-annotations-2.16.2.jar (78 kB at 219 kB/s)
#14 422.9 [INFO] Downloaded from central: https://repo.maven.apache.org/maven2/org/springframework/security/spring-security-oauth2-resource-server/6.2.4/spring-security-oauth2-resource-server-6.2.4.jar (99 kB at 236 kB/s)
#14 424.2 [INFO] Downloaded from central: https://repo.maven.apache.org/maven2/com/nimbusds/nimbus-jose-jwt/9.37.3/nimbus-jose-jwt-9.37.3.jar (779 kB at 458 kB/s)
#14 426.9 [INFO] Downloaded from central: https://repo.maven.apache.org/maven2/com/fasterxml/jackson/core/jackson-core/2.16.2/jackson-core-2.16.2.jar (583 kB at 133 kB/s)
#14 426.9 [INFO] Downloaded from central: https://repo.maven.apache.org/maven2/com/fasterxml/jackson/core/jackson-databind/2.16.2/jackson-databind-2.16.2.jar (1.6 MB at 372 kB/s)
#14 426.9 [INFO] Downloading from central: https://repo.maven.apache.org/maven2/org/springframework/boot/spring-boot-starter-web/3.2.5/spring-boot-starter-web-3.2.5.pom
#14 427.1 [INFO] Downloaded from central: https://repo.maven.apache.org/maven2/org/springframework/boot/spring-boot-starter-web/3.2.5/spring-boot-starter-web-3.2.5.pom (2.9 kB at 13 kB/s)
#14 427.1 [INFO] Downloading from central: https://repo.maven.apache.org/maven2/org/springframework/boot/spring-boot-starter-json/3.2.5/spring-boot-starter-json-3.2.5.pom
#14 427.3 [INFO] Downloaded from central: https://repo.maven.apache.org/maven2/org/springframework/boot/spring-boot-starter-json/3.2.5/spring-boot-starter-json-3.2.5.pom (3.1 kB at 14 kB/s)
#14 427.3 [INFO] Downloading from central: https://repo.maven.apache.org/maven2/com/fasterxml/jackson/core/jackson-databind/2.15.4/jackson-databind-2.15.4.pom
#14 427.7 [INFO] Downloaded from central: https://repo.maven.apache.org/maven2/com/fasterxml/jackson/core/jackson-databind/2.15.4/jackson-databind-2.15.4.pom (19 kB at 46 kB/s)
#14 427.7 [INFO] Downloading from central: https://repo.maven.apache.org/maven2/com/fasterxml/jackson/jackson-base/2.15.4/jackson-base-2.15.4.pom
#14 427.9 [INFO] Downloaded from central: https://repo.maven.apache.org/maven2/com/fasterxml/jackson/jackson-base/2.15.4/jackson-base-2.15.4.pom (11 kB at 92 kB/s)
#14 427.9 [INFO] Downloading from central: https://repo.maven.apache.org/maven2/com/fasterxml/jackson/core/jackson-annotations/2.15.4/jackson-annotations-2.15.4.pom
#14 428.0 [INFO] Downloaded from central: https://repo.maven.apache.org/maven2/com/fasterxml/jackson/core/jackson-annotations/2.15.4/jackson-annotations-2.15.4.pom (7.1 kB at 61 kB/s)
#14 428.0 [INFO] Downloading from central: https://repo.maven.apache.org/maven2/com/fasterxml/jackson/core/jackson-core/2.15.4/jackson-core-2.15.4.pom
#14 428.1 [INFO] Downloaded from central: https://repo.maven.apache.org/maven2/com/fasterxml/jackson/core/jackson-core/2.15.4/jackson-core-2.15.4.pom (9.9 kB at 133 kB/s)
#14 428.1 [INFO] Downloading from central: https://repo.maven.apache.org/maven2/com/fasterxml/jackson/datatype/jackson-datatype-jdk8/2.15.4/jackson-datatype-jdk8-2.15.4.pom
#14 428.1 [INFO] Downloaded from central: https://repo.maven.apache.org/maven2/com/fasterxml/jackson/datatype/jackson-datatype-jdk8/2.15.4/jackson-datatype-jdk8-2.15.4.pom (2.6 kB at 34 kB/s)
#14 428.1 [INFO] Downloading from central: https://repo.maven.apache.org/maven2/com/fasterxml/jackson/module/jackson-modules-java8/2.15.4/jackson-modules-java8-2.15.4.pom
#14 428.3 [INFO] Downloaded from central: https://repo.maven.apache.org/maven2/com/fasterxml/jackson/module/jackson-modules-java8/2.15.4/jackson-modules-java8-2.15.4.pom (3.1 kB at 27 kB/s)
#14 428.3 [INFO] Downloading from central: https://repo.maven.apache.org/maven2/com/fasterxml/jackson/datatype/jackson-datatype-jsr310/2.15.4/jackson-datatype-jsr310-2.15.4.pom
#14 428.4 [INFO] Downloaded from central: https://repo.maven.apache.org/maven2/com/fasterxml/jackson/datatype/jackson-datatype-jsr310/2.15.4/jackson-datatype-jsr310-2.15.4.pom (4.9 kB at 38 kB/s)
#14 428.4 [INFO] Downloading from central: https://repo.maven.apache.org/maven2/com/fasterxml/jackson/module/jackson-module-parameter-names/2.15.4/jackson-module-parameter-names-2.15.4.pom
#14 428.6 [INFO] Downloaded from central: https://repo.maven.apache.org/maven2/com/fasterxml/jackson/module/jackson-module-parameter-names/2.15.4/jackson-module-parameter-names-2.15.4.pom (4.4 kB at 25 kB/s)
#14 428.6 [INFO] Downloading from central: https://repo.maven.apache.org/maven2/org/springframework/boot/spring-boot-starter-tomcat/3.2.5/spring-boot-starter-tomcat-3.2.5.pom
#14 428.7 [INFO] Downloaded from central: https://repo.maven.apache.org/maven2/org/springframework/boot/spring-boot-starter-tomcat/3.2.5/spring-boot-starter-tomcat-3.2.5.pom (3.1 kB at 25 kB/s)
#14 428.7 [INFO] Downloading from central: https://repo.maven.apache.org/maven2/org/apache/tomcat/embed/tomcat-embed-core/10.1.20/tomcat-embed-core-10.1.20.pom
#14 428.8 [INFO] Downloaded from central: https://repo.maven.apache.org/maven2/org/apache/tomcat/embed/tomcat-embed-core/10.1.20/tomcat-embed-core-10.1.20.pom (1.7 kB at 20 kB/s)
#14 428.8 [INFO] Downloading from central: https://repo.maven.apache.org/maven2/org/apache/tomcat/embed/tomcat-embed-el/10.1.20/tomcat-embed-el-10.1.20.pom
#14 428.9 [INFO] Downloaded from central: https://repo.maven.apache.org/maven2/org/apache/tomcat/embed/tomcat-embed-el/10.1.20/tomcat-embed-el-10.1.20.pom (1.5 kB at 19 kB/s)
#14 428.9 [INFO] Downloading from central: https://repo.maven.apache.org/maven2/org/apache/tomcat/embed/tomcat-embed-websocket/10.1.20/tomcat-embed-websocket-10.1.20.pom
#14 428.9 [INFO] Downloaded from central: https://repo.maven.apache.org/maven2/org/apache/tomcat/embed/tomcat-embed-websocket/10.1.20/tomcat-embed-websocket-10.1.20.pom (1.7 kB at 23 kB/s)
#14 428.9 [INFO] Downloading from central: https://repo.maven.apache.org/maven2/org/springframework/spring-webmvc/6.1.6/spring-webmvc-6.1.6.pom
#14 429.0 [INFO] Downloaded from central: https://repo.maven.apache.org/maven2/org/springframework/spring-webmvc/6.1.6/spring-webmvc-6.1.6.pom (2.9 kB at 38 kB/s)
#14 429.0 [INFO] Downloading from central: https://repo.maven.apache.org/maven2/org/springframework/boot/spring-boot-starter-web/3.2.5/spring-boot-starter-web-3.2.5.jar
#14 429.1 [INFO] Downloaded from central: https://repo.maven.apache.org/maven2/org/springframework/boot/spring-boot-starter-web/3.2.5/spring-boot-starter-web-3.2.5.jar (4.8 kB at 49 kB/s)
#14 429.1 [INFO] Downloading from central: https://repo.maven.apache.org/maven2/org/springframework/boot/spring-boot-starter-json/3.2.5/spring-boot-starter-json-3.2.5.jar
#14 429.1 [INFO] Downloading from central: https://repo.maven.apache.org/maven2/com/fasterxml/jackson/core/jackson-databind/2.15.4/jackson-databind-2.15.4.jar
#14 429.1 [INFO] Downloading from central: https://repo.maven.apache.org/maven2/com/fasterxml/jackson/core/jackson-annotations/2.15.4/jackson-annotations-2.15.4.jar
#14 429.1 [INFO] Downloading from central: https://repo.maven.apache.org/maven2/com/fasterxml/jackson/core/jackson-core/2.15.4/jackson-core-2.15.4.jar
#14 429.1 [INFO] Downloading from central: https://repo.maven.apache.org/maven2/com/fasterxml/jackson/datatype/jackson-datatype-jdk8/2.15.4/jackson-datatype-jdk8-2.15.4.jar
#14 429.2 [INFO] Downloaded from central: https://repo.maven.apache.org/maven2/org/springframework/boot/spring-boot-starter-json/3.2.5/spring-boot-starter-json-3.2.5.jar (4.7 kB at 63 kB/s)
#14 429.2 [INFO] Downloading from central: https://repo.maven.apache.org/maven2/com/fasterxml/jackson/datatype/jackson-datatype-jsr310/2.15.4/jackson-datatype-jsr310-2.15.4.jar
#14 429.8 [INFO] Downloaded from central: https://repo.maven.apache.org/maven2/com/fasterxml/jackson/core/jackson-annotations/2.15.4/jackson-annotations-2.15.4.jar (76 kB at 122 kB/s)
#14 429.8 [INFO] Downloading from central: https://repo.maven.apache.org/maven2/com/fasterxml/jackson/module/jackson-module-parameter-names/2.15.4/jackson-module-parameter-names-2.15.4.jar
#14 430.1 [INFO] Downloaded from central: https://repo.maven.apache.org/maven2/com/fasterxml/jackson/module/jackson-module-parameter-names/2.15.4/jackson-module-parameter-names-2.15.4.jar (10 kB at 11 kB/s)
#14 430.1 [INFO] Downloading from central: https://repo.maven.apache.org/maven2/org/springframework/boot/spring-boot-starter-tomcat/3.2.5/spring-boot-starter-tomcat-3.2.5.jar
#14 430.4 [INFO] Downloaded from central: https://repo.maven.apache.org/maven2/org/springframework/boot/spring-boot-starter-tomcat/3.2.5/spring-boot-starter-tomcat-3.2.5.jar (4.8 kB at 3.8 kB/s)
#14 430.4 [INFO] Downloading from central: https://repo.maven.apache.org/maven2/org/apache/tomcat/embed/tomcat-embed-core/10.1.20/tomcat-embed-core-10.1.20.jar
#14 430.4 [INFO] Downloaded from central: https://repo.maven.apache.org/maven2/com/fasterxml/jackson/core/jackson-core/2.15.4/jackson-core-2.15.4.jar (548 kB at 416 kB/s)
#14 430.4 [INFO] Downloading from central: https://repo.maven.apache.org/maven2/org/apache/tomcat/embed/tomcat-embed-el/10.1.20/tomcat-embed-el-10.1.20.jar
#14 430.6 [INFO] Downloaded from central: https://repo.maven.apache.org/maven2/com/fasterxml/jackson/datatype/jackson-datatype-jdk8/2.15.4/jackson-datatype-jdk8-2.15.4.jar (36 kB at 24 kB/s)
#14 430.6 [INFO] Downloading from central: https://repo.maven.apache.org/maven2/org/apache/tomcat/embed/tomcat-embed-websocket/10.1.20/tomcat-embed-websocket-10.1.20.jar
#14 431.6 [INFO] Downloaded from central: https://repo.maven.apache.org/maven2/org/apache/tomcat/embed/tomcat-embed-el/10.1.20/tomcat-embed-el-10.1.20.jar (261 kB at 107 kB/s)
#14 431.6 [INFO] Downloading from central: https://repo.maven.apache.org/maven2/org/springframework/spring-webmvc/6.1.6/spring-webmvc-6.1.6.jar
#14 431.9 [INFO] Downloaded from central: https://repo.maven.apache.org/maven2/org/apache/tomcat/embed/tomcat-embed-websocket/10.1.20/tomcat-embed-websocket-10.1.20.jar (282 kB at 101 kB/s)
#14 433.1 [INFO] Downloaded from central: https://repo.maven.apache.org/maven2/com/fasterxml/jackson/datatype/jackson-datatype-jsr310/2.15.4/jackson-datatype-jsr310-2.15.4.jar (123 kB at 31 kB/s)
#14 434.2 [INFO] Downloaded from central: https://repo.maven.apache.org/maven2/org/springframework/spring-webmvc/6.1.6/spring-webmvc-6.1.6.jar (1.0 MB at 208 kB/s)
#14 436.7 [INFO] Downloaded from central: https://repo.maven.apache.org/maven2/com/fasterxml/jackson/core/jackson-databind/2.15.4/jackson-databind-2.15.4.jar (1.6 MB at 215 kB/s)
#14 438.2 [INFO] Downloaded from central: https://repo.maven.apache.org/maven2/org/apache/tomcat/embed/tomcat-embed-core/10.1.20/tomcat-embed-core-10.1.20.jar (3.5 MB at 390 kB/s)
#14 438.2 [INFO] Downloading from central: https://repo.maven.apache.org/maven2/org/springframework/security/spring-security-test/6.2.4/spring-security-test-6.2.4.pom
#14 438.3 [INFO] Downloaded from central: https://repo.maven.apache.org/maven2/org/springframework/security/spring-security-test/6.2.4/spring-security-test-6.2.4.pom (2.7 kB at 34 kB/s)
#14 438.3 [INFO] Downloading from central: https://repo.maven.apache.org/maven2/org/springframework/security/spring-security-test/6.2.4/spring-security-test-6.2.4.jar
#14 438.5 [INFO] Downloaded from central: https://repo.maven.apache.org/maven2/org/springframework/security/spring-security-test/6.2.4/spring-security-test-6.2.4.jar (132 kB at 567 kB/s)
#14 438.5 [INFO] Resolved plugin: jetty-servlet-9.4.46.v20220331.jar
#14 438.5 [INFO] Resolved plugin: maven-compiler-plugin-3.11.0.jar
#14 438.5 [INFO] Resolved plugin: doxia-module-twiki-1.11.1.jar
#14 438.5 [INFO] Resolved plugin: maven-deploy-plugin-3.1.1.jar
#14 438.5 [INFO] Resolved plugin: jdependency-2.8.0.jar
#14 438.5 [INFO] Resolved plugin: velocity-tools-2.0.jar
#14 438.5 [INFO] Resolved plugin: flexmark-ext-gfm-tasklist-0.42.14.jar
#14 438.5 [INFO] Resolved plugin: flexmark-ext-admonition-0.42.14.jar
#14 438.5 [INFO] Resolved plugin: jna-5.13.0.jar
#14 438.5 [INFO] Resolved plugin: maven-core-3.2.5.jar
#14 438.5 [INFO] Resolved plugin: flexmark-ext-footnotes-0.42.14.jar
#14 438.5 [INFO] Resolved plugin: flexmark-ext-gfm-strikethrough-0.42.14.jar
#14 438.5 [INFO] Resolved plugin: flexmark-ext-media-tags-0.42.14.jar
#14 438.5 [INFO] Resolved plugin: doxia-module-xhtml-1.11.1.jar
#14 438.5 [INFO] Resolved plugin: flexmark-util-0.42.14.jar
#14 438.5 [INFO] Resolved plugin: flexmark-ext-anchorlink-0.42.14.jar
#14 438.5 [INFO] Resolved plugin: aether-api-1.0.0.v20140518.jar
#14 438.5 [INFO] Resolved plugin: autolink-0.6.0.jar
#14 438.5 [INFO] Resolved plugin: maven-filtering-3.3.1.jar
#14 438.5 [INFO] Resolved plugin: maven-clean-plugin-3.3.2.jar
#14 438.5 [INFO] Resolved plugin: doxia-skin-model-1.11.1.jar
#14 438.5 [INFO] Resolved plugin: dom4j-1.1.jar
#14 438.5 [INFO] Resolved plugin: flexmark-youtrack-converter-0.42.14.jar
#14 438.5 [INFO] Resolved plugin: maven-jar-plugin-3.3.0.jar
#14 438.5 [INFO] Resolved plugin: tomlj-1.0.0.jar
#14 438.5 [INFO] Resolved plugin: httpclient-4.5.13.jar
#14 438.5 [INFO] Resolved plugin: flexmark-ext-toc-0.42.14.jar
#14 438.5 [INFO] Resolved plugin: qdox-2.0.3.jar
#14 438.5 [INFO] Resolved plugin: plexus-compiler-manager-2.13.0.jar
#14 438.5 [INFO] Resolved plugin: jetty-http-9.4.46.v20220331.jar
#14 438.5 [INFO] Resolved plugin: flexmark-jira-converter-0.42.14.jar
#14 438.5 [INFO] Resolved plugin: maven-reporting-api-3.1.1.jar
#14 438.5 [INFO] Resolved plugin: maven-plugin-api-3.2.5.jar
#14 438.5 [INFO] Resolved plugin: sisu-guice-3.2.3-no_aop.jar
#14 438.5 [INFO] Resolved plugin: flexmark-ext-attributes-0.42.14.jar
#14 438.5 [INFO] Resolved plugin: commons-lang3-3.8.1.jar
#14 438.5 [INFO] Resolved plugin: maven-aether-provider-3.2.5.jar
#14 438.5 [INFO] Resolved plugin: aether-util-1.0.0.v20140518.jar
#14 438.5 [INFO] Resolved plugin: jetty-security-9.4.46.v20220331.jar
#14 438.5 [INFO] Resolved plugin: maven-archiver-3.6.0.jar
#14 438.5 [INFO] Resolved plugin: commons-io-2.12.0.jar
#14 438.5 [INFO] Resolved plugin: plexus-compiler-api-2.13.0.jar
#14 438.5 [INFO] Resolved plugin: org.eclipse.sisu.plexus-0.3.5.jar
#14 438.5 [INFO] Resolved plugin: spring-boot-loader-tools-3.2.5.jar
#14 438.5 [INFO] Resolved plugin: micrometer-commons-1.12.5.jar
#14 438.5 [INFO] Resolved plugin: doxia-core-1.11.1.jar
#14 438.5 [INFO] Resolved plugin: flexmark-ext-ins-0.42.14.jar
#14 438.5 [INFO] Resolved plugin: surefire-shared-utils-3.1.2.jar
#14 438.5 [INFO] Resolved plugin: maven-install-plugin-3.1.1.jar
#14 438.5 [INFO] Resolved plugin: google-collections-1.0.jar
#14 438.5 [INFO] Resolved plugin: plexus-java-1.1.2.jar
#14 438.5 [INFO] Resolved plugin: flexmark-ext-emoji-0.42.14.jar
#14 438.5 [INFO] Resolved plugin: doxia-integration-tools-1.11.1.jar
#14 438.5 [INFO] Resolved plugin: httpcore5-5.2.4.jar
#14 438.5 [INFO] Resolved plugin: plexus-component-annotations-1.5.5.jar
#14 438.5 [INFO] Resolved plugin: maven-repository-metadata-3.2.5.jar
#14 438.5 [INFO] Resolved plugin: surefire-api-3.1.2.jar
#14 438.5 [INFO] Resolved plugin: flexmark-ext-jekyll-front-matter-0.42.14.jar
#14 438.5 [INFO] Resolved plugin: doxia-decoration-model-1.11.1.jar
#14 438.5 [INFO] Resolved plugin: flexmark-all-0.42.14.jar
#14 438.5 [INFO] Resolved plugin: plexus-utils-3.5.0.jar
#14 438.5 [INFO] Resolved plugin: maven-shared-incremental-1.1.jar
#14 438.5 [INFO] Resolved plugin: file-management-3.1.0.jar
#14 438.5 [INFO] Resolved plugin: plexus-archiver-4.4.0.jar
#14 438.5 [INFO] Resolved plugin: jetty-webapp-9.4.46.v20220331.jar
#14 438.5 [INFO] Resolved plugin: plexus-io-3.2.0.jar
#14 438.5 [INFO] Resolved plugin: xbean-reflect-3.7.jar
#14 438.5 [INFO] Resolved plugin: maven-reporting-exec-1.6.0.jar
#14 438.5 [INFO] Resolved plugin: doxia-sink-api-1.11.1.jar
#14 438.5 [INFO] Resolved plugin: jetty-xml-9.4.46.v20220331.jar
#14 438.5 [INFO] Resolved plugin: plexus-velocity-1.2.jar
#14 438.5 [INFO] Resolved plugin: plexus-container-default-2.1.0.jar
#14 438.5 [INFO] Resolved plugin: commons-codec-1.11.jar
#14 438.5 [INFO] Resolved plugin: snappy-0.4.jar
#14 438.5 [INFO] Resolved plugin: surefire-logger-api-3.1.2.jar
#14 438.5 [INFO] Resolved plugin: maven-surefire-plugin-3.1.2.jar
#14 438.5 [INFO] Resolved plugin: jsr305-3.0.2.jar
#14 438.5 [INFO] Resolved plugin: plexus-compiler-javac-2.13.0.jar
#14 438.5 [INFO] Resolved plugin: plexus-build-api-0.0.7.jar
#14 438.5 [INFO] Resolved plugin: doxia-module-fml-1.11.1.jar
#14 438.5 [INFO] Resolved plugin: commons-compress-1.21.jar
#14 438.5 [INFO] Resolved plugin: asm-9.5.jar
#14 438.5 [INFO] Resolved plugin: maven-dependency-tree-3.2.1.jar
#14 438.5 [INFO] Resolved plugin: commons-digester-1.8.jar
#14 438.5 [INFO] Resolved plugin: jetty-server-9.4.46.v20220331.jar
#14 438.5 [INFO] Resolved plugin: flexmark-ext-abbreviation-0.42.14.jar
#14 438.5 [INFO] Resolved plugin: maven-archiver-3.5.2.jar
#14 438.5 [INFO] Resolved plugin: httpcore5-h2-5.2.4.jar
#14 438.5 [INFO] Resolved plugin: flexmark-ext-definition-0.42.14.jar
#14 438.5 [INFO] Resolved plugin: doxia-logging-api-1.11.1.jar
#14 438.5 [INFO] Resolved plugin: flexmark-ext-yaml-front-matter-0.42.14.jar
#14 438.5 [INFO] Resolved plugin: spring-boot-maven-plugin-3.2.5.jar
#14 438.5 [INFO] Resolved plugin: maven-site-plugin-3.12.1.jar
#14 438.5 [INFO] Resolved plugin: maven-shade-plugin-3.5.0.jar
#14 438.5 [INFO] Resolved plugin: flexmark-ext-superscript-0.42.14.jar
#14 438.5 [INFO] Resolved plugin: commons-collections-3.2.2.jar
#14 438.5 [INFO] Resolved plugin: surefire-extensions-spi-3.1.2.jar
#14 438.5 [INFO] Resolved plugin: doxia-module-markdown-1.11.1.jar
#14 438.5 [INFO] Resolved plugin: flexmark-ext-xwiki-macros-0.42.14.jar
#14 438.5 [INFO] Resolved plugin: spring-context-6.1.6.jar
#14 438.5 [INFO] Resolved plugin: commons-compress-1.20.jar
#14 438.5 [INFO] Resolved plugin: plexus-io-3.4.0.jar
#14 438.5 [INFO] Resolved plugin: asm-9.4.jar
#14 438.5 [INFO] Resolved plugin: velocity-1.7.jar
#14 438.5 [INFO] Resolved plugin: maven-resources-plugin-3.3.1.jar
#14 438.5 [INFO] Resolved plugin: plexus-utils-3.5.1.jar
#14 438.5 [INFO] Resolved plugin: httpclient5-5.2.3.jar
#14 438.5 [INFO] Resolved plugin: aopalliance-1.0.jar
#14 438.5 [INFO] Resolved plugin: aether-spi-1.0.0.v20140518.jar
#14 438.5 [INFO] Resolved plugin: plexus-interpolation-1.26.jar
#14 438.5 [INFO] Resolved plugin: maven-settings-builder-3.2.5.jar
#14 438.5 [INFO] Resolved plugin: httpcore-4.4.14.jar
#14 438.5 [INFO] Resolved plugin: surefire-booter-3.1.2.jar
#14 438.5 [INFO] Resolved plugin: commons-lang3-3.12.0.jar
#14 438.5 [INFO] Resolved plugin: maven-artifact-3.2.5.jar
#14 438.5 [INFO] Resolved plugin: flexmark-ext-enumerated-reference-0.42.14.jar
#14 438.5 [INFO] Resolved plugin: plexus-component-annotations-2.1.1.jar
#14 438.5 [INFO] Resolved plugin: maven-surefire-common-3.1.2.jar
#14 438.5 [INFO] Resolved plugin: spring-beans-6.1.6.jar
#14 438.5 [INFO] Resolved plugin: commons-logging-1.2.jar
#14 438.5 [INFO] Resolved plugin: flexmark-ext-escaped-character-0.42.14.jar
#14 438.5 [INFO] Resolved plugin: jackson-annotations-2.14.2.jar
#14 438.5 [INFO] Resolved plugin: plexus-cipher-1.4.jar
#14 438.5 [INFO] Resolved plugin: flexmark-0.42.14.jar
#14 438.5 [INFO] Resolved plugin: plexus-utils-3.4.2.jar
#14 438.5 [INFO] Resolved plugin: flexmark-ext-aside-0.42.14.jar
#14 438.5 [INFO] Resolved plugin: flexmark-ext-wikilink-0.42.14.jar
#14 438.5 [INFO] Resolved plugin: spring-jcl-6.1.6.jar
#14 438.5 [INFO] Resolved plugin: org.eclipse.sisu.inject-0.3.5.jar
#14 438.5 [INFO] Resolved plugin: flexmark-ext-gfm-tables-0.42.14.jar
#14 438.5 [INFO] Resolved plugin: antlr4-runtime-4.7.2.jar
#14 438.5 [INFO] Resolved plugin: spring-aop-6.1.6.jar
#14 438.5 [INFO] Resolved plugin: commons-io-2.11.0.jar
#14 438.5 [INFO] Resolved plugin: jetty-io-9.4.46.v20220331.jar
#14 438.5 [INFO] Resolved plugin: cdi-api-1.2.jar
#14 438.5 [INFO] Resolved plugin: commons-chain-1.1.jar
#14 438.5 [INFO] Resolved plugin: plexus-utils-1.5.8.jar
#14 438.5 [INFO] Resolved plugin: spring-expression-6.1.6.jar
#14 438.5 [INFO] Resolved plugin: flexmark-html-parser-0.42.14.jar
#14 438.5 [INFO] Resolved plugin: javax.inject-1.jar
#14 438.5 [INFO] Resolved plugin: asm-tree-9.5.jar
#14 438.5 [INFO] Resolved plugin: maven-shared-utils-3.3.4.jar
#14 438.5 [INFO] Resolved plugin: javax.servlet-api-3.1.0.jar
#14 438.5 [INFO] Resolved plugin: jetty-util-ajax-9.4.46.v20220331.jar
#14 438.5 [INFO] Resolved plugin: commons-io-2.13.0.jar
#14 438.5 [INFO] Resolved plugin: maven-settings-3.2.5.jar
#14 438.5 [INFO] Resolved plugin: jna-platform-5.13.0.jar
#14 438.5 [INFO] Resolved plugin: jackson-core-2.14.2.jar
#14 438.5 [INFO] Resolved plugin: jsoup-1.10.2.jar
#14 438.5 [INFO] Resolved plugin: oro-2.0.8.jar
#14 438.5 [INFO] Resolved plugin: maven-common-artifact-filters-3.3.2.jar
#14 438.5 [INFO] Resolved plugin: xz-1.9.jar
#14 438.5 [INFO] Resolved plugin: aether-impl-1.0.0.v20140518.jar
#14 438.5 [INFO] Resolved plugin: commons-text-1.3.jar
#14 438.5 [INFO] Resolved plugin: plexus-utils-4.0.0.jar
#14 438.5 [INFO] Resolved plugin: commons-lang-2.4.jar
#14 438.5 [INFO] Resolved plugin: slf4j-api-1.7.36.jar
#14 438.5 [INFO] Resolved plugin: doxia-module-apt-1.11.1.jar
#14 438.5 [INFO] Resolved plugin: flexmark-ext-gfm-issues-0.42.14.jar
#14 438.5 [INFO] Resolved plugin: jetty-util-9.4.46.v20220331.jar
#14 438.5 [INFO] Resolved plugin: maven-model-builder-3.2.5.jar
#14 438.5 [INFO] Resolved plugin: plexus-archiver-4.2.7.jar
#14 438.5 [INFO] Resolved plugin: jackson-databind-2.14.2.jar
#14 438.5 [INFO] Resolved plugin: commons-io-2.6.jar
#14 438.5 [INFO] Resolved plugin: flexmark-ext-youtube-embedded-0.42.14.jar
#14 438.5 [INFO] Resolved plugin: flexmark-formatter-0.42.14.jar
#14 438.5 [INFO] Resolved plugin: maven-model-3.2.5.jar
#14 438.5 [INFO] Resolved plugin: jdom2-2.0.6.1.jar
#14 438.5 [INFO] Resolved plugin: surefire-extensions-api-3.1.2.jar
#14 438.5 [INFO] Resolved plugin: flexmark-profile-pegdown-0.42.14.jar
#14 438.5 [INFO] Resolved plugin: doxia-module-docbook-simple-1.11.1.jar
#14 438.5 [INFO] Resolved plugin: guava-16.0.1.jar
#14 438.5 [INFO] Resolved plugin: plexus-interpolation-1.21.jar
#14 438.5 [INFO] Resolved plugin: flexmark-ext-typographic-0.42.14.jar
#14 438.5 [INFO] Resolved plugin: flexmark-ext-autolink-0.42.14.jar
#14 438.5 [INFO] Resolved plugin: micrometer-observation-1.12.5.jar
#14 438.5 [INFO] Resolved plugin: flexmark-ext-jekyll-tag-0.42.14.jar
#14 438.5 [INFO] Resolved plugin: flexmark-ext-gitlab-0.42.14.jar
#14 438.5 [INFO] Resolved plugin: doxia-module-xdoc-1.11.1.jar
#14 438.5 [INFO] Resolved plugin: doxia-site-renderer-1.11.1.jar
#14 438.5 [INFO] Resolved plugin: commons-beanutils-1.7.0.jar
#14 438.5 [INFO] Resolved plugin: spring-boot-buildpack-platform-3.2.5.jar
#14 438.5 [INFO] Resolved plugin: plexus-classworlds-2.5.2.jar
#14 438.5 [INFO] Resolved plugin: spring-core-6.1.6.jar
#14 438.5 [INFO] Resolved plugin: doxia-module-confluence-1.11.1.jar
#14 438.5 [INFO] Resolved plugin: doxia-module-xhtml5-1.11.1.jar
#14 438.5 [INFO] Resolved plugin: flexmark-ext-tables-0.42.14.jar
#14 438.5 [INFO] Resolved plugin: javax.annotation-api-1.2.jar
#14 438.5 [INFO] Resolved plugin: flexmark-ext-macros-0.42.14.jar
#14 438.5 [INFO] Resolved plugin: plexus-sec-dispatcher-1.3.jar
#14 438.5 [INFO] Resolved plugin: jackson-module-parameter-names-2.14.2.jar
#14 438.5 [INFO] Resolved plugin: commons-collections4-4.4.jar
#14 438.5 [INFO] Resolved plugin: plexus-i18n-1.0-beta-10.jar
#14 438.5 [INFO] Resolved plugin: flexmark-ext-gfm-users-0.42.14.jar
#14 438.5 [INFO] Resolved plugin: maven-common-artifact-filters-3.1.1.jar
#14 438.5 [INFO] Resolved plugin: asm-commons-9.5.jar
#14 438.5 [INFO] Resolved dependency: jackson-core-2.15.4.jar
#14 438.5 [INFO] Resolved dependency: netty-common-4.1.107.Final.jar
#14 438.5 [INFO] Resolved dependency: spring-boot-starter-test-3.2.5.jar
#14 438.5 [INFO] Resolved dependency: jackson-datatype-jdk8-2.15.4.jar
#14 438.5 [INFO] Resolved dependency: spring-boot-starter-security-3.2.5.jar
#14 438.5 [INFO] Resolved dependency: spring-security-oauth2-jose-6.2.4.jar
#14 438.5 [INFO] Resolved dependency: jaxb-core-4.0.2.jar
#14 438.5 [INFO] Resolved dependency: log4j-to-slf4j-2.21.1.jar
#14 438.5 [INFO] Resolved dependency: spring-data-keyvalue-3.2.5.jar
#14 438.5 [INFO] Resolved dependency: jackson-annotations-2.15.4.jar
#14 438.5 [INFO] Resolved dependency: jakarta.activation-api-2.1.0.jar
#14 438.5 [INFO] Resolved dependency: spring-boot-starter-web-3.2.5.jar
#14 438.5 [INFO] Resolved dependency: spring-webmvc-6.1.6.jar
#14 438.5 [INFO] Resolved dependency: json-smart-2.5.1.jar
#14 438.5 [INFO] Resolved dependency: spring-beans-6.1.6.jar
#14 438.5 [INFO] Resolved dependency: asm-9.6.jar
#14 438.5 [INFO] Resolved dependency: opentest4j-1.3.0.jar
#14 438.5 [INFO] Resolved dependency: lombok-1.18.32.jar
#14 438.5 [INFO] Resolved dependency: spring-boot-3.2.5.jar
#14 438.5 [INFO] Resolved dependency: xmlunit-core-2.9.1.jar
#14 438.5 [INFO] Resolved dependency: aspectjweaver-1.9.22.jar
#14 438.5 [INFO] Resolved dependency: spring-security-oauth2-client-6.2.4.jar
#14 438.5 [INFO] Resolved dependency: spring-boot-starter-oauth2-client-3.2.5.jar
#14 438.5 [INFO] Resolved dependency: postgresql-42.6.2.jar
#14 438.5 [INFO] Resolved dependency: accessors-smart-2.5.1.jar
#14 438.5 [INFO] Resolved dependency: junit-platform-commons-1.10.2.jar
#14 438.5 [INFO] Resolved dependency: jakarta.transaction-api-2.0.1.jar
#14 438.5 [INFO] Resolved dependency: spring-boot-starter-data-jpa-3.2.5.jar
#14 438.5 [INFO] Resolved dependency: nimbus-jose-jwt-9.24.4.jar
#14 438.5 [INFO] Resolved dependency: netty-handler-4.1.107.Final.jar
#14 438.5 [INFO] Resolved dependency: spring-data-redis-3.2.5.jar
#14 438.5 [INFO] Resolved dependency: jna-4.5.1.jar
#14 438.5 [INFO] Resolved dependency: angus-activation-2.0.0.jar
#14 438.5 [INFO] Resolved dependency: spring-jcl-6.1.6.jar
#14 438.5 [INFO] Resolved dependency: netty-resolver-4.1.107.Final.jar
#14 438.5 [INFO] Resolved dependency: HikariCP-5.0.1.jar
#14 438.5 [INFO] Resolved dependency: spring-web-6.1.6.jar
#14 438.5 [INFO] Resolved dependency: snakeyaml-2.2.jar
#14 438.5 [INFO] Resolved dependency: mockito-core-5.7.0.jar
#14 438.5 [INFO] Resolved dependency: mockito-junit-jupiter-5.7.0.jar
#14 438.5 [INFO] Resolved dependency: spring-boot-starter-data-redis-3.2.5.jar
#14 438.5 [INFO] Resolved dependency: spring-aop-6.1.6.jar
#14 438.5 [INFO] Resolved dependency: spring-security-crypto-6.2.4.jar
#14 438.5 [INFO] Resolved dependency: spring-security-config-6.2.4.jar
#14 438.5 [INFO] Resolved dependency: spring-expression-6.1.6.jar
#14 438.5 [INFO] Resolved dependency: assertj-core-3.24.2.jar
#14 438.5 [INFO] Resolved dependency: checker-qual-3.31.0.jar
#14 438.5 [INFO] Resolved dependency: spring-boot-autoconfigure-3.2.5.jar
#14 438.5 [INFO] Resolved dependency: jackson-datatype-jsr310-2.15.4.jar
#14 438.5 [INFO] Resolved dependency: txw2-4.0.2.jar
#14 438.5 [INFO] Resolved dependency: spring-boot-test-3.2.5.jar
#14 438.5 [INFO] Resolved dependency: spring-security-core-6.2.4.jar
#14 438.5 [INFO] Resolved dependency: spring-boot-starter-aop-3.2.5.jar
#14 438.5 [INFO] Resolved dependency: waffle-jna-1.9.1.jar
#14 438.5 [INFO] Resolved dependency: hamcrest-2.2.jar
#14 438.5 [INFO] Resolved dependency: spring-boot-starter-logging-3.2.5.jar
#14 438.5 [INFO] Resolved dependency: istack-commons-runtime-4.1.1.jar
#14 438.5 [INFO] Resolved dependency: netty-transport-native-unix-common-4.1.107.Final.jar
#14 438.5 [INFO] Resolved dependency: jsonassert-1.5.1.jar
#14 438.5 [INFO] Resolved dependency: jboss-logging-3.5.0.Final.jar
#14 438.5 [INFO] Resolved dependency: byte-buddy-agent-1.14.9.jar
#14 438.5 [INFO] Resolved dependency: slf4j-api-2.0.11.jar
#14 438.5 [INFO] Resolved dependency: log4j-api-2.21.1.jar
#14 438.5 [INFO] Resolved dependency: tomcat-embed-websocket-10.1.20.jar
#14 438.5 [INFO] Resolved dependency: classmate-1.5.1.jar
#14 438.5 [INFO] Resolved dependency: jakarta.xml.bind-api-4.0.0.jar
#14 438.5 [INFO] Resolved dependency: spring-context-support-6.1.6.jar
#14 438.5 [INFO] Resolved dependency: spring-jdbc-6.1.6.jar
#14 438.5 [INFO] Resolved dependency: junit-jupiter-engine-5.10.2.jar
#14 438.5 [INFO] Resolved dependency: spring-security-test-6.2.4.jar
#14 438.5 [INFO] Resolved dependency: content-type-2.2.jar
#14 438.5 [INFO] Resolved dependency: micrometer-commons-1.12.5.jar
#14 438.5 [INFO] Resolved dependency: slf4j-api-2.0.2.jar
#14 438.5 [INFO] Resolved dependency: oauth2-oidc-sdk-9.43.3.jar
#14 438.5 [INFO] Resolved dependency: awaitility-4.2.1.jar
#14 438.5 [INFO] Resolved dependency: byte-buddy-1.12.21.jar
#14 438.5 [INFO] Resolved dependency: objenesis-3.3.jar
#14 438.5 [INFO] Resolved dependency: spring-boot-starter-json-3.2.5.jar
#14 438.5 [INFO] Resolved dependency: hibernate-commons-annotations-6.0.6.Final.jar
#14 438.5 [INFO] Resolved dependency: antlr4-runtime-4.13.0.jar
#14 438.5 [INFO] Resolved dependency: junit-platform-engine-1.10.2.jar
#14 438.5 [INFO] Resolved dependency: asm-9.3.jar
#14 438.5 [INFO] Resolved dependency: spring-tx-6.1.6.jar
#14 438.5 [INFO] Resolved dependency: jcl-over-slf4j-1.7.25.jar
#14 438.5 [INFO] Resolved dependency: json-smart-2.4.10.jar
#14 438.5 [INFO] Resolved dependency: caffeine-2.6.2.jar
#14 438.5 [INFO] Resolved dependency: jackson-databind-2.15.4.jar
#14 438.5 [INFO] Resolved dependency: logback-classic-1.4.14.jar
#14 438.5 [INFO] Resolved dependency: byte-buddy-1.14.11.jar
#14 438.5 [INFO] Resolved dependency: junit-jupiter-5.10.2.jar
#14 438.5 [INFO] Resolved dependency: jakarta.persistence-api-3.1.0.jar
#14 438.5 [INFO] Resolved dependency: jakarta.activation-api-2.1.3.jar
#14 438.5 [INFO] Resolved dependency: jackson-core-2.16.2.jar
#14 438.5 [INFO] Resolved dependency: netty-buffer-4.1.107.Final.jar
#14 438.5 [INFO] Resolved dependency: spring-security-web-6.2.4.jar
#14 438.5 [INFO] Resolved dependency: jul-to-slf4j-2.0.13.jar
#14 438.5 [INFO] Resolved dependency: micrometer-observation-1.12.5.jar
#14 438.5 [INFO] Resolved dependency: jackson-module-parameter-names-2.15.4.jar
#14 438.5 [INFO] Resolved dependency: jcip-annotations-1.0-1.jar
#14 438.5 [INFO] Resolved dependency: slf4j-api-2.0.7.jar
#14 438.5 [INFO] Resolved dependency: spring-boot-starter-tomcat-3.2.5.jar
#14 438.5 [INFO] Resolved dependency: jakarta.xml.bind-api-4.0.2.jar
#14 438.5 [INFO] Resolved dependency: spring-test-6.1.6.jar
#14 438.5 [INFO] Resolved dependency: tomcat-embed-el-10.1.20.jar
#14 438.5 [INFO] Resolved dependency: jackson-databind-2.16.2.jar
#14 438.5 [INFO] Resolved dependency: jakarta.annotation-api-2.1.1.jar
#14 438.5 [INFO] Resolved dependency: jaxb-runtime-4.0.2.jar
#14 438.5 [INFO] Resolved dependency: spring-orm-6.1.6.jar
#14 438.5 [INFO] Resolved dependency: jakarta.inject-api-2.0.1.jar
#14 438.5 [INFO] Resolved dependency: jakarta.annotation-api-2.0.0.jar
#14 438.5 [INFO] Resolved dependency: spring-security-oauth2-core-6.2.4.jar
#14 438.5 [INFO] Resolved dependency: junit-jupiter-api-5.10.2.jar
#14 438.5 [INFO] Resolved dependency: spring-core-6.1.6.jar
#14 438.5 [INFO] Resolved dependency: nimbus-jose-jwt-9.37.3.jar
#14 438.5 [INFO] Resolved dependency: netty-codec-4.1.107.Final.jar
#14 438.5 [INFO] Resolved dependency: lang-tag-1.7.jar
#14 438.5 [INFO] Resolved dependency: jna-platform-4.5.1.jar
#14 438.5 [INFO] Resolved dependency: logback-core-1.4.14.jar
#14 438.5 [INFO] Resolved dependency: spring-boot-starter-jdbc-3.2.5.jar
#14 438.5 [INFO] Resolved dependency: jandex-3.1.2.jar
#14 438.5 [INFO] Resolved dependency: spring-security-oauth2-resource-server-6.2.4.jar
#14 438.5 [INFO] Resolved dependency: netty-transport-4.1.107.Final.jar
#14 438.5 [INFO] Resolved dependency: json-path-2.9.0.jar
#14 438.5 [INFO] Resolved dependency: junit-jupiter-params-5.10.2.jar
#14 438.5 [INFO] Resolved dependency: reactor-core-3.6.4.jar
#14 438.5 [INFO] Resolved dependency: spring-data-commons-3.2.5.jar
#14 438.5 [INFO] Resolved dependency: apiguardian-api-1.1.2.jar
#14 438.5 [INFO] Resolved dependency: spring-boot-starter-3.2.5.jar
#14 438.5 [INFO] Resolved dependency: lettuce-core-6.3.2.RELEASE.jar
#14 438.5 [INFO] Resolved dependency: slf4j-api-1.7.25.jar
#14 438.5 [INFO] Resolved dependency: spring-security-oauth2-authorization-server-1.2.4.jar
#14 438.5 [INFO] Resolved dependency: spring-boot-test-autoconfigure-3.2.5.jar
#14 438.5 [INFO] Resolved dependency: hibernate-core-6.4.4.Final.jar
#14 438.5 [INFO] Resolved dependency: android-json-0.0.20131108.vaadin1.jar
#14 438.5 [INFO] Resolved dependency: spring-aspects-6.1.6.jar
#14 438.5 [INFO] Resolved dependency: spring-context-6.1.6.jar
#14 438.5 [INFO] Resolved dependency: reactive-streams-1.0.4.jar
#14 438.5 [INFO] Resolved dependency: spring-data-jpa-3.2.5.jar
#14 438.5 [INFO] Resolved dependency: spring-oxm-6.1.6.jar
#14 438.5 [INFO] Resolved dependency: accessors-smart-2.4.9.jar
#14 438.5 [INFO] Resolved dependency: jackson-annotations-2.16.2.jar
#14 438.5 [INFO] Resolved dependency: tomcat-embed-core-10.1.20.jar
#14 438.5 [INFO] 
#14 438.5 [INFO] -------------------< com.elearning:resource-server >--------------------
#14 438.5 [INFO] Building resource-server 0.0.1-SNAPSHOT                            [3/3]
#14 438.5 [INFO]   from resource-server/pom.xml
#14 438.5 [INFO] --------------------------------[ jar ]---------------------------------
#14 438.5 [INFO] 
#14 438.5 [INFO] --- dependency:3.6.1:go-offline (default-cli) @ resource-server ---
#14 438.6 [INFO] Downloading from central: https://repo.maven.apache.org/maven2/io/minio/minio/8.5.9/minio-8.5.9.pom
#14 438.7 [INFO] Downloaded from central: https://repo.maven.apache.org/maven2/io/minio/minio/8.5.9/minio-8.5.9.pom (3.4 kB at 35 kB/s)
#14 438.7 [INFO] Downloading from central: https://repo.maven.apache.org/maven2/com/carrotsearch/thirdparty/simple-xml-safe/2.7.1/simple-xml-safe-2.7.1.pom
#14 438.7 [INFO] Downloaded from central: https://repo.maven.apache.org/maven2/com/carrotsearch/thirdparty/simple-xml-safe/2.7.1/simple-xml-safe-2.7.1.pom (1.5 kB at 18 kB/s)
#14 438.8 [INFO] Downloading from central: https://repo.maven.apache.org/maven2/com/google/guava/guava/33.0.0-jre/guava-33.0.0-jre.pom
#14 438.8 [INFO] Downloaded from central: https://repo.maven.apache.org/maven2/com/google/guava/guava/33.0.0-jre/guava-33.0.0-jre.pom (13 kB at 149 kB/s)
#14 438.8 [INFO] Downloading from central: https://repo.maven.apache.org/maven2/com/google/guava/guava-parent/33.0.0-jre/guava-parent-33.0.0-jre.pom
#14 438.9 [INFO] Downloaded from central: https://repo.maven.apache.org/maven2/com/google/guava/guava-parent/33.0.0-jre/guava-parent-33.0.0-jre.pom (19 kB at 178 kB/s)
#14 438.9 [INFO] Downloading from central: https://repo.maven.apache.org/maven2/com/google/guava/failureaccess/1.0.2/failureaccess-1.0.2.pom
#14 439.0 [INFO] Downloaded from central: https://repo.maven.apache.org/maven2/com/google/guava/failureaccess/1.0.2/failureaccess-1.0.2.pom (3.3 kB at 42 kB/s)
#14 439.0 [INFO] Downloading from central: https://repo.maven.apache.org/maven2/com/google/guava/guava-parent/26.0-android/guava-parent-26.0-android.pom
#14 439.1 [INFO] Downloaded from central: https://repo.maven.apache.org/maven2/com/google/guava/guava-parent/26.0-android/guava-parent-26.0-android.pom (10 kB at 139 kB/s)
#14 439.1 [INFO] Downloading from central: https://repo.maven.apache.org/maven2/com/google/guava/listenablefuture/9999.0-empty-to-avoid-conflict-with-guava/listenablefuture-9999.0-empty-to-avoid-conflict-with-guava.pom
#14 439.2 [INFO] Downloaded from central: https://repo.maven.apache.org/maven2/com/google/guava/listenablefuture/9999.0-empty-to-avoid-conflict-with-guava/listenablefuture-9999.0-empty-to-avoid-conflict-with-guava.pom (2.3 kB at 31 kB/s)
#14 439.2 [INFO] Downloading from central: https://repo.maven.apache.org/maven2/org/checkerframework/checker-qual/3.41.0/checker-qual-3.41.0.pom
#14 439.3 [INFO] Downloaded from central: https://repo.maven.apache.org/maven2/org/checkerframework/checker-qual/3.41.0/checker-qual-3.41.0.pom (2.1 kB at 28 kB/s)
#14 439.3 [INFO] Downloading from central: https://repo.maven.apache.org/maven2/com/google/errorprone/error_prone_annotations/2.23.0/error_prone_annotations-2.23.0.pom
#14 439.3 [INFO] Downloaded from central: https://repo.maven.apache.org/maven2/com/google/errorprone/error_prone_annotations/2.23.0/error_prone_annotations-2.23.0.pom (1.8 kB at 25 kB/s)
#14 439.3 [INFO] Downloading from central: https://repo.maven.apache.org/maven2/com/google/errorprone/error_prone_parent/2.23.0/error_prone_parent-2.23.0.pom
#14 439.4 [INFO] Downloaded from central: https://repo.maven.apache.org/maven2/com/google/errorprone/error_prone_parent/2.23.0/error_prone_parent-2.23.0.pom (13 kB at 162 kB/s)
#14 439.4 [INFO] Downloading from central: https://repo.maven.apache.org/maven2/com/google/j2objc/j2objc-annotations/2.8/j2objc-annotations-2.8.pom
#14 439.5 [INFO] Downloaded from central: https://repo.maven.apache.org/maven2/com/google/j2objc/j2objc-annotations/2.8/j2objc-annotations-2.8.pom (2.9 kB at 32 kB/s)
#14 439.5 [INFO] Downloading from central: https://repo.maven.apache.org/maven2/com/squareup/okhttp3/okhttp/4.12.0/okhttp-4.12.0.pom
#14 439.6 [INFO] Downloaded from central: https://repo.maven.apache.org/maven2/com/squareup/okhttp3/okhttp/4.12.0/okhttp-4.12.0.pom (1.8 kB at 19 kB/s)
#14 439.6 [INFO] Downloading from central: https://repo.maven.apache.org/maven2/com/squareup/okio/okio/3.6.0/okio-3.6.0.pom
#14 439.7 [INFO] Downloaded from central: https://repo.maven.apache.org/maven2/com/squareup/okio/okio/3.6.0/okio-3.6.0.pom (1.7 kB at 21 kB/s)
#14 439.7 [INFO] Downloading from central: https://repo.maven.apache.org/maven2/com/squareup/okio/okio-jvm/3.6.0/okio-jvm-3.6.0.pom
#14 439.8 [INFO] Downloaded from central: https://repo.maven.apache.org/maven2/com/squareup/okio/okio-jvm/3.6.0/okio-jvm-3.6.0.pom (1.9 kB at 22 kB/s)
#14 439.8 [INFO] Downloading from central: https://repo.maven.apache.org/maven2/org/jetbrains/kotlin/kotlin-stdlib-jdk8/1.9.10/kotlin-stdlib-jdk8-1.9.10.pom
#14 439.9 [INFO] Downloaded from central: https://repo.maven.apache.org/maven2/org/jetbrains/kotlin/kotlin-stdlib-jdk8/1.9.10/kotlin-stdlib-jdk8-1.9.10.pom (1.6 kB at 17 kB/s)
#14 439.9 [INFO] Downloading from central: https://repo.maven.apache.org/maven2/org/jetbrains/kotlin/kotlin-stdlib/1.9.10/kotlin-stdlib-1.9.10.pom
#14 -681.460 [INFO] Downloaded from central: https://repo.maven.apache.org/maven2/org/jetbrains/kotlin/kotlin-stdlib/1.9.10/kotlin-stdlib-1.9.10.pom (1.6 kB)
#14 -681.458 [INFO] Downloading from central: https://repo.maven.apache.org/maven2/org/jetbrains/kotlin/kotlin-stdlib-common/1.9.10/kotlin-stdlib-common-1.9.10.pom
#14 440.8 [INFO] Downloaded from central: https://repo.maven.apache.org/maven2/org/jetbrains/kotlin/kotlin-stdlib-common/1.9.10/kotlin-stdlib-common-1.9.10.pom (1.2 kB at 1 B/s)
#14 440.8 [INFO] Downloading from central: https://repo.maven.apache.org/maven2/org/jetbrains/annotations/13.0/annotations-13.0.pom
#14 440.9 [INFO] Downloaded from central: https://repo.maven.apache.org/maven2/org/jetbrains/annotations/13.0/annotations-13.0.pom (4.9 kB at 66 kB/s)
#14 440.9 [INFO] Downloading from central: https://repo.maven.apache.org/maven2/org/jetbrains/kotlin/kotlin-stdlib-jdk7/1.9.10/kotlin-stdlib-jdk7-1.9.10.pom
#14 440.9 [INFO] Downloaded from central: https://repo.maven.apache.org/maven2/org/jetbrains/kotlin/kotlin-stdlib-jdk7/1.9.10/kotlin-stdlib-jdk7-1.9.10.pom (1.4 kB at 19 kB/s)
#14 440.9 [INFO] Downloading from central: https://repo.maven.apache.org/maven2/org/jetbrains/kotlin/kotlin-stdlib-jdk8/1.8.21/kotlin-stdlib-jdk8-1.8.21.pom
#14 441.0 [INFO] Downloaded from central: https://repo.maven.apache.org/maven2/org/jetbrains/kotlin/kotlin-stdlib-jdk8/1.8.21/kotlin-stdlib-jdk8-1.8.21.pom (1.6 kB at 22 kB/s)
#14 441.0 [INFO] Downloading from central: https://repo.maven.apache.org/maven2/org/jetbrains/kotlin/kotlin-stdlib/1.8.21/kotlin-stdlib-1.8.21.pom
#14 441.1 [INFO] Downloaded from central: https://repo.maven.apache.org/maven2/org/jetbrains/kotlin/kotlin-stdlib/1.8.21/kotlin-stdlib-1.8.21.pom (1.6 kB at 19 kB/s)
#14 441.1 [INFO] Downloading from central: https://repo.maven.apache.org/maven2/org/jetbrains/kotlin/kotlin-stdlib-common/1.8.21/kotlin-stdlib-common-1.8.21.pom
#14 441.2 [INFO] Downloaded from central: https://repo.maven.apache.org/maven2/org/jetbrains/kotlin/kotlin-stdlib-common/1.8.21/kotlin-stdlib-common-1.8.21.pom (1.2 kB at 12 kB/s)
#14 441.2 [INFO] Downloading from central: https://repo.maven.apache.org/maven2/org/jetbrains/kotlin/kotlin-stdlib-jdk7/1.8.21/kotlin-stdlib-jdk7-1.8.21.pom
#14 441.3 [INFO] Downloaded from central: https://repo.maven.apache.org/maven2/org/jetbrains/kotlin/kotlin-stdlib-jdk7/1.8.21/kotlin-stdlib-jdk7-1.8.21.pom (1.4 kB at 16 kB/s)
#14 441.3 [INFO] Downloading from central: https://repo.maven.apache.org/maven2/com/fasterxml/jackson/core/jackson-annotations/2.16.1/jackson-annotations-2.16.1.pom
#14 441.4 [INFO] Downloaded from central: https://repo.maven.apache.org/maven2/com/fasterxml/jackson/core/jackson-annotations/2.16.1/jackson-annotations-2.16.1.pom (7.1 kB at 70 kB/s)
#14 441.4 [INFO] Downloading from central: https://repo.maven.apache.org/maven2/com/fasterxml/jackson/core/jackson-core/2.16.1/jackson-core-2.16.1.pom
#14 441.5 [INFO] Downloaded from central: https://repo.maven.apache.org/maven2/com/fasterxml/jackson/core/jackson-core/2.16.1/jackson-core-2.16.1.pom (9.9 kB at 140 kB/s)
#14 441.5 [INFO] Downloading from central: https://repo.maven.apache.org/maven2/com/fasterxml/jackson/jackson-base/2.16.1/jackson-base-2.16.1.pom
#14 441.5 [INFO] Downloaded from central: https://repo.maven.apache.org/maven2/com/fasterxml/jackson/jackson-base/2.16.1/jackson-base-2.16.1.pom (11 kB at 151 kB/s)
#14 441.6 [INFO] Downloading from central: https://repo.maven.apache.org/maven2/com/fasterxml/jackson/jackson-bom/2.16.1/jackson-bom-2.16.1.pom
#14 441.6 [INFO] Downloaded from central: https://repo.maven.apache.org/maven2/com/fasterxml/jackson/jackson-bom/2.16.1/jackson-bom-2.16.1.pom (18 kB at 243 kB/s)
#14 441.6 [INFO] Downloading from central: https://repo.maven.apache.org/maven2/com/fasterxml/jackson/core/jackson-databind/2.16.1/jackson-databind-2.16.1.pom
#14 441.7 [INFO] Downloaded from central: https://repo.maven.apache.org/maven2/com/fasterxml/jackson/core/jackson-databind/2.16.1/jackson-databind-2.16.1.pom (21 kB at 281 kB/s)
#14 441.7 [INFO] Downloading from central: https://repo.maven.apache.org/maven2/org/bouncycastle/bcprov-jdk18on/1.77/bcprov-jdk18on-1.77.pom
#14 441.8 [INFO] Downloaded from central: https://repo.maven.apache.org/maven2/org/bouncycastle/bcprov-jdk18on/1.77/bcprov-jdk18on-1.77.pom (1.1 kB at 14 kB/s)
#14 441.8 [INFO] Downloading from central: https://repo.maven.apache.org/maven2/org/apache/commons/commons-compress/1.26.0/commons-compress-1.26.0.pom
#14 441.9 [INFO] Downloaded from central: https://repo.maven.apache.org/maven2/org/apache/commons/commons-compress/1.26.0/commons-compress-1.26.0.pom (22 kB at 280 kB/s)
#14 441.9 [INFO] Downloading from central: https://repo.maven.apache.org/maven2/org/apache/commons/commons-parent/66/commons-parent-66.pom
#14 442.0 [INFO] Downloaded from central: https://repo.maven.apache.org/maven2/org/apache/commons/commons-parent/66/commons-parent-66.pom (77 kB at 819 kB/s)
#14 442.0 [INFO] Downloading from central: https://repo.maven.apache.org/maven2/org/apache/apache/31/apache-31.pom
#14 442.0 [INFO] Downloaded from central: https://repo.maven.apache.org/maven2/org/apache/apache/31/apache-31.pom (24 kB at 327 kB/s)
#14 442.0 [INFO] Downloading from central: https://repo.maven.apache.org/maven2/org/junit/junit-bom/5.10.1/junit-bom-5.10.1.pom
#14 442.1 [INFO] Downloaded from central: https://repo.maven.apache.org/maven2/org/junit/junit-bom/5.10.1/junit-bom-5.10.1.pom (5.6 kB at 67 kB/s)
#14 442.1 [INFO] Downloading from central: https://repo.maven.apache.org/maven2/commons-io/commons-io/2.15.1/commons-io-2.15.1.pom
#14 442.2 [INFO] Downloaded from central: https://repo.maven.apache.org/maven2/commons-io/commons-io/2.15.1/commons-io-2.15.1.pom (20 kB at 253 kB/s)
#14 442.2 [INFO] Downloading from central: https://repo.maven.apache.org/maven2/org/apache/commons/commons-parent/65/commons-parent-65.pom
#14 442.4 [INFO] Downloaded from central: https://repo.maven.apache.org/maven2/org/apache/commons/commons-parent/65/commons-parent-65.pom (78 kB at 428 kB/s)
#14 442.4 [INFO] Downloading from central: https://repo.maven.apache.org/maven2/org/apache/commons/commons-lang3/3.14.0/commons-lang3-3.14.0.pom
#14 442.6 [INFO] Downloaded from central: https://repo.maven.apache.org/maven2/org/apache/commons/commons-lang3/3.14.0/commons-lang3-3.14.0.pom (31 kB at 128 kB/s)
#14 442.7 [INFO] Downloading from central: https://repo.maven.apache.org/maven2/org/apache/commons/commons-parent/64/commons-parent-64.pom
#14 443.0 [INFO] Downloaded from central: https://repo.maven.apache.org/maven2/org/apache/commons/commons-parent/64/commons-parent-64.pom (78 kB at 234 kB/s)
#14 443.0 [INFO] Downloading from central: https://repo.maven.apache.org/maven2/commons-codec/commons-codec/1.16.1/commons-codec-1.16.1.pom
#14 443.3 [INFO] Downloaded from central: https://repo.maven.apache.org/maven2/commons-codec/commons-codec/1.16.1/commons-codec-1.16.1.pom (16 kB at 49 kB/s)
#14 443.3 [INFO] Downloading from central: https://repo.maven.apache.org/maven2/org/xerial/snappy/snappy-java/1.1.10.5/snappy-java-1.1.10.5.pom
#14 443.4 [INFO] Downloaded from central: https://repo.maven.apache.org/maven2/org/xerial/snappy/snappy-java/1.1.10.5/snappy-java-1.1.10.5.pom (3.1 kB at 31 kB/s)
#14 443.4 [INFO] Downloading from central: https://repo.maven.apache.org/maven2/io/minio/minio/8.5.9/minio-8.5.9.jar
#14 444.2 [INFO] Downloaded from central: https://repo.maven.apache.org/maven2/io/minio/minio/8.5.9/minio-8.5.9.jar (400 kB at 522 kB/s)
#14 444.2 [INFO] Downloading from central: https://repo.maven.apache.org/maven2/com/carrotsearch/thirdparty/simple-xml-safe/2.7.1/simple-xml-safe-2.7.1.jar
#14 444.2 [INFO] Downloading from central: https://repo.maven.apache.org/maven2/com/google/guava/guava/33.0.0-jre/guava-33.0.0-jre.jar
#14 444.2 [INFO] Downloading from central: https://repo.maven.apache.org/maven2/com/google/guava/failureaccess/1.0.2/failureaccess-1.0.2.jar
#14 444.2 [INFO] Downloading from central: https://repo.maven.apache.org/maven2/com/google/guava/listenablefuture/9999.0-empty-to-avoid-conflict-with-guava/listenablefuture-9999.0-empty-to-avoid-conflict-with-guava.jar
#14 444.2 [INFO] Downloading from central: https://repo.maven.apache.org/maven2/org/checkerframework/checker-qual/3.41.0/checker-qual-3.41.0.jar
#14 444.3 [INFO] Downloaded from central: https://repo.maven.apache.org/maven2/com/google/guava/failureaccess/1.0.2/failureaccess-1.0.2.jar (4.7 kB at 50 kB/s)
#14 444.3 [INFO] Downloading from central: https://repo.maven.apache.org/maven2/com/google/errorprone/error_prone_annotations/2.23.0/error_prone_annotations-2.23.0.jar
#14 444.3 [INFO] Downloaded from central: https://repo.maven.apache.org/maven2/com/google/guava/listenablefuture/9999.0-empty-to-avoid-conflict-with-guava/listenablefuture-9999.0-empty-to-avoid-conflict-with-guava.jar (2.2 kB at 19 kB/s)
#14 444.3 [INFO] Downloading from central: https://repo.maven.apache.org/maven2/com/google/j2objc/j2objc-annotations/2.8/j2objc-annotations-2.8.jar
#14 444.7 [INFO] Downloaded from central: https://repo.maven.apache.org/maven2/com/google/j2objc/j2objc-annotations/2.8/j2objc-annotations-2.8.jar (9.3 kB at 17 kB/s)
#14 444.7 [INFO] Downloading from central: https://repo.maven.apache.org/maven2/com/squareup/okhttp3/okhttp/4.12.0/okhttp-4.12.0.jar
#14 445.5 [INFO] Downloaded from central: https://repo.maven.apache.org/maven2/com/carrotsearch/thirdparty/simple-xml-safe/2.7.1/simple-xml-safe-2.7.1.jar (418 kB at 325 kB/s)
#14 445.5 [INFO] Downloading from central: https://repo.maven.apache.org/maven2/com/squareup/okio/okio/3.6.0/okio-3.6.0.jar
#14 445.5 [INFO] Downloaded from central: https://repo.maven.apache.org/maven2/com/google/errorprone/error_prone_annotations/2.23.0/error_prone_annotations-2.23.0.jar (17 kB at 12 kB/s)
#14 445.5 [INFO] Downloading from central: https://repo.maven.apache.org/maven2/com/squareup/okio/okio-jvm/3.6.0/okio-jvm-3.6.0.jar
#14 447.1 [INFO] Downloaded from central: https://repo.maven.apache.org/maven2/com/squareup/okio/okio/3.6.0/okio-3.6.0.jar (26 kB at 8.8 kB/s)
#14 447.1 [INFO] Downloading from central: https://repo.maven.apache.org/maven2/org/jetbrains/kotlin/kotlin-stdlib-common/1.9.10/kotlin-stdlib-common-1.9.10.jar
#14 447.4 [INFO] Downloaded from central: https://repo.maven.apache.org/maven2/com/squareup/okio/okio-jvm/3.6.0/okio-jvm-3.6.0.jar (360 kB at 111 kB/s)
#14 447.4 [INFO] Downloading from central: https://repo.maven.apache.org/maven2/org/jetbrains/kotlin/kotlin-stdlib-jdk8/1.8.21/kotlin-stdlib-jdk8-1.8.21.jar
#14 448.0 [INFO] Downloaded from central: https://repo.maven.apache.org/maven2/org/jetbrains/kotlin/kotlin-stdlib-jdk8/1.8.21/kotlin-stdlib-jdk8-1.8.21.jar (968 B at 251 B/s)
#14 448.0 [INFO] Downloading from central: https://repo.maven.apache.org/maven2/org/jetbrains/kotlin/kotlin-stdlib/1.8.21/kotlin-stdlib-1.8.21.jar
#14 448.5 [INFO] Downloaded from central: https://repo.maven.apache.org/maven2/org/jetbrains/kotlin/kotlin-stdlib-common/1.9.10/kotlin-stdlib-common-1.9.10.jar (225 kB at 52 kB/s)
#14 448.5 [INFO] Downloading from central: https://repo.maven.apache.org/maven2/org/jetbrains/annotations/13.0/annotations-13.0.jar
#14 448.9 [INFO] Downloaded from central: https://repo.maven.apache.org/maven2/com/squareup/okhttp3/okhttp/4.12.0/okhttp-4.12.0.jar (790 kB at 168 kB/s)
#14 448.9 [INFO] Downloading from central: https://repo.maven.apache.org/maven2/org/jetbrains/kotlin/kotlin-stdlib-jdk7/1.8.21/kotlin-stdlib-jdk7-1.8.21.jar
#14 449.1 [INFO] Downloaded from central: https://repo.maven.apache.org/maven2/org/jetbrains/annotations/13.0/annotations-13.0.jar (18 kB at 3.6 kB/s)
#14 449.1 [INFO] Downloading from central: https://repo.maven.apache.org/maven2/com/fasterxml/jackson/core/jackson-annotations/2.16.1/jackson-annotations-2.16.1.jar
#14 449.2 [INFO] Downloaded from central: https://repo.maven.apache.org/maven2/org/jetbrains/kotlin/kotlin-stdlib-jdk7/1.8.21/kotlin-stdlib-jdk7-1.8.21.jar (963 B at 191 B/s)
#14 449.2 [INFO] Downloading from central: https://repo.maven.apache.org/maven2/com/fasterxml/jackson/core/jackson-core/2.16.1/jackson-core-2.16.1.jar
#14 449.9 [INFO] Downloaded from central: https://repo.maven.apache.org/maven2/com/fasterxml/jackson/core/jackson-annotations/2.16.1/jackson-annotations-2.16.1.jar (78 kB at 14 kB/s)
#14 449.9 [INFO] Downloading from central: https://repo.maven.apache.org/maven2/com/fasterxml/jackson/core/jackson-databind/2.16.1/jackson-databind-2.16.1.jar
#14 451.5 [INFO] Downloaded from central: https://repo.maven.apache.org/maven2/org/checkerframework/checker-qual/3.41.0/checker-qual-3.41.0.jar (229 kB at 31 kB/s)
#14 451.5 [INFO] Downloading from central: https://repo.maven.apache.org/maven2/org/bouncycastle/bcprov-jdk18on/1.77/bcprov-jdk18on-1.77.jar
#14 453.0 [INFO] Downloaded from central: https://repo.maven.apache.org/maven2/com/fasterxml/jackson/core/jackson-core/2.16.1/jackson-core-2.16.1.jar (578 kB at 65 kB/s)
#14 453.0 [INFO] Downloading from central: https://repo.maven.apache.org/maven2/org/apache/commons/commons-compress/1.26.0/commons-compress-1.26.0.jar
#14 454.9 [INFO] Downloaded from central: https://repo.maven.apache.org/maven2/com/google/guava/guava/33.0.0-jre/guava-33.0.0-jre.jar (3.0 MB at 284 kB/s)
#14 454.9 [INFO] Downloading from central: https://repo.maven.apache.org/maven2/commons-io/commons-io/2.15.1/commons-io-2.15.1.jar
#14 455.2 [INFO] Downloaded from central: https://repo.maven.apache.org/maven2/org/jetbrains/kotlin/kotlin-stdlib/1.8.21/kotlin-stdlib-1.8.21.jar (1.7 MB at 151 kB/s)
#14 455.2 [INFO] Downloading from central: https://repo.maven.apache.org/maven2/org/apache/commons/commons-lang3/3.14.0/commons-lang3-3.14.0.jar
#14 457.5 [INFO] Downloaded from central: https://repo.maven.apache.org/maven2/commons-io/commons-io/2.15.1/commons-io-2.15.1.jar (501 kB at 38 kB/s)
#14 457.5 [INFO] Downloading from central: https://repo.maven.apache.org/maven2/commons-codec/commons-codec/1.16.1/commons-codec-1.16.1.jar
#14 458.6 [INFO] Downloaded from central: https://repo.maven.apache.org/maven2/org/apache/commons/commons-lang3/3.14.0/commons-lang3-3.14.0.jar (658 kB at 46 kB/s)
#14 458.6 [INFO] Downloading from central: https://repo.maven.apache.org/maven2/org/xerial/snappy/snappy-java/1.1.10.5/snappy-java-1.1.10.5.jar
#14 459.1 [INFO] Downloaded from central: https://repo.maven.apache.org/maven2/org/apache/commons/commons-compress/1.26.0/commons-compress-1.26.0.jar (1.1 MB at 72 kB/s)
#14 459.2 [INFO] Downloaded from central: https://repo.maven.apache.org/maven2/commons-codec/commons-codec/1.16.1/commons-codec-1.16.1.jar (365 kB at 24 kB/s)
#14 460.1 [INFO] Downloaded from central: https://repo.maven.apache.org/maven2/com/fasterxml/jackson/core/jackson-databind/2.16.1/jackson-databind-2.16.1.jar (1.6 MB at 103 kB/s)
#14 464.1 [INFO] Downloaded from central: https://repo.maven.apache.org/maven2/org/xerial/snappy/snappy-java/1.1.10.5/snappy-java-1.1.10.5.jar (2.3 MB at 116 kB/s)
#14 482.2 [INFO] Downloaded from central: https://repo.maven.apache.org/maven2/org/bouncycastle/bcprov-jdk18on/1.77/bcprov-jdk18on-1.77.jar (8.4 MB at 220 kB/s)
#14 482.2 [INFO] Downloading from central: https://repo.maven.apache.org/maven2/com/itextpdf/itext7-core/8.0.2/itext7-core-8.0.2.pom
#14 482.3 [INFO] Downloaded from central: https://repo.maven.apache.org/maven2/com/itextpdf/itext7-core/8.0.2/itext7-core-8.0.2.pom (2.1 kB at 24 kB/s)
#14 482.3 [INFO] Downloading from central: https://repo.maven.apache.org/maven2/com/itextpdf/itext-core/8.0.2/itext-core-8.0.2.pom
#14 482.4 [INFO] Downloaded from central: https://repo.maven.apache.org/maven2/com/itextpdf/itext-core/8.0.2/itext-core-8.0.2.pom (4.5 kB at 58 kB/s)
#14 482.4 [INFO] Downloading from central: https://repo.maven.apache.org/maven2/com/itextpdf/barcodes/8.0.2/barcodes-8.0.2.pom
#14 482.5 [INFO] Downloaded from central: https://repo.maven.apache.org/maven2/com/itextpdf/barcodes/8.0.2/barcodes-8.0.2.pom (893 B at 13 kB/s)
#14 482.5 [INFO] Downloading from central: https://repo.maven.apache.org/maven2/com/itextpdf/root/8.0.2/root-8.0.2.pom
#14 482.5 [INFO] Downloaded from central: https://repo.maven.apache.org/maven2/com/itextpdf/root/8.0.2/root-8.0.2.pom (29 kB at 318 kB/s)
#14 482.6 [INFO] Downloading from central: https://repo.maven.apache.org/maven2/com/itextpdf/kernel/8.0.2/kernel-8.0.2.pom
#14 482.6 [INFO] Downloaded from central: https://repo.maven.apache.org/maven2/com/itextpdf/kernel/8.0.2/kernel-8.0.2.pom (2.1 kB at 27 kB/s)
#14 482.6 [INFO] Downloading from central: https://repo.maven.apache.org/maven2/com/itextpdf/bouncy-castle-connector/8.0.2/bouncy-castle-connector-8.0.2.pom
#14 482.7 [INFO] Downloaded from central: https://repo.maven.apache.org/maven2/com/itextpdf/bouncy-castle-connector/8.0.2/bouncy-castle-connector-8.0.2.pom (2.4 kB at 28 kB/s)
#14 482.7 [INFO] Downloading from central: https://repo.maven.apache.org/maven2/com/itextpdf/io/8.0.2/io-8.0.2.pom
#14 482.8 [INFO] Downloaded from central: https://repo.maven.apache.org/maven2/com/itextpdf/io/8.0.2/io-8.0.2.pom (1.7 kB at 21 kB/s)
#14 482.8 [INFO] Downloading from central: https://repo.maven.apache.org/maven2/com/itextpdf/commons/8.0.2/commons-8.0.2.pom
#14 482.9 [INFO] Downloaded from central: https://repo.maven.apache.org/maven2/com/itextpdf/commons/8.0.2/commons-8.0.2.pom (1.0 kB at 12 kB/s)
#14 482.9 [INFO] Downloading from central: https://repo.maven.apache.org/maven2/com/itextpdf/font-asian/8.0.2/font-asian-8.0.2.pom
#14 483.0 [INFO] Downloaded from central: https://repo.maven.apache.org/maven2/com/itextpdf/font-asian/8.0.2/font-asian-8.0.2.pom (1.5 kB at 21 kB/s)
#14 483.0 [INFO] Downloading from central: https://repo.maven.apache.org/maven2/com/itextpdf/forms/8.0.2/forms-8.0.2.pom
#14 483.1 [INFO] Downloaded from central: https://repo.maven.apache.org/maven2/com/itextpdf/forms/8.0.2/forms-8.0.2.pom (2.0 kB at 27 kB/s)
#14 483.1 [INFO] Downloading from central: https://repo.maven.apache.org/maven2/com/itextpdf/layout/8.0.2/layout-8.0.2.pom
#14 483.2 [INFO] Downloaded from central: https://repo.maven.apache.org/maven2/com/itextpdf/layout/8.0.2/layout-8.0.2.pom (1.3 kB at 11 kB/s)
#14 483.2 [INFO] Downloading from central: https://repo.maven.apache.org/maven2/com/itextpdf/hyph/8.0.2/hyph-8.0.2.pom
#14 483.3 [INFO] Downloaded from central: https://repo.maven.apache.org/maven2/com/itextpdf/hyph/8.0.2/hyph-8.0.2.pom (1.5 kB at 14 kB/s)
#14 483.3 [INFO] Downloading from central: https://repo.maven.apache.org/maven2/com/itextpdf/pdfa/8.0.2/pdfa-8.0.2.pom
#14 483.5 [INFO] Downloaded from central: https://repo.maven.apache.org/maven2/com/itextpdf/pdfa/8.0.2/pdfa-8.0.2.pom (1.4 kB at 8.1 kB/s)
#14 483.5 [INFO] Downloading from central: https://repo.maven.apache.org/maven2/com/itextpdf/sign/8.0.2/sign-8.0.2.pom
#14 483.6 [INFO] Downloaded from central: https://repo.maven.apache.org/maven2/com/itextpdf/sign/8.0.2/sign-8.0.2.pom (2.3 kB at 22 kB/s)
#14 483.6 [INFO] Downloading from central: https://repo.maven.apache.org/maven2/com/itextpdf/styled-xml-parser/8.0.2/styled-xml-parser-8.0.2.pom
#14 483.6 [INFO] Downloaded from central: https://repo.maven.apache.org/maven2/com/itextpdf/styled-xml-parser/8.0.2/styled-xml-parser-8.0.2.pom (1.3 kB at 18 kB/s)
#14 483.6 [INFO] Downloading from central: https://repo.maven.apache.org/maven2/com/itextpdf/svg/8.0.2/svg-8.0.2.pom
#14 483.7 [INFO] Downloaded from central: https://repo.maven.apache.org/maven2/com/itextpdf/svg/8.0.2/svg-8.0.2.pom (1.4 kB at 20 kB/s)
#14 483.7 [INFO] Downloading from central: https://repo.maven.apache.org/maven2/com/itextpdf/barcodes/8.0.2/barcodes-8.0.2.jar
#14 484.2 [INFO] Downloaded from central: https://repo.maven.apache.org/maven2/com/itextpdf/barcodes/8.0.2/barcodes-8.0.2.jar (151 kB at 321 kB/s)
#14 484.2 [INFO] Downloading from central: https://repo.maven.apache.org/maven2/com/itextpdf/font-asian/8.0.2/font-asian-8.0.2.jar
#14 484.2 [INFO] Downloading from central: https://repo.maven.apache.org/maven2/com/itextpdf/forms/8.0.2/forms-8.0.2.jar
#14 484.2 [INFO] Downloading from central: https://repo.maven.apache.org/maven2/com/itextpdf/hyph/8.0.2/hyph-8.0.2.jar
#14 484.2 [INFO] Downloading from central: https://repo.maven.apache.org/maven2/com/itextpdf/io/8.0.2/io-8.0.2.jar
#14 484.2 [INFO] Downloading from central: https://repo.maven.apache.org/maven2/com/itextpdf/commons/8.0.2/commons-8.0.2.jar
#14 485.1 [INFO] Downloaded from central: https://repo.maven.apache.org/maven2/com/itextpdf/forms/8.0.2/forms-8.0.2.jar (272 kB at 285 kB/s)
#14 485.1 [INFO] Downloading from central: https://repo.maven.apache.org/maven2/com/itextpdf/kernel/8.0.2/kernel-8.0.2.jar
#14 485.5 [INFO] Downloaded from central: https://repo.maven.apache.org/maven2/com/itextpdf/commons/8.0.2/commons-8.0.2.jar (175 kB at 135 kB/s)
#14 485.5 [INFO] Downloading from central: https://repo.maven.apache.org/maven2/com/itextpdf/layout/8.0.2/layout-8.0.2.jar
#14 487.6 [INFO] Downloaded from central: https://repo.maven.apache.org/maven2/com/itextpdf/io/8.0.2/io-8.0.2.jar (813 kB at 238 kB/s)
#14 487.6 [INFO] Downloading from central: https://repo.maven.apache.org/maven2/com/itextpdf/pdfa/8.0.2/pdfa-8.0.2.jar
#14 488.2 [INFO] Downloaded from central: https://repo.maven.apache.org/maven2/com/itextpdf/pdfa/8.0.2/pdfa-8.0.2.jar (79 kB at 19 kB/s)
#14 488.2 [INFO] Downloading from central: https://repo.maven.apache.org/maven2/com/itextpdf/sign/8.0.2/sign-8.0.2.jar
#14 488.2 [INFO] Downloaded from central: https://repo.maven.apache.org/maven2/com/itextpdf/kernel/8.0.2/kernel-8.0.2.jar (1.3 MB at 314 kB/s)
#14 488.2 [INFO] Downloading from central: https://repo.maven.apache.org/maven2/com/itextpdf/styled-xml-parser/8.0.2/styled-xml-parser-8.0.2.jar
#14 489.5 [INFO] Downloaded from central: https://repo.maven.apache.org/maven2/com/itextpdf/sign/8.0.2/sign-8.0.2.jar (155 kB at 29 kB/s)
#14 489.5 [INFO] Downloading from central: https://repo.maven.apache.org/maven2/com/itextpdf/svg/8.0.2/svg-8.0.2.jar
#14 489.6 [INFO] Downloaded from central: https://repo.maven.apache.org/maven2/com/itextpdf/layout/8.0.2/layout-8.0.2.jar (581 kB at 108 kB/s)
#14 489.6 [INFO] Downloading from central: https://repo.maven.apache.org/maven2/com/itextpdf/bouncy-castle-connector/8.0.2/bouncy-castle-connector-8.0.2.jar
#14 490.0 [INFO] Downloaded from central: https://repo.maven.apache.org/maven2/com/itextpdf/hyph/8.0.2/hyph-8.0.2.jar (984 kB at 170 kB/s)
#14 490.0 [INFO] Downloaded from central: https://repo.maven.apache.org/maven2/com/itextpdf/styled-xml-parser/8.0.2/styled-xml-parser-8.0.2.jar (619 kB at 107 kB/s)
#14 490.0 [INFO] Downloaded from central: https://repo.maven.apache.org/maven2/com/itextpdf/bouncy-castle-connector/8.0.2/bouncy-castle-connector-8.0.2.jar (11 kB at 1.9 kB/s)
#14 490.4 [INFO] Downloaded from central: https://repo.maven.apache.org/maven2/com/itextpdf/svg/8.0.2/svg-8.0.2.jar (169 kB at 27 kB/s)
#14 496.4 [INFO] Downloaded from central: https://repo.maven.apache.org/maven2/com/itextpdf/font-asian/8.0.2/font-asian-8.0.2.jar (2.8 MB at 231 kB/s)
#14 496.4 [INFO] Downloading from central: https://repo.maven.apache.org/maven2/org/springframework/boot/spring-boot-starter-websocket/3.2.5/spring-boot-starter-websocket-3.2.5.pom
#14 496.9 [INFO] Downloaded from central: https://repo.maven.apache.org/maven2/org/springframework/boot/spring-boot-starter-websocket/3.2.5/spring-boot-starter-websocket-3.2.5.pom (2.5 kB at 4.8 kB/s)
#14 496.9 [INFO] Downloading from central: https://repo.maven.apache.org/maven2/org/springframework/spring-messaging/6.1.6/spring-messaging-6.1.6.pom
#14 497.0 [INFO] Downloaded from central: https://repo.maven.apache.org/maven2/org/springframework/spring-messaging/6.1.6/spring-messaging-6.1.6.pom (2.2 kB at 33 kB/s)
#14 497.0 [INFO] Downloading from central: https://repo.maven.apache.org/maven2/org/springframework/spring-websocket/6.1.6/spring-websocket-6.1.6.pom
#14 497.1 [INFO] Downloaded from central: https://repo.maven.apache.org/maven2/org/springframework/spring-websocket/6.1.6/spring-websocket-6.1.6.pom (2.4 kB at 22 kB/s)
#14 497.1 [INFO] Downloading from central: https://repo.maven.apache.org/maven2/org/springframework/boot/spring-boot-starter-websocket/3.2.5/spring-boot-starter-websocket-3.2.5.jar
#14 497.2 [INFO] Downloaded from central: https://repo.maven.apache.org/maven2/org/springframework/boot/spring-boot-starter-websocket/3.2.5/spring-boot-starter-websocket-3.2.5.jar (4.8 kB at 58 kB/s)
#14 497.2 [INFO] Downloading from central: https://repo.maven.apache.org/maven2/org/springframework/spring-messaging/6.1.6/spring-messaging-6.1.6.jar
#14 497.2 [INFO] Downloading from central: https://repo.maven.apache.org/maven2/org/springframework/spring-websocket/6.1.6/spring-websocket-6.1.6.jar
#14 498.3 [INFO] Downloaded from central: https://repo.maven.apache.org/maven2/org/springframework/spring-websocket/6.1.6/spring-websocket-6.1.6.jar (444 kB at 393 kB/s)
#14 498.5 [INFO] Downloaded from central: https://repo.maven.apache.org/maven2/org/springframework/spring-messaging/6.1.6/spring-messaging-6.1.6.jar (615 kB at 456 kB/s)
#14 498.5 [INFO] Downloading from central: https://repo.maven.apache.org/maven2/org/projectlombok/lombok-mapstruct-binding/0.2.0/lombok-mapstruct-binding-0.2.0.pom
#14 498.6 [INFO] Downloaded from central: https://repo.maven.apache.org/maven2/org/projectlombok/lombok-mapstruct-binding/0.2.0/lombok-mapstruct-binding-0.2.0.pom (1.4 kB at 17 kB/s)
#14 498.6 [INFO] Downloading from central: https://repo.maven.apache.org/maven2/org/projectlombok/lombok-mapstruct-binding/0.2.0/lombok-mapstruct-binding-0.2.0.jar
#14 498.7 [INFO] Downloaded from central: https://repo.maven.apache.org/maven2/org/projectlombok/lombok-mapstruct-binding/0.2.0/lombok-mapstruct-binding-0.2.0.jar (2.4 kB at 36 kB/s)
#14 498.7 [INFO] Downloading from central: https://repo.maven.apache.org/maven2/com/google/firebase/firebase-admin/9.2.0/firebase-admin-9.2.0.pom
#14 498.8 [INFO] Downloaded from central: https://repo.maven.apache.org/maven2/com/google/firebase/firebase-admin/9.2.0/firebase-admin-9.2.0.pom (20 kB at 270 kB/s)
#14 498.8 [INFO] Downloading from central: https://repo.maven.apache.org/maven2/com/google/cloud/libraries-bom/26.17.0/libraries-bom-26.17.0.pom
#14 498.8 [INFO] Downloaded from central: https://repo.maven.apache.org/maven2/com/google/cloud/libraries-bom/26.17.0/libraries-bom-26.17.0.pom (4.9 kB at 70 kB/s)
#14 498.8 [INFO] Downloading from central: https://repo.maven.apache.org/maven2/com/google/cloud/first-party-dependencies/3.11.0/first-party-dependencies-3.11.0.pom
#14 498.9 [INFO] Downloaded from central: https://repo.maven.apache.org/maven2/com/google/cloud/first-party-dependencies/3.11.0/first-party-dependencies-3.11.0.pom (3.8 kB at 53 kB/s)
#14 498.9 [INFO] Downloading from central: https://repo.maven.apache.org/maven2/com/google/cloud/google-cloud-shared-config/1.5.5/google-cloud-shared-config-1.5.5.pom
#14 499.0 [INFO] Downloaded from central: https://repo.maven.apache.org/maven2/com/google/cloud/google-cloud-shared-config/1.5.5/google-cloud-shared-config-1.5.5.pom (30 kB at 419 kB/s)
#14 499.0 [INFO] Downloading from central: https://repo.maven.apache.org/maven2/com/google/api/gapic-generator-java-bom/2.21.0/gapic-generator-java-bom-2.21.0.pom
#14 499.1 [INFO] Downloaded from central: https://repo.maven.apache.org/maven2/com/google/api/gapic-generator-java-bom/2.21.0/gapic-generator-java-bom-2.21.0.pom (4.9 kB at 69 kB/s)
#14 499.1 [INFO] Downloading from central: https://repo.maven.apache.org/maven2/com/google/api/gapic-generator-java-pom-parent/2.21.0/gapic-generator-java-pom-parent-2.21.0.pom
#14 499.1 [INFO] Downloaded from central: https://repo.maven.apache.org/maven2/com/google/api/gapic-generator-java-pom-parent/2.21.0/gapic-generator-java-pom-parent-2.21.0.pom (6.7 kB at 98 kB/s)
#14 499.1 [INFO] Downloading from google-maven-central-copy: https://maven-central.storage-download.googleapis.com/maven2/com/google/auth/google-auth-library-bom/1.17.0/google-auth-library-bom-1.17.0.pom
#14 499.5 [INFO] Downloaded from google-maven-central-copy: https://maven-central.storage-download.googleapis.com/maven2/com/google/auth/google-auth-library-bom/1.17.0/google-auth-library-bom-1.17.0.pom (4.5 kB at 12 kB/s)
#14 499.5 [INFO] Downloading from google-maven-central-copy: https://maven-central.storage-download.googleapis.com/maven2/com/google/guava/guava-bom/31.1-jre/guava-bom-31.1-jre.pom
#14 499.7 [INFO] Downloaded from google-maven-central-copy: https://maven-central.storage-download.googleapis.com/maven2/com/google/guava/guava-bom/31.1-jre/guava-bom-31.1-jre.pom (1.7 kB at 10 kB/s)
#14 499.7 [INFO] Downloading from google-maven-central-copy: https://maven-central.storage-download.googleapis.com/maven2/com/google/protobuf/protobuf-bom/3.23.2/protobuf-bom-3.23.2.pom
#14 500.0 [INFO] Downloaded from google-maven-central-copy: https://maven-central.storage-download.googleapis.com/maven2/com/google/protobuf/protobuf-bom/3.23.2/protobuf-bom-3.23.2.pom (3.5 kB at 13 kB/s)
#14 500.0 [INFO] Downloading from google-maven-central-copy: https://maven-central.storage-download.googleapis.com/maven2/io/grpc/grpc-bom/1.55.1/grpc-bom-1.55.1.pom
#14 500.2 [INFO] Downloaded from google-maven-central-copy: https://maven-central.storage-download.googleapis.com/maven2/io/grpc/grpc-bom/1.55.1/grpc-bom-1.55.1.pom (5.4 kB at 21 kB/s)
#14 500.2 [INFO] Downloading from google-maven-central-copy: https://maven-central.storage-download.googleapis.com/maven2/com/google/api/gax-bom/2.29.0/gax-bom-2.29.0.pom
#14 500.4 [INFO] Downloaded from google-maven-central-copy: https://maven-central.storage-download.googleapis.com/maven2/com/google/api/gax-bom/2.29.0/gax-bom-2.29.0.pom (4.3 kB at 25 kB/s)
#14 500.4 [INFO] Downloading from central: https://repo.maven.apache.org/maven2/com/google/cloud/google-cloud-core-bom/2.19.0/google-cloud-core-bom-2.19.0.pom
#14 500.5 [INFO] Downloaded from central: https://repo.maven.apache.org/maven2/com/google/cloud/google-cloud-core-bom/2.19.0/google-cloud-core-bom-2.19.0.pom (1.6 kB at 21 kB/s)
#14 500.5 [INFO] Downloading from central: https://repo.maven.apache.org/maven2/com/google/http-client/google-http-client-bom/1.43.1/google-http-client-bom-1.43.1.pom
#14 500.5 [INFO] Downloaded from central: https://repo.maven.apache.org/maven2/com/google/http-client/google-http-client-bom/1.43.1/google-http-client-bom-1.43.1.pom (6.8 kB at 90 kB/s)
#14 500.6 [INFO] Downloading from central: https://repo.maven.apache.org/maven2/com/google/oauth-client/google-oauth-client-bom/1.34.1/google-oauth-client-bom-1.34.1.pom
#14 500.6 [INFO] Downloaded from central: https://repo.maven.apache.org/maven2/com/google/oauth-client/google-oauth-client-bom/1.34.1/google-oauth-client-bom-1.34.1.pom (5.8 kB at 65 kB/s)
#14 500.6 [INFO] Downloading from central: https://repo.maven.apache.org/maven2/com/google/api-client/google-api-client-bom/2.2.0/google-api-client-bom-2.2.0.pom
#14 500.7 [INFO] Downloaded from central: https://repo.maven.apache.org/maven2/com/google/api-client/google-api-client-bom/2.2.0/google-api-client-bom-2.2.0.pom (6.8 kB at 87 kB/s)
#14 500.7 [INFO] Downloading from central: https://repo.maven.apache.org/maven2/com/google/cloud/google-cloud-bom/0.198.0/google-cloud-bom-0.198.0.pom
#14 500.8 [INFO] Downloaded from central: https://repo.maven.apache.org/maven2/com/google/cloud/google-cloud-bom/0.198.0/google-cloud-bom-0.198.0.pom (12 kB at 153 kB/s)
#14 500.8 [INFO] Downloading from central: https://repo.maven.apache.org/maven2/com/google/cloud/gapic-libraries-bom/1.13.0/gapic-libraries-bom-1.13.0.pom
#14 500.9 [INFO] Downloaded from central: https://repo.maven.apache.org/maven2/com/google/cloud/gapic-libraries-bom/1.13.0/gapic-libraries-bom-1.13.0.pom (46 kB at 612 kB/s)
#14 500.9 [INFO] Downloading from central: https://repo.maven.apache.org/maven2/com/google/cloud/google-cloud-pom-parent/1.13.0/google-cloud-pom-parent-1.13.0.pom
#14 501.0 [INFO] Downloaded from central: https://repo.maven.apache.org/maven2/com/google/cloud/google-cloud-pom-parent/1.13.0/google-cloud-pom-parent-1.13.0.pom (3.8 kB at 54 kB/s)
#14 501.0 [INFO] Downloading from central: https://repo.maven.apache.org/maven2/com/google/cloud/google-cloud-shared-config/1.5.6/google-cloud-shared-config-1.5.6.pom
#14 501.0 [INFO] Downloaded from central: https://repo.maven.apache.org/maven2/com/google/cloud/google-cloud-shared-config/1.5.6/google-cloud-shared-config-1.5.6.pom (30 kB at 371 kB/s)
#14 501.0 [INFO] Downloading from google-maven-central-copy: https://maven-central.storage-download.googleapis.com/maven2/com/google/cloud/google-cloud-accessapproval-bom/2.20.0/google-cloud-accessapproval-bom-2.20.0.pom
#14 501.2 [INFO] Downloaded from google-maven-central-copy: https://maven-central.storage-download.googleapis.com/maven2/com/google/cloud/google-cloud-accessapproval-bom/2.20.0/google-cloud-accessapproval-bom-2.20.0.pom (1.8 kB at 10 kB/s)
#14 501.2 [INFO] Downloading from google-maven-central-copy: https://maven-central.storage-download.googleapis.com/maven2/com/google/cloud/google-identity-accesscontextmanager-bom/1.20.0/google-identity-accesscontextmanager-bom-1.20.0.pom
#14 501.4 [INFO] Downloaded from google-maven-central-copy: https://maven-central.storage-download.googleapis.com/maven2/com/google/cloud/google-identity-accesscontextmanager-bom/1.20.0/google-identity-accesscontextmanager-bom-1.20.0.pom (2.2 kB at 13 kB/s)
#14 501.4 [INFO] Downloading from google-maven-central-copy: https://maven-central.storage-download.googleapis.com/maven2/com/google/cloud/google-cloud-advisorynotifications-bom/0.8.0/google-cloud-advisorynotifications-bom-0.8.0.pom
#14 501.6 [INFO] Downloaded from google-maven-central-copy: https://maven-central.storage-download.googleapis.com/maven2/com/google/cloud/google-cloud-advisorynotifications-bom/0.8.0/google-cloud-advisorynotifications-bom-0.8.0.pom (1.9 kB at 11 kB/s)
#14 501.6 [INFO] Downloading from google-maven-central-copy: https://maven-central.storage-download.googleapis.com/maven2/com/google/cloud/google-cloud-aiplatform-bom/3.20.0/google-cloud-aiplatform-bom-3.20.0.pom
#14 501.7 [INFO] Downloaded from google-maven-central-copy: https://maven-central.storage-download.googleapis.com/maven2/com/google/cloud/google-cloud-aiplatform-bom/3.20.0/google-cloud-aiplatform-bom-3.20.0.pom (2.3 kB at 13 kB/s)
#14 501.7 [INFO] Downloading from google-maven-central-copy: https://maven-central.storage-download.googleapis.com/maven2/com/google/cloud/google-cloud-alloydb-bom/0.8.0/google-cloud-alloydb-bom-0.8.0.pom
#14 501.9 [INFO] Downloaded from google-maven-central-copy: https://maven-central.storage-download.googleapis.com/maven2/com/google/cloud/google-cloud-alloydb-bom/0.8.0/google-cloud-alloydb-bom-0.8.0.pom (2.8 kB at 17 kB/s)
#14 501.9 [INFO] Downloading from google-maven-central-copy: https://maven-central.storage-download.googleapis.com/maven2/com/google/analytics/google-analytics-admin-bom/0.29.0/google-analytics-admin-bom-0.29.0.pom
#14 502.1 [INFO] Downloaded from google-maven-central-copy: https://maven-central.storage-download.googleapis.com/maven2/com/google/analytics/google-analytics-admin-bom/0.29.0/google-analytics-admin-bom-0.29.0.pom (2.3 kB at 14 kB/s)
#14 502.1 [INFO] Downloading from google-maven-central-copy: https://maven-central.storage-download.googleapis.com/maven2/com/google/analytics/google-analytics-data-bom/0.30.0/google-analytics-data-bom-0.30.0.pom
#14 502.6 [INFO] Downloaded from google-maven-central-copy: https://maven-central.storage-download.googleapis.com/maven2/com/google/analytics/google-analytics-data-bom/0.30.0/google-analytics-data-bom-0.30.0.pom (2.3 kB at 4.8 kB/s)
#14 502.6 [INFO] Downloading from google-maven-central-copy: https://maven-central.storage-download.googleapis.com/maven2/com/google/cloud/google-cloud-analyticshub-bom/0.16.0/google-cloud-analyticshub-bom-0.16.0.pom
#14 502.7 [INFO] Downloaded from google-maven-central-copy: https://maven-central.storage-download.googleapis.com/maven2/com/google/cloud/google-cloud-analyticshub-bom/0.16.0/google-cloud-analyticshub-bom-0.16.0.pom (1.8 kB at 11 kB/s)
#14 502.7 [INFO] Downloading from google-maven-central-copy: https://maven-central.storage-download.googleapis.com/maven2/com/google/cloud/google-cloud-api-gateway-bom/2.19.0/google-cloud-api-gateway-bom-2.19.0.pom
#14 502.9 [INFO] Downloaded from google-maven-central-copy: https://maven-central.storage-download.googleapis.com/maven2/com/google/cloud/google-cloud-api-gateway-bom/2.19.0/google-cloud-api-gateway-bom-2.19.0.pom (1.8 kB at 11 kB/s)
#14 502.9 [INFO] Downloading from google-maven-central-copy: https://maven-central.storage-download.googleapis.com/maven2/com/google/cloud/google-cloud-apigee-connect-bom/2.19.0/google-cloud-apigee-connect-bom-2.19.0.pom
#14 503.1 [INFO] Downloaded from google-maven-central-copy: https://maven-central.storage-download.googleapis.com/maven2/com/google/cloud/google-cloud-apigee-connect-bom/2.19.0/google-cloud-apigee-connect-bom-2.19.0.pom (1.8 kB at 8.9 kB/s)
#14 503.1 [INFO] Downloading from google-maven-central-copy: https://maven-central.storage-download.googleapis.com/maven2/com/google/cloud/google-cloud-apigee-registry-bom/0.19.0/google-cloud-apigee-registry-bom-0.19.0.pom
#14 503.3 [INFO] Downloaded from google-maven-central-copy: https://maven-central.storage-download.googleapis.com/maven2/com/google/cloud/google-cloud-apigee-registry-bom/0.19.0/google-cloud-apigee-registry-bom-0.19.0.pom (1.8 kB at 11 kB/s)
#14 503.3 [INFO] Downloading from google-maven-central-copy: https://maven-central.storage-download.googleapis.com/maven2/com/google/cloud/google-cloud-apikeys-bom/0.17.0/google-cloud-apikeys-bom-0.17.0.pom
#14 -617.746 [INFO] Downloaded from google-maven-central-copy: https://maven-central.storage-download.googleapis.com/maven2/com/google/cloud/google-cloud-apikeys-bom/0.17.0/google-cloud-apikeys-bom-0.17.0.pom (1.8 kB)
#14 -617.744 [INFO] Downloading from google-maven-central-copy: https://maven-central.storage-download.googleapis.com/maven2/com/google/cloud/google-cloud-appengine-admin-bom/2.19.0/google-cloud-appengine-admin-bom-2.19.0.pom
#14 504.6 [INFO] Downloaded from google-maven-central-copy: https://maven-central.storage-download.googleapis.com/maven2/com/google/cloud/google-cloud-appengine-admin-bom/2.19.0/google-cloud-appengine-admin-bom-2.19.0.pom (1.8 kB at 1 B/s)
#14 504.6 [INFO] Downloading from google-maven-central-copy: https://maven-central.storage-download.googleapis.com/maven2/com/google/area120/google-area120-tables-bom/0.23.0/google-area120-tables-bom-0.23.0.pom
#14 504.8 [INFO] Downloaded from google-maven-central-copy: https://maven-central.storage-download.googleapis.com/maven2/com/google/area120/google-area120-tables-bom/0.23.0/google-area120-tables-bom-0.23.0.pom (1.8 kB at 10 kB/s)
#14 504.8 [INFO] Downloading from google-maven-central-copy: https://maven-central.storage-download.googleapis.com/maven2/com/google/cloud/google-cloud-artifact-registry-bom/1.18.0/google-cloud-artifact-registry-bom-1.18.0.pom
#14 505.0 [INFO] Downloaded from google-maven-central-copy: https://maven-central.storage-download.googleapis.com/maven2/com/google/cloud/google-cloud-artifact-registry-bom/1.18.0/google-cloud-artifact-registry-bom-1.18.0.pom (2.4 kB at 13 kB/s)
#14 505.0 [INFO] Downloading from google-maven-central-copy: https://maven-central.storage-download.googleapis.com/maven2/com/google/cloud/google-cloud-asset-bom/3.23.0/google-cloud-asset-bom-3.23.0.pom
#14 505.2 [INFO] Downloaded from google-maven-central-copy: https://maven-central.storage-download.googleapis.com/maven2/com/google/cloud/google-cloud-asset-bom/3.23.0/google-cloud-asset-bom-3.23.0.pom (3.7 kB at 20 kB/s)
#14 505.2 [INFO] Downloading from google-maven-central-copy: https://maven-central.storage-download.googleapis.com/maven2/com/google/cloud/google-cloud-assured-workloads-bom/2.19.0/google-cloud-assured-workloads-bom-2.19.0.pom
#14 505.3 [INFO] Downloaded from google-maven-central-copy: https://maven-central.storage-download.googleapis.com/maven2/com/google/cloud/google-cloud-assured-workloads-bom/2.19.0/google-cloud-assured-workloads-bom-2.19.0.pom (2.4 kB at 14 kB/s)
#14 505.3 [INFO] Downloading from google-maven-central-copy: https://maven-central.storage-download.googleapis.com/maven2/com/google/cloud/google-cloud-automl-bom/2.19.0/google-cloud-automl-bom-2.19.0.pom
#14 505.5 [INFO] Downloaded from google-maven-central-copy: https://maven-central.storage-download.googleapis.com/maven2/com/google/cloud/google-cloud-automl-bom/2.19.0/google-cloud-automl-bom-2.19.0.pom (2.2 kB at 12 kB/s)
#14 505.5 [INFO] Downloading from google-maven-central-copy: https://maven-central.storage-download.googleapis.com/maven2/com/google/cloud/google-cloud-bare-metal-solution-bom/0.19.0/google-cloud-bare-metal-solution-bom-0.19.0.pom
#14 505.7 [INFO] Downloaded from google-maven-central-copy: https://maven-central.storage-download.googleapis.com/maven2/com/google/cloud/google-cloud-bare-metal-solution-bom/0.19.0/google-cloud-bare-metal-solution-bom-0.19.0.pom (1.9 kB at 10 kB/s)
#14 505.7 [INFO] Downloading from google-maven-central-copy: https://maven-central.storage-download.googleapis.com/maven2/com/google/cloud/google-cloud-batch-bom/0.19.0/google-cloud-batch-bom-0.19.0.pom
#14 505.9 [INFO] Downloaded from google-maven-central-copy: https://maven-central.storage-download.googleapis.com/maven2/com/google/cloud/google-cloud-batch-bom/0.19.0/google-cloud-batch-bom-0.19.0.pom (2.3 kB at 13 kB/s)
#14 505.9 [INFO] Downloading from google-maven-central-copy: https://maven-central.storage-download.googleapis.com/maven2/com/google/cloud/google-cloud-beyondcorp-appconnections-bom/0.17.0/google-cloud-beyondcorp-appconnections-bom-0.17.0.pom
#14 506.1 [INFO] Downloaded from google-maven-central-copy: https://maven-central.storage-download.googleapis.com/maven2/com/google/cloud/google-cloud-beyondcorp-appconnections-bom/0.17.0/google-cloud-beyondcorp-appconnections-bom-0.17.0.pom (1.9 kB at 11 kB/s)
#14 506.1 [INFO] Downloading from google-maven-central-copy: https://maven-central.storage-download.googleapis.com/maven2/com/google/cloud/google-cloud-beyondcorp-appconnectors-bom/0.17.0/google-cloud-beyondcorp-appconnectors-bom-0.17.0.pom
#14 506.2 [INFO] Downloaded from google-maven-central-copy: https://maven-central.storage-download.googleapis.com/maven2/com/google/cloud/google-cloud-beyondcorp-appconnectors-bom/0.17.0/google-cloud-beyondcorp-appconnectors-bom-0.17.0.pom (1.9 kB at 11 kB/s)
#14 506.2 [INFO] Downloading from google-maven-central-copy: https://maven-central.storage-download.googleapis.com/maven2/com/google/cloud/google-cloud-beyondcorp-appgateways-bom/0.17.0/google-cloud-beyondcorp-appgateways-bom-0.17.0.pom
#14 506.4 [INFO] Downloaded from google-maven-central-copy: https://maven-central.storage-download.googleapis.com/maven2/com/google/cloud/google-cloud-beyondcorp-appgateways-bom/0.17.0/google-cloud-beyondcorp-appgateways-bom-0.17.0.pom (1.9 kB at 9.5 kB/s)
#14 506.5 [INFO] Downloading from google-maven-central-copy: https://maven-central.storage-download.googleapis.com/maven2/com/google/cloud/google-cloud-beyondcorp-clientconnectorservices-bom/0.17.0/google-cloud-beyondcorp-clientconnectorservices-bom-0.17.0.pom
#14 506.6 [INFO] Downloaded from google-maven-central-copy: https://maven-central.storage-download.googleapis.com/maven2/com/google/cloud/google-cloud-beyondcorp-clientconnectorservices-bom/0.17.0/google-cloud-beyondcorp-clientconnectorservices-bom-0.17.0.pom (2.0 kB at 11 kB/s)
#14 506.6 [INFO] Downloading from google-maven-central-copy: https://maven-central.storage-download.googleapis.com/maven2/com/google/cloud/google-cloud-beyondcorp-clientgateways-bom/0.17.0/google-cloud-beyondcorp-clientgateways-bom-0.17.0.pom
#14 506.8 [INFO] Downloaded from google-maven-central-copy: https://maven-central.storage-download.googleapis.com/maven2/com/google/cloud/google-cloud-beyondcorp-clientgateways-bom/0.17.0/google-cloud-beyondcorp-clientgateways-bom-0.17.0.pom (1.9 kB at 10 kB/s)
#14 506.8 [INFO] Downloading from google-maven-central-copy: https://maven-central.storage-download.googleapis.com/maven2/com/google/cloud/google-cloud-biglake-bom/0.7.0/google-cloud-biglake-bom-0.7.0.pom
#14 507.0 [INFO] Downloaded from google-maven-central-copy: https://maven-central.storage-download.googleapis.com/maven2/com/google/cloud/google-cloud-biglake-bom/0.7.0/google-cloud-biglake-bom-0.7.0.pom (2.3 kB at 12 kB/s)
#14 507.0 [INFO] Downloading from google-maven-central-copy: https://maven-central.storage-download.googleapis.com/maven2/com/google/cloud/google-cloud-bigqueryconnection-bom/2.21.0/google-cloud-bigqueryconnection-bom-2.21.0.pom
#14 507.2 [INFO] Downloaded from google-maven-central-copy: https://maven-central.storage-download.googleapis.com/maven2/com/google/cloud/google-cloud-bigqueryconnection-bom/2.21.0/google-cloud-bigqueryconnection-bom-2.21.0.pom (2.4 kB at 13 kB/s)
#14 507.2 [INFO] Downloading from google-maven-central-copy: https://maven-central.storage-download.googleapis.com/maven2/com/google/cloud/google-cloud-bigquery-data-exchange-bom/2.14.0/google-cloud-bigquery-data-exchange-bom-2.14.0.pom
#14 507.4 [INFO] Downloaded from google-maven-central-copy: https://maven-central.storage-download.googleapis.com/maven2/com/google/cloud/google-cloud-bigquery-data-exchange-bom/2.14.0/google-cloud-bigquery-data-exchange-bom-2.14.0.pom (1.9 kB at 9.0 kB/s)
#14 507.4 [INFO] Downloading from google-maven-central-copy: https://maven-central.storage-download.googleapis.com/maven2/com/google/cloud/google-cloud-bigquerydatapolicy-bom/0.16.0/google-cloud-bigquerydatapolicy-bom-0.16.0.pom
#14 507.6 [INFO] Downloaded from google-maven-central-copy: https://maven-central.storage-download.googleapis.com/maven2/com/google/cloud/google-cloud-bigquerydatapolicy-bom/0.16.0/google-cloud-bigquerydatapolicy-bom-0.16.0.pom (2.4 kB at 14 kB/s)
#14 507.6 [INFO] Downloading from google-maven-central-copy: https://maven-central.storage-download.googleapis.com/maven2/com/google/cloud/google-cloud-bigquerydatatransfer-bom/2.19.0/google-cloud-bigquerydatatransfer-bom-2.19.0.pom
#14 507.8 [INFO] Downloaded from google-maven-central-copy: https://maven-central.storage-download.googleapis.com/maven2/com/google/cloud/google-cloud-bigquerydatatransfer-bom/2.19.0/google-cloud-bigquerydatatransfer-bom-2.19.0.pom (1.8 kB at 9.9 kB/s)
#14 507.8 [INFO] Downloading from google-maven-central-copy: https://maven-central.storage-download.googleapis.com/maven2/com/google/cloud/google-cloud-bigquerymigration-bom/0.22.0/google-cloud-bigquerymigration-bom-0.22.0.pom
#14 507.9 [INFO] Downloaded from google-maven-central-copy: https://maven-central.storage-download.googleapis.com/maven2/com/google/cloud/google-cloud-bigquerymigration-bom/0.22.0/google-cloud-bigquerymigration-bom-0.22.0.pom (2.4 kB at 13 kB/s)
#14 507.9 [INFO] Downloading from google-maven-central-copy: https://maven-central.storage-download.googleapis.com/maven2/com/google/cloud/google-cloud-bigqueryreservation-bom/2.20.0/google-cloud-bigqueryreservation-bom-2.20.0.pom
#14 508.1 [INFO] Downloaded from google-maven-central-copy: https://maven-central.storage-download.googleapis.com/maven2/com/google/cloud/google-cloud-bigqueryreservation-bom/2.20.0/google-cloud-bigqueryreservation-bom-2.20.0.pom (1.8 kB at 9.3 kB/s)
#14 508.1 [INFO] Downloading from google-maven-central-copy: https://maven-central.storage-download.googleapis.com/maven2/com/google/cloud/google-cloud-billingbudgets-bom/2.19.0/google-cloud-billingbudgets-bom-2.19.0.pom
#14 508.3 [INFO] Downloaded from google-maven-central-copy: https://maven-central.storage-download.googleapis.com/maven2/com/google/cloud/google-cloud-billingbudgets-bom/2.19.0/google-cloud-billingbudgets-bom-2.19.0.pom (2.3 kB at 12 kB/s)
#14 508.3 [INFO] Downloading from google-maven-central-copy: https://maven-central.storage-download.googleapis.com/maven2/com/google/cloud/google-cloud-billing-bom/2.19.0/google-cloud-billing-bom-2.19.0.pom
#14 508.5 [INFO] Downloaded from google-maven-central-copy: https://maven-central.storage-download.googleapis.com/maven2/com/google/cloud/google-cloud-billing-bom/2.19.0/google-cloud-billing-bom-2.19.0.pom (1.7 kB at 9.2 kB/s)
#14 508.5 [INFO] Downloading from google-maven-central-copy: https://maven-central.storage-download.googleapis.com/maven2/com/google/cloud/google-cloud-binary-authorization-bom/1.18.0/google-cloud-binary-authorization-bom-1.18.0.pom
#14 508.7 [INFO] Downloaded from google-maven-central-copy: https://maven-central.storage-download.googleapis.com/maven2/com/google/cloud/google-cloud-binary-authorization-bom/1.18.0/google-cloud-binary-authorization-bom-1.18.0.pom (2.4 kB at 14 kB/s)
#14 508.7 [INFO] Downloading from google-maven-central-copy: https://maven-central.storage-download.googleapis.com/maven2/com/google/cloud/google-cloud-certificate-manager-bom/0.22.0/google-cloud-certificate-manager-bom-0.22.0.pom
#14 508.9 [INFO] Downloaded from google-maven-central-copy: https://maven-central.storage-download.googleapis.com/maven2/com/google/cloud/google-cloud-certificate-manager-bom/0.22.0/google-cloud-certificate-manager-bom-0.22.0.pom (1.9 kB at 11 kB/s)
#14 508.9 [INFO] Downloading from google-maven-central-copy: https://maven-central.storage-download.googleapis.com/maven2/com/google/cloud/google-cloud-channel-bom/3.23.0/google-cloud-channel-bom-3.23.0.pom
#14 509.4 [INFO] Downloaded from google-maven-central-copy: https://maven-central.storage-download.googleapis.com/maven2/com/google/cloud/google-cloud-channel-bom/3.23.0/google-cloud-channel-bom-3.23.0.pom (1.8 kB at 3.4 kB/s)
#14 509.4 [INFO] Downloading from google-maven-central-copy: https://maven-central.storage-download.googleapis.com/maven2/com/google/cloud/google-cloud-build-bom/3.21.0/google-cloud-build-bom-3.21.0.pom
#14 509.6 [INFO] Downloaded from google-maven-central-copy: https://maven-central.storage-download.googleapis.com/maven2/com/google/cloud/google-cloud-build-bom/3.21.0/google-cloud-build-bom-3.21.0.pom (2.1 kB at 11 kB/s)
#14 509.6 [INFO] Downloading from google-maven-central-copy: https://maven-central.storage-download.googleapis.com/maven2/com/google/cloud/google-cloud-cloudcommerceconsumerprocurement-bom/0.17.0/google-cloud-cloudcommerceconsumerprocurement-bom-0.17.0.pom
#14 509.8 [INFO] Downloaded from google-maven-central-copy: https://maven-central.storage-download.googleapis.com/maven2/com/google/cloud/google-cloud-cloudcommerceconsumerprocurement-bom/0.17.0/google-cloud-cloudcommerceconsumerprocurement-bom-0.17.0.pom (2.0 kB at 11 kB/s)
#14 509.8 [INFO] Downloading from google-maven-central-copy: https://maven-central.storage-download.googleapis.com/maven2/com/google/cloud/google-cloud-cloudsupport-bom/0.3.0/google-cloud-cloudsupport-bom-0.3.0.pom
#14 510.0 [INFO] Downloaded from google-maven-central-copy: https://maven-central.storage-download.googleapis.com/maven2/com/google/cloud/google-cloud-cloudsupport-bom/0.3.0/google-cloud-cloudsupport-bom-0.3.0.pom (1.8 kB at 10 kB/s)
#14 510.0 [INFO] Downloading from google-maven-central-copy: https://maven-central.storage-download.googleapis.com/maven2/com/google/cloud/google-cloud-compute-bom/1.29.0/google-cloud-compute-bom-1.29.0.pom
#14 510.2 [INFO] Downloaded from google-maven-central-copy: https://maven-central.storage-download.googleapis.com/maven2/com/google/cloud/google-cloud-compute-bom/1.29.0/google-cloud-compute-bom-1.29.0.pom (1.4 kB at 7.4 kB/s)
#14 510.2 [INFO] Downloading from google-maven-central-copy: https://maven-central.storage-download.googleapis.com/maven2/com/google/cloud/google-cloud-confidentialcomputing-bom/0.5.0/google-cloud-confidentialcomputing-bom-0.5.0.pom
#14 510.3 [INFO] Downloaded from google-maven-central-copy: https://maven-central.storage-download.googleapis.com/maven2/com/google/cloud/google-cloud-confidentialcomputing-bom/0.5.0/google-cloud-confidentialcomputing-bom-0.5.0.pom (2.5 kB at 13 kB/s)
#14 510.3 [INFO] Downloading from google-maven-central-copy: https://maven-central.storage-download.googleapis.com/maven2/com/google/cloud/google-cloud-contact-center-insights-bom/2.19.0/google-cloud-contact-center-insights-bom-2.19.0.pom
#14 510.5 [INFO] Downloaded from google-maven-central-copy: https://maven-central.storage-download.googleapis.com/maven2/com/google/cloud/google-cloud-contact-center-insights-bom/2.19.0/google-cloud-contact-center-insights-bom-2.19.0.pom (1.9 kB at 10 kB/s)
#14 510.5 [INFO] Downloading from google-maven-central-copy: https://maven-central.storage-download.googleapis.com/maven2/com/google/cloud/google-cloud-containeranalysis-bom/2.20.0/google-cloud-containeranalysis-bom-2.20.0.pom
#14 510.7 [INFO] Downloaded from google-maven-central-copy: https://maven-central.storage-download.googleapis.com/maven2/com/google/cloud/google-cloud-containeranalysis-bom/2.20.0/google-cloud-containeranalysis-bom-2.20.0.pom (2.3 kB at 13 kB/s)
#14 510.7 [INFO] Downloading from google-maven-central-copy: https://maven-central.storage-download.googleapis.com/maven2/com/google/cloud/google-cloud-container-bom/2.22.0/google-cloud-container-bom-2.22.0.pom
#14 510.9 [INFO] Downloaded from google-maven-central-copy: https://maven-central.storage-download.googleapis.com/maven2/com/google/cloud/google-cloud-container-bom/2.22.0/google-cloud-container-bom-2.22.0.pom (2.2 kB at 13 kB/s)
#14 510.9 [INFO] Downloading from google-maven-central-copy: https://maven-central.storage-download.googleapis.com/maven2/com/google/cloud/google-cloud-contentwarehouse-bom/0.15.0/google-cloud-contentwarehouse-bom-0.15.0.pom
#14 511.1 [INFO] Downloaded from google-maven-central-copy: https://maven-central.storage-download.googleapis.com/maven2/com/google/cloud/google-cloud-contentwarehouse-bom/0.15.0/google-cloud-contentwarehouse-bom-0.15.0.pom (1.8 kB at 9.9 kB/s)
#14 511.1 [INFO] Downloading from google-maven-central-copy: https://maven-central.storage-download.googleapis.com/maven2/com/google/cloud/google-cloud-datacatalog-bom/1.25.0/google-cloud-datacatalog-bom-1.25.0.pom
#14 511.3 [INFO] Downloaded from google-maven-central-copy: https://maven-central.storage-download.googleapis.com/maven2/com/google/cloud/google-cloud-datacatalog-bom/1.25.0/google-cloud-datacatalog-bom-1.25.0.pom (2.3 kB at 13 kB/s)
#14 511.3 [INFO] Downloading from google-maven-central-copy: https://maven-central.storage-download.googleapis.com/maven2/com/google/cloud/google-cloud-dataflow-bom/0.23.0/google-cloud-dataflow-bom-0.23.0.pom
#14 511.5 [INFO] Downloaded from google-maven-central-copy: https://maven-central.storage-download.googleapis.com/maven2/com/google/cloud/google-cloud-dataflow-bom/0.23.0/google-cloud-dataflow-bom-0.23.0.pom (1.8 kB at 8.4 kB/s)
#14 511.5 [INFO] Downloading from google-maven-central-copy: https://maven-central.storage-download.googleapis.com/maven2/com/google/cloud/google-cloud-dataform-bom/0.18.0/google-cloud-dataform-bom-0.18.0.pom
#14 511.7 [INFO] Downloaded from google-maven-central-copy: https://maven-central.storage-download.googleapis.com/maven2/com/google/cloud/google-cloud-dataform-bom/0.18.0/google-cloud-dataform-bom-0.18.0.pom (2.3 kB at 13 kB/s)
#14 511.7 [INFO] Downloading from google-maven-central-copy: https://maven-central.storage-download.googleapis.com/maven2/com/google/cloud/google-cloud-data-fusion-bom/1.19.0/google-cloud-data-fusion-bom-1.19.0.pom
#14 511.8 [INFO] Downloaded from google-maven-central-copy: https://maven-central.storage-download.googleapis.com/maven2/com/google/cloud/google-cloud-data-fusion-bom/1.19.0/google-cloud-data-fusion-bom-1.19.0.pom (2.3 kB at 13 kB/s)
#14 511.8 [INFO] Downloading from google-maven-central-copy: https://maven-central.storage-download.googleapis.com/maven2/com/google/cloud/google-cloud-datalabeling-bom/0.139.0/google-cloud-datalabeling-bom-0.139.0.pom
#14 512.0 [INFO] Downloaded from google-maven-central-copy: https://maven-central.storage-download.googleapis.com/maven2/com/google/cloud/google-cloud-datalabeling-bom/0.139.0/google-cloud-datalabeling-bom-0.139.0.pom (1.8 kB at 9.7 kB/s)
#14 512.0 [INFO] Downloading from google-maven-central-copy: https://maven-central.storage-download.googleapis.com/maven2/com/google/cloud/google-cloud-datalineage-bom/0.11.0/google-cloud-datalineage-bom-0.11.0.pom
#14 512.2 [INFO] Downloaded from google-maven-central-copy: https://maven-central.storage-download.googleapis.com/maven2/com/google/cloud/google-cloud-datalineage-bom/0.11.0/google-cloud-datalineage-bom-0.11.0.pom (1.8 kB at 10 kB/s)
#14 512.2 [INFO] Downloading from google-maven-central-copy: https://maven-central.storage-download.googleapis.com/maven2/com/google/cloud/google-cloud-dataplex-bom/1.17.0/google-cloud-dataplex-bom-1.17.0.pom
#14 512.4 [INFO] Downloaded from google-maven-central-copy: https://maven-central.storage-download.googleapis.com/maven2/com/google/cloud/google-cloud-dataplex-bom/1.17.0/google-cloud-dataplex-bom-1.17.0.pom (1.8 kB at 10 kB/s)
#14 512.4 [INFO] Downloading from google-maven-central-copy: https://maven-central.storage-download.googleapis.com/maven2/com/google/cloud/google-cloud-dataproc-bom/4.16.0/google-cloud-dataproc-bom-4.16.0.pom
#14 512.6 [INFO] Downloaded from google-maven-central-copy: https://maven-central.storage-download.googleapis.com/maven2/com/google/cloud/google-cloud-dataproc-bom/4.16.0/google-cloud-dataproc-bom-4.16.0.pom (1.7 kB at 9.4 kB/s)
#14 512.6 [INFO] Downloading from google-maven-central-copy: https://maven-central.storage-download.googleapis.com/maven2/com/google/cloud/google-cloud-dataproc-metastore-bom/2.20.0/google-cloud-dataproc-metastore-bom-2.20.0.pom
#14 512.7 [INFO] Downloaded from google-maven-central-copy: https://maven-central.storage-download.googleapis.com/maven2/com/google/cloud/google-cloud-dataproc-metastore-bom/2.20.0/google-cloud-dataproc-metastore-bom-2.20.0.pom (3.0 kB at 17 kB/s)
#14 512.7 [INFO] Downloading from google-maven-central-copy: https://maven-central.storage-download.googleapis.com/maven2/com/google/cloud/google-cloud-datastream-bom/1.18.0/google-cloud-datastream-bom-1.18.0.pom
#14 512.9 [INFO] Downloaded from google-maven-central-copy: https://maven-central.storage-download.googleapis.com/maven2/com/google/cloud/google-cloud-datastream-bom/1.18.0/google-cloud-datastream-bom-1.18.0.pom (2.3 kB at 12 kB/s)
#14 512.9 [INFO] Downloading from google-maven-central-copy: https://maven-central.storage-download.googleapis.com/maven2/com/google/cloud/google-cloud-debugger-client-bom/1.19.0/google-cloud-debugger-client-bom-1.19.0.pom
#14 513.1 [INFO] Downloaded from google-maven-central-copy: https://maven-central.storage-download.googleapis.com/maven2/com/google/cloud/google-cloud-debugger-client-bom/1.19.0/google-cloud-debugger-client-bom-1.19.0.pom (2.1 kB at 11 kB/s)
#14 513.1 [INFO] Downloading from google-maven-central-copy: https://maven-central.storage-download.googleapis.com/maven2/com/google/cloud/google-cloud-deploy-bom/1.17.0/google-cloud-deploy-bom-1.17.0.pom
#14 513.3 [INFO] Downloaded from google-maven-central-copy: https://maven-central.storage-download.googleapis.com/maven2/com/google/cloud/google-cloud-deploy-bom/1.17.0/google-cloud-deploy-bom-1.17.0.pom (1.8 kB at 10 kB/s)
#14 513.3 [INFO] Downloading from google-maven-central-copy: https://maven-central.storage-download.googleapis.com/maven2/com/google/cloud/google-cloud-dialogflow-cx-bom/0.30.0/google-cloud-dialogflow-cx-bom-0.30.0.pom
#14 513.5 [INFO] Downloaded from google-maven-central-copy: https://maven-central.storage-download.googleapis.com/maven2/com/google/cloud/google-cloud-dialogflow-cx-bom/0.30.0/google-cloud-dialogflow-cx-bom-0.30.0.pom (2.3 kB at 13 kB/s)
#14 513.5 [INFO] Downloading from google-maven-central-copy: https://maven-central.storage-download.googleapis.com/maven2/com/google/cloud/google-cloud-dialogflow-bom/4.25.0/google-cloud-dialogflow-bom-4.25.0.pom
#14 513.7 [INFO] Downloaded from google-maven-central-copy: https://maven-central.storage-download.googleapis.com/maven2/com/google/cloud/google-cloud-dialogflow-bom/4.25.0/google-cloud-dialogflow-bom-4.25.0.pom (2.2 kB at 12 kB/s)
#14 513.7 [INFO] Downloading from google-maven-central-copy: https://maven-central.storage-download.googleapis.com/maven2/com/google/cloud/google-cloud-discoveryengine-bom/0.15.0/google-cloud-discoveryengine-bom-0.15.0.pom
#14 513.8 [INFO] Downloaded from google-maven-central-copy: https://maven-central.storage-download.googleapis.com/maven2/com/google/cloud/google-cloud-discoveryengine-bom/0.15.0/google-cloud-discoveryengine-bom-0.15.0.pom (2.4 kB at 14 kB/s)
#14 513.8 [INFO] Downloading from google-maven-central-copy: https://maven-central.storage-download.googleapis.com/maven2/com/google/cloud/google-cloud-distributedcloudedge-bom/0.16.0/google-cloud-distributedcloudedge-bom-0.16.0.pom
#14 514.0 [INFO] Downloaded from google-maven-central-copy: https://maven-central.storage-download.googleapis.com/maven2/com/google/cloud/google-cloud-distributedcloudedge-bom/0.16.0/google-cloud-distributedcloudedge-bom-0.16.0.pom (1.9 kB at 11 kB/s)
#14 514.0 [INFO] Downloading from google-maven-central-copy: https://maven-central.storage-download.googleapis.com/maven2/com/google/cloud/google-cloud-dlp-bom/3.23.0/google-cloud-dlp-bom-3.23.0.pom
#14 514.2 [INFO] Downloaded from google-maven-central-copy: https://maven-central.storage-download.googleapis.com/maven2/com/google/cloud/google-cloud-dlp-bom/3.23.0/google-cloud-dlp-bom-3.23.0.pom (1.6 kB at 9.3 kB/s)
#14 514.2 [INFO] Downloading from google-maven-central-copy: https://maven-central.storage-download.googleapis.com/maven2/com/google/cloud/google-cloud-dms-bom/2.18.0/google-cloud-dms-bom-2.18.0.pom
#14 514.4 [INFO] Downloaded from google-maven-central-copy: https://maven-central.storage-download.googleapis.com/maven2/com/google/cloud/google-cloud-dms-bom/2.18.0/google-cloud-dms-bom-2.18.0.pom (1.8 kB at 10.0 kB/s)
#14 514.4 [INFO] Downloading from google-maven-central-copy: https://maven-central.storage-download.googleapis.com/maven2/com/google/cloud/google-cloud-document-ai-bom/2.23.0/google-cloud-document-ai-bom-2.23.0.pom
#14 515.0 [INFO] Downloaded from google-maven-central-copy: https://maven-central.storage-download.googleapis.com/maven2/com/google/cloud/google-cloud-document-ai-bom/2.23.0/google-cloud-document-ai-bom-2.23.0.pom (3.3 kB at 5.7 kB/s)
#14 515.0 [INFO] Downloading from google-maven-central-copy: https://maven-central.storage-download.googleapis.com/maven2/com/google/cloud/google-cloud-domains-bom/1.16.0/google-cloud-domains-bom-1.16.0.pom
#14 515.5 [INFO] Downloaded from google-maven-central-copy: https://maven-central.storage-download.googleapis.com/maven2/com/google/cloud/google-cloud-domains-bom/1.16.0/google-cloud-domains-bom-1.16.0.pom (2.8 kB at 5.0 kB/s)
#14 515.5 [INFO] Downloading from google-maven-central-copy: https://maven-central.storage-download.googleapis.com/maven2/com/google/cloud/google-cloud-enterpriseknowledgegraph-bom/0.15.0/google-cloud-enterpriseknowledgegraph-bom-0.15.0.pom
#14 515.7 [INFO] Downloaded from google-maven-central-copy: https://maven-central.storage-download.googleapis.com/maven2/com/google/cloud/google-cloud-enterpriseknowledgegraph-bom/0.15.0/google-cloud-enterpriseknowledgegraph-bom-0.15.0.pom (1.9 kB at 9.8 kB/s)
#14 515.7 [INFO] Downloading from google-maven-central-copy: https://maven-central.storage-download.googleapis.com/maven2/com/google/cloud/google-cloud-errorreporting-bom/0.140.0-beta/google-cloud-errorreporting-bom-0.140.0-beta.pom
#14 515.9 [INFO] Downloaded from google-maven-central-copy: https://maven-central.storage-download.googleapis.com/maven2/com/google/cloud/google-cloud-errorreporting-bom/0.140.0-beta/google-cloud-errorreporting-bom-0.140.0-beta.pom (1.8 kB at 8.8 kB/s)
#14 515.9 [INFO] Downloading from google-maven-central-copy: https://maven-central.storage-download.googleapis.com/maven2/com/google/cloud/google-cloud-essential-contacts-bom/2.19.0/google-cloud-essential-contacts-bom-2.19.0.pom
#14 516.4 [INFO] Downloaded from google-maven-central-copy: https://maven-central.storage-download.googleapis.com/maven2/com/google/cloud/google-cloud-essential-contacts-bom/2.19.0/google-cloud-essential-contacts-bom-2.19.0.pom (1.9 kB at 4.2 kB/s)
#14 516.4 [INFO] Downloading from google-maven-central-copy: https://maven-central.storage-download.googleapis.com/maven2/com/google/cloud/google-cloud-eventarc-bom/1.19.0/google-cloud-eventarc-bom-1.19.0.pom
#14 516.6 [INFO] Downloaded from google-maven-central-copy: https://maven-central.storage-download.googleapis.com/maven2/com/google/cloud/google-cloud-eventarc-bom/1.19.0/google-cloud-eventarc-bom-1.19.0.pom (1.8 kB at 7.2 kB/s)
#14 516.6 [INFO] Downloading from google-maven-central-copy: https://maven-central.storage-download.googleapis.com/maven2/com/google/cloud/google-cloud-eventarc-publishing-bom/0.19.0/google-cloud-eventarc-publishing-bom-0.19.0.pom
#14 516.9 [INFO] Downloaded from google-maven-central-copy: https://maven-central.storage-download.googleapis.com/maven2/com/google/cloud/google-cloud-eventarc-publishing-bom/0.19.0/google-cloud-eventarc-publishing-bom-0.19.0.pom (1.9 kB at 7.0 kB/s)
#14 516.9 [INFO] Downloading from google-maven-central-copy: https://maven-central.storage-download.googleapis.com/maven2/com/google/cloud/google-cloud-filestore-bom/1.20.0/google-cloud-filestore-bom-1.20.0.pom
#14 517.1 [INFO] Downloaded from google-maven-central-copy: https://maven-central.storage-download.googleapis.com/maven2/com/google/cloud/google-cloud-filestore-bom/1.20.0/google-cloud-filestore-bom-1.20.0.pom (2.3 kB at 12 kB/s)
#14 517.1 [INFO] Downloading from google-maven-central-copy: https://maven-central.storage-download.googleapis.com/maven2/com/google/cloud/google-cloud-functions-bom/2.21.0/google-cloud-functions-bom-2.21.0.pom
#14 517.3 [INFO] Downloaded from google-maven-central-copy: https://maven-central.storage-download.googleapis.com/maven2/com/google/cloud/google-cloud-functions-bom/2.21.0/google-cloud-functions-bom-2.21.0.pom (3.3 kB at 16 kB/s)
#14 517.3 [INFO] Downloading from google-maven-central-copy: https://maven-central.storage-download.googleapis.com/maven2/com/google/cloud/google-cloud-game-servers-bom/2.19.0/google-cloud-game-servers-bom-2.19.0.pom
#14 517.5 [INFO] Downloaded from google-maven-central-copy: https://maven-central.storage-download.googleapis.com/maven2/com/google/cloud/google-cloud-game-servers-bom/2.19.0/google-cloud-game-servers-bom-2.19.0.pom (2.3 kB at 10 kB/s)
#14 517.5 [INFO] Downloading from google-maven-central-copy: https://maven-central.storage-download.googleapis.com/maven2/com/google/cloud/google-cloud-gke-backup-bom/0.18.0/google-cloud-gke-backup-bom-0.18.0.pom
#14 517.7 [INFO] Downloaded from google-maven-central-copy: https://maven-central.storage-download.googleapis.com/maven2/com/google/cloud/google-cloud-gke-backup-bom/0.18.0/google-cloud-gke-backup-bom-0.18.0.pom (1.8 kB at 8.9 kB/s)
#14 517.7 [INFO] Downloading from google-maven-central-copy: https://maven-central.storage-download.googleapis.com/maven2/com/google/cloud/google-cloud-gke-connect-gateway-bom/0.20.0/google-cloud-gke-connect-gateway-bom-0.20.0.pom
#14 518.0 [INFO] Downloaded from google-maven-central-copy: https://maven-central.storage-download.googleapis.com/maven2/com/google/cloud/google-cloud-gke-connect-gateway-bom/0.20.0/google-cloud-gke-connect-gateway-bom-0.20.0.pom (1.9 kB at 8.3 kB/s)
#14 518.0 [INFO] Downloading from google-maven-central-copy: https://maven-central.storage-download.googleapis.com/maven2/com/google/cloud/google-cloud-gkehub-bom/1.19.0/google-cloud-gkehub-bom-1.19.0.pom
#14 518.2 [INFO] Downloaded from google-maven-central-copy: https://maven-central.storage-download.googleapis.com/maven2/com/google/cloud/google-cloud-gkehub-bom/1.19.0/google-cloud-gkehub-bom-1.19.0.pom (3.8 kB at 19 kB/s)
#14 518.2 [INFO] Downloading from google-maven-central-copy: https://maven-central.storage-download.googleapis.com/maven2/com/google/cloud/google-cloud-gke-multi-cloud-bom/0.18.0/google-cloud-gke-multi-cloud-bom-0.18.0.pom
#14 518.3 [INFO] Downloaded from google-maven-central-copy: https://maven-central.storage-download.googleapis.com/maven2/com/google/cloud/google-cloud-gke-multi-cloud-bom/0.18.0/google-cloud-gke-multi-cloud-bom-0.18.0.pom (1.8 kB at 9.9 kB/s)
#14 518.4 [INFO] Downloading from google-maven-central-copy: https://maven-central.storage-download.googleapis.com/maven2/com/google/cloud/google-cloud-gsuite-addons-bom/2.19.0/google-cloud-gsuite-addons-bom-2.19.0.pom
#14 518.5 [INFO] Downloaded from google-maven-central-copy: https://maven-central.storage-download.googleapis.com/maven2/com/google/cloud/google-cloud-gsuite-addons-bom/2.19.0/google-cloud-gsuite-addons-bom-2.19.0.pom (2.1 kB at 11 kB/s)
#14 518.5 [INFO] Downloading from google-maven-central-copy: https://maven-central.storage-download.googleapis.com/maven2/com/google/cloud/google-iam-admin-bom/3.14.0/google-iam-admin-bom-3.14.0.pom
#14 518.7 [INFO] Downloaded from google-maven-central-copy: https://maven-central.storage-download.googleapis.com/maven2/com/google/cloud/google-iam-admin-bom/3.14.0/google-iam-admin-bom-3.14.0.pom (1.7 kB at 9.5 kB/s)
#14 518.7 [INFO] Downloading from google-maven-central-copy: https://maven-central.storage-download.googleapis.com/maven2/com/google/cloud/google-cloud-iamcredentials-bom/2.19.0/google-cloud-iamcredentials-bom-2.19.0.pom
#14 518.9 [INFO] Downloaded from google-maven-central-copy: https://maven-central.storage-download.googleapis.com/maven2/com/google/cloud/google-cloud-iamcredentials-bom/2.19.0/google-cloud-iamcredentials-bom-2.19.0.pom (1.8 kB at 10.0 kB/s)
#14 518.9 [INFO] Downloading from google-maven-central-copy: https://maven-central.storage-download.googleapis.com/maven2/com/google/cloud/google-iam-policy-bom/1.17.0/google-iam-policy-bom-1.17.0.pom
#14 519.4 [INFO] Downloaded from google-maven-central-copy: https://maven-central.storage-download.googleapis.com/maven2/com/google/cloud/google-iam-policy-bom/1.17.0/google-iam-policy-bom-1.17.0.pom (1.3 kB at 2.6 kB/s)
#14 519.4 [INFO] Downloading from google-maven-central-copy: https://maven-central.storage-download.googleapis.com/maven2/com/google/cloud/google-cloud-ids-bom/1.18.0/google-cloud-ids-bom-1.18.0.pom
#14 519.9 [INFO] Downloaded from google-maven-central-copy: https://maven-central.storage-download.googleapis.com/maven2/com/google/cloud/google-cloud-ids-bom/1.18.0/google-cloud-ids-bom-1.18.0.pom (1.8 kB at 3.2 kB/s)
#14 520.0 [INFO] Downloading from google-maven-central-copy: https://maven-central.storage-download.googleapis.com/maven2/com/google/cloud/google-cloud-iot-bom/2.19.0/google-cloud-iot-bom-2.19.0.pom
#14 520.2 [INFO] Downloaded from google-maven-central-copy: https://maven-central.storage-download.googleapis.com/maven2/com/google/cloud/google-cloud-iot-bom/2.19.0/google-cloud-iot-bom-2.19.0.pom (1.6 kB at 7.3 kB/s)
#14 520.2 [INFO] Downloading from google-maven-central-copy: https://maven-central.storage-download.googleapis.com/maven2/com/google/cloud/google-cloud-kms-bom/2.22.0/google-cloud-kms-bom-2.22.0.pom
#14 520.4 [INFO] Downloaded from google-maven-central-copy: https://maven-central.storage-download.googleapis.com/maven2/com/google/cloud/google-cloud-kms-bom/2.22.0/google-cloud-kms-bom-2.22.0.pom (1.6 kB at 9.2 kB/s)
#14 520.4 [INFO] Downloading from google-maven-central-copy: https://maven-central.storage-download.googleapis.com/maven2/com/google/cloud/google-cloud-kmsinventory-bom/0.8.0/google-cloud-kmsinventory-bom-0.8.0.pom
#14 521.2 [INFO] Downloaded from google-maven-central-copy: https://maven-central.storage-download.googleapis.com/maven2/com/google/cloud/google-cloud-kmsinventory-bom/0.8.0/google-cloud-kmsinventory-bom-0.8.0.pom (1.8 kB at 2.1 kB/s)
#14 521.2 [INFO] Downloading from google-maven-central-copy: https://maven-central.storage-download.googleapis.com/maven2/com/google/cloud/google-cloud-language-bom/2.20.0/google-cloud-language-bom-2.20.0.pom
#14 521.4 [INFO] Downloaded from google-maven-central-copy: https://maven-central.storage-download.googleapis.com/maven2/com/google/cloud/google-cloud-language-bom/2.20.0/google-cloud-language-bom-2.20.0.pom (2.2 kB at 11 kB/s)
#14 521.4 [INFO] Downloading from google-maven-central-copy: https://maven-central.storage-download.googleapis.com/maven2/com/google/cloud/google-cloud-life-sciences-bom/0.21.0/google-cloud-life-sciences-bom-0.21.0.pom
#14 522.0 [INFO] Downloaded from google-maven-central-copy: https://maven-central.storage-download.googleapis.com/maven2/com/google/cloud/google-cloud-life-sciences-bom/0.21.0/google-cloud-life-sciences-bom-0.21.0.pom (1.8 kB at 3.4 kB/s)
#14 522.0 [INFO] Downloading from google-maven-central-copy: https://maven-central.storage-download.googleapis.com/maven2/com/google/cloud/google-cloud-managed-identities-bom/1.17.0/google-cloud-managed-identities-bom-1.17.0.pom
#14 522.3 [INFO] Downloaded from google-maven-central-copy: https://maven-central.storage-download.googleapis.com/maven2/com/google/cloud/google-cloud-managed-identities-bom/1.17.0/google-cloud-managed-identities-bom-1.17.0.pom (1.9 kB at 6.5 kB/s)
#14 522.3 [INFO] Downloading from google-maven-central-copy: https://maven-central.storage-download.googleapis.com/maven2/com/google/cloud/google-cloud-mediatranslation-bom/0.25.0/google-cloud-mediatranslation-bom-0.25.0.pom
#14 522.5 [INFO] Downloaded from google-maven-central-copy: https://maven-central.storage-download.googleapis.com/maven2/com/google/cloud/google-cloud-mediatranslation-bom/0.25.0/google-cloud-mediatranslation-bom-0.25.0.pom (1.8 kB at 7.9 kB/s)
#14 522.5 [INFO] Downloading from google-maven-central-copy: https://maven-central.storage-download.googleapis.com/maven2/com/google/cloud/google-cloud-memcache-bom/2.19.0/google-cloud-memcache-bom-2.19.0.pom
#14 522.7 [INFO] Downloaded from google-maven-central-copy: https://maven-central.storage-download.googleapis.com/maven2/com/google/cloud/google-cloud-memcache-bom/2.19.0/google-cloud-memcache-bom-2.19.0.pom (2.3 kB at 12 kB/s)
#14 522.7 [INFO] Downloading from google-maven-central-copy: https://maven-central.storage-download.googleapis.com/maven2/com/google/cloud/google-cloud-migrationcenter-bom/0.1.0/google-cloud-migrationcenter-bom-0.1.0.pom
#14 522.9 [INFO] Downloaded from google-maven-central-copy: https://maven-central.storage-download.googleapis.com/maven2/com/google/cloud/google-cloud-migrationcenter-bom/0.1.0/google-cloud-migrationcenter-bom-0.1.0.pom (1.8 kB at 8.2 kB/s)
#14 522.9 [INFO] Downloading from google-maven-central-copy: https://maven-central.storage-download.googleapis.com/maven2/com/google/cloud/google-cloud-monitoring-dashboard-bom/2.21.0/google-cloud-monitoring-dashboard-bom-2.21.0.pom
#14 523.9 [INFO] Downloaded from google-maven-central-copy: https://maven-central.storage-download.googleapis.com/maven2/com/google/cloud/google-cloud-monitoring-dashboard-bom/2.21.0/google-cloud-monitoring-dashboard-bom-2.21.0.pom (1.8 kB at 1.9 kB/s)
#14 523.9 [INFO] Downloading from google-maven-central-copy: https://maven-central.storage-download.googleapis.com/maven2/com/google/cloud/google-cloud-monitoring-bom/3.20.0/google-cloud-monitoring-bom-3.20.0.pom
#14 524.1 [INFO] Downloaded from google-maven-central-copy: https://maven-central.storage-download.googleapis.com/maven2/com/google/cloud/google-cloud-monitoring-bom/3.20.0/google-cloud-monitoring-bom-3.20.0.pom (1.7 kB at 8.1 kB/s)
#14 524.1 [INFO] Downloading from google-maven-central-copy: https://maven-central.storage-download.googleapis.com/maven2/com/google/cloud/google-cloud-monitoring-metricsscope-bom/0.13.0/google-cloud-monitoring-metricsscope-bom-0.13.0.pom
#14 524.3 [INFO] Downloaded from google-maven-central-copy: https://maven-central.storage-download.googleapis.com/maven2/com/google/cloud/google-cloud-monitoring-metricsscope-bom/0.13.0/google-cloud-monitoring-metricsscope-bom-0.13.0.pom (1.9 kB at 8.3 kB/s)
#14 524.3 [INFO] Downloading from google-maven-central-copy: https://maven-central.storage-download.googleapis.com/maven2/com/google/cloud/google-cloud-networkconnectivity-bom/1.18.0/google-cloud-networkconnectivity-bom-1.18.0.pom
#14 524.6 [INFO] Downloaded from google-maven-central-copy: https://maven-central.storage-download.googleapis.com/maven2/com/google/cloud/google-cloud-networkconnectivity-bom/1.18.0/google-cloud-networkconnectivity-bom-1.18.0.pom (2.4 kB at 9.8 kB/s)
#14 524.6 [INFO] Downloading from google-maven-central-copy: https://maven-central.storage-download.googleapis.com/maven2/com/google/cloud/google-cloud-network-management-bom/1.20.0/google-cloud-network-management-bom-1.20.0.pom
#14 524.8 [INFO] Downloaded from google-maven-central-copy: https://maven-central.storage-download.googleapis.com/maven2/com/google/cloud/google-cloud-network-management-bom/1.20.0/google-cloud-network-management-bom-1.20.0.pom (2.4 kB at 13 kB/s)
#14 524.8 [INFO] Downloading from google-maven-central-copy: https://maven-central.storage-download.googleapis.com/maven2/com/google/cloud/google-cloud-network-security-bom/0.22.0/google-cloud-network-security-bom-0.22.0.pom
#14 525.1 [INFO] Downloaded from google-maven-central-copy: https://maven-central.storage-download.googleapis.com/maven2/com/google/cloud/google-cloud-network-security-bom/0.22.0/google-cloud-network-security-bom-0.22.0.pom (2.4 kB at 8.0 kB/s)
#14 525.1 [INFO] Downloading from google-maven-central-copy: https://maven-central.storage-download.googleapis.com/maven2/com/google/cloud/google-cloud-notebooks-bom/1.17.0/google-cloud-notebooks-bom-1.17.0.pom
#14 525.3 [INFO] Downloaded from google-maven-central-copy: https://maven-central.storage-download.googleapis.com/maven2/com/google/cloud/google-cloud-notebooks-bom/1.17.0/google-cloud-notebooks-bom-1.17.0.pom (2.3 kB at 11 kB/s)
#14 525.3 [INFO] Downloading from google-maven-central-copy: https://maven-central.storage-download.googleapis.com/maven2/com/google/cloud/google-cloud-optimization-bom/1.17.0/google-cloud-optimization-bom-1.17.0.pom
#14 525.5 [INFO] Downloaded from google-maven-central-copy: https://maven-central.storage-download.googleapis.com/maven2/com/google/cloud/google-cloud-optimization-bom/1.17.0/google-cloud-optimization-bom-1.17.0.pom (1.8 kB at 8.4 kB/s)
#14 525.5 [INFO] Downloading from google-maven-central-copy: https://maven-central.storage-download.googleapis.com/maven2/com/google/cloud/google-cloud-orchestration-airflow-bom/1.19.0/google-cloud-orchestration-airflow-bom-1.19.0.pom
#14 525.7 [INFO] Downloaded from google-maven-central-copy: https://maven-central.storage-download.googleapis.com/maven2/com/google/cloud/google-cloud-orchestration-airflow-bom/1.19.0/google-cloud-orchestration-airflow-bom-1.19.0.pom (2.4 kB at 14 kB/s)
#14 525.7 [INFO] Downloading from google-maven-central-copy: https://maven-central.storage-download.googleapis.com/maven2/com/google/cloud/google-cloud-orgpolicy-bom/2.19.0/google-cloud-orgpolicy-bom-2.19.0.pom
#14 525.9 [INFO] Downloaded from google-maven-central-copy: https://maven-central.storage-download.googleapis.com/maven2/com/google/cloud/google-cloud-orgpolicy-bom/2.19.0/google-cloud-orgpolicy-bom-2.19.0.pom (2.0 kB at 11 kB/s)
#14 525.9 [INFO] Downloading from google-maven-central-copy: https://maven-central.storage-download.googleapis.com/maven2/com/google/cloud/google-cloud-os-config-bom/2.21.0/google-cloud-os-config-bom-2.21.0.pom
#14 526.1 [INFO] Downloaded from google-maven-central-copy: https://maven-central.storage-download.googleapis.com/maven2/com/google/cloud/google-cloud-os-config-bom/2.21.0/google-cloud-os-config-bom-2.21.0.pom (2.7 kB at 15 kB/s)
#14 526.1 [INFO] Downloading from google-maven-central-copy: https://maven-central.storage-download.googleapis.com/maven2/com/google/cloud/google-cloud-os-login-bom/2.18.0/google-cloud-os-login-bom-2.18.0.pom
#14 526.2 [INFO] Downloaded from google-maven-central-copy: https://maven-central.storage-download.googleapis.com/maven2/com/google/cloud/google-cloud-os-login-bom/2.18.0/google-cloud-os-login-bom-2.18.0.pom (1.7 kB at 9.4 kB/s)
#14 526.2 [INFO] Downloading from google-maven-central-copy: https://maven-central.storage-download.googleapis.com/maven2/com/google/cloud/google-cloud-phishingprotection-bom/0.50.0/google-cloud-phishingprotection-bom-0.50.0.pom
#14 526.5 [INFO] Downloaded from google-maven-central-copy: https://maven-central.storage-download.googleapis.com/maven2/com/google/cloud/google-cloud-phishingprotection-bom/0.50.0/google-cloud-phishingprotection-bom-0.50.0.pom (1.8 kB at 7.0 kB/s)
#14 526.5 [INFO] Downloading from google-maven-central-copy: https://maven-central.storage-download.googleapis.com/maven2/com/google/cloud/google-cloud-policy-troubleshooter-bom/1.18.0/google-cloud-policy-troubleshooter-bom-1.18.0.pom
#14 526.8 [INFO] Downloaded from google-maven-central-copy: https://maven-central.storage-download.googleapis.com/maven2/com/google/cloud/google-cloud-policy-troubleshooter-bom/1.18.0/google-cloud-policy-troubleshooter-bom-1.18.0.pom (1.9 kB at 6.6 kB/s)
#14 526.8 [INFO] Downloading from google-maven-central-copy: https://maven-central.storage-download.googleapis.com/maven2/com/google/cloud/google-cloud-private-catalog-bom/0.21.0/google-cloud-private-catalog-bom-0.21.0.pom
#14 527.0 [INFO] Downloaded from google-maven-central-copy: https://maven-central.storage-download.googleapis.com/maven2/com/google/cloud/google-cloud-private-catalog-bom/0.21.0/google-cloud-private-catalog-bom-0.21.0.pom (1.8 kB at 11 kB/s)
#14 527.0 [INFO] Downloading from google-maven-central-copy: https://maven-central.storage-download.googleapis.com/maven2/com/google/cloud/google-cloud-profiler-bom/2.19.0/google-cloud-profiler-bom-2.19.0.pom
#14 527.1 [INFO] Downloaded from google-maven-central-copy: https://maven-central.storage-download.googleapis.com/maven2/com/google/cloud/google-cloud-profiler-bom/2.19.0/google-cloud-profiler-bom-2.19.0.pom (1.8 kB at 11 kB/s)
#14 527.1 [INFO] Downloading from google-maven-central-copy: https://maven-central.storage-download.googleapis.com/maven2/com/google/cloud/google-cloud-publicca-bom/0.16.0/google-cloud-publicca-bom-0.16.0.pom
#14 527.3 [INFO] Downloaded from google-maven-central-copy: https://maven-central.storage-download.googleapis.com/maven2/com/google/cloud/google-cloud-publicca-bom/0.16.0/google-cloud-publicca-bom-0.16.0.pom (1.8 kB at 11 kB/s)
#14 527.3 [INFO] Downloading from google-maven-central-copy: https://maven-central.storage-download.googleapis.com/maven2/com/google/cloud/google-cloud-rapidmigrationassessment-bom/0.2.0/google-cloud-rapidmigrationassessment-bom-0.2.0.pom
#14 527.5 [INFO] Downloaded from google-maven-central-copy: https://maven-central.storage-download.googleapis.com/maven2/com/google/cloud/google-cloud-rapidmigrationassessment-bom/0.2.0/google-cloud-rapidmigrationassessment-bom-0.2.0.pom (1.9 kB at 9.8 kB/s)
#14 527.5 [INFO] Downloading from google-maven-central-copy: https://maven-central.storage-download.googleapis.com/maven2/com/google/cloud/google-cloud-recaptchaenterprise-bom/3.16.0/google-cloud-recaptchaenterprise-bom-3.16.0.pom
#14 527.7 [INFO] Downloaded from google-maven-central-copy: https://maven-central.storage-download.googleapis.com/maven2/com/google/cloud/google-cloud-recaptchaenterprise-bom/3.16.0/google-cloud-recaptchaenterprise-bom-3.16.0.pom (2.4 kB at 13 kB/s)
#14 527.7 [INFO] Downloading from google-maven-central-copy: https://maven-central.storage-download.googleapis.com/maven2/com/google/cloud/google-cloud-recommendations-ai-bom/0.26.0/google-cloud-recommendations-ai-bom-0.26.0.pom
#14 527.9 [INFO] Downloaded from google-maven-central-copy: https://maven-central.storage-download.googleapis.com/maven2/com/google/cloud/google-cloud-recommendations-ai-bom/0.26.0/google-cloud-recommendations-ai-bom-0.26.0.pom (1.8 kB at 9.9 kB/s)
#14 527.9 [INFO] Downloading from google-maven-central-copy: https://maven-central.storage-download.googleapis.com/maven2/com/google/cloud/google-cloud-recommender-bom/2.21.0/google-cloud-recommender-bom-2.21.0.pom
#14 528.0 [INFO] Downloaded from google-maven-central-copy: https://maven-central.storage-download.googleapis.com/maven2/com/google/cloud/google-cloud-recommender-bom/2.21.0/google-cloud-recommender-bom-2.21.0.pom (2.3 kB at 13 kB/s)
#14 528.0 [INFO] Downloading from google-maven-central-copy: https://maven-central.storage-download.googleapis.com/maven2/com/google/cloud/google-cloud-redis-bom/2.22.0/google-cloud-redis-bom-2.22.0.pom
#14 528.2 [INFO] Downloaded from google-maven-central-copy: https://maven-central.storage-download.googleapis.com/maven2/com/google/cloud/google-cloud-redis-bom/2.22.0/google-cloud-redis-bom-2.22.0.pom (2.2 kB at 13 kB/s)
#14 528.2 [INFO] Downloading from google-maven-central-copy: https://maven-central.storage-download.googleapis.com/maven2/com/google/cloud/google-cloud-resourcemanager-bom/1.21.0/google-cloud-resourcemanager-bom-1.21.0.pom
#14 528.4 [INFO] Downloaded from google-maven-central-copy: https://maven-central.storage-download.googleapis.com/maven2/com/google/cloud/google-cloud-resourcemanager-bom/1.21.0/google-cloud-resourcemanager-bom-1.21.0.pom (1.8 kB at 8.2 kB/s)
#14 528.4 [INFO] Downloading from google-maven-central-copy: https://maven-central.storage-download.googleapis.com/maven2/com/google/cloud/google-cloud-resource-settings-bom/1.19.0/google-cloud-resource-settings-bom-1.19.0.pom
#14 528.7 [INFO] Downloaded from google-maven-central-copy: https://maven-central.storage-download.googleapis.com/maven2/com/google/cloud/google-cloud-resource-settings-bom/1.19.0/google-cloud-resource-settings-bom-1.19.0.pom (1.9 kB at 8.6 kB/s)
#14 528.7 [INFO] Downloading from google-maven-central-copy: https://maven-central.storage-download.googleapis.com/maven2/com/google/cloud/google-cloud-retail-bom/2.21.0/google-cloud-retail-bom-2.21.0.pom
#14 528.8 [INFO] Downloaded from google-maven-central-copy: https://maven-central.storage-download.googleapis.com/maven2/com/google/cloud/google-cloud-retail-bom/2.21.0/google-cloud-retail-bom-2.21.0.pom (2.8 kB at 16 kB/s)
#14 528.8 [INFO] Downloading from google-maven-central-copy: https://maven-central.storage-download.googleapis.com/maven2/com/google/cloud/google-cloud-run-bom/0.19.0/google-cloud-run-bom-0.19.0.pom
#14 529.0 [INFO] Downloaded from google-maven-central-copy: https://maven-central.storage-download.googleapis.com/maven2/com/google/cloud/google-cloud-run-bom/0.19.0/google-cloud-run-bom-0.19.0.pom (1.7 kB at 10 kB/s)
#14 529.0 [INFO] Downloading from google-maven-central-copy: https://maven-central.storage-download.googleapis.com/maven2/com/google/cloud/google-cloud-scheduler-bom/2.19.0/google-cloud-scheduler-bom-2.19.0.pom
#14 529.2 [INFO] Downloaded from google-maven-central-copy: https://maven-central.storage-download.googleapis.com/maven2/com/google/cloud/google-cloud-scheduler-bom/2.19.0/google-cloud-scheduler-bom-2.19.0.pom (2.2 kB at 13 kB/s)
#14 529.2 [INFO] Downloading from google-maven-central-copy: https://maven-central.storage-download.googleapis.com/maven2/com/google/cloud/google-cloud-secretmanager-bom/2.19.0/google-cloud-secretmanager-bom-2.19.0.pom
#14 529.4 [INFO] Downloaded from google-maven-central-copy: https://maven-central.storage-download.googleapis.com/maven2/com/google/cloud/google-cloud-secretmanager-bom/2.19.0/google-cloud-secretmanager-bom-2.19.0.pom (2.3 kB at 12 kB/s)
#14 529.4 [INFO] Downloading from google-maven-central-copy: https://maven-central.storage-download.googleapis.com/maven2/com/google/cloud/google-cloud-securitycenter-bom/2.27.0/google-cloud-securitycenter-bom-2.27.0.pom
#14 529.6 [INFO] Downloaded from google-maven-central-copy: https://maven-central.storage-download.googleapis.com/maven2/com/google/cloud/google-cloud-securitycenter-bom/2.27.0/google-cloud-securitycenter-bom-2.27.0.pom (2.9 kB at 16 kB/s)
#14 529.6 [INFO] Downloading from google-maven-central-copy: https://maven-central.storage-download.googleapis.com/maven2/com/google/cloud/google-cloud-securitycenter-settings-bom/0.22.0/google-cloud-securitycenter-settings-bom-0.22.0.pom
#14 529.7 [INFO] Downloaded from google-maven-central-copy: https://maven-central.storage-download.googleapis.com/maven2/com/google/cloud/google-cloud-securitycenter-settings-bom/0.22.0/google-cloud-securitycenter-settings-bom-0.22.0.pom (1.9 kB at 11 kB/s)
#14 529.7 [INFO] Downloading from google-maven-central-copy: https://maven-central.storage-download.googleapis.com/maven2/com/google/cloud/google-cloud-security-private-ca-bom/2.21.0/google-cloud-security-private-ca-bom-2.21.0.pom
#14 529.9 [INFO] Downloaded from google-maven-central-copy: https://maven-central.storage-download.googleapis.com/maven2/com/google/cloud/google-cloud-security-private-ca-bom/2.21.0/google-cloud-security-private-ca-bom-2.21.0.pom (2.4 kB at 14 kB/s)
#14 529.9 [INFO] Downloading from google-maven-central-copy: https://maven-central.storage-download.googleapis.com/maven2/com/google/cloud/google-cloud-service-control-bom/1.19.0/google-cloud-service-control-bom-1.19.0.pom
#14 530.1 [INFO] Downloaded from google-maven-central-copy: https://maven-central.storage-download.googleapis.com/maven2/com/google/cloud/google-cloud-service-control-bom/1.19.0/google-cloud-service-control-bom-1.19.0.pom (2.4 kB at 15 kB/s)
#14 530.1 [INFO] Downloading from google-maven-central-copy: https://maven-central.storage-download.googleapis.com/maven2/com/google/cloud/google-cloud-servicedirectory-bom/2.20.0/google-cloud-servicedirectory-bom-2.20.0.pom
#14 530.2 [INFO] Downloaded from google-maven-central-copy: https://maven-central.storage-download.googleapis.com/maven2/com/google/cloud/google-cloud-servicedirectory-bom/2.20.0/google-cloud-servicedirectory-bom-2.20.0.pom (2.3 kB at 14 kB/s)
#14 530.2 [INFO] Downloading from google-maven-central-copy: https://maven-central.storage-download.googleapis.com/maven2/com/google/cloud/google-cloud-service-management-bom/3.17.0/google-cloud-service-management-bom-3.17.0.pom
#14 530.4 [INFO] Downloaded from google-maven-central-copy: https://maven-central.storage-download.googleapis.com/maven2/com/google/cloud/google-cloud-service-management-bom/3.17.0/google-cloud-service-management-bom-3.17.0.pom (1.9 kB at 12 kB/s)
#14 530.4 [INFO] Downloading from google-maven-central-copy: https://maven-central.storage-download.googleapis.com/maven2/com/google/cloud/google-cloud-service-usage-bom/2.19.0/google-cloud-service-usage-bom-2.19.0.pom
#14 530.6 [INFO] Downloaded from google-maven-central-copy: https://maven-central.storage-download.googleapis.com/maven2/com/google/cloud/google-cloud-service-usage-bom/2.19.0/google-cloud-service-usage-bom-2.19.0.pom (2.3 kB at 14 kB/s)
#14 530.6 [INFO] Downloading from google-maven-central-copy: https://maven-central.storage-download.googleapis.com/maven2/com/google/cloud/google-cloud-shell-bom/2.18.0/google-cloud-shell-bom-2.18.0.pom
#14 530.7 [INFO] Downloaded from google-maven-central-copy: https://maven-central.storage-download.googleapis.com/maven2/com/google/cloud/google-cloud-shell-bom/2.18.0/google-cloud-shell-bom-2.18.0.pom (1.7 kB at 9.9 kB/s)
#14 530.7 [INFO] Downloading from google-maven-central-copy: https://maven-central.storage-download.googleapis.com/maven2/com/google/cloud/google-cloud-speech-bom/4.14.0/google-cloud-speech-bom-4.14.0.pom
#14 530.9 [INFO] Downloaded from google-maven-central-copy: https://maven-central.storage-download.googleapis.com/maven2/com/google/cloud/google-cloud-speech-bom/4.14.0/google-cloud-speech-bom-4.14.0.pom (3.2 kB at 19 kB/s)
#14 530.9 [INFO] Downloading from google-maven-central-copy: https://maven-central.storage-download.googleapis.com/maven2/com/google/cloud/google-cloud-storageinsights-bom/0.4.0/google-cloud-storageinsights-bom-0.4.0.pom
#14 531.1 [INFO] Downloaded from google-maven-central-copy: https://maven-central.storage-download.googleapis.com/maven2/com/google/cloud/google-cloud-storageinsights-bom/0.4.0/google-cloud-storageinsights-bom-0.4.0.pom (1.8 kB at 11 kB/s)
#14 531.1 [INFO] Downloading from google-maven-central-copy: https://maven-central.storage-download.googleapis.com/maven2/com/google/cloud/google-cloud-storage-transfer-bom/1.19.0/google-cloud-storage-transfer-bom-1.19.0.pom
#14 531.3 [INFO] Downloaded from google-maven-central-copy: https://maven-central.storage-download.googleapis.com/maven2/com/google/cloud/google-cloud-storage-transfer-bom/1.19.0/google-cloud-storage-transfer-bom-1.19.0.pom (1.9 kB at 11 kB/s)
#14 531.3 [INFO] Downloading from google-maven-central-copy: https://maven-central.storage-download.googleapis.com/maven2/com/google/cloud/google-cloud-talent-bom/2.20.0/google-cloud-talent-bom-2.20.0.pom
#14 531.4 [INFO] Downloaded from google-maven-central-copy: https://maven-central.storage-download.googleapis.com/maven2/com/google/cloud/google-cloud-talent-bom/2.20.0/google-cloud-talent-bom-2.20.0.pom (2.2 kB at 12 kB/s)
#14 531.4 [INFO] Downloading from google-maven-central-copy: https://maven-central.storage-download.googleapis.com/maven2/com/google/cloud/google-cloud-tasks-bom/2.19.0/google-cloud-tasks-bom-2.19.0.pom
#14 531.6 [INFO] Downloaded from google-maven-central-copy: https://maven-central.storage-download.googleapis.com/maven2/com/google/cloud/google-cloud-tasks-bom/2.19.0/google-cloud-tasks-bom-2.19.0.pom (2.7 kB at 16 kB/s)
#14 531.6 [INFO] Downloading from google-maven-central-copy: https://maven-central.storage-download.googleapis.com/maven2/com/google/cloud/google-cloud-texttospeech-bom/2.20.0/google-cloud-texttospeech-bom-2.20.0.pom
#14 531.8 [INFO] Downloaded from google-maven-central-copy: https://maven-central.storage-download.googleapis.com/maven2/com/google/cloud/google-cloud-texttospeech-bom/2.20.0/google-cloud-texttospeech-bom-2.20.0.pom (2.3 kB at 13 kB/s)
#14 531.8 [INFO] Downloading from google-maven-central-copy: https://maven-central.storage-download.googleapis.com/maven2/com/google/cloud/google-cloud-tpu-bom/2.20.0/google-cloud-tpu-bom-2.20.0.pom
#14 532.0 [INFO] Downloaded from google-maven-central-copy: https://maven-central.storage-download.googleapis.com/maven2/com/google/cloud/google-cloud-tpu-bom/2.20.0/google-cloud-tpu-bom-2.20.0.pom (2.7 kB at 16 kB/s)
#14 532.0 [INFO] Downloading from google-maven-central-copy: https://maven-central.storage-download.googleapis.com/maven2/com/google/cloud/google-cloud-trace-bom/2.19.0/google-cloud-trace-bom-2.19.0.pom
#14 532.1 [INFO] Downloaded from google-maven-central-copy: https://maven-central.storage-download.googleapis.com/maven2/com/google/cloud/google-cloud-trace-bom/2.19.0/google-cloud-trace-bom-2.19.0.pom (2.2 kB at 13 kB/s)
#14 532.1 [INFO] Downloading from google-maven-central-copy: https://maven-central.storage-download.googleapis.com/maven2/com/google/cloud/google-cloud-translate-bom/2.19.0/google-cloud-translate-bom-2.19.0.pom
#14 532.3 [INFO] Downloaded from google-maven-central-copy: https://maven-central.storage-download.googleapis.com/maven2/com/google/cloud/google-cloud-translate-bom/2.19.0/google-cloud-translate-bom-2.19.0.pom (2.2 kB at 13 kB/s)
#14 532.3 [INFO] Downloading from google-maven-central-copy: https://maven-central.storage-download.googleapis.com/maven2/com/google/cloud/google-cloud-video-intelligence-bom/2.18.0/google-cloud-video-intelligence-bom-2.18.0.pom
#14 532.5 [INFO] Downloaded from google-maven-central-copy: https://maven-central.storage-download.googleapis.com/maven2/com/google/cloud/google-cloud-video-intelligence-bom/2.18.0/google-cloud-video-intelligence-bom-2.18.0.pom (4.1 kB at 24 kB/s)
#14 532.5 [INFO] Downloading from google-maven-central-copy: https://maven-central.storage-download.googleapis.com/maven2/com/google/cloud/google-cloud-live-stream-bom/0.21.0/google-cloud-live-stream-bom-0.21.0.pom
#14 532.6 [INFO] Downloaded from google-maven-central-copy: https://maven-central.storage-download.googleapis.com/maven2/com/google/cloud/google-cloud-live-stream-bom/0.21.0/google-cloud-live-stream-bom-0.21.0.pom (1.8 kB at 11 kB/s)
#14 532.6 [INFO] Downloading from google-maven-central-copy: https://maven-central.storage-download.googleapis.com/maven2/com/google/cloud/google-cloud-video-stitcher-bom/0.19.0/google-cloud-video-stitcher-bom-0.19.0.pom
#14 532.8 [INFO] Downloaded from google-maven-central-copy: https://maven-central.storage-download.googleapis.com/maven2/com/google/cloud/google-cloud-video-stitcher-bom/0.19.0/google-cloud-video-stitcher-bom-0.19.0.pom (1.8 kB at 10 kB/s)
#14 532.8 [INFO] Downloading from google-maven-central-copy: https://maven-central.storage-download.googleapis.com/maven2/com/google/cloud/google-cloud-video-transcoder-bom/1.18.0/google-cloud-video-transcoder-bom-1.18.0.pom
#14 533.1 [INFO] Downloaded from google-maven-central-copy: https://maven-central.storage-download.googleapis.com/maven2/com/google/cloud/google-cloud-video-transcoder-bom/1.18.0/google-cloud-video-transcoder-bom-1.18.0.pom (1.8 kB at 7.2 kB/s)
#14 533.1 [INFO] Downloading from google-maven-central-copy: https://maven-central.storage-download.googleapis.com/maven2/com/google/cloud/google-cloud-vision-bom/3.17.0/google-cloud-vision-bom-3.17.0.pom
#14 533.2 [INFO] Downloaded from google-maven-central-copy: https://maven-central.storage-download.googleapis.com/maven2/com/google/cloud/google-cloud-vision-bom/3.17.0/google-cloud-vision-bom-3.17.0.pom (3.8 kB at 23 kB/s)
#14 533.2 [INFO] Downloading from google-maven-central-copy: https://maven-central.storage-download.googleapis.com/maven2/com/google/cloud/google-cloud-vmmigration-bom/1.19.0/google-cloud-vmmigration-bom-1.19.0.pom
#14 533.4 [INFO] Downloaded from google-maven-central-copy: https://maven-central.storage-download.googleapis.com/maven2/com/google/cloud/google-cloud-vmmigration-bom/1.19.0/google-cloud-vmmigration-bom-1.19.0.pom (1.8 kB at 10 kB/s)
#14 533.4 [INFO] Downloading from google-maven-central-copy: https://maven-central.storage-download.googleapis.com/maven2/com/google/cloud/google-cloud-vmwareengine-bom/0.13.0/google-cloud-vmwareengine-bom-0.13.0.pom
#14 533.6 [INFO] Downloaded from google-maven-central-copy: https://maven-central.storage-download.googleapis.com/maven2/com/google/cloud/google-cloud-vmwareengine-bom/0.13.0/google-cloud-vmwareengine-bom-0.13.0.pom (1.8 kB at 9.7 kB/s)
#14 533.6 [INFO] Downloading from google-maven-central-copy: https://maven-central.storage-download.googleapis.com/maven2/com/google/cloud/google-cloud-vpcaccess-bom/2.20.0/google-cloud-vpcaccess-bom-2.20.0.pom
#14 533.8 [INFO] Downloaded from google-maven-central-copy: https://maven-central.storage-download.googleapis.com/maven2/com/google/cloud/google-cloud-vpcaccess-bom/2.20.0/google-cloud-vpcaccess-bom-2.20.0.pom (1.8 kB at 9.7 kB/s)
#14 533.8 [INFO] Downloading from google-maven-central-copy: https://maven-central.storage-download.googleapis.com/maven2/com/google/cloud/google-cloud-webrisk-bom/2.18.0/google-cloud-webrisk-bom-2.18.0.pom
#14 534.0 [INFO] Downloaded from google-maven-central-copy: https://maven-central.storage-download.googleapis.com/maven2/com/google/cloud/google-cloud-webrisk-bom/2.18.0/google-cloud-webrisk-bom-2.18.0.pom (2.2 kB at 13 kB/s)
#14 534.0 [INFO] Downloading from google-maven-central-copy: https://maven-central.storage-download.googleapis.com/maven2/com/google/cloud/google-cloud-websecurityscanner-bom/2.19.0/google-cloud-websecurityscanner-bom-2.19.0.pom
#14 534.1 [INFO] Downloaded from google-maven-central-copy: https://maven-central.storage-download.googleapis.com/maven2/com/google/cloud/google-cloud-websecurityscanner-bom/2.19.0/google-cloud-websecurityscanner-bom-2.19.0.pom (2.9 kB at 16 kB/s)
#14 534.1 [INFO] Downloading from google-maven-central-copy: https://maven-central.storage-download.googleapis.com/maven2/com/google/cloud/google-cloud-workflow-executions-bom/2.19.0/google-cloud-workflow-executions-bom-2.19.0.pom
#14 534.3 [INFO] Downloaded from google-maven-central-copy: https://maven-central.storage-download.googleapis.com/maven2/com/google/cloud/google-cloud-workflow-executions-bom/2.19.0/google-cloud-workflow-executions-bom-2.19.0.pom (2.4 kB at 14 kB/s)
#14 534.3 [INFO] Downloading from google-maven-central-copy: https://maven-central.storage-download.googleapis.com/maven2/com/google/cloud/google-cloud-workflows-bom/2.19.0/google-cloud-workflows-bom-2.19.0.pom
#14 -586.872 [INFO] Downloaded from google-maven-central-copy: https://maven-central.storage-download.googleapis.com/maven2/com/google/cloud/google-cloud-workflows-bom/2.19.0/google-cloud-workflows-bom-2.19.0.pom (2.3 kB)
#14 -586.870 [INFO] Downloading from google-maven-central-copy: https://maven-central.storage-download.googleapis.com/maven2/com/google/cloud/google-cloud-workstations-bom/0.7.0/google-cloud-workstations-bom-0.7.0.pom
#14 535.6 [INFO] Downloaded from google-maven-central-copy: https://maven-central.storage-download.googleapis.com/maven2/com/google/cloud/google-cloud-workstations-bom/0.7.0/google-cloud-workstations-bom-0.7.0.pom (2.3 kB at 2 B/s)
#14 535.6 [INFO] Downloading from central: https://repo.maven.apache.org/maven2/com/google/cloud/google-cloud-bigquerystorage-bom/2.38.0/google-cloud-bigquerystorage-bom-2.38.0.pom
#14 535.7 [INFO] Downloaded from central: https://repo.maven.apache.org/maven2/com/google/cloud/google-cloud-bigquerystorage-bom/2.38.0/google-cloud-bigquerystorage-bom-2.38.0.pom (4.4 kB at 37 kB/s)
#14 535.7 [INFO] Downloading from central: https://repo.maven.apache.org/maven2/com/google/cloud/google-cloud-bigtable-bom/2.23.3/google-cloud-bigtable-bom-2.23.3.pom
#14 535.8 [INFO] Downloaded from central: https://repo.maven.apache.org/maven2/com/google/cloud/google-cloud-bigtable-bom/2.23.3/google-cloud-bigtable-bom-2.23.3.pom (4.8 kB at 61 kB/s)
#14 535.8 [INFO] Downloading from central: https://repo.maven.apache.org/maven2/com/google/cloud/google-cloud-datastore-bom/2.15.0/google-cloud-datastore-bom-2.15.0.pom
#14 535.9 [INFO] Downloaded from central: https://repo.maven.apache.org/maven2/com/google/cloud/google-cloud-datastore-bom/2.15.0/google-cloud-datastore-bom-2.15.0.pom (3.0 kB at 35 kB/s)
#14 535.9 [INFO] Downloading from central: https://repo.maven.apache.org/maven2/com/google/cloud/google-cloud-firestore-bom/3.13.0/google-cloud-firestore-bom-3.13.0.pom
#14 536.0 [INFO] Downloaded from central: https://repo.maven.apache.org/maven2/com/google/cloud/google-cloud-firestore-bom/3.13.0/google-cloud-firestore-bom-3.13.0.pom (3.8 kB at 43 kB/s)
#14 536.0 [INFO] Downloading from central: https://repo.maven.apache.org/maven2/com/google/cloud/google-cloud-logging-bom/3.15.3/google-cloud-logging-bom-3.15.3.pom
#14 536.1 [INFO] Downloaded from central: https://repo.maven.apache.org/maven2/com/google/cloud/google-cloud-logging-bom/3.15.3/google-cloud-logging-bom-3.15.3.pom (2.7 kB at 30 kB/s)
#14 536.1 [INFO] Downloading from central: https://repo.maven.apache.org/maven2/com/google/cloud/google-cloud-pubsub-bom/1.123.14/google-cloud-pubsub-bom-1.123.14.pom
#14 536.1 [INFO] Downloaded from central: https://repo.maven.apache.org/maven2/com/google/cloud/google-cloud-pubsub-bom/1.123.14/google-cloud-pubsub-bom-1.123.14.pom (2.7 kB at 30 kB/s)
#14 536.1 [INFO] Downloading from central: https://repo.maven.apache.org/maven2/com/google/cloud/google-cloud-pubsublite-bom/1.12.8/google-cloud-pubsublite-bom-1.12.8.pom
#14 536.2 [INFO] Downloaded from central: https://repo.maven.apache.org/maven2/com/google/cloud/google-cloud-pubsublite-bom/1.12.8/google-cloud-pubsublite-bom-1.12.8.pom (2.7 kB at 36 kB/s)
#14 536.2 [INFO] Downloading from central: https://repo.maven.apache.org/maven2/com/google/cloud/google-cloud-spanner-bom/6.43.0/google-cloud-spanner-bom-6.43.0.pom
#14 536.3 [INFO] Downloaded from central: https://repo.maven.apache.org/maven2/com/google/cloud/google-cloud-spanner-bom/6.43.0/google-cloud-spanner-bom-6.43.0.pom (4.9 kB at 57 kB/s)
#14 536.3 [INFO] Downloading from central: https://repo.maven.apache.org/maven2/com/google/cloud/google-cloud-storage-bom/2.22.4/google-cloud-storage-bom-2.22.4.pom
#14 536.4 [INFO] Downloaded from central: https://repo.maven.apache.org/maven2/com/google/cloud/google-cloud-storage-bom/2.22.4/google-cloud-storage-bom-2.22.4.pom (3.6 kB at 45 kB/s)
#14 536.4 [INFO] Downloading from central: https://repo.maven.apache.org/maven2/com/google/api-client/google-api-client/2.2.0/google-api-client-2.2.0.pom
#14 536.5 [INFO] Downloaded from central: https://repo.maven.apache.org/maven2/com/google/api-client/google-api-client/2.2.0/google-api-client-2.2.0.pom (6.6 kB at 89 kB/s)
#14 536.5 [INFO] Downloading from central: https://repo.maven.apache.org/maven2/com/google/api-client/google-api-client-parent/2.2.0/google-api-client-parent-2.2.0.pom
#14 536.6 [INFO] Downloaded from central: https://repo.maven.apache.org/maven2/com/google/api-client/google-api-client-parent/2.2.0/google-api-client-parent-2.2.0.pom (23 kB at 305 kB/s)
#14 536.6 [INFO] Downloading from central: https://repo.maven.apache.org/maven2/com/google/http-client/google-http-client-bom/1.42.3/google-http-client-bom-1.42.3.pom
#14 536.6 [INFO] Downloaded from central: https://repo.maven.apache.org/maven2/com/google/http-client/google-http-client-bom/1.42.3/google-http-client-bom-1.42.3.pom (6.8 kB at 83 kB/s)
#14 536.6 [INFO] Downloading from central: https://repo.maven.apache.org/maven2/commons-codec/commons-codec/1.15/commons-codec-1.15.pom
#14 536.7 [INFO] Downloaded from central: https://repo.maven.apache.org/maven2/commons-codec/commons-codec/1.15/commons-codec-1.15.pom (15 kB at 201 kB/s)
#14 536.7 [INFO] Downloading from central: https://repo.maven.apache.org/maven2/com/google/oauth-client/google-oauth-client/1.34.1/google-oauth-client-1.34.1.pom
#14 536.8 [INFO] Downloaded from central: https://repo.maven.apache.org/maven2/com/google/oauth-client/google-oauth-client/1.34.1/google-oauth-client-1.34.1.pom (3.4 kB at 45 kB/s)
#14 536.8 [INFO] Downloading from central: https://repo.maven.apache.org/maven2/com/google/oauth-client/google-oauth-client-parent/1.34.1/google-oauth-client-parent-1.34.1.pom
#14 536.9 [INFO] Downloaded from central: https://repo.maven.apache.org/maven2/com/google/oauth-client/google-oauth-client-parent/1.34.1/google-oauth-client-parent-1.34.1.pom (21 kB at 217 kB/s)
#14 536.9 [INFO] Downloading from central: https://repo.maven.apache.org/maven2/com/google/http-client/google-http-client-bom/1.42.0/google-http-client-bom-1.42.0.pom
#14 537.0 [INFO] Downloaded from central: https://repo.maven.apache.org/maven2/com/google/http-client/google-http-client-bom/1.42.0/google-http-client-bom-1.42.0.pom (6.8 kB at 76 kB/s)
#14 537.0 [INFO] Downloading from central: https://repo.maven.apache.org/maven2/com/google/http-client/google-http-client/1.43.1/google-http-client-1.43.1.pom
#14 537.1 [INFO] Downloaded from central: https://repo.maven.apache.org/maven2/com/google/http-client/google-http-client/1.43.1/google-http-client-1.43.1.pom (6.1 kB at 78 kB/s)
#14 537.1 [INFO] Downloading from central: https://repo.maven.apache.org/maven2/com/google/http-client/google-http-client-parent/1.43.1/google-http-client-parent-1.43.1.pom
#14 537.1 [INFO] Downloaded from central: https://repo.maven.apache.org/maven2/com/google/http-client/google-http-client-parent/1.43.1/google-http-client-parent-1.43.1.pom (27 kB at 343 kB/s)
#14 537.1 [INFO] Downloading from central: https://repo.maven.apache.org/maven2/org/apache/httpcomponents/httpclient/4.5.14/httpclient-4.5.14.pom
#14 537.2 [INFO] Downloaded from central: https://repo.maven.apache.org/maven2/org/apache/httpcomponents/httpclient/4.5.14/httpclient-4.5.14.pom (6.6 kB at 78 kB/s)
#14 537.2 [INFO] Downloading from central: https://repo.maven.apache.org/maven2/org/apache/httpcomponents/httpcomponents-client/4.5.14/httpcomponents-client-4.5.14.pom
#14 537.3 [INFO] Downloaded from central: https://repo.maven.apache.org/maven2/org/apache/httpcomponents/httpcomponents-client/4.5.14/httpcomponents-client-4.5.14.pom (15 kB at 189 kB/s)
#14 537.3 [INFO] Downloading from central: https://repo.maven.apache.org/maven2/org/apache/httpcomponents/httpcore/4.4.16/httpcore-4.4.16.pom
#14 537.4 [INFO] Downloaded from central: https://repo.maven.apache.org/maven2/org/apache/httpcomponents/httpcore/4.4.16/httpcore-4.4.16.pom (5.0 kB at 40 kB/s)
#14 537.5 [INFO] Downloading from central: https://repo.maven.apache.org/maven2/org/apache/httpcomponents/httpcomponents-core/4.4.16/httpcomponents-core-4.4.16.pom
#14 537.5 [INFO] Downloaded from central: https://repo.maven.apache.org/maven2/org/apache/httpcomponents/httpcomponents-core/4.4.16/httpcomponents-core-4.4.16.pom (12 kB at 161 kB/s)
#14 537.5 [INFO] Downloading from central: https://repo.maven.apache.org/maven2/com/google/errorprone/error_prone_annotations/2.18.0/error_prone_annotations-2.18.0.pom
#14 537.7 [INFO] Downloaded from central: https://repo.maven.apache.org/maven2/com/google/errorprone/error_prone_annotations/2.18.0/error_prone_annotations-2.18.0.pom (2.2 kB at 11 kB/s)
#14 537.7 [INFO] Downloading from central: https://repo.maven.apache.org/maven2/com/google/errorprone/error_prone_parent/2.18.0/error_prone_parent-2.18.0.pom
#14 537.8 [INFO] Downloaded from central: https://repo.maven.apache.org/maven2/com/google/errorprone/error_prone_parent/2.18.0/error_prone_parent-2.18.0.pom (11 kB at 92 kB/s)
#14 537.8 [INFO] Downloading from central: https://repo.maven.apache.org/maven2/com/google/guava/guava/31.1-jre/guava-31.1-jre.pom
#14 538.0 [INFO] Downloaded from central: https://repo.maven.apache.org/maven2/com/google/guava/guava/31.1-jre/guava-31.1-jre.pom (11 kB at 84 kB/s)
#14 538.0 [INFO] Downloading from central: https://repo.maven.apache.org/maven2/com/google/guava/guava-parent/31.1-jre/guava-parent-31.1-jre.pom
#14 538.1 [INFO] Downloaded from central: https://repo.maven.apache.org/maven2/com/google/guava/guava-parent/31.1-jre/guava-parent-31.1-jre.pom (15 kB at 103 kB/s)
#14 538.1 [INFO] Downloading from central: https://repo.maven.apache.org/maven2/com/google/guava/failureaccess/1.0.1/failureaccess-1.0.1.pom
#14 538.3 [INFO] Downloaded from central: https://repo.maven.apache.org/maven2/com/google/guava/failureaccess/1.0.1/failureaccess-1.0.1.pom (2.4 kB at 17 kB/s)
#14 538.3 [INFO] Downloading from central: https://repo.maven.apache.org/maven2/org/checkerframework/checker-qual/3.12.0/checker-qual-3.12.0.pom
#14 538.5 [INFO] Downloaded from central: https://repo.maven.apache.org/maven2/org/checkerframework/checker-qual/3.12.0/checker-qual-3.12.0.pom (2.1 kB at 11 kB/s)
#14 538.5 [INFO] Downloading from central: https://repo.maven.apache.org/maven2/com/google/errorprone/error_prone_annotations/2.11.0/error_prone_annotations-2.11.0.pom
#14 538.5 [INFO] Downloaded from central: https://repo.maven.apache.org/maven2/com/google/errorprone/error_prone_annotations/2.11.0/error_prone_annotations-2.11.0.pom (2.2 kB at 31 kB/s)
#14 538.5 [INFO] Downloading from central: https://repo.maven.apache.org/maven2/com/google/errorprone/error_prone_parent/2.11.0/error_prone_parent-2.11.0.pom
#14 538.7 [INFO] Downloaded from central: https://repo.maven.apache.org/maven2/com/google/errorprone/error_prone_parent/2.11.0/error_prone_parent-2.11.0.pom (11 kB at 83 kB/s)
#14 538.7 [INFO] Downloading from central: https://repo.maven.apache.org/maven2/com/google/j2objc/j2objc-annotations/1.3/j2objc-annotations-1.3.pom
#14 538.7 [INFO] Downloaded from central: https://repo.maven.apache.org/maven2/com/google/j2objc/j2objc-annotations/1.3/j2objc-annotations-1.3.pom (2.8 kB at 34 kB/s)
#14 538.8 [INFO] Downloading from central: https://repo.maven.apache.org/maven2/io/opencensus/opencensus-api/0.31.1/opencensus-api-0.31.1.pom
#14 538.9 [INFO] Downloaded from central: https://repo.maven.apache.org/maven2/io/opencensus/opencensus-api/0.31.1/opencensus-api-0.31.1.pom (2.2 kB at 13 kB/s)
#14 538.9 [INFO] Downloading from central: https://repo.maven.apache.org/maven2/io/grpc/grpc-context/1.55.1/grpc-context-1.55.1.pom
#14 539.0 [INFO] Downloaded from central: https://repo.maven.apache.org/maven2/io/grpc/grpc-context/1.55.1/grpc-context-1.55.1.pom (1.2 kB at 15 kB/s)
#14 539.0 [INFO] Downloading from central: https://repo.maven.apache.org/maven2/io/opencensus/opencensus-contrib-http-util/0.31.1/opencensus-contrib-http-util-0.31.1.pom
#14 539.2 [INFO] Downloaded from central: https://repo.maven.apache.org/maven2/io/opencensus/opencensus-contrib-http-util/0.31.1/opencensus-contrib-http-util-0.31.1.pom (2.4 kB at 12 kB/s)
#14 539.2 [INFO] Downloading from central: https://repo.maven.apache.org/maven2/com/google/http-client/google-http-client-gson/1.43.1/google-http-client-gson-1.43.1.pom
#14 539.4 [INFO] Downloaded from central: https://repo.maven.apache.org/maven2/com/google/http-client/google-http-client-gson/1.43.1/google-http-client-gson-1.43.1.pom (2.9 kB at 15 kB/s)
#14 539.4 [INFO] Downloading from central: https://repo.maven.apache.org/maven2/com/google/code/gson/gson/2.10.1/gson-2.10.1.pom
#14 539.5 [INFO] Downloaded from central: https://repo.maven.apache.org/maven2/com/google/code/gson/gson/2.10.1/gson-2.10.1.pom (9.4 kB at 119 kB/s)
#14 539.5 [INFO] Downloading from central: https://repo.maven.apache.org/maven2/com/google/code/gson/gson-parent/2.10.1/gson-parent-2.10.1.pom
#14 539.8 [INFO] Downloaded from central: https://repo.maven.apache.org/maven2/com/google/code/gson/gson-parent/2.10.1/gson-parent-2.10.1.pom (13 kB at 49 kB/s)
#14 539.8 [INFO] Downloading from central: https://repo.maven.apache.org/maven2/com/google/http-client/google-http-client-apache-v2/1.43.1/google-http-client-apache-v2-1.43.1.pom
#14 539.8 [INFO] Downloaded from central: https://repo.maven.apache.org/maven2/com/google/http-client/google-http-client-apache-v2/1.43.1/google-http-client-apache-v2-1.43.1.pom (3.5 kB at 46 kB/s)
#14 539.8 [INFO] Downloading from central: https://repo.maven.apache.org/maven2/com/google/api-client/google-api-client-gson/2.2.0/google-api-client-gson-2.2.0.pom
#14 540.0 [INFO] Downloaded from central: https://repo.maven.apache.org/maven2/com/google/api-client/google-api-client-gson/2.2.0/google-api-client-gson-2.2.0.pom (3.3 kB at 24 kB/s)
#14 540.0 [INFO] Downloading from central: https://repo.maven.apache.org/maven2/com/google/api/api-common/2.12.0/api-common-2.12.0.pom
#14 540.2 [INFO] Downloaded from central: https://repo.maven.apache.org/maven2/com/google/api/api-common/2.12.0/api-common-2.12.0.pom (4.9 kB at 29 kB/s)
#14 540.2 [INFO] Downloading from central: https://repo.maven.apache.org/maven2/com/google/auto/value/auto-value-annotations/1.10.1/auto-value-annotations-1.10.1.pom
#14 540.2 [INFO] Downloaded from central: https://repo.maven.apache.org/maven2/com/google/auto/value/auto-value-annotations/1.10.1/auto-value-annotations-1.10.1.pom (2.7 kB at 32 kB/s)
#14 540.2 [INFO] Downloading from central: https://repo.maven.apache.org/maven2/com/google/auto/value/auto-value-parent/1.10.1/auto-value-parent-1.10.1.pom
#14 540.4 [INFO] Downloaded from central: https://repo.maven.apache.org/maven2/com/google/auto/value/auto-value-parent/1.10.1/auto-value-parent-1.10.1.pom (8.2 kB at 42 kB/s)
#14 540.4 [INFO] Downloading from central: https://repo.maven.apache.org/maven2/javax/annotation/javax.annotation-api/1.3.2/javax.annotation-api-1.3.2.pom
#14 540.6 [INFO] Downloaded from central: https://repo.maven.apache.org/maven2/javax/annotation/javax.annotation-api/1.3.2/javax.annotation-api-1.3.2.pom (14 kB at 115 kB/s)
#14 540.6 [INFO] Downloading from central: https://repo.maven.apache.org/maven2/com/google/auth/google-auth-library-oauth2-http/1.17.0/google-auth-library-oauth2-http-1.17.0.pom
#14 540.7 [INFO] Downloaded from central: https://repo.maven.apache.org/maven2/com/google/auth/google-auth-library-oauth2-http/1.17.0/google-auth-library-oauth2-http-1.17.0.pom (7.4 kB at 48 kB/s)
#14 540.7 [INFO] Downloading from central: https://repo.maven.apache.org/maven2/com/google/auth/google-auth-library-parent/1.17.0/google-auth-library-parent-1.17.0.pom
#14 540.9 [INFO] Downloaded from central: https://repo.maven.apache.org/maven2/com/google/auth/google-auth-library-parent/1.17.0/google-auth-library-parent-1.17.0.pom (18 kB at 96 kB/s)
#14 540.9 [INFO] Downloading from central: https://repo.maven.apache.org/maven2/com/google/auth/google-auth-library-credentials/1.17.0/google-auth-library-credentials-1.17.0.pom
#14 541.1 [INFO] Downloaded from central: https://repo.maven.apache.org/maven2/com/google/auth/google-auth-library-credentials/1.17.0/google-auth-library-credentials-1.17.0.pom (2.0 kB at 14 kB/s)
#14 541.1 [INFO] Downloading from central: https://repo.maven.apache.org/maven2/com/google/cloud/google-cloud-storage/2.22.4/google-cloud-storage-2.22.4.pom
#14 541.3 [INFO] Downloaded from central: https://repo.maven.apache.org/maven2/com/google/cloud/google-cloud-storage/2.22.4/google-cloud-storage-2.22.4.pom (49 kB at 246 kB/s)
#14 541.3 [INFO] Downloading from central: https://repo.maven.apache.org/maven2/com/google/http-client/google-http-client-jackson2/1.43.1/google-http-client-jackson2-1.43.1.pom
#14 541.3 [INFO] Downloaded from central: https://repo.maven.apache.org/maven2/com/google/http-client/google-http-client-jackson2/1.43.1/google-http-client-jackson2-1.43.1.pom (2.9 kB at 37 kB/s)
#14 541.3 [INFO] Downloading from central: https://repo.maven.apache.org/maven2/com/google/apis/google-api-services-storage/v1-rev20230301-2.0.0/google-api-services-storage-v1-rev20230301-2.0.0.pom
#14 541.5 [INFO] Downloaded from central: https://repo.maven.apache.org/maven2/com/google/apis/google-api-services-storage/v1-rev20230301-2.0.0/google-api-services-storage-v1-rev20230301-2.0.0.pom (5.3 kB at 44 kB/s)
#14 541.5 [INFO] Downloading from central: https://repo.maven.apache.org/maven2/com/google/cloud/google-cloud-core/2.19.0/google-cloud-core-2.19.0.pom
#14 541.7 [INFO] Downloaded from central: https://repo.maven.apache.org/maven2/com/google/cloud/google-cloud-core/2.19.0/google-cloud-core-2.19.0.pom (3.3 kB at 16 kB/s)
#14 541.7 [INFO] Downloading from central: https://repo.maven.apache.org/maven2/com/google/cloud/google-cloud-core-parent/2.19.0/google-cloud-core-parent-2.19.0.pom
#14 541.8 [INFO] Downloaded from central: https://repo.maven.apache.org/maven2/com/google/cloud/google-cloud-core-parent/2.19.0/google-cloud-core-parent-2.19.0.pom (3.0 kB at 25 kB/s)
#14 541.8 [INFO] Downloading from central: https://repo.maven.apache.org/maven2/com/google/cloud/google-cloud-shared-dependencies/3.11.0/google-cloud-shared-dependencies-3.11.0.pom
#14 541.9 [INFO] Downloaded from central: https://repo.maven.apache.org/maven2/com/google/cloud/google-cloud-shared-dependencies/3.11.0/google-cloud-shared-dependencies-3.11.0.pom (1.9 kB at 13 kB/s)
#14 542.0 [INFO] Downloading from google-maven-central-copy: https://maven-central.storage-download.googleapis.com/maven2/com/google/cloud/third-party-dependencies/3.11.0/third-party-dependencies-3.11.0.pom
#14 542.2 [INFO] Downloaded from google-maven-central-copy: https://maven-central.storage-download.googleapis.com/maven2/com/google/cloud/third-party-dependencies/3.11.0/third-party-dependencies-3.11.0.pom (5.6 kB at 21 kB/s)
#14 542.2 [INFO] Downloading from central: https://repo.maven.apache.org/maven2/com/google/cloud/google-cloud-core-http/2.19.0/google-cloud-core-http-2.19.0.pom
#14 542.4 [INFO] Downloaded from central: https://repo.maven.apache.org/maven2/com/google/cloud/google-cloud-core-http/2.19.0/google-cloud-core-http-2.19.0.pom (3.0 kB at 16 kB/s)
#14 542.4 [INFO] Downloading from central: https://repo.maven.apache.org/maven2/com/google/http-client/google-http-client-appengine/1.43.1/google-http-client-appengine-1.43.1.pom
#14 542.5 [INFO] Downloaded from central: https://repo.maven.apache.org/maven2/com/google/http-client/google-http-client-appengine/1.43.1/google-http-client-appengine-1.43.1.pom (3.7 kB at 41 kB/s)
#14 542.5 [INFO] Downloading from central: https://repo.maven.apache.org/maven2/com/google/api/gax-httpjson/0.114.0/gax-httpjson-0.114.0.pom
#14 542.6 [INFO] Downloaded from central: https://repo.maven.apache.org/maven2/com/google/api/gax-httpjson/0.114.0/gax-httpjson-0.114.0.pom (3.6 kB at 45 kB/s)
#14 542.6 [INFO] Downloading from central: https://repo.maven.apache.org/maven2/com/google/api/gax-parent/2.29.0/gax-parent-2.29.0.pom
#14 542.7 [INFO] Downloaded from central: https://repo.maven.apache.org/maven2/com/google/api/gax-parent/2.29.0/gax-parent-2.29.0.pom (8.8 kB at 97 kB/s)
#14 542.7 [INFO] Downloading from central: https://repo.maven.apache.org/maven2/com/google/cloud/google-cloud-core-grpc/2.19.0/google-cloud-core-grpc-2.19.0.pom
#14 542.8 [INFO] Downloaded from central: https://repo.maven.apache.org/maven2/com/google/cloud/google-cloud-core-grpc/2.19.0/google-cloud-core-grpc-2.19.0.pom (2.2 kB at 26 kB/s)
#14 542.8 [INFO] Downloading from central: https://repo.maven.apache.org/maven2/com/google/api/gax/2.29.0/gax-2.29.0.pom
#14 542.9 [INFO] Downloaded from central: https://repo.maven.apache.org/maven2/com/google/api/gax/2.29.0/gax-2.29.0.pom (3.1 kB at 38 kB/s)
#14 542.9 [INFO] Downloading from central: https://repo.maven.apache.org/maven2/com/google/api/gax-grpc/2.29.0/gax-grpc-2.29.0.pom
#14 542.9 [INFO] Downloaded from central: https://repo.maven.apache.org/maven2/com/google/api/gax-grpc/2.29.0/gax-grpc-2.29.0.pom (3.9 kB at 48 kB/s)
#14 542.9 [INFO] Downloading from central: https://repo.maven.apache.org/maven2/io/grpc/grpc-alts/1.55.1/grpc-alts-1.55.1.pom
#14 543.0 [INFO] Downloaded from central: https://repo.maven.apache.org/maven2/io/grpc/grpc-alts/1.55.1/grpc-alts-1.55.1.pom (2.9 kB at 32 kB/s)
#14 543.0 [INFO] Downloading from central: https://repo.maven.apache.org/maven2/io/grpc/grpc-grpclb/1.55.1/grpc-grpclb-1.55.1.pom
#14 543.1 [INFO] Downloaded from central: https://repo.maven.apache.org/maven2/io/grpc/grpc-grpclb/1.55.1/grpc-grpclb-1.55.1.pom (2.5 kB at 30 kB/s)
#14 543.1 [INFO] Downloading from central: https://repo.maven.apache.org/maven2/org/conscrypt/conscrypt-openjdk-uber/2.5.2/conscrypt-openjdk-uber-2.5.2.pom
#14 543.2 [INFO] Downloaded from central: https://repo.maven.apache.org/maven2/org/conscrypt/conscrypt-openjdk-uber/2.5.2/conscrypt-openjdk-uber-2.5.2.pom (1.3 kB at 13 kB/s)
#14 543.2 [INFO] Downloading from central: https://repo.maven.apache.org/maven2/io/grpc/grpc-auth/1.55.1/grpc-auth-1.55.1.pom
#14 543.4 [INFO] Downloaded from central: https://repo.maven.apache.org/maven2/io/grpc/grpc-auth/1.55.1/grpc-auth-1.55.1.pom (1.8 kB at 8.4 kB/s)
#14 543.4 [INFO] Downloading from central: https://repo.maven.apache.org/maven2/io/grpc/grpc-protobuf/1.55.1/grpc-protobuf-1.55.1.pom
#14 543.7 [INFO] Downloaded from central: https://repo.maven.apache.org/maven2/io/grpc/grpc-protobuf/1.55.1/grpc-protobuf-1.55.1.pom (2.7 kB at 10 kB/s)
#14 543.7 [INFO] Downloading from central: https://repo.maven.apache.org/maven2/io/grpc/grpc-protobuf-lite/1.55.1/grpc-protobuf-lite-1.55.1.pom
#14 543.9 [INFO] Downloaded from central: https://repo.maven.apache.org/maven2/io/grpc/grpc-protobuf-lite/1.55.1/grpc-protobuf-lite-1.55.1.pom (2.0 kB at 7.9 kB/s)
#14 543.9 [INFO] Downloading from central: https://repo.maven.apache.org/maven2/com/google/api/grpc/proto-google-iam-v1/1.15.0/proto-google-iam-v1-1.15.0.pom
#14 544.2 [INFO] Downloaded from central: https://repo.maven.apache.org/maven2/com/google/api/grpc/proto-google-iam-v1/1.15.0/proto-google-iam-v1-1.15.0.pom (3.0 kB at 13 kB/s)
#14 544.2 [INFO] Downloading from central: https://repo.maven.apache.org/maven2/com/google/protobuf/protobuf-java/3.23.2/protobuf-java-3.23.2.pom
#14 544.4 [INFO] Downloaded from central: https://repo.maven.apache.org/maven2/com/google/protobuf/protobuf-java/3.23.2/protobuf-java-3.23.2.pom (1.6 kB at 9.0 kB/s)
#14 544.4 [INFO] Downloading from central: https://repo.maven.apache.org/maven2/com/google/protobuf/protobuf-parent/3.23.2/protobuf-parent-3.23.2.pom
#14 544.5 [INFO] Downloaded from central: https://repo.maven.apache.org/maven2/com/google/protobuf/protobuf-parent/3.23.2/protobuf-parent-3.23.2.pom (9.0 kB at 63 kB/s)
#14 544.5 [INFO] Downloading from central: https://repo.maven.apache.org/maven2/com/google/protobuf/protobuf-java-util/3.23.2/protobuf-java-util-3.23.2.pom
#14 545.1 [INFO] Downloaded from central: https://repo.maven.apache.org/maven2/com/google/protobuf/protobuf-java-util/3.23.2/protobuf-java-util-3.23.2.pom (2.5 kB at 3.8 kB/s)
#14 545.1 [INFO] Downloading from central: https://repo.maven.apache.org/maven2/com/google/api/grpc/proto-google-common-protos/2.20.0/proto-google-common-protos-2.20.0.pom
#14 545.2 [INFO] Downloaded from central: https://repo.maven.apache.org/maven2/com/google/api/grpc/proto-google-common-protos/2.20.0/proto-google-common-protos-2.20.0.pom (2.7 kB at 25 kB/s)
#14 545.3 [INFO] Downloading from central: https://repo.maven.apache.org/maven2/org/threeten/threetenbp/1.6.8/threetenbp-1.6.8.pom
#14 545.9 [INFO] Downloaded from central: https://repo.maven.apache.org/maven2/org/threeten/threetenbp/1.6.8/threetenbp-1.6.8.pom (33 kB at 47 kB/s)
#14 545.9 [INFO] Downloading from central: https://repo.maven.apache.org/maven2/com/google/api/grpc/proto-google-cloud-storage-v2/2.22.4-alpha/proto-google-cloud-storage-v2-2.22.4-alpha.pom
#14 546.8 [INFO] Downloaded from central: https://repo.maven.apache.org/maven2/com/google/api/grpc/proto-google-cloud-storage-v2/2.22.4-alpha/proto-google-cloud-storage-v2-2.22.4-alpha.pom (1.4 kB at 1.7 kB/s)
#14 546.8 [INFO] Downloading from central: https://repo.maven.apache.org/maven2/com/google/cloud/google-cloud-storage-parent/2.22.4/google-cloud-storage-parent-2.22.4.pom
#14 547.1 [INFO] Downloaded from central: https://repo.maven.apache.org/maven2/com/google/cloud/google-cloud-storage-parent/2.22.4/google-cloud-storage-parent-2.22.4.pom (6.9 kB at 21 kB/s)
#14 547.1 [INFO] Downloading from central: https://repo.maven.apache.org/maven2/com/google/api/grpc/grpc-google-cloud-storage-v2/2.22.4-alpha/grpc-google-cloud-storage-v2-2.22.4-alpha.pom
#14 547.3 [INFO] Downloaded from central: https://repo.maven.apache.org/maven2/com/google/api/grpc/grpc-google-cloud-storage-v2/2.22.4-alpha/grpc-google-cloud-storage-v2-2.22.4-alpha.pom (2.0 kB at 14 kB/s)
#14 547.3 [INFO] Downloading from central: https://repo.maven.apache.org/maven2/com/google/api/grpc/gapic-google-cloud-storage-v2/2.22.4-alpha/gapic-google-cloud-storage-v2-2.22.4-alpha.pom
#14 547.5 [INFO] Downloaded from central: https://repo.maven.apache.org/maven2/com/google/api/grpc/gapic-google-cloud-storage-v2/2.22.4-alpha/gapic-google-cloud-storage-v2-2.22.4-alpha.pom (3.0 kB at 17 kB/s)
#14 547.5 [INFO] Downloading from central: https://repo.maven.apache.org/maven2/io/grpc/grpc-api/1.55.1/grpc-api-1.55.1.pom
#14 547.6 [INFO] Downloaded from central: https://repo.maven.apache.org/maven2/io/grpc/grpc-api/1.55.1/grpc-api-1.55.1.pom (2.0 kB at 12 kB/s)
#14 547.6 [INFO] Downloading from central: https://repo.maven.apache.org/maven2/io/grpc/grpc-netty-shaded/1.55.1/grpc-netty-shaded-1.55.1.pom
#14 548.3 [INFO] Downloaded from central: https://repo.maven.apache.org/maven2/io/grpc/grpc-netty-shaded/1.55.1/grpc-netty-shaded-1.55.1.pom (2.0 kB at 3.0 kB/s)
#14 548.3 [INFO] Downloading from central: https://repo.maven.apache.org/maven2/io/perfmark/perfmark-api/0.26.0/perfmark-api-0.26.0.pom
#14 548.4 [INFO] Downloaded from central: https://repo.maven.apache.org/maven2/io/perfmark/perfmark-api/0.26.0/perfmark-api-0.26.0.pom (1.5 kB at 16 kB/s)
#14 548.4 [INFO] Downloading from central: https://repo.maven.apache.org/maven2/io/grpc/grpc-core/1.55.1/grpc-core-1.55.1.pom
#14 548.5 [INFO] Downloaded from central: https://repo.maven.apache.org/maven2/io/grpc/grpc-core/1.55.1/grpc-core-1.55.1.pom (2.5 kB at 24 kB/s)
#14 548.5 [INFO] Downloading from central: https://repo.maven.apache.org/maven2/com/google/android/annotations/4.1.1.4/annotations-4.1.1.4.pom
#14 548.6 [INFO] Downloaded from central: https://repo.maven.apache.org/maven2/com/google/android/annotations/4.1.1.4/annotations-4.1.1.4.pom (1.8 kB at 17 kB/s)
#14 548.6 [INFO] Downloading from central: https://repo.maven.apache.org/maven2/org/codehaus/mojo/animal-sniffer-annotations/1.23/animal-sniffer-annotations-1.23.pom
#14 549.5 [INFO] Downloaded from central: https://repo.maven.apache.org/maven2/org/codehaus/mojo/animal-sniffer-annotations/1.23/animal-sniffer-annotations-1.23.pom (1.7 kB at 1.8 kB/s)
#14 549.5 [INFO] Downloading from central: https://repo.maven.apache.org/maven2/org/codehaus/mojo/animal-sniffer-parent/1.23/animal-sniffer-parent-1.23.pom
#14 549.7 [INFO] Downloaded from central: https://repo.maven.apache.org/maven2/org/codehaus/mojo/animal-sniffer-parent/1.23/animal-sniffer-parent-1.23.pom (5.9 kB at 37 kB/s)
#14 549.7 [INFO] Downloading from central: https://repo.maven.apache.org/maven2/io/grpc/grpc-stub/1.55.1/grpc-stub-1.55.1.pom
#14 549.9 [INFO] Downloaded from central: https://repo.maven.apache.org/maven2/io/grpc/grpc-stub/1.55.1/grpc-stub-1.55.1.pom (1.8 kB at 9.9 kB/s)
#14 549.9 [INFO] Downloading from central: https://repo.maven.apache.org/maven2/io/grpc/grpc-googleapis/1.55.1/grpc-googleapis-1.55.1.pom
#14 550.0 [INFO] Downloaded from central: https://repo.maven.apache.org/maven2/io/grpc/grpc-googleapis/1.55.1/grpc-googleapis-1.55.1.pom (2.1 kB at 16 kB/s)
#14 550.0 [INFO] Downloading from central: https://repo.maven.apache.org/maven2/org/checkerframework/checker-qual/3.32.0/checker-qual-3.32.0.pom
#14 550.6 [INFO] Downloaded from central: https://repo.maven.apache.org/maven2/org/checkerframework/checker-qual/3.32.0/checker-qual-3.32.0.pom (2.1 kB at 3.7 kB/s)
#14 550.6 [INFO] Downloading from central: https://repo.maven.apache.org/maven2/io/grpc/grpc-xds/1.55.1/grpc-xds-1.55.1.pom
#14 550.7 [INFO] Downloaded from central: https://repo.maven.apache.org/maven2/io/grpc/grpc-xds/1.55.1/grpc-xds-1.55.1.pom (3.4 kB at 19 kB/s)
#14 550.7 [INFO] Downloading from central: https://repo.maven.apache.org/maven2/io/opencensus/opencensus-proto/0.2.0/opencensus-proto-0.2.0.pom
#14 551.0 [INFO] Downloaded from central: https://repo.maven.apache.org/maven2/io/opencensus/opencensus-proto/0.2.0/opencensus-proto-0.2.0.pom (1.9 kB at 8.3 kB/s)
#14 551.0 [INFO] Downloading from central: https://repo.maven.apache.org/maven2/io/grpc/grpc-services/1.55.1/grpc-services-1.55.1.pom
#14 551.1 [INFO] Downloaded from central: https://repo.maven.apache.org/maven2/io/grpc/grpc-services/1.55.1/grpc-services-1.55.1.pom (2.3 kB at 16 kB/s)
#14 551.1 [INFO] Downloading from central: https://repo.maven.apache.org/maven2/com/google/re2j/re2j/1.6/re2j-1.6.pom
#14 551.2 [INFO] Downloaded from central: https://repo.maven.apache.org/maven2/com/google/re2j/re2j/1.6/re2j-1.6.pom (933 B at 8.6 kB/s)
#14 551.2 [INFO] Downloading from central: https://repo.maven.apache.org/maven2/io/grpc/grpc-rls/1.55.1/grpc-rls-1.55.1.pom
#14 551.3 [INFO] Downloaded from central: https://repo.maven.apache.org/maven2/io/grpc/grpc-rls/1.55.1/grpc-rls-1.55.1.pom (2.2 kB at 20 kB/s)
#14 551.3 [INFO] Downloading from central: https://repo.maven.apache.org/maven2/com/google/cloud/google-cloud-firestore/3.13.0/google-cloud-firestore-3.13.0.pom
#14 551.8 [INFO] Downloaded from central: https://repo.maven.apache.org/maven2/com/google/cloud/google-cloud-firestore/3.13.0/google-cloud-firestore-3.13.0.pom (43 kB at 86 kB/s)
#14 551.8 [INFO] Downloading from central: https://repo.maven.apache.org/maven2/com/google/api/grpc/proto-google-cloud-firestore-v1/3.13.0/proto-google-cloud-firestore-v1-3.13.0.pom
#14 552.0 [INFO] Downloaded from central: https://repo.maven.apache.org/maven2/com/google/api/grpc/proto-google-cloud-firestore-v1/3.13.0/proto-google-cloud-firestore-v1-3.13.0.pom (9.3 kB at 82 kB/s)
#14 552.0 [INFO] Downloading from central: https://repo.maven.apache.org/maven2/com/google/cloud/proto-google-cloud-firestore-bundle-v1/3.13.0/proto-google-cloud-firestore-bundle-v1-3.13.0.pom
#14 552.1 [INFO] Downloaded from central: https://repo.maven.apache.org/maven2/com/google/cloud/proto-google-cloud-firestore-bundle-v1/3.13.0/proto-google-cloud-firestore-bundle-v1-3.13.0.pom (10 kB at 89 kB/s)
#14 552.1 [INFO] Downloading from central: https://repo.maven.apache.org/maven2/io/opencensus/opencensus-contrib-grpc-util/0.31.1/opencensus-contrib-grpc-util-0.31.1.pom
#14 552.2 [INFO] Downloaded from central: https://repo.maven.apache.org/maven2/io/opencensus/opencensus-contrib-grpc-util/0.31.1/opencensus-contrib-grpc-util-0.31.1.pom (2.9 kB at 29 kB/s)
#14 552.2 [INFO] Downloading from central: https://repo.maven.apache.org/maven2/io/netty/netty-codec-http/4.1.94.Final/netty-codec-http-4.1.94.Final.pom
#14 552.3 [INFO] Downloaded from central: https://repo.maven.apache.org/maven2/io/netty/netty-codec-http/4.1.94.Final/netty-codec-http-4.1.94.Final.pom (4.2 kB at 26 kB/s)
#14 552.3 [INFO] Downloading from central: https://repo.maven.apache.org/maven2/io/netty/netty-parent/4.1.94.Final/netty-parent-4.1.94.Final.pom
#14 552.6 [INFO] Downloaded from central: https://repo.maven.apache.org/maven2/io/netty/netty-parent/4.1.94.Final/netty-parent-4.1.94.Final.pom (83 kB at 356 kB/s)
#14 552.6 [INFO] Downloading from central: https://repo.maven.apache.org/maven2/io/netty/netty-common/4.1.94.Final/netty-common-4.1.94.Final.pom
#14 552.7 [INFO] Downloaded from central: https://repo.maven.apache.org/maven2/io/netty/netty-common/4.1.94.Final/netty-common-4.1.94.Final.pom (12 kB at 146 kB/s)
#14 552.7 [INFO] Downloading from central: https://repo.maven.apache.org/maven2/io/netty/netty-buffer/4.1.94.Final/netty-buffer-4.1.94.Final.pom
#14 552.8 [INFO] Downloaded from central: https://repo.maven.apache.org/maven2/io/netty/netty-buffer/4.1.94.Final/netty-buffer-4.1.94.Final.pom (1.6 kB at 9.6 kB/s)
#14 552.8 [INFO] Downloading from central: https://repo.maven.apache.org/maven2/io/netty/netty-transport/4.1.94.Final/netty-transport-4.1.94.Final.pom
#14 552.9 [INFO] Downloaded from central: https://repo.maven.apache.org/maven2/io/netty/netty-transport/4.1.94.Final/netty-transport-4.1.94.Final.pom (2.2 kB at 22 kB/s)
#14 552.9 [INFO] Downloading from central: https://repo.maven.apache.org/maven2/io/netty/netty-resolver/4.1.94.Final/netty-resolver-4.1.94.Final.pom
#14 553.1 [INFO] Downloaded from central: https://repo.maven.apache.org/maven2/io/netty/netty-resolver/4.1.94.Final/netty-resolver-4.1.94.Final.pom (1.6 kB at 14 kB/s)
#14 553.1 [INFO] Downloading from central: https://repo.maven.apache.org/maven2/io/netty/netty-codec/4.1.94.Final/netty-codec-4.1.94.Final.pom
#14 553.1 [INFO] Downloaded from central: https://repo.maven.apache.org/maven2/io/netty/netty-codec/4.1.94.Final/netty-codec-4.1.94.Final.pom (5.3 kB at 68 kB/s)
#14 553.1 [INFO] Downloading from central: https://repo.maven.apache.org/maven2/io/netty/netty-handler/4.1.94.Final/netty-handler-4.1.94.Final.pom
#14 553.2 [INFO] Downloaded from central: https://repo.maven.apache.org/maven2/io/netty/netty-handler/4.1.94.Final/netty-handler-4.1.94.Final.pom (4.6 kB at 62 kB/s)
#14 553.2 [INFO] Downloading from central: https://repo.maven.apache.org/maven2/io/netty/netty-transport-native-unix-common/4.1.94.Final/netty-transport-native-unix-common-4.1.94.Final.pom
#14 553.3 [INFO] Downloaded from central: https://repo.maven.apache.org/maven2/io/netty/netty-transport-native-unix-common/4.1.94.Final/netty-transport-native-unix-common-4.1.94.Final.pom (29 kB at 354 kB/s)
#14 553.3 [INFO] Downloading from central: https://repo.maven.apache.org/maven2/com/google/firebase/firebase-admin/9.2.0/firebase-admin-9.2.0.jar
#14 556.4 [INFO] Downloaded from central: https://repo.maven.apache.org/maven2/com/google/firebase/firebase-admin/9.2.0/firebase-admin-9.2.0.jar (1.0 MB at 330 kB/s)
#14 556.4 [INFO] Downloading from central: https://repo.maven.apache.org/maven2/com/google/api-client/google-api-client/2.2.0/google-api-client-2.2.0.jar
#14 556.4 [INFO] Downloading from central: https://repo.maven.apache.org/maven2/commons-codec/commons-codec/1.15/commons-codec-1.15.jar
#14 556.4 [INFO] Downloading from central: https://repo.maven.apache.org/maven2/com/google/oauth-client/google-oauth-client/1.34.1/google-oauth-client-1.34.1.jar
#14 556.4 [INFO] Downloading from central: https://repo.maven.apache.org/maven2/com/google/http-client/google-http-client-gson/1.43.1/google-http-client-gson-1.43.1.jar
#14 556.4 [INFO] Downloading from central: https://repo.maven.apache.org/maven2/com/google/http-client/google-http-client-apache-v2/1.43.1/google-http-client-apache-v2-1.43.1.jar
#14 556.5 [INFO] Downloaded from central: https://repo.maven.apache.org/maven2/com/google/http-client/google-http-client-gson/1.43.1/google-http-client-gson-1.43.1.jar (12 kB at 91 kB/s)
#14 556.5 [INFO] Downloading from central: https://repo.maven.apache.org/maven2/org/apache/httpcomponents/httpcore/4.4.16/httpcore-4.4.16.jar
#14 556.5 [INFO] Downloaded from central: https://repo.maven.apache.org/maven2/com/google/http-client/google-http-client-apache-v2/1.43.1/google-http-client-apache-v2-1.43.1.jar (11 kB at 63 kB/s)
#14 556.5 [INFO] Downloading from central: https://repo.maven.apache.org/maven2/org/apache/httpcomponents/httpclient/4.5.14/httpclient-4.5.14.jar
#14 556.8 [INFO] Downloaded from central: https://repo.maven.apache.org/maven2/com/google/oauth-client/google-oauth-client/1.34.1/google-oauth-client-1.34.1.jar (81 kB at 193 kB/s)
#14 556.8 [INFO] Downloading from central: https://repo.maven.apache.org/maven2/com/google/api-client/google-api-client-gson/2.2.0/google-api-client-gson-2.2.0.jar
#14 556.8 [INFO] Downloaded from central: https://repo.maven.apache.org/maven2/com/google/api-client/google-api-client/2.2.0/google-api-client-2.2.0.jar (300 kB at 643 kB/s)
#14 556.8 [INFO] Downloading from central: https://repo.maven.apache.org/maven2/com/google/http-client/google-http-client/1.43.1/google-http-client-1.43.1.jar
#14 556.9 [INFO] Downloaded from central: https://repo.maven.apache.org/maven2/com/google/api-client/google-api-client-gson/2.2.0/google-api-client-gson-2.2.0.jar (4.8 kB at 9.4 kB/s)
#14 556.9 [INFO] Downloading from central: https://repo.maven.apache.org/maven2/com/google/errorprone/error_prone_annotations/2.18.0/error_prone_annotations-2.18.0.jar
#14 557.0 [INFO] Downloaded from central: https://repo.maven.apache.org/maven2/com/google/errorprone/error_prone_annotations/2.18.0/error_prone_annotations-2.18.0.jar (16 kB at 24 kB/s)
#14 557.0 [INFO] Downloading from central: https://repo.maven.apache.org/maven2/com/google/j2objc/j2objc-annotations/1.3/j2objc-annotations-1.3.jar
#14 557.1 [INFO] Downloaded from central: https://repo.maven.apache.org/maven2/org/apache/httpcomponents/httpcore/4.4.16/httpcore-4.4.16.jar (328 kB at 452 kB/s)
#14 557.1 [INFO] Downloading from central: https://repo.maven.apache.org/maven2/io/opencensus/opencensus-api/0.31.1/opencensus-api-0.31.1.jar
#14 557.1 [INFO] Downloaded from central: https://repo.maven.apache.org/maven2/com/google/j2objc/j2objc-annotations/1.3/j2objc-annotations-1.3.jar (8.8 kB at 11 kB/s)
#14 557.1 [INFO] Downloading from central: https://repo.maven.apache.org/maven2/io/opencensus/opencensus-contrib-http-util/0.31.1/opencensus-contrib-http-util-0.31.1.jar
#14 557.3 [INFO] Downloaded from central: https://repo.maven.apache.org/maven2/io/opencensus/opencensus-contrib-http-util/0.31.1/opencensus-contrib-http-util-0.31.1.jar (23 kB at 25 kB/s)
#14 557.3 [INFO] Downloading from central: https://repo.maven.apache.org/maven2/com/google/api/api-common/2.12.0/api-common-2.12.0.jar
#14 557.6 [INFO] Downloaded from central: https://repo.maven.apache.org/maven2/com/google/api/api-common/2.12.0/api-common-2.12.0.jar (50 kB at 42 kB/s)
#14 557.6 [INFO] Downloading from central: https://repo.maven.apache.org/maven2/com/google/auto/value/auto-value-annotations/1.10.1/auto-value-annotations-1.10.1.jar
#14 557.7 [INFO] Downloaded from central: https://repo.maven.apache.org/maven2/io/opencensus/opencensus-api/0.31.1/opencensus-api-0.31.1.jar (355 kB at 276 kB/s)
#14 557.7 [INFO] Downloading from central: https://repo.maven.apache.org/maven2/javax/annotation/javax.annotation-api/1.3.2/javax.annotation-api-1.3.2.jar
#14 557.7 [INFO] Downloaded from central: https://repo.maven.apache.org/maven2/com/google/auto/value/auto-value-annotations/1.10.1/auto-value-annotations-1.10.1.jar (7.5 kB at 5.7 kB/s)
#14 557.7 [INFO] Downloading from central: https://repo.maven.apache.org/maven2/com/google/auth/google-auth-library-oauth2-http/1.17.0/google-auth-library-oauth2-http-1.17.0.jar
#14 557.7 [INFO] Downloaded from central: https://repo.maven.apache.org/maven2/com/google/http-client/google-http-client/1.43.1/google-http-client-1.43.1.jar (293 kB at 213 kB/s)
#14 557.7 [INFO] Downloading from central: https://repo.maven.apache.org/maven2/com/google/auth/google-auth-library-credentials/1.17.0/google-auth-library-credentials-1.17.0.jar
#14 557.8 [INFO] Downloaded from central: https://repo.maven.apache.org/maven2/javax/annotation/javax.annotation-api/1.3.2/javax.annotation-api-1.3.2.jar (27 kB at 19 kB/s)
#14 557.8 [INFO] Downloading from central: https://repo.maven.apache.org/maven2/com/google/cloud/google-cloud-storage/2.22.4/google-cloud-storage-2.22.4.jar
#14 557.8 [INFO] Downloaded from central: https://repo.maven.apache.org/maven2/com/google/auth/google-auth-library-credentials/1.17.0/google-auth-library-credentials-1.17.0.jar (6.0 kB at 4.1 kB/s)
#14 557.8 [INFO] Downloading from central: https://repo.maven.apache.org/maven2/com/google/guava/failureaccess/1.0.1/failureaccess-1.0.1.jar
#14 557.9 [INFO] Downloaded from central: https://repo.maven.apache.org/maven2/commons-codec/commons-codec/1.15/commons-codec-1.15.jar (354 kB at 232 kB/s)
#14 557.9 [INFO] Downloading from central: https://repo.maven.apache.org/maven2/com/google/http-client/google-http-client-jackson2/1.43.1/google-http-client-jackson2-1.43.1.jar
#14 557.9 [INFO] Downloaded from central: https://repo.maven.apache.org/maven2/com/google/guava/failureaccess/1.0.1/failureaccess-1.0.1.jar (4.6 kB at 3.0 kB/s)
#14 557.9 [INFO] Downloading from central: https://repo.maven.apache.org/maven2/com/google/apis/google-api-services-storage/v1-rev20230301-2.0.0/google-api-services-storage-v1-rev20230301-2.0.0.jar
#14 558.0 [INFO] Downloaded from central: https://repo.maven.apache.org/maven2/com/google/http-client/google-http-client-jackson2/1.43.1/google-http-client-jackson2-1.43.1.jar (8.7 kB at 5.3 kB/s)
#14 558.0 [INFO] Downloading from central: https://repo.maven.apache.org/maven2/com/google/code/gson/gson/2.10.1/gson-2.10.1.jar
#14 558.5 [INFO] Downloaded from central: https://repo.maven.apache.org/maven2/com/google/auth/google-auth-library-oauth2-http/1.17.0/google-auth-library-oauth2-http-1.17.0.jar (247 kB at 115 kB/s)
#14 558.5 [INFO] Downloading from central: https://repo.maven.apache.org/maven2/com/google/cloud/google-cloud-core/2.19.0/google-cloud-core-2.19.0.jar
#14 559.1 [INFO] Downloaded from central: https://repo.maven.apache.org/maven2/com/google/cloud/google-cloud-storage/2.22.4/google-cloud-storage-2.22.4.jar (714 kB at 263 kB/s)
#14 559.1 [INFO] Downloading from central: https://repo.maven.apache.org/maven2/com/google/cloud/google-cloud-core-http/2.19.0/google-cloud-core-http-2.19.0.jar
#14 559.2 [INFO] Downloaded from central: https://repo.maven.apache.org/maven2/com/google/cloud/google-cloud-core/2.19.0/google-cloud-core-2.19.0.jar (133 kB at 47 kB/s)
#14 559.2 [INFO] Downloading from central: https://repo.maven.apache.org/maven2/com/google/http-client/google-http-client-appengine/1.43.1/google-http-client-appengine-1.43.1.jar
#14 559.2 [INFO] Downloaded from central: https://repo.maven.apache.org/maven2/com/google/code/gson/gson/2.10.1/gson-2.10.1.jar (283 kB at 100 kB/s)
#14 559.2 [INFO] Downloading from central: https://repo.maven.apache.org/maven2/com/google/api/gax-httpjson/0.114.0/gax-httpjson-0.114.0.jar
#14 559.2 [INFO] Downloaded from central: https://repo.maven.apache.org/maven2/org/apache/httpcomponents/httpclient/4.5.14/httpclient-4.5.14.jar (786 kB at 278 kB/s)
#14 559.2 [INFO] Downloading from central: https://repo.maven.apache.org/maven2/com/google/cloud/google-cloud-core-grpc/2.19.0/google-cloud-core-grpc-2.19.0.jar
#14 559.3 [INFO] Downloaded from central: https://repo.maven.apache.org/maven2/com/google/cloud/google-cloud-core-http/2.19.0/google-cloud-core-http-2.19.0.jar (15 kB at 5.2 kB/s)
#14 559.3 [INFO] Downloading from central: https://repo.maven.apache.org/maven2/com/google/api/gax/2.29.0/gax-2.29.0.jar
#14 559.3 [INFO] Downloaded from central: https://repo.maven.apache.org/maven2/com/google/apis/google-api-services-storage/v1-rev20230301-2.0.0/google-api-services-storage-v1-rev20230301-2.0.0.jar (173 kB at 58 kB/s)
#14 559.3 [INFO] Downloading from central: https://repo.maven.apache.org/maven2/com/google/api/gax-grpc/2.29.0/gax-grpc-2.29.0.jar
#14 559.4 [INFO] Downloaded from central: https://repo.maven.apache.org/maven2/com/google/http-client/google-http-client-appengine/1.43.1/google-http-client-appengine-1.43.1.jar (19 kB at 6.2 kB/s)
#14 559.4 [INFO] Downloading from central: https://repo.maven.apache.org/maven2/io/grpc/grpc-alts/1.55.1/grpc-alts-1.55.1.jar
#14 559.4 [INFO] Downloaded from central: https://repo.maven.apache.org/maven2/com/google/cloud/google-cloud-core-grpc/2.19.0/google-cloud-core-grpc-2.19.0.jar (17 kB at 5.6 kB/s)
#14 559.4 [INFO] Downloading from central: https://repo.maven.apache.org/maven2/io/grpc/grpc-grpclb/1.55.1/grpc-grpclb-1.55.1.jar
#14 560.0 [INFO] Downloaded from central: https://repo.maven.apache.org/maven2/com/google/api/gax-httpjson/0.114.0/gax-httpjson-0.114.0.jar (160 kB at 44 kB/s)
#14 560.0 [INFO] Downloading from central: https://repo.maven.apache.org/maven2/org/conscrypt/conscrypt-openjdk-uber/2.5.2/conscrypt-openjdk-uber-2.5.2.jar
#14 560.1 [INFO] Downloaded from central: https://repo.maven.apache.org/maven2/io/grpc/grpc-grpclb/1.55.1/grpc-grpclb-1.55.1.jar (171 kB at 46 kB/s)
#14 560.1 [INFO] Downloading from central: https://repo.maven.apache.org/maven2/io/grpc/grpc-auth/1.55.1/grpc-auth-1.55.1.jar
#14 560.2 [INFO] Downloaded from central: https://repo.maven.apache.org/maven2/com/google/api/gax/2.29.0/gax-2.29.0.jar (377 kB at 98 kB/s)
#14 560.2 [INFO] Downloading from central: https://repo.maven.apache.org/maven2/io/grpc/grpc-protobuf/1.55.1/grpc-protobuf-1.55.1.jar
#14 560.3 [INFO] Downloaded from central: https://repo.maven.apache.org/maven2/io/grpc/grpc-auth/1.55.1/grpc-auth-1.55.1.jar (15 kB at 3.8 kB/s)
#14 560.3 [INFO] Downloading from central: https://repo.maven.apache.org/maven2/io/grpc/grpc-protobuf-lite/1.55.1/grpc-protobuf-lite-1.55.1.jar
#14 560.4 [INFO] Downloaded from central: https://repo.maven.apache.org/maven2/io/grpc/grpc-protobuf/1.55.1/grpc-protobuf-1.55.1.jar (5.1 kB at 1.3 kB/s)
#14 560.4 [INFO] Downloading from central: https://repo.maven.apache.org/maven2/io/grpc/grpc-context/1.55.1/grpc-context-1.55.1.jar
#14 560.4 [INFO] Downloaded from central: https://repo.maven.apache.org/maven2/io/grpc/grpc-protobuf-lite/1.55.1/grpc-protobuf-lite-1.55.1.jar (7.6 kB at 1.9 kB/s)
#14 560.4 [INFO] Downloading from central: https://repo.maven.apache.org/maven2/com/google/api/grpc/proto-google-iam-v1/1.15.0/proto-google-iam-v1-1.15.0.jar
#14 560.6 [INFO] Downloaded from central: https://repo.maven.apache.org/maven2/io/grpc/grpc-context/1.55.1/grpc-context-1.55.1.jar (31 kB at 7.3 kB/s)
#14 560.6 [INFO] Downloading from central: https://repo.maven.apache.org/maven2/com/google/protobuf/protobuf-java/3.23.2/protobuf-java-3.23.2.jar
#14 560.6 [INFO] Downloaded from central: https://repo.maven.apache.org/maven2/io/grpc/grpc-alts/1.55.1/grpc-alts-1.55.1.jar (309 kB at 73 kB/s)
#14 560.6 [INFO] Downloading from central: https://repo.maven.apache.org/maven2/com/google/protobuf/protobuf-java-util/3.23.2/protobuf-java-util-3.23.2.jar
#14 560.7 [INFO] Downloaded from central: https://repo.maven.apache.org/maven2/com/google/api/gax-grpc/2.29.0/gax-grpc-2.29.0.jar (145 kB at 34 kB/s)
#14 560.7 [INFO] Downloading from central: https://repo.maven.apache.org/maven2/com/google/api/grpc/proto-google-common-protos/2.20.0/proto-google-common-protos-2.20.0.jar
#14 561.0 [INFO] Downloaded from central: https://repo.maven.apache.org/maven2/com/google/protobuf/protobuf-java-util/3.23.2/protobuf-java-util-3.23.2.jar (73 kB at 16 kB/s)
#14 561.0 [INFO] Downloading from central: https://repo.maven.apache.org/maven2/org/threeten/threetenbp/1.6.8/threetenbp-1.6.8.jar
#14 561.0 [INFO] Downloaded from central: https://repo.maven.apache.org/maven2/com/google/api/grpc/proto-google-iam-v1/1.15.0/proto-google-iam-v1-1.15.0.jar (172 kB at 37 kB/s)
#14 561.0 [INFO] Downloading from central: https://repo.maven.apache.org/maven2/com/google/api/grpc/proto-google-cloud-storage-v2/2.22.4-alpha/proto-google-cloud-storage-v2-2.22.4-alpha.jar
#14 562.8 [INFO] Downloaded from central: https://repo.maven.apache.org/maven2/org/threeten/threetenbp/1.6.8/threetenbp-1.6.8.jar (514 kB at 81 kB/s)
#14 562.8 [INFO] Downloading from central: https://repo.maven.apache.org/maven2/com/google/api/grpc/grpc-google-cloud-storage-v2/2.22.4-alpha/grpc-google-cloud-storage-v2-2.22.4-alpha.jar
#14 563.3 [INFO] Downloaded from central: https://repo.maven.apache.org/maven2/com/google/api/grpc/grpc-google-cloud-storage-v2/2.22.4-alpha/grpc-google-cloud-storage-v2-2.22.4-alpha.jar (31 kB at 4.5 kB/s)
#14 563.3 [INFO] Downloading from central: https://repo.maven.apache.org/maven2/com/google/api/grpc/gapic-google-cloud-storage-v2/2.22.4-alpha/gapic-google-cloud-storage-v2-2.22.4-alpha.jar
#14 563.7 [INFO] Downloaded from central: https://repo.maven.apache.org/maven2/com/google/api/grpc/gapic-google-cloud-storage-v2/2.22.4-alpha/gapic-google-cloud-storage-v2-2.22.4-alpha.jar (69 kB at 9.4 kB/s)
#14 563.7 [INFO] Downloading from central: https://repo.maven.apache.org/maven2/io/grpc/grpc-api/1.55.1/grpc-api-1.55.1.jar
#14 563.7 [INFO] Downloaded from central: https://repo.maven.apache.org/maven2/com/google/api/grpc/proto-google-cloud-storage-v2/2.22.4-alpha/proto-google-cloud-storage-v2-2.22.4-alpha.jar (929 kB at 126 kB/s)
#14 563.7 [INFO] Downloading from central: https://repo.maven.apache.org/maven2/io/grpc/grpc-netty-shaded/1.55.1/grpc-netty-shaded-1.55.1.jar
#14 564.9 [INFO] Downloaded from central: https://repo.maven.apache.org/maven2/io/grpc/grpc-api/1.55.1/grpc-api-1.55.1.jar (263 kB at 31 kB/s)
#14 564.9 [INFO] Downloading from central: https://repo.maven.apache.org/maven2/io/perfmark/perfmark-api/0.26.0/perfmark-api-0.26.0.jar
#14 565.0 [INFO] Downloaded from central: https://repo.maven.apache.org/maven2/io/perfmark/perfmark-api/0.26.0/perfmark-api-0.26.0.jar (6.8 kB at 793 B/s)
#14 565.0 [INFO] Downloading from central: https://repo.maven.apache.org/maven2/io/grpc/grpc-core/1.55.1/grpc-core-1.55.1.jar
#14 565.0 [INFO] Downloaded from central: https://repo.maven.apache.org/maven2/com/google/protobuf/protobuf-java/3.23.2/protobuf-java-3.23.2.jar (1.7 MB at 202 kB/s)
#14 565.0 [INFO] Downloading from central: https://repo.maven.apache.org/maven2/com/google/android/annotations/4.1.1.4/annotations-4.1.1.4.jar
#14 565.1 [INFO] Downloaded from central: https://repo.maven.apache.org/maven2/com/google/android/annotations/4.1.1.4/annotations-4.1.1.4.jar (3.1 kB at 359 B/s)
#14 565.1 [INFO] Downloading from central: https://repo.maven.apache.org/maven2/org/codehaus/mojo/animal-sniffer-annotations/1.23/animal-sniffer-annotations-1.23.jar
#14 565.1 [INFO] Downloaded from central: https://repo.maven.apache.org/maven2/org/codehaus/mojo/animal-sniffer-annotations/1.23/animal-sniffer-annotations-1.23.jar (3.1 kB at 354 B/s)
#14 565.1 [INFO] Downloading from central: https://repo.maven.apache.org/maven2/io/grpc/grpc-stub/1.55.1/grpc-stub-1.55.1.jar
#14 566.0 [INFO] Downloaded from central: https://repo.maven.apache.org/maven2/io/grpc/grpc-stub/1.55.1/grpc-stub-1.55.1.jar (51 kB at 5.3 kB/s)
#14 566.0 [INFO] Downloading from central: https://repo.maven.apache.org/maven2/io/grpc/grpc-googleapis/1.55.1/grpc-googleapis-1.55.1.jar
#14 566.1 [INFO] Downloaded from central: https://repo.maven.apache.org/maven2/io/grpc/grpc-googleapis/1.55.1/grpc-googleapis-1.55.1.jar (15 kB at 1.5 kB/s)
#14 566.1 [INFO] Downloading from central: https://repo.maven.apache.org/maven2/org/checkerframework/checker-qual/3.32.0/checker-qual-3.32.0.jar
#14 567.0 [INFO] Downloaded from central: https://repo.maven.apache.org/maven2/org/checkerframework/checker-qual/3.32.0/checker-qual-3.32.0.jar (224 kB at 21 kB/s)
#14 567.0 [INFO] Downloading from central: https://repo.maven.apache.org/maven2/io/grpc/grpc-xds/1.55.1/grpc-xds-1.55.1.jar
#14 568.7 [INFO] Downloaded from central: https://repo.maven.apache.org/maven2/io/grpc/grpc-core/1.55.1/grpc-core-1.55.1.jar (742 kB at 60 kB/s)
#14 568.7 [INFO] Downloading from central: https://repo.maven.apache.org/maven2/io/opencensus/opencensus-proto/0.2.0/opencensus-proto-0.2.0.jar
#14 571.3 [INFO] Downloaded from central: https://repo.maven.apache.org/maven2/org/conscrypt/conscrypt-openjdk-uber/2.5.2/conscrypt-openjdk-uber-2.5.2.jar (4.5 MB at 304 kB/s)
#14 571.3 [INFO] Downloading from central: https://repo.maven.apache.org/maven2/io/grpc/grpc-services/1.55.1/grpc-services-1.55.1.jar
#14 572.1 [INFO] Downloaded from central: https://repo.maven.apache.org/maven2/io/opencensus/opencensus-proto/0.2.0/opencensus-proto-0.2.0.jar (750 kB at 48 kB/s)
#14 572.1 [INFO] Downloading from central: https://repo.maven.apache.org/maven2/com/google/re2j/re2j/1.6/re2j-1.6.jar
#14 572.6 [INFO] Downloaded from central: https://repo.maven.apache.org/maven2/com/google/re2j/re2j/1.6/re2j-1.6.jar (113 kB at 7.0 kB/s)
#14 572.6 [INFO] Downloading from central: https://repo.maven.apache.org/maven2/io/grpc/grpc-rls/1.55.1/grpc-rls-1.55.1.jar
#14 573.1 [INFO] Downloaded from central: https://repo.maven.apache.org/maven2/io/grpc/grpc-services/1.55.1/grpc-services-1.55.1.jar (790 kB at 47 kB/s)
#14 573.1 [INFO] Downloading from central: https://repo.maven.apache.org/maven2/com/google/cloud/google-cloud-firestore/3.13.0/google-cloud-firestore-3.13.0.jar
#14 573.4 [INFO] Downloaded from central: https://repo.maven.apache.org/maven2/io/grpc/grpc-rls/1.55.1/grpc-rls-1.55.1.jar (251 kB at 15 kB/s)
#14 573.4 [INFO] Downloading from central: https://repo.maven.apache.org/maven2/com/google/api/grpc/proto-google-cloud-firestore-v1/3.13.0/proto-google-cloud-firestore-v1-3.13.0.jar
#14 574.0 [INFO] Downloaded from central: https://repo.maven.apache.org/maven2/com/google/cloud/google-cloud-firestore/3.13.0/google-cloud-firestore-3.13.0.jar (367 kB at 21 kB/s)
#14 574.0 [INFO] Downloading from central: https://repo.maven.apache.org/maven2/com/google/cloud/proto-google-cloud-firestore-bundle-v1/3.13.0/proto-google-cloud-firestore-bundle-v1-3.13.0.jar
#14 574.5 [INFO] Downloaded from central: https://repo.maven.apache.org/maven2/com/google/cloud/proto-google-cloud-firestore-bundle-v1/3.13.0/proto-google-cloud-firestore-bundle-v1-3.13.0.jar (76 kB at 4.2 kB/s)
#14 574.5 [INFO] Downloading from central: https://repo.maven.apache.org/maven2/io/opencensus/opencensus-contrib-grpc-util/0.31.1/opencensus-contrib-grpc-util-0.31.1.jar
#14 574.6 [INFO] Downloaded from central: https://repo.maven.apache.org/maven2/io/opencensus/opencensus-contrib-grpc-util/0.31.1/opencensus-contrib-grpc-util-0.31.1.jar (4.3 kB at 233 B/s)
#14 574.6 [INFO] Downloading from central: https://repo.maven.apache.org/maven2/com/google/guava/guava/31.1-jre/guava-31.1-jre.jar
#14 575.9 [INFO] Downloaded from central: https://repo.maven.apache.org/maven2/com/google/api/grpc/proto-google-cloud-firestore-v1/3.13.0/proto-google-cloud-firestore-v1-3.13.0.jar (934 kB at 48 kB/s)
#14 575.9 [INFO] Downloading from central: https://repo.maven.apache.org/maven2/io/netty/netty-codec-http/4.1.94.Final/netty-codec-http-4.1.94.Final.jar
#14 578.5 [INFO] Downloaded from central: https://repo.maven.apache.org/maven2/io/netty/netty-codec-http/4.1.94.Final/netty-codec-http-4.1.94.Final.jar (657 kB at 30 kB/s)
#14 578.5 [INFO] Downloading from central: https://repo.maven.apache.org/maven2/io/netty/netty-common/4.1.94.Final/netty-common-4.1.94.Final.jar
#14 580.7 [INFO] Downloaded from central: https://repo.maven.apache.org/maven2/io/netty/netty-common/4.1.94.Final/netty-common-4.1.94.Final.jar (659 kB at 27 kB/s)
#14 580.7 [INFO] Downloading from central: https://repo.maven.apache.org/maven2/io/netty/netty-buffer/4.1.94.Final/netty-buffer-4.1.94.Final.jar
#14 583.5 [INFO] Downloaded from central: https://repo.maven.apache.org/maven2/io/netty/netty-buffer/4.1.94.Final/netty-buffer-4.1.94.Final.jar (307 kB at 11 kB/s)
#14 583.5 [INFO] Downloading from central: https://repo.maven.apache.org/maven2/io/netty/netty-codec/4.1.94.Final/netty-codec-4.1.94.Final.jar
#14 586.7 [INFO] Downloaded from central: https://repo.maven.apache.org/maven2/io/netty/netty-codec/4.1.94.Final/netty-codec-4.1.94.Final.jar (345 kB at 11 kB/s)
#14 586.7 [INFO] Downloading from central: https://repo.maven.apache.org/maven2/io/netty/netty-handler/4.1.94.Final/netty-handler-4.1.94.Final.jar
#14 589.2 [INFO] Downloaded from central: https://repo.maven.apache.org/maven2/com/google/guava/guava/31.1-jre/guava-31.1-jre.jar (3.0 MB at 90 kB/s)
#14 589.2 [INFO] Downloading from central: https://repo.maven.apache.org/maven2/io/netty/netty-resolver/4.1.94.Final/netty-resolver-4.1.94.Final.jar
#14 589.5 [INFO] Downloaded from central: https://repo.maven.apache.org/maven2/io/netty/netty-resolver/4.1.94.Final/netty-resolver-4.1.94.Final.jar (38 kB at 1.1 kB/s)
#14 589.5 [INFO] Downloading from central: https://repo.maven.apache.org/maven2/io/netty/netty-transport-native-unix-common/4.1.94.Final/netty-transport-native-unix-common-4.1.94.Final.jar
#14 589.9 [INFO] Downloaded from central: https://repo.maven.apache.org/maven2/io/netty/netty-transport-native-unix-common/4.1.94.Final/netty-transport-native-unix-common-4.1.94.Final.jar (44 kB at 1.3 kB/s)
#14 589.9 [INFO] Downloaded from central: https://repo.maven.apache.org/maven2/io/grpc/grpc-netty-shaded/1.55.1/grpc-netty-shaded-1.55.1.jar (9.4 MB at 280 kB/s)
#14 589.9 [INFO] Downloading from central: https://repo.maven.apache.org/maven2/io/netty/netty-transport/4.1.94.Final/netty-transport-4.1.94.Final.jar
#14 590.1 [INFO] Downloaded from central: https://repo.maven.apache.org/maven2/com/google/api/grpc/proto-google-common-protos/2.20.0/proto-google-common-protos-2.20.0.jar (2.0 MB at 59 kB/s)
#14 590.4 [INFO] Downloaded from central: https://repo.maven.apache.org/maven2/io/netty/netty-handler/4.1.94.Final/netty-handler-4.1.94.Final.jar (555 kB at 16 kB/s)
#14 591.6 [INFO] Downloaded from central: https://repo.maven.apache.org/maven2/io/netty/netty-transport/4.1.94.Final/netty-transport-4.1.94.Final.jar (489 kB at 14 kB/s)
#14 592.8 [INFO] Downloaded from central: https://repo.maven.apache.org/maven2/io/grpc/grpc-xds/1.55.1/grpc-xds-1.55.1.jar (12 MB at 327 kB/s)
#14 592.8 [INFO] Downloading from central: https://repo.maven.apache.org/maven2/org/springframework/boot/spring-boot-starter-oauth2-resource-server/3.2.5/spring-boot-starter-oauth2-resource-server-3.2.5.pom
#14 592.9 [INFO] Downloaded from central: https://repo.maven.apache.org/maven2/org/springframework/boot/spring-boot-starter-oauth2-resource-server/3.2.5/spring-boot-starter-oauth2-resource-server-3.2.5.pom (3.0 kB at 41 kB/s)
#14 592.9 [INFO] Downloading from central: https://repo.maven.apache.org/maven2/org/springframework/boot/spring-boot-starter-oauth2-resource-server/3.2.5/spring-boot-starter-oauth2-resource-server-3.2.5.jar
#14 592.9 [INFO] Downloaded from central: https://repo.maven.apache.org/maven2/org/springframework/boot/spring-boot-starter-oauth2-resource-server/3.2.5/spring-boot-starter-oauth2-resource-server-3.2.5.jar (4.8 kB at 65 kB/s)
#14 593.0 [INFO] Downloading from central: https://repo.maven.apache.org/maven2/org/springframework/boot/spring-boot-starter-validation/3.2.5/spring-boot-starter-validation-3.2.5.pom
#14 593.0 [INFO] Downloaded from central: https://repo.maven.apache.org/maven2/org/springframework/boot/spring-boot-starter-validation/3.2.5/spring-boot-starter-validation-3.2.5.pom (2.5 kB at 40 kB/s)
#14 593.0 [INFO] Downloading from central: https://repo.maven.apache.org/maven2/org/hibernate/validator/hibernate-validator/8.0.1.Final/hibernate-validator-8.0.1.Final.pom
#14 593.1 [INFO] Downloaded from central: https://repo.maven.apache.org/maven2/org/hibernate/validator/hibernate-validator/8.0.1.Final/hibernate-validator-8.0.1.Final.pom (15 kB at 211 kB/s)
#14 593.1 [INFO] Downloading from central: https://repo.maven.apache.org/maven2/org/hibernate/validator/hibernate-validator-parent/8.0.1.Final/hibernate-validator-parent-8.0.1.Final.pom
#14 593.2 [INFO] Downloaded from central: https://repo.maven.apache.org/maven2/org/hibernate/validator/hibernate-validator-parent/8.0.1.Final/hibernate-validator-parent-8.0.1.Final.pom (81 kB at 824 kB/s)
#14 593.2 [INFO] Downloading from central: https://repo.maven.apache.org/maven2/org/jboss/arquillian/arquillian-bom/1.7.0.Alpha10/arquillian-bom-1.7.0.Alpha10.pom
#14 593.3 [INFO] Downloaded from central: https://repo.maven.apache.org/maven2/org/jboss/arquillian/arquillian-bom/1.7.0.Alpha10/arquillian-bom-1.7.0.Alpha10.pom (10 kB at 155 kB/s)
#14 593.3 [INFO] Downloading from central: https://repo.maven.apache.org/maven2/org/jboss/shrinkwrap/shrinkwrap-bom/1.2.6/shrinkwrap-bom-1.2.6.pom
#14 593.3 [INFO] Downloaded from central: https://repo.maven.apache.org/maven2/org/jboss/shrinkwrap/shrinkwrap-bom/1.2.6/shrinkwrap-bom-1.2.6.pom (4.0 kB at 62 kB/s)
#14 593.3 [INFO] Downloading from central: https://repo.maven.apache.org/maven2/org/jboss/shrinkwrap/resolver/shrinkwrap-resolver-bom/3.1.4/shrinkwrap-resolver-bom-3.1.4.pom
#14 593.4 [INFO] Downloaded from central: https://repo.maven.apache.org/maven2/org/jboss/shrinkwrap/resolver/shrinkwrap-resolver-bom/3.1.4/shrinkwrap-resolver-bom-3.1.4.pom (7.0 kB at 115 kB/s)
#14 593.4 [INFO] Downloading from central: https://repo.maven.apache.org/maven2/org/apache/maven/maven/3.6.3/maven-3.6.3.pom
#14 593.5 [INFO] Downloaded from central: https://repo.maven.apache.org/maven2/org/apache/maven/maven/3.6.3/maven-3.6.3.pom (26 kB at 395 kB/s)
#14 593.5 [INFO] Downloading from central: https://repo.maven.apache.org/maven2/org/jboss/shrinkwrap/descriptors/shrinkwrap-descriptors-bom/2.0.0/shrinkwrap-descriptors-bom-2.0.0.pom
#14 593.5 [INFO] Downloaded from central: https://repo.maven.apache.org/maven2/org/jboss/shrinkwrap/descriptors/shrinkwrap-descriptors-bom/2.0.0/shrinkwrap-descriptors-bom-2.0.0.pom (5.2 kB at 78 kB/s)
#14 593.5 [INFO] Downloading from central: https://repo.maven.apache.org/maven2/jakarta/validation/jakarta.validation-api/3.0.2/jakarta.validation-api-3.0.2.pom
#14 593.6 [INFO] Downloaded from central: https://repo.maven.apache.org/maven2/jakarta/validation/jakarta.validation-api/3.0.2/jakarta.validation-api-3.0.2.pom (11 kB at 111 kB/s)
#14 593.6 [INFO] Downloading from central: https://repo.maven.apache.org/maven2/org/jboss/logging/jboss-logging/3.4.3.Final/jboss-logging-3.4.3.Final.pom
#14 593.7 [INFO] Downloaded from central: https://repo.maven.apache.org/maven2/org/jboss/logging/jboss-logging/3.4.3.Final/jboss-logging-3.4.3.Final.pom (15 kB at 191 kB/s)
#14 593.7 [INFO] Downloading from central: https://repo.maven.apache.org/maven2/org/springframework/boot/spring-boot-starter-validation/3.2.5/spring-boot-starter-validation-3.2.5.jar
#14 593.8 [INFO] Downloaded from central: https://repo.maven.apache.org/maven2/org/springframework/boot/spring-boot-starter-validation/3.2.5/spring-boot-starter-validation-3.2.5.jar (4.8 kB at 74 kB/s)
#14 593.8 [INFO] Downloading from central: https://repo.maven.apache.org/maven2/org/hibernate/validator/hibernate-validator/8.0.1.Final/hibernate-validator-8.0.1.Final.jar
#14 593.8 [INFO] Downloading from central: https://repo.maven.apache.org/maven2/jakarta/validation/jakarta.validation-api/3.0.2/jakarta.validation-api-3.0.2.jar
#14 593.8 [INFO] Downloading from central: https://repo.maven.apache.org/maven2/org/jboss/logging/jboss-logging/3.4.3.Final/jboss-logging-3.4.3.Final.jar
#14 594.2 [INFO] Downloaded from central: https://repo.maven.apache.org/maven2/org/jboss/logging/jboss-logging/3.4.3.Final/jboss-logging-3.4.3.Final.jar (61 kB at 138 kB/s)
#14 594.3 [INFO] Downloaded from central: https://repo.maven.apache.org/maven2/jakarta/validation/jakarta.validation-api/3.0.2/jakarta.validation-api-3.0.2.jar (93 kB at 174 kB/s)
#14 599.4 [INFO] Downloaded from central: https://repo.maven.apache.org/maven2/org/hibernate/validator/hibernate-validator/8.0.1.Final/hibernate-validator-8.0.1.Final.jar (1.3 MB at 238 kB/s)
#14 599.4 [INFO] Downloading from central: https://repo.maven.apache.org/maven2/org/mapstruct/mapstruct/1.5.5.Final/mapstruct-1.5.5.Final.pom
#14 599.4 [INFO] Downloaded from central: https://repo.maven.apache.org/maven2/org/mapstruct/mapstruct/1.5.5.Final/mapstruct-1.5.5.Final.pom (1.8 kB at 25 kB/s)
#14 599.4 [INFO] Downloading from central: https://repo.maven.apache.org/maven2/org/mapstruct/mapstruct-parent/1.5.5.Final/mapstruct-parent-1.5.5.Final.pom
#14 599.5 [INFO] Downloaded from central: https://repo.maven.apache.org/maven2/org/mapstruct/mapstruct-parent/1.5.5.Final/mapstruct-parent-1.5.5.Final.pom (1.6 kB at 24 kB/s)
#14 599.5 [INFO] Downloading from central: https://repo.maven.apache.org/maven2/org/mapstruct/mapstruct/1.5.5.Final/mapstruct-1.5.5.Final.jar
#14 599.6 [INFO] Downloaded from central: https://repo.maven.apache.org/maven2/org/mapstruct/mapstruct/1.5.5.Final/mapstruct-1.5.5.Final.jar (29 kB at 244 kB/s)
#14 599.6 [INFO] Resolved plugin: jetty-servlet-9.4.46.v20220331.jar
#14 599.6 [INFO] Resolved plugin: maven-compiler-plugin-3.11.0.jar
#14 599.6 [INFO] Resolved plugin: doxia-module-twiki-1.11.1.jar
#14 599.6 [INFO] Resolved plugin: jdependency-2.8.0.jar
#14 599.6 [INFO] Resolved plugin: maven-deploy-plugin-3.1.1.jar
#14 599.6 [INFO] Resolved plugin: velocity-tools-2.0.jar
#14 599.6 [INFO] Resolved plugin: flexmark-ext-gfm-tasklist-0.42.14.jar
#14 599.6 [INFO] Resolved plugin: flexmark-ext-admonition-0.42.14.jar
#14 599.6 [INFO] Resolved plugin: jna-5.13.0.jar
#14 599.6 [INFO] Resolved plugin: maven-core-3.2.5.jar
#14 599.6 [INFO] Resolved plugin: flexmark-ext-footnotes-0.42.14.jar
#14 599.6 [INFO] Resolved plugin: flexmark-ext-gfm-strikethrough-0.42.14.jar
#14 599.6 [INFO] Resolved plugin: flexmark-ext-media-tags-0.42.14.jar
#14 599.6 [INFO] Resolved plugin: doxia-module-xhtml-1.11.1.jar
#14 599.6 [INFO] Resolved plugin: flexmark-util-0.42.14.jar
#14 599.6 [INFO] Resolved plugin: flexmark-ext-anchorlink-0.42.14.jar
#14 599.6 [INFO] Resolved plugin: aether-api-1.0.0.v20140518.jar
#14 599.6 [INFO] Resolved plugin: autolink-0.6.0.jar
#14 599.6 [INFO] Resolved plugin: maven-filtering-3.3.1.jar
#14 599.6 [INFO] Resolved plugin: maven-clean-plugin-3.3.2.jar
#14 599.6 [INFO] Resolved plugin: doxia-skin-model-1.11.1.jar
#14 599.6 [INFO] Resolved plugin: dom4j-1.1.jar
#14 599.6 [INFO] Resolved plugin: flexmark-youtrack-converter-0.42.14.jar
#14 599.6 [INFO] Resolved plugin: maven-jar-plugin-3.3.0.jar
#14 599.6 [INFO] Resolved plugin: tomlj-1.0.0.jar
#14 599.6 [INFO] Resolved plugin: httpclient-4.5.13.jar
#14 599.6 [INFO] Resolved plugin: flexmark-ext-toc-0.42.14.jar
#14 599.6 [INFO] Resolved plugin: qdox-2.0.3.jar
#14 599.6 [INFO] Resolved plugin: plexus-compiler-manager-2.13.0.jar
#14 599.6 [INFO] Resolved plugin: jetty-http-9.4.46.v20220331.jar
#14 599.6 [INFO] Resolved plugin: flexmark-jira-converter-0.42.14.jar
#14 599.6 [INFO] Resolved plugin: maven-reporting-api-3.1.1.jar
#14 599.6 [INFO] Resolved plugin: maven-plugin-api-3.2.5.jar
#14 599.6 [INFO] Resolved plugin: sisu-guice-3.2.3-no_aop.jar
#14 599.6 [INFO] Resolved plugin: flexmark-ext-attributes-0.42.14.jar
#14 599.6 [INFO] Resolved plugin: commons-lang3-3.8.1.jar
#14 599.6 [INFO] Resolved plugin: maven-aether-provider-3.2.5.jar
#14 599.6 [INFO] Resolved plugin: aether-util-1.0.0.v20140518.jar
#14 599.6 [INFO] Resolved plugin: jetty-security-9.4.46.v20220331.jar
#14 599.6 [INFO] Resolved plugin: maven-archiver-3.6.0.jar
#14 599.6 [INFO] Resolved plugin: commons-io-2.12.0.jar
#14 599.6 [INFO] Resolved plugin: plexus-compiler-api-2.13.0.jar
#14 599.6 [INFO] Resolved plugin: org.eclipse.sisu.plexus-0.3.5.jar
#14 599.6 [INFO] Resolved plugin: spring-boot-loader-tools-3.2.5.jar
#14 599.6 [INFO] Resolved plugin: micrometer-commons-1.12.5.jar
#14 599.6 [INFO] Resolved plugin: doxia-core-1.11.1.jar
#14 599.6 [INFO] Resolved plugin: flexmark-ext-ins-0.42.14.jar
#14 599.6 [INFO] Resolved plugin: surefire-shared-utils-3.1.2.jar
#14 599.6 [INFO] Resolved plugin: maven-install-plugin-3.1.1.jar
#14 599.6 [INFO] Resolved plugin: google-collections-1.0.jar
#14 599.6 [INFO] Resolved plugin: plexus-java-1.1.2.jar
#14 599.6 [INFO] Resolved plugin: flexmark-ext-emoji-0.42.14.jar
#14 599.6 [INFO] Resolved plugin: doxia-integration-tools-1.11.1.jar
#14 599.6 [INFO] Resolved plugin: httpcore5-5.2.4.jar
#14 599.6 [INFO] Resolved plugin: plexus-component-annotations-1.5.5.jar
#14 599.6 [INFO] Resolved plugin: maven-repository-metadata-3.2.5.jar
#14 599.6 [INFO] Resolved plugin: surefire-api-3.1.2.jar
#14 599.6 [INFO] Resolved plugin: flexmark-ext-jekyll-front-matter-0.42.14.jar
#14 599.6 [INFO] Resolved plugin: doxia-decoration-model-1.11.1.jar
#14 599.6 [INFO] Resolved plugin: flexmark-all-0.42.14.jar
#14 599.6 [INFO] Resolved plugin: plexus-utils-3.5.0.jar
#14 599.6 [INFO] Resolved plugin: maven-shared-incremental-1.1.jar
#14 599.6 [INFO] Resolved plugin: file-management-3.1.0.jar
#14 599.6 [INFO] Resolved plugin: plexus-archiver-4.4.0.jar
#14 599.6 [INFO] Resolved plugin: jetty-webapp-9.4.46.v20220331.jar
#14 599.6 [INFO] Resolved plugin: plexus-io-3.2.0.jar
#14 599.6 [INFO] Resolved plugin: xbean-reflect-3.7.jar
#14 599.6 [INFO] Resolved plugin: maven-reporting-exec-1.6.0.jar
#14 599.6 [INFO] Resolved plugin: doxia-sink-api-1.11.1.jar
#14 599.6 [INFO] Resolved plugin: jetty-xml-9.4.46.v20220331.jar
#14 599.6 [INFO] Resolved plugin: plexus-velocity-1.2.jar
#14 599.6 [INFO] Resolved plugin: plexus-container-default-2.1.0.jar
#14 599.6 [INFO] Resolved plugin: commons-codec-1.11.jar
#14 599.6 [INFO] Resolved plugin: snappy-0.4.jar
#14 599.6 [INFO] Resolved plugin: surefire-logger-api-3.1.2.jar
#14 599.6 [INFO] Resolved plugin: maven-surefire-plugin-3.1.2.jar
#14 599.6 [INFO] Resolved plugin: jsr305-3.0.2.jar
#14 599.6 [INFO] Resolved plugin: plexus-compiler-javac-2.13.0.jar
#14 599.6 [INFO] Resolved plugin: plexus-build-api-0.0.7.jar
#14 599.6 [INFO] Resolved plugin: doxia-module-fml-1.11.1.jar
#14 599.6 [INFO] Resolved plugin: commons-compress-1.21.jar
#14 599.6 [INFO] Resolved plugin: asm-9.5.jar
#14 599.6 [INFO] Resolved plugin: maven-dependency-tree-3.2.1.jar
#14 599.6 [INFO] Resolved plugin: commons-digester-1.8.jar
#14 599.6 [INFO] Resolved plugin: jetty-server-9.4.46.v20220331.jar
#14 599.6 [INFO] Resolved plugin: flexmark-ext-abbreviation-0.42.14.jar
#14 599.6 [INFO] Resolved plugin: maven-archiver-3.5.2.jar
#14 599.6 [INFO] Resolved plugin: httpcore5-h2-5.2.4.jar
#14 599.6 [INFO] Resolved plugin: flexmark-ext-definition-0.42.14.jar
#14 599.6 [INFO] Resolved plugin: doxia-logging-api-1.11.1.jar
#14 599.6 [INFO] Resolved plugin: flexmark-ext-yaml-front-matter-0.42.14.jar
#14 599.6 [INFO] Resolved plugin: spring-boot-maven-plugin-3.2.5.jar
#14 599.6 [INFO] Resolved plugin: maven-site-plugin-3.12.1.jar
#14 599.6 [INFO] Resolved plugin: maven-shade-plugin-3.5.0.jar
#14 599.6 [INFO] Resolved plugin: flexmark-ext-superscript-0.42.14.jar
#14 599.6 [INFO] Resolved plugin: commons-collections-3.2.2.jar
#14 599.6 [INFO] Resolved plugin: surefire-extensions-spi-3.1.2.jar
#14 599.6 [INFO] Resolved plugin: doxia-module-markdown-1.11.1.jar
#14 599.6 [INFO] Resolved plugin: flexmark-ext-xwiki-macros-0.42.14.jar
#14 599.6 [INFO] Resolved plugin: spring-context-6.1.6.jar
#14 599.6 [INFO] Resolved plugin: commons-compress-1.20.jar
#14 599.6 [INFO] Resolved plugin: plexus-io-3.4.0.jar
#14 599.6 [INFO] Resolved plugin: velocity-1.7.jar
#14 599.6 [INFO] Resolved plugin: maven-resources-plugin-3.3.1.jar
#14 599.6 [INFO] Resolved plugin: asm-9.4.jar
#14 599.6 [INFO] Resolved plugin: plexus-utils-3.5.1.jar
#14 599.6 [INFO] Resolved plugin: httpclient5-5.2.3.jar
#14 599.6 [INFO] Resolved plugin: aopalliance-1.0.jar
#14 599.6 [INFO] Resolved plugin: aether-spi-1.0.0.v20140518.jar
#14 599.6 [INFO] Resolved plugin: plexus-interpolation-1.26.jar
#14 599.6 [INFO] Resolved plugin: maven-settings-builder-3.2.5.jar
#14 599.6 [INFO] Resolved plugin: httpcore-4.4.14.jar
#14 599.6 [INFO] Resolved plugin: surefire-booter-3.1.2.jar
#14 599.6 [INFO] Resolved plugin: commons-lang3-3.12.0.jar
#14 599.6 [INFO] Resolved plugin: maven-artifact-3.2.5.jar
#14 599.6 [INFO] Resolved plugin: flexmark-ext-enumerated-reference-0.42.14.jar
#14 599.6 [INFO] Resolved plugin: plexus-component-annotations-2.1.1.jar
#14 599.6 [INFO] Resolved plugin: maven-surefire-common-3.1.2.jar
#14 599.6 [INFO] Resolved plugin: spring-beans-6.1.6.jar
#14 599.6 [INFO] Resolved plugin: commons-logging-1.2.jar
#14 599.6 [INFO] Resolved plugin: flexmark-ext-escaped-character-0.42.14.jar
#14 599.6 [INFO] Resolved plugin: jackson-annotations-2.14.2.jar
#14 599.6 [INFO] Resolved plugin: plexus-cipher-1.4.jar
#14 599.6 [INFO] Resolved plugin: flexmark-0.42.14.jar
#14 599.6 [INFO] Resolved plugin: plexus-utils-3.4.2.jar
#14 599.6 [INFO] Resolved plugin: flexmark-ext-aside-0.42.14.jar
#14 599.6 [INFO] Resolved plugin: flexmark-ext-wikilink-0.42.14.jar
#14 599.6 [INFO] Resolved plugin: spring-jcl-6.1.6.jar
#14 599.6 [INFO] Resolved plugin: org.eclipse.sisu.inject-0.3.5.jar
#14 599.6 [INFO] Resolved plugin: flexmark-ext-gfm-tables-0.42.14.jar
#14 599.6 [INFO] Resolved plugin: antlr4-runtime-4.7.2.jar
#14 599.6 [INFO] Resolved plugin: spring-aop-6.1.6.jar
#14 599.6 [INFO] Resolved plugin: commons-io-2.11.0.jar
#14 599.6 [INFO] Resolved plugin: jetty-io-9.4.46.v20220331.jar
#14 599.6 [INFO] Resolved plugin: cdi-api-1.2.jar
#14 599.6 [INFO] Resolved plugin: commons-chain-1.1.jar
#14 599.6 [INFO] Resolved plugin: plexus-utils-1.5.8.jar
#14 599.6 [INFO] Resolved plugin: spring-expression-6.1.6.jar
#14 599.6 [INFO] Resolved plugin: flexmark-html-parser-0.42.14.jar
#14 599.6 [INFO] Resolved plugin: javax.inject-1.jar
#14 599.6 [INFO] Resolved plugin: asm-tree-9.5.jar
#14 599.6 [INFO] Resolved plugin: maven-shared-utils-3.3.4.jar
#14 599.6 [INFO] Resolved plugin: javax.servlet-api-3.1.0.jar
#14 599.6 [INFO] Resolved plugin: jetty-util-ajax-9.4.46.v20220331.jar
#14 599.6 [INFO] Resolved plugin: commons-io-2.13.0.jar
#14 599.6 [INFO] Resolved plugin: maven-settings-3.2.5.jar
#14 599.6 [INFO] Resolved plugin: jna-platform-5.13.0.jar
#14 599.6 [INFO] Resolved plugin: jackson-core-2.14.2.jar
#14 599.6 [INFO] Resolved plugin: jsoup-1.10.2.jar
#14 599.6 [INFO] Resolved plugin: oro-2.0.8.jar
#14 599.6 [INFO] Resolved plugin: maven-common-artifact-filters-3.3.2.jar
#14 599.6 [INFO] Resolved plugin: xz-1.9.jar
#14 599.6 [INFO] Resolved plugin: aether-impl-1.0.0.v20140518.jar
#14 599.6 [INFO] Resolved plugin: commons-text-1.3.jar
#14 599.6 [INFO] Resolved plugin: plexus-utils-4.0.0.jar
#14 599.6 [INFO] Resolved plugin: commons-lang-2.4.jar
#14 599.6 [INFO] Resolved plugin: slf4j-api-1.7.36.jar
#14 599.6 [INFO] Resolved plugin: doxia-module-apt-1.11.1.jar
#14 599.6 [INFO] Resolved plugin: flexmark-ext-gfm-issues-0.42.14.jar
#14 599.6 [INFO] Resolved plugin: jetty-util-9.4.46.v20220331.jar
#14 599.6 [INFO] Resolved plugin: maven-model-builder-3.2.5.jar
#14 599.6 [INFO] Resolved plugin: plexus-archiver-4.2.7.jar
#14 599.6 [INFO] Resolved plugin: jackson-databind-2.14.2.jar
#14 599.6 [INFO] Resolved plugin: commons-io-2.6.jar
#14 599.6 [INFO] Resolved plugin: flexmark-ext-youtube-embedded-0.42.14.jar
#14 599.6 [INFO] Resolved plugin: flexmark-formatter-0.42.14.jar
#14 599.6 [INFO] Resolved plugin: maven-model-3.2.5.jar
#14 599.6 [INFO] Resolved plugin: jdom2-2.0.6.1.jar
#14 599.6 [INFO] Resolved plugin: surefire-extensions-api-3.1.2.jar
#14 599.6 [INFO] Resolved plugin: flexmark-profile-pegdown-0.42.14.jar
#14 599.6 [INFO] Resolved plugin: doxia-module-docbook-simple-1.11.1.jar
#14 599.6 [INFO] Resolved plugin: guava-16.0.1.jar
#14 599.6 [INFO] Resolved plugin: plexus-interpolation-1.21.jar
#14 599.6 [INFO] Resolved plugin: flexmark-ext-typographic-0.42.14.jar
#14 599.6 [INFO] Resolved plugin: flexmark-ext-autolink-0.42.14.jar
#14 599.6 [INFO] Resolved plugin: micrometer-observation-1.12.5.jar
#14 599.6 [INFO] Resolved plugin: flexmark-ext-jekyll-tag-0.42.14.jar
#14 599.6 [INFO] Resolved plugin: flexmark-ext-gitlab-0.42.14.jar
#14 599.6 [INFO] Resolved plugin: doxia-module-xdoc-1.11.1.jar
#14 599.6 [INFO] Resolved plugin: doxia-site-renderer-1.11.1.jar
#14 599.6 [INFO] Resolved plugin: commons-beanutils-1.7.0.jar
#14 599.6 [INFO] Resolved plugin: spring-boot-buildpack-platform-3.2.5.jar
#14 599.6 [INFO] Resolved plugin: plexus-classworlds-2.5.2.jar
#14 599.6 [INFO] Resolved plugin: spring-core-6.1.6.jar
#14 599.6 [INFO] Resolved plugin: doxia-module-confluence-1.11.1.jar
#14 599.6 [INFO] Resolved plugin: doxia-module-xhtml5-1.11.1.jar
#14 599.6 [INFO] Resolved plugin: flexmark-ext-tables-0.42.14.jar
#14 599.6 [INFO] Resolved plugin: javax.annotation-api-1.2.jar
#14 599.6 [INFO] Resolved plugin: flexmark-ext-macros-0.42.14.jar
#14 599.6 [INFO] Resolved plugin: plexus-sec-dispatcher-1.3.jar
#14 599.6 [INFO] Resolved plugin: jackson-module-parameter-names-2.14.2.jar
#14 599.6 [INFO] Resolved plugin: commons-collections4-4.4.jar
#14 599.6 [INFO] Resolved plugin: plexus-i18n-1.0-beta-10.jar
#14 599.6 [INFO] Resolved plugin: flexmark-ext-gfm-users-0.42.14.jar
#14 599.6 [INFO] Resolved plugin: maven-common-artifact-filters-3.1.1.jar
#14 599.6 [INFO] Resolved plugin: asm-commons-9.5.jar
#14 599.6 [INFO] Resolved dependency: itext-core-8.0.2.pom
#14 599.6 [INFO] Resolved dependency: jackson-core-2.15.4.jar
#14 599.6 [INFO] Resolved dependency: spring-boot-starter-test-3.2.5.jar
#14 599.6 [INFO] Resolved dependency: grpc-services-1.55.1.jar
#14 599.6 [INFO] Resolved dependency: spring-boot-starter-security-3.2.5.jar
#14 599.6 [INFO] Resolved dependency: google-http-client-appengine-1.43.1.jar
#14 599.6 [INFO] Resolved dependency: spring-data-keyvalue-3.2.5.jar
#14 599.6 [INFO] Resolved dependency: jackson-annotations-2.15.4.jar
#14 599.6 [INFO] Resolved dependency: j2objc-annotations-1.3.jar
#14 599.6 [INFO] Resolved dependency: jakarta.activation-api-2.1.0.jar
#14 599.6 [INFO] Resolved dependency: grpc-protobuf-lite-1.55.1.jar
#14 599.6 [INFO] Resolved dependency: okhttp-4.12.0.jar
#14 599.6 [INFO] Resolved dependency: spring-webmvc-6.1.6.jar
#14 599.6 [INFO] Resolved dependency: json-smart-2.5.1.jar
#14 599.6 [INFO] Resolved dependency: commons-codec-1.15.jar
#14 599.6 [INFO] Resolved dependency: mapstruct-1.5.5.Final.jar
#14 599.6 [INFO] Resolved dependency: hyph-8.0.2.jar
#14 599.6 [INFO] Resolved dependency: asm-9.6.jar
#14 599.6 [INFO] Resolved dependency: proto-google-cloud-storage-v2-2.22.4-alpha.jar
#14 599.6 [INFO] Resolved dependency: netty-handler-4.1.94.Final.jar
#14 599.6 [INFO] Resolved dependency: grpc-googleapis-1.55.1.jar
#14 599.6 [INFO] Resolved dependency: postgresql-42.6.2.jar
#14 599.6 [INFO] Resolved dependency: commons-8.0.2.jar
#14 599.6 [INFO] Resolved dependency: jakarta.transaction-api-2.0.1.jar
#14 599.6 [INFO] Resolved dependency: accessors-smart-2.5.1.jar
#14 599.6 [INFO] Resolved dependency: spring-boot-starter-data-jpa-3.2.5.jar
#14 599.6 [INFO] Resolved dependency: google-auth-library-credentials-1.17.0.jar
#14 599.6 [INFO] Resolved dependency: spring-boot-starter-oauth2-resource-server-3.2.5.jar
#14 599.6 [INFO] Resolved dependency: spring-data-redis-3.2.5.jar
#14 599.6 [INFO] Resolved dependency: angus-activation-2.0.0.jar
#14 599.6 [INFO] Resolved dependency: spring-web-6.1.6.jar
#14 599.6 [INFO] Resolved dependency: gax-httpjson-0.114.0.jar
#14 599.6 [INFO] Resolved dependency: grpc-context-1.55.1.jar
#14 599.6 [INFO] Resolved dependency: snakeyaml-2.2.jar
#14 599.6 [INFO] Resolved dependency: checker-qual-3.32.0.jar
#14 599.6 [INFO] Resolved dependency: netty-common-4.1.94.Final.jar
#14 599.6 [INFO] Resolved dependency: mockito-core-5.7.0.jar
#14 599.6 [INFO] Resolved dependency: mockito-junit-jupiter-5.7.0.jar
#14 599.6 [INFO] Resolved dependency: gapic-google-cloud-storage-v2-2.22.4-alpha.jar
#14 599.6 [INFO] Resolved dependency: spring-security-config-6.2.4.jar
#14 599.6 [INFO] Resolved dependency: forms-8.0.2.jar
#14 599.6 [INFO] Resolved dependency: google-http-client-apache-v2-1.43.1.jar
#14 599.6 [INFO] Resolved dependency: jackson-datatype-jsr310-2.15.4.jar
#14 599.6 [INFO] Resolved dependency: spring-boot-test-3.2.5.jar
#14 599.6 [INFO] Resolved dependency: spring-boot-starter-aop-3.2.5.jar
#14 599.6 [INFO] Resolved dependency: spring-boot-starter-logging-3.2.5.jar
#14 599.6 [INFO] Resolved dependency: grpc-netty-shaded-1.55.1.jar
#14 599.6 [INFO] Resolved dependency: threetenbp-1.6.8.jar
#14 599.6 [INFO] Resolved dependency: jsonassert-1.5.1.jar
#14 599.6 [INFO] Resolved dependency: byte-buddy-agent-1.14.9.jar
#14 599.6 [INFO] Resolved dependency: slf4j-api-2.0.11.jar
#14 599.6 [INFO] Resolved dependency: log4j-api-2.21.1.jar
#14 599.6 [INFO] Resolved dependency: error_prone_annotations-2.18.0.jar
#14 599.6 [INFO] Resolved dependency: httpclient-4.5.14.jar
#14 599.6 [INFO] Resolved dependency: tomcat-embed-websocket-10.1.20.jar
#14 599.6 [INFO] Resolved dependency: grpc-api-1.55.1.jar
#14 599.6 [INFO] Resolved dependency: google-http-client-1.43.1.jar
#14 599.6 [INFO] Resolved dependency: google-http-client-jackson2-1.43.1.jar
#14 599.6 [INFO] Resolved dependency: jakarta.xml.bind-api-4.0.0.jar
#14 599.6 [INFO] Resolved dependency: spring-jdbc-6.1.6.jar
#14 599.6 [INFO] Resolved dependency: micrometer-commons-1.12.5.jar
#14 599.6 [INFO] Resolved dependency: hibernate-validator-8.0.1.Final.jar
#14 599.6 [INFO] Resolved dependency: slf4j-api-2.0.2.jar
#14 599.6 [INFO] Resolved dependency: listenablefuture-9999.0-empty-to-avoid-conflict-with-guava.jar
#14 599.6 [INFO] Resolved dependency: kotlin-stdlib-jdk8-1.8.21.jar
#14 599.6 [INFO] Resolved dependency: simple-xml-safe-2.7.1.jar
#14 599.6 [INFO] Resolved dependency: google-cloud-storage-2.22.4.jar
#14 599.6 [INFO] Resolved dependency: jackson-annotations-2.16.1.jar
#14 599.6 [INFO] Resolved dependency: hibernate-commons-annotations-6.0.6.Final.jar
#14 599.6 [INFO] Resolved dependency: antlr4-runtime-4.13.0.jar
#14 599.6 [INFO] Resolved dependency: junit-platform-engine-1.10.2.jar
#14 599.6 [INFO] Resolved dependency: styled-xml-parser-8.0.2.jar
#14 599.6 [INFO] Resolved dependency: spring-tx-6.1.6.jar
#14 599.6 [INFO] Resolved dependency: snappy-java-1.1.10.5.jar
#14 599.6 [INFO] Resolved dependency: failureaccess-1.0.1.jar
#14 599.6 [INFO] Resolved dependency: jackson-databind-2.15.4.jar
#14 599.6 [INFO] Resolved dependency: byte-buddy-1.14.11.jar
#14 599.6 [INFO] Resolved dependency: protobuf-java-3.23.2.jar
#14 599.6 [INFO] Resolved dependency: kotlin-stdlib-jdk7-1.8.21.jar
#14 599.6 [INFO] Resolved dependency: spring-security-web-6.2.4.jar
#14 599.6 [INFO] Resolved dependency: google-api-client-2.2.0.jar
#14 599.6 [INFO] Resolved dependency: jackson-module-parameter-names-2.15.4.jar
#14 599.6 [INFO] Resolved dependency: grpc-xds-1.55.1.jar
#14 599.6 [INFO] Resolved dependency: grpc-protobuf-1.55.1.jar
#14 599.6 [INFO] Resolved dependency: jcip-annotations-1.0-1.jar
#14 599.6 [INFO] Resolved dependency: jsr305-3.0.2.jar
#14 599.6 [INFO] Resolved dependency: grpc-auth-1.55.1.jar
#14 599.6 [INFO] Resolved dependency: spring-boot-starter-tomcat-3.2.5.jar
#14 599.6 [INFO] Resolved dependency: grpc-stub-1.55.1.jar
#14 599.6 [INFO] Resolved dependency: jakarta.xml.bind-api-4.0.2.jar
#14 599.6 [INFO] Resolved dependency: font-asian-8.0.2.jar
#14 599.6 [INFO] Resolved dependency: spring-test-6.1.6.jar
#14 599.6 [INFO] Resolved dependency: commons-compress-1.26.0.jar
#14 599.6 [INFO] Resolved dependency: pdfa-8.0.2.jar
#14 599.6 [INFO] Resolved dependency: jakarta.annotation-api-2.1.1.jar
#14 599.6 [INFO] Resolved dependency: layout-8.0.2.jar
#14 599.6 [INFO] Resolved dependency: netty-codec-4.1.107.Final.jar
#14 599.6 [INFO] Resolved dependency: opencensus-contrib-grpc-util-0.31.1.jar
#14 599.6 [INFO] Resolved dependency: jna-platform-4.5.1.jar
#14 599.6 [INFO] Resolved dependency: gson-2.10.1.jar
#14 599.6 [INFO] Resolved dependency: spring-boot-starter-jdbc-3.2.5.jar
#14 599.6 [INFO] Resolved dependency: bcprov-jdk18on-1.77.jar
#14 599.6 [INFO] Resolved dependency: spring-messaging-6.1.6.jar
#14 599.6 [INFO] Resolved dependency: spring-security-oauth2-resource-server-6.2.4.jar
#14 599.6 [INFO] Resolved dependency: netty-transport-4.1.107.Final.jar
#14 599.6 [INFO] Resolved dependency: json-path-2.9.0.jar
#14 599.6 [INFO] Resolved dependency: spring-data-commons-3.2.5.jar
#14 599.6 [INFO] Resolved dependency: slf4j-api-1.7.25.jar
#14 599.6 [INFO] Resolved dependency: spring-boot-test-autoconfigure-3.2.5.jar
#14 599.6 [INFO] Resolved dependency: google-api-client-gson-2.2.0.jar
#14 599.6 [INFO] Resolved dependency: netty-transport-native-unix-common-4.1.94.Final.jar
#14 599.6 [INFO] Resolved dependency: minio-8.5.9.jar
#14 599.6 [INFO] Resolved dependency: google-cloud-core-2.19.0.jar
#14 599.6 [INFO] Resolved dependency: spring-aspects-6.1.6.jar
#14 599.6 [INFO] Resolved dependency: spring-context-6.1.6.jar
#14 599.6 [INFO] Resolved dependency: reactive-streams-1.0.4.jar
#14 599.6 [INFO] Resolved dependency: spring-data-jpa-3.2.5.jar
#14 599.6 [INFO] Resolved dependency: spring-oxm-6.1.6.jar
#14 599.6 [INFO] Resolved dependency: proto-google-iam-v1-1.15.0.jar
#14 599.6 [INFO] Resolved dependency: proto-google-cloud-firestore-bundle-v1-3.13.0.jar
#14 599.6 [INFO] Resolved dependency: barcodes-8.0.2.jar
#14 599.6 [INFO] Resolved dependency: io-8.0.2.jar
#14 599.6 [INFO] Resolved dependency: grpc-google-cloud-storage-v2-2.22.4-alpha.jar
#14 599.6 [INFO] Resolved dependency: netty-common-4.1.107.Final.jar
#14 599.6 [INFO] Resolved dependency: netty-transport-4.1.94.Final.jar
#14 599.6 [INFO] Resolved dependency: google-api-services-storage-v1-rev20230301-2.0.0.jar
#14 599.6 [INFO] Resolved dependency: jackson-datatype-jdk8-2.15.4.jar
#14 599.6 [INFO] Resolved dependency: opencensus-proto-0.2.0.jar
#14 599.6 [INFO] Resolved dependency: spring-security-oauth2-jose-6.2.4.jar
#14 599.6 [INFO] Resolved dependency: jaxb-core-4.0.2.jar
#14 599.6 [INFO] Resolved dependency: google-oauth-client-1.34.1.jar
#14 599.6 [INFO] Resolved dependency: log4j-to-slf4j-2.21.1.jar
#14 599.6 [INFO] Resolved dependency: api-common-2.12.0.jar
#14 599.6 [INFO] Resolved dependency: google-cloud-firestore-3.13.0.jar
#14 599.6 [INFO] Resolved dependency: commons-io-2.15.1.jar
#14 599.6 [INFO] Resolved dependency: error_prone_annotations-2.23.0.jar
#14 599.6 [INFO] Resolved dependency: spring-boot-starter-web-3.2.5.jar
#14 599.6 [INFO] Resolved dependency: javax.annotation-api-1.3.2.jar
#14 599.6 [INFO] Resolved dependency: spring-beans-6.1.6.jar
#14 599.6 [INFO] Resolved dependency: guava-33.0.0-jre.jar
#14 599.6 [INFO] Resolved dependency: jackson-databind-2.16.1.jar
#14 599.6 [INFO] Resolved dependency: okio-jvm-3.6.0.jar
#14 599.6 [INFO] Resolved dependency: opentest4j-1.3.0.jar
#14 599.6 [INFO] Resolved dependency: commons-logging-1.2.jar
#14 599.6 [INFO] Resolved dependency: lombok-1.18.32.jar
#14 599.6 [INFO] Resolved dependency: firebase-admin-9.2.0.jar
#14 599.6 [INFO] Resolved dependency: spring-boot-3.2.5.jar
#14 599.6 [INFO] Resolved dependency: aspectjweaver-1.9.22.jar
#14 599.6 [INFO] Resolved dependency: xmlunit-core-2.9.1.jar
#14 599.6 [INFO] Resolved dependency: grpc-alts-1.55.1.jar
#14 599.6 [INFO] Resolved dependency: junit-platform-commons-1.10.2.jar
#14 599.6 [INFO] Resolved dependency: google-http-client-gson-1.43.1.jar
#14 599.6 [INFO] Resolved dependency: opencensus-contrib-http-util-0.31.1.jar
#14 599.6 [INFO] Resolved dependency: nimbus-jose-jwt-9.24.4.jar
#14 599.6 [INFO] Resolved dependency: netty-handler-4.1.107.Final.jar
#14 599.6 [INFO] Resolved dependency: guava-31.1-jre.jar
#14 599.6 [INFO] Resolved dependency: jna-4.5.1.jar
#14 599.6 [INFO] Resolved dependency: spring-jcl-6.1.6.jar
#14 599.6 [INFO] Resolved dependency: netty-resolver-4.1.107.Final.jar
#14 599.6 [INFO] Resolved dependency: HikariCP-5.0.1.jar
#14 599.6 [INFO] Resolved dependency: conscrypt-openjdk-uber-2.5.2.jar
#14 599.6 [INFO] Resolved dependency: failureaccess-1.0.2.jar
#14 599.6 [INFO] Resolved dependency: netty-codec-http-4.1.94.Final.jar
#14 599.6 [INFO] Resolved dependency: spring-boot-starter-data-redis-3.2.5.jar
#14 599.6 [INFO] Resolved dependency: spring-aop-6.1.6.jar
#14 599.6 [INFO] Resolved dependency: spring-security-crypto-6.2.4.jar
#14 599.6 [INFO] Resolved dependency: svg-8.0.2.jar
#14 599.6 [INFO] Resolved dependency: gax-2.29.0.jar
#14 599.6 [INFO] Resolved dependency: okio-3.6.0.jar
#14 599.6 [INFO] Resolved dependency: grpc-core-1.55.1.jar
#14 599.6 [INFO] Resolved dependency: checker-qual-3.31.0.jar
#14 599.6 [INFO] Resolved dependency: spring-expression-6.1.6.jar
#14 599.6 [INFO] Resolved dependency: commons-codec-1.16.1.jar
#14 599.6 [INFO] Resolved dependency: assertj-core-3.24.2.jar
#14 599.6 [INFO] Resolved dependency: google-cloud-core-http-2.19.0.jar
#14 599.6 [INFO] Resolved dependency: spring-boot-autoconfigure-3.2.5.jar
#14 599.6 [INFO] Resolved dependency: txw2-4.0.2.jar
#14 599.6 [INFO] Resolved dependency: spring-security-core-6.2.4.jar
#14 599.6 [INFO] Resolved dependency: waffle-jna-1.9.1.jar
#14 599.6 [INFO] Resolved dependency: hamcrest-2.2.jar
#14 599.6 [INFO] Resolved dependency: kotlin-stdlib-common-1.9.10.jar
#14 599.6 [INFO] Resolved dependency: grpc-grpclb-1.55.1.jar
#14 599.6 [INFO] Resolved dependency: istack-commons-runtime-4.1.1.jar
#14 599.6 [INFO] Resolved dependency: annotations-4.1.1.4.jar
#14 599.6 [INFO] Resolved dependency: netty-transport-native-unix-common-4.1.107.Final.jar
#14 599.6 [INFO] Resolved dependency: jboss-logging-3.5.0.Final.jar
#14 599.6 [INFO] Resolved dependency: kernel-8.0.2.jar
#14 599.6 [INFO] Resolved dependency: proto-google-common-protos-2.20.0.jar
#14 599.6 [INFO] Resolved dependency: jackson-core-2.14.2.jar
#14 599.6 [INFO] Resolved dependency: auto-value-annotations-1.10.1.jar
#14 599.6 [INFO] Resolved dependency: classmate-1.5.1.jar
#14 599.6 [INFO] Resolved dependency: spring-context-support-6.1.6.jar
#14 599.6 [INFO] Resolved dependency: lombok-mapstruct-binding-0.2.0.jar
#14 599.6 [INFO] Resolved dependency: junit-jupiter-engine-5.10.2.jar
#14 599.6 [INFO] Resolved dependency: annotations-13.0.jar
#14 599.6 [INFO] Resolved dependency: grpc-rls-1.55.1.jar
#14 599.6 [INFO] Resolved dependency: spring-boot-starter-validation-3.2.5.jar
#14 599.6 [INFO] Resolved dependency: jboss-logging-3.4.3.Final.jar
#14 599.6 [INFO] Resolved dependency: awaitility-4.2.1.jar
#14 599.6 [INFO] Resolved dependency: byte-buddy-1.12.21.jar
#14 599.6 [INFO] Resolved dependency: checker-qual-3.41.0.jar
#14 599.6 [INFO] Resolved dependency: objenesis-3.3.jar
#14 599.6 [INFO] Resolved dependency: slf4j-api-1.7.36.jar
#14 599.6 [INFO] Resolved dependency: spring-boot-starter-json-3.2.5.jar
#14 599.6 [INFO] Resolved dependency: spring-websocket-6.1.6.jar
#14 599.6 [INFO] Resolved dependency: jackson-core-2.16.1.jar
#14 599.6 [INFO] Resolved dependency: kotlin-stdlib-1.8.21.jar
#14 599.6 [INFO] Resolved dependency: netty-codec-4.1.94.Final.jar
#14 599.6 [INFO] Resolved dependency: sign-8.0.2.jar
#14 599.6 [INFO] Resolved dependency: jcl-over-slf4j-1.7.25.jar
#14 599.6 [INFO] Resolved dependency: caffeine-2.6.2.jar
#14 599.6 [INFO] Resolved dependency: bouncy-castle-connector-8.0.2.jar
#14 599.6 [INFO] Resolved dependency: proto-google-cloud-firestore-v1-3.13.0.jar
#14 599.6 [INFO] Resolved dependency: logback-classic-1.4.14.jar
#14 599.6 [INFO] Resolved dependency: httpcore-4.4.16.jar
#14 599.6 [INFO] Resolved dependency: jakarta.persistence-api-3.1.0.jar
#14 599.6 [INFO] Resolved dependency: junit-jupiter-5.10.2.jar
#14 599.6 [INFO] Resolved dependency: jakarta.activation-api-2.1.3.jar
#14 599.6 [INFO] Resolved dependency: netty-buffer-4.1.107.Final.jar
#14 599.6 [INFO] Resolved dependency: protobuf-java-util-3.23.2.jar
#14 599.6 [INFO] Resolved dependency: jul-to-slf4j-2.0.13.jar
#14 599.6 [INFO] Resolved dependency: micrometer-observation-1.12.5.jar
#14 599.6 [INFO] Resolved dependency: jakarta.validation-api-3.0.2.jar
#14 599.6 [INFO] Resolved dependency: netty-buffer-4.1.94.Final.jar
#14 599.6 [INFO] Resolved dependency: slf4j-api-2.0.7.jar
#14 599.6 [INFO] Resolved dependency: tomcat-embed-el-10.1.20.jar
#14 599.6 [INFO] Resolved dependency: spring-boot-starter-websocket-3.2.5.jar
#14 599.6 [INFO] Resolved dependency: jaxb-runtime-4.0.2.jar
#14 599.6 [INFO] Resolved dependency: spring-orm-6.1.6.jar
#14 599.6 [INFO] Resolved dependency: commons-lang3-3.14.0.jar
#14 599.6 [INFO] Resolved dependency: jakarta.inject-api-2.0.1.jar
#14 599.6 [INFO] Resolved dependency: jakarta.annotation-api-2.0.0.jar
#14 599.6 [INFO] Resolved dependency: spring-security-oauth2-core-6.2.4.jar
#14 599.6 [INFO] Resolved dependency: junit-jupiter-api-5.10.2.jar
#14 599.6 [INFO] Resolved dependency: spring-core-6.1.6.jar
#14 599.6 [INFO] Resolved dependency: perfmark-api-0.26.0.jar
#14 599.6 [INFO] Resolved dependency: re2j-1.6.jar
#14 599.6 [INFO] Resolved dependency: gax-grpc-2.29.0.jar
#14 599.6 [INFO] Resolved dependency: logback-core-1.4.14.jar
#14 599.6 [INFO] Resolved dependency: j2objc-annotations-2.8.jar
#14 599.6 [INFO] Resolved dependency: animal-sniffer-annotations-1.23.jar
#14 599.6 [INFO] Resolved dependency: opencensus-api-0.31.1.jar
#14 599.6 [INFO] Resolved dependency: jandex-3.1.2.jar
#14 599.6 [INFO] Resolved dependency: junit-jupiter-params-5.10.2.jar
#14 599.6 [INFO] Resolved dependency: reactor-core-3.6.4.jar
#14 599.6 [INFO] Resolved dependency: apiguardian-api-1.1.2.jar
#14 599.6 [INFO] Resolved dependency: spring-boot-starter-3.2.5.jar
#14 599.6 [INFO] Resolved dependency: lettuce-core-6.3.2.RELEASE.jar
#14 599.6 [INFO] Resolved dependency: google-auth-library-oauth2-http-1.17.0.jar
#14 599.6 [INFO] Resolved dependency: netty-resolver-4.1.94.Final.jar
#14 599.6 [INFO] Resolved dependency: hibernate-core-6.4.4.Final.jar
#14 599.6 [INFO] Resolved dependency: google-cloud-core-grpc-2.19.0.jar
#14 599.6 [INFO] Resolved dependency: android-json-0.0.20131108.vaadin1.jar
#14 599.6 [INFO] Resolved dependency: tomcat-embed-core-10.1.20.jar
#14 599.6 [INFO] ------------------------------------------------------------------------
#14 599.6 [INFO] Reactor Summary for elearning-backend 0.0.1-SNAPSHOT:
#14 599.6 [INFO] 
#14 599.6 [INFO] elearning-backend .................................. SUCCESS [02:27 min]
#14 599.6 [INFO] auth-server ........................................ SUCCESS [04:13 min]
#14 599.6 [INFO] resource-server .................................... SUCCESS [02:41 min]
#14 599.6 [INFO] ------------------------------------------------------------------------
#14 599.6 [INFO] BUILD SUCCESS
#14 599.6 [INFO] ------------------------------------------------------------------------
#14 599.6 [INFO] Total time:  09:56 min
#14 599.6 [INFO] Finished at: 2026-05-08T15:08:24Z
#14 599.6 [INFO] ------------------------------------------------------------------------
#14 DONE 599.7s

#15 [build 7/8] COPY auth-server/src auth-server/src
#15 DONE 0.1s

#16 [build 8/8] RUN mvn package -DskipTests -pl auth-server
#16 1.358 [INFO] Scanning for projects...
#16 1.742 [INFO] 
#16 1.742 [INFO] ---------------------< com.elearning:auth-server >----------------------
#16 1.742 [INFO] Building auth-server 0.0.1-SNAPSHOT
#16 1.742 [INFO]   from pom.xml
#16 1.744 [INFO] --------------------------------[ jar ]---------------------------------
#16 2.351 Downloading from central: https://repo.maven.apache.org/maven2/org/jboss/logging/jboss-logging/3.5.3.Final/jboss-logging-3.5.3.Final.pom
#16 2.937 Progress (1): 755 BProgress (1): 1.9 kBProgress (1): 4.1 kBProgress (1): 8.3 kBProgress (1): 15 kB Progress (1): 18 kBProgress (1): 19 kB                   Downloaded from central: https://repo.maven.apache.org/maven2/org/jboss/logging/jboss-logging/3.5.3.Final/jboss-logging-3.5.3.Final.pom (19 kB at 31 kB/s)
#16 2.969 Downloading from central: https://repo.maven.apache.org/maven2/org/jboss/logging/logging-parent/1.0.1.Final/logging-parent-1.0.1.Final.pom
#16 3.041 Progress (1): 1.2 kBProgress (1): 2.6 kBProgress (1): 6.0 kB                    Downloaded from central: https://repo.maven.apache.org/maven2/org/jboss/logging/logging-parent/1.0.1.Final/logging-parent-1.0.1.Final.pom (6.0 kB at 79 kB/s)
#16 3.061 Downloading from central: https://repo.maven.apache.org/maven2/com/fasterxml/classmate/1.6.0/classmate-1.6.0.pom
#16 3.133 Progress (1): 1.2 kBProgress (1): 2.5 kBProgress (1): 4.6 kBProgress (1): 6.6 kB                    Downloaded from central: https://repo.maven.apache.org/maven2/com/fasterxml/classmate/1.6.0/classmate-1.6.0.pom (6.6 kB at 87 kB/s)
#16 3.139 Downloading from central: https://repo.maven.apache.org/maven2/com/fasterxml/oss-parent/55/oss-parent-55.pom
#16 3.213 Progress (1): 951 BProgress (1): 2.3 kBProgress (1): 3.5 kBProgress (1): 5.5 kBProgress (1): 8.5 kBProgress (1): 11 kB Progress (1): 13 kBProgress (1): 15 kBProgress (1): 18 kBProgress (1): 22 kBProgress (1): 24 kB                   Downloaded from central: https://repo.maven.apache.org/maven2/com/fasterxml/oss-parent/55/oss-parent-55.pom (24 kB at 295 kB/s)
#16 3.224 Downloading from central: https://repo.maven.apache.org/maven2/net/bytebuddy/byte-buddy/1.14.13/byte-buddy-1.14.13.pom
#16 3.312 Progress (1): 959 BProgress (1): 2.8 kBProgress (1): 5.9 kBProgress (1): 13 kB Progress (1): 16 kBProgress (1): 16 kB                   Downloaded from central: https://repo.maven.apache.org/maven2/net/bytebuddy/byte-buddy/1.14.13/byte-buddy-1.14.13.pom (16 kB at 173 kB/s)
#16 3.319 Downloading from central: https://repo.maven.apache.org/maven2/net/bytebuddy/byte-buddy-parent/1.14.13/byte-buddy-parent-1.14.13.pom
#16 3.429 Progress (1): 835 BProgress (1): 1.7 kBProgress (1): 3.1 kBProgress (1): 5.5 kBProgress (1): 7.0 kBProgress (1): 8.9 kBProgress (1): 12 kB Progress (1): 13 kBProgress (1): 17 kBProgress (1): 22 kBProgress (1): 24 kBProgress (1): 31 kBProgress (1): 46 kBProgress (1): 49 kBProgress (1): 54 kBProgress (1): 58 kBProgress (1): 63 kB                   Downloaded from central: https://repo.maven.apache.org/maven2/net/bytebuddy/byte-buddy-parent/1.14.13/byte-buddy-parent-1.14.13.pom (63 kB at 160 kB/s)
#16 3.726 Downloading from central: https://repo.maven.apache.org/maven2/org/glassfish/jaxb/jaxb-runtime/4.0.5/jaxb-runtime-4.0.5.pom
#16 3.857 Progress (1): 806 BProgress (1): 2.4 kBProgress (1): 6.4 kBProgress (1): 9.2 kBProgress (1): 11 kB                    Downloaded from central: https://repo.maven.apache.org/maven2/org/glassfish/jaxb/jaxb-runtime/4.0.5/jaxb-runtime-4.0.5.pom (11 kB at 80 kB/s)
#16 3.864 Downloading from central: https://repo.maven.apache.org/maven2/com/sun/xml/bind/mvn/jaxb-runtime-parent/4.0.5/jaxb-runtime-parent-4.0.5.pom
#16 3.941 Progress (1): 932 BProgress (1): 1.2 kB                    Downloaded from central: https://repo.maven.apache.org/maven2/com/sun/xml/bind/mvn/jaxb-runtime-parent/4.0.5/jaxb-runtime-parent-4.0.5.pom (1.2 kB at 15 kB/s)
#16 3.945 Downloading from central: https://repo.maven.apache.org/maven2/com/sun/xml/bind/mvn/jaxb-parent/4.0.5/jaxb-parent-4.0.5.pom
#16 4.053 Progress (1): 778 BProgress (1): 2.0 kBProgress (1): 4.0 kBProgress (1): 5.7 kBProgress (1): 8.2 kBProgress (1): 14 kB Progress (1): 18 kBProgress (1): 22 kBProgress (1): 28 kBProgress (1): 33 kBProgress (1): 35 kB                   Downloaded from central: https://repo.maven.apache.org/maven2/com/sun/xml/bind/mvn/jaxb-parent/4.0.5/jaxb-parent-4.0.5.pom (35 kB at 82 kB/s)
#16 4.374 Downloading from central: https://repo.maven.apache.org/maven2/com/sun/xml/bind/jaxb-bom-ext/4.0.5/jaxb-bom-ext-4.0.5.pom
#16 4.478 Progress (1): 863 BProgress (1): 2.6 kBProgress (1): 3.5 kB                    Downloaded from central: https://repo.maven.apache.org/maven2/com/sun/xml/bind/jaxb-bom-ext/4.0.5/jaxb-bom-ext-4.0.5.pom (3.5 kB at 32 kB/s)
#16 4.491 Downloading from central: https://repo.maven.apache.org/maven2/org/glassfish/jaxb/jaxb-core/4.0.5/jaxb-core-4.0.5.pom
#16 4.553 Progress (1): 898 BProgress (1): 2.5 kBProgress (1): 3.7 kB                    Downloaded from central: https://repo.maven.apache.org/maven2/org/glassfish/jaxb/jaxb-core/4.0.5/jaxb-core-4.0.5.pom (3.7 kB at 53 kB/s)
#16 4.566 Downloading from central: https://repo.maven.apache.org/maven2/org/eclipse/angus/angus-activation/2.0.2/angus-activation-2.0.2.pom
#16 4.636 Progress (1): 930 BProgress (1): 3.4 kBProgress (1): 4.0 kB                    Downloaded from central: https://repo.maven.apache.org/maven2/org/eclipse/angus/angus-activation/2.0.2/angus-activation-2.0.2.pom (4.0 kB at 55 kB/s)
#16 4.641 Downloading from central: https://repo.maven.apache.org/maven2/org/eclipse/angus/angus-activation-project/2.0.2/angus-activation-project-2.0.2.pom
#16 4.723 Progress (1): 873 BProgress (1): 2.6 kBProgress (1): 5.6 kBProgress (1): 10 kB Progress (1): 14 kBProgress (1): 18 kBProgress (1): 20 kBProgress (1): 21 kB                   Downloaded from central: https://repo.maven.apache.org/maven2/org/eclipse/angus/angus-activation-project/2.0.2/angus-activation-project-2.0.2.pom (21 kB at 227 kB/s)
#16 4.738 Downloading from central: https://repo.maven.apache.org/maven2/org/glassfish/jaxb/txw2/4.0.5/txw2-4.0.5.pom
#16 4.812 Progress (1): 931 BProgress (1): 1.8 kB                    Downloaded from central: https://repo.maven.apache.org/maven2/org/glassfish/jaxb/txw2/4.0.5/txw2-4.0.5.pom (1.8 kB at 22 kB/s)
#16 4.820 Downloading from central: https://repo.maven.apache.org/maven2/com/sun/xml/bind/mvn/jaxb-txw-parent/4.0.5/jaxb-txw-parent-4.0.5.pom
#16 4.892 Progress (1): 930 BProgress (1): 1.2 kB                    Downloaded from central: https://repo.maven.apache.org/maven2/com/sun/xml/bind/mvn/jaxb-txw-parent/4.0.5/jaxb-txw-parent-4.0.5.pom (1.2 kB at 15 kB/s)
#16 4.903 Downloading from central: https://repo.maven.apache.org/maven2/com/sun/istack/istack-commons-runtime/4.1.2/istack-commons-runtime-4.1.2.pom
#16 4.967 Progress (1): 933 BProgress (1): 1.6 kB                    Downloaded from central: https://repo.maven.apache.org/maven2/com/sun/istack/istack-commons-runtime/4.1.2/istack-commons-runtime-4.1.2.pom (1.6 kB at 25 kB/s)
#16 4.971 Downloading from central: https://repo.maven.apache.org/maven2/com/sun/istack/istack-commons/4.1.2/istack-commons-4.1.2.pom
#16 5.088 Progress (1): 794 BProgress (1): 2.6 kBProgress (1): 4.8 kBProgress (1): 12 kB Progress (1): 17 kBProgress (1): 21 kBProgress (1): 26 kBProgress (1): 26 kB                   Downloaded from central: https://repo.maven.apache.org/maven2/com/sun/istack/istack-commons/4.1.2/istack-commons-4.1.2.pom (26 kB at 210 kB/s)
#16 5.122 Downloading from central: https://repo.maven.apache.org/maven2/io/netty/netty-common/4.1.109.Final/netty-common-4.1.109.Final.pom
#16 5.191 Progress (1): 1.3 kBProgress (1): 4.7 kBProgress (1): 10 kB Progress (1): 12 kB                   Downloaded from central: https://repo.maven.apache.org/maven2/io/netty/netty-common/4.1.109.Final/netty-common-4.1.109.Final.pom (12 kB at 153 kB/s)
#16 5.203 Downloading from central: https://repo.maven.apache.org/maven2/io/netty/netty-parent/4.1.109.Final/netty-parent-4.1.109.Final.pom
#16 5.280 Progress (1): 787 BProgress (1): 2.4 kBProgress (1): 4.5 kBProgress (1): 7.2 kBProgress (1): 7.7 kBProgress (1): 15 kB Progress (1): 23 kBProgress (1): 25 kBProgress (1): 27 kBProgress (1): 29 kBProgress (1): 32 kBProgress (1): 35 kBProgress (1): 40 kBProgress (1): 41 kBProgress (1): 46 kBProgress (1): 49 kBProgress (1): 53 kBProgress (1): 55 kBProgress (1): 57 kBProgress (1): 60 kBProgress (1): 63 kBProgress (1): 65 kBProgress (1): 66 kBProgress (1): 68 kBProgress (1): 71 kBProgress (1): 74 kBProgress (1): 77 kBProgress (1): 83 kBProgress (1): 87 kB                   Downloaded from central: https://repo.maven.apache.org/maven2/io/netty/netty-parent/4.1.109.Final/netty-parent-4.1.109.Final.pom (87 kB at 500 kB/s)
#16 5.385 Downloading from central: https://repo.maven.apache.org/maven2/io/netty/netty-handler/4.1.109.Final/netty-handler-4.1.109.Final.pom
#16 5.452 Progress (1): 801 BProgress (1): 3.9 kBProgress (1): 4.6 kB                    Downloaded from central: https://repo.maven.apache.org/maven2/io/netty/netty-handler/4.1.109.Final/netty-handler-4.1.109.Final.pom (4.6 kB at 67 kB/s)
#16 5.459 Downloading from central: https://repo.maven.apache.org/maven2/io/netty/netty-resolver/4.1.109.Final/netty-resolver-4.1.109.Final.pom
#16 5.525 Progress (1): 885 BProgress (1): 1.6 kB                    Downloaded from central: https://repo.maven.apache.org/maven2/io/netty/netty-resolver/4.1.109.Final/netty-resolver-4.1.109.Final.pom (1.6 kB at 22 kB/s)
#16 5.538 Downloading from central: https://repo.maven.apache.org/maven2/io/netty/netty-buffer/4.1.109.Final/netty-buffer-4.1.109.Final.pom
#16 5.603 Progress (1): 885 BProgress (1): 1.6 kB                    Downloaded from central: https://repo.maven.apache.org/maven2/io/netty/netty-buffer/4.1.109.Final/netty-buffer-4.1.109.Final.pom (1.6 kB at 23 kB/s)
#16 5.610 Downloading from central: https://repo.maven.apache.org/maven2/io/netty/netty-transport/4.1.109.Final/netty-transport-4.1.109.Final.pom
#16 5.676 Progress (1): 850 BProgress (1): 2.2 kB                    Downloaded from central: https://repo.maven.apache.org/maven2/io/netty/netty-transport/4.1.109.Final/netty-transport-4.1.109.Final.pom (2.2 kB at 30 kB/s)
#16 5.690 Downloading from central: https://repo.maven.apache.org/maven2/io/netty/netty-transport-native-unix-common/4.1.109.Final/netty-transport-native-unix-common-4.1.109.Final.pom
#16 5.771 Progress (1): 772 BProgress (1): 2.2 kBProgress (1): 4.3 kBProgress (1): 6.8 kBProgress (1): 15 kB Progress (1): 33 kB                   Downloaded from central: https://repo.maven.apache.org/maven2/io/netty/netty-transport-native-unix-common/4.1.109.Final/netty-transport-native-unix-common-4.1.109.Final.pom (33 kB at 376 kB/s)
#16 5.787 Downloading from central: https://repo.maven.apache.org/maven2/io/netty/netty-codec/4.1.109.Final/netty-codec-4.1.109.Final.pom
#16 5.857 Progress (1): 807 BProgress (1): 4.5 kBProgress (1): 5.5 kB                    Downloaded from central: https://repo.maven.apache.org/maven2/io/netty/netty-codec/4.1.109.Final/netty-codec-4.1.109.Final.pom (5.5 kB at 75 kB/s)
#16 5.868 Downloading from central: https://repo.maven.apache.org/maven2/io/projectreactor/reactor-core/3.6.5/reactor-core-3.6.5.pom
#16 5.930 Progress (1): 1.0 kBProgress (1): 2.1 kB                    Downloaded from central: https://repo.maven.apache.org/maven2/io/projectreactor/reactor-core/3.6.5/reactor-core-3.6.5.pom (2.1 kB at 30 kB/s)
#16 6.033 Downloading from central: https://repo.maven.apache.org/maven2/net/bytebuddy/byte-buddy-agent/1.14.13/byte-buddy-agent-1.14.13.pom
#16 6.170 Progress (1): 1.2 kBProgress (1): 3.6 kBProgress (1): 6.2 kBProgress (1): 10 kB                    Downloaded from central: https://repo.maven.apache.org/maven2/net/bytebuddy/byte-buddy-agent/1.14.13/byte-buddy-agent-1.14.13.pom (10 kB at 68 kB/s)
#16 6.263 Downloading from central: https://repo.maven.apache.org/maven2/org/jboss/logging/jboss-logging/3.5.3.Final/jboss-logging-3.5.3.Final.jar
#16 7.062 Progress (1): 3.8/59 kBProgress (1): 8.0/59 kBProgress (1): 12/59 kB Progress (1): 16/59 kBProgress (1): 32/59 kBProgress (1): 48/59 kBProgress (1): 59 kB                      Downloaded from central: https://repo.maven.apache.org/maven2/org/jboss/logging/jboss-logging/3.5.3.Final/jboss-logging-3.5.3.Final.jar (59 kB at 38 kB/s)
#16 7.807 Downloading from central: https://repo.maven.apache.org/maven2/com/fasterxml/classmate/1.6.0/classmate-1.6.0.jar
#16 7.807 Downloading from central: https://repo.maven.apache.org/maven2/net/bytebuddy/byte-buddy/1.14.13/byte-buddy-1.14.13.jar
#16 7.807 Downloading from central: https://repo.maven.apache.org/maven2/org/glassfish/jaxb/jaxb-runtime/4.0.5/jaxb-runtime-4.0.5.jar
#16 7.807 Downloading from central: https://repo.maven.apache.org/maven2/org/glassfish/jaxb/jaxb-core/4.0.5/jaxb-core-4.0.5.jar
#16 7.809 Downloading from central: https://repo.maven.apache.org/maven2/org/eclipse/angus/angus-activation/2.0.2/angus-activation-2.0.2.jar
#16 8.128 Progress (1): 0.9/27 kBProgress (2): 0.9/27 kB | 0/4.2 MBProgress (2): 0.9/27 kB | 0/4.2 MBProgress (2): 0.9/27 kB | 0/4.2 MBProgress (2): 0.9/27 kB | 0/4.2 MBProgress (3): 0.9/27 kB | 0/4.2 MB | 0.9/139 kBProgress (3): 0.9/27 kB | 0/4.2 MB | 0.9/139 kBProgress (3): 0.9/27 kB | 0/4.2 MB | 2.3/139 kBProgress (3): 0.9/27 kB | 0/4.2 MB | 2.3/139 kBProgress (3): 0.9/27 kB | 0/4.2 MB | 3.6/139 kBProgress (3): 0.9/27 kB | 0/4.2 MB | 5.0/139 kBProgress (3): 0.9/27 kB | 0/4.2 MB | 6.4/139 kBProgress (3): 0.9/27 kB | 0/4.2 MB | 7.7/139 kBProgress (3): 0.9/27 kB | 0/4.2 MB | 9.1/139 kBProgress (3): 0.9/27 kB | 0/4.2 MB | 10/139 kB Progress (3): 0.9/27 kB | 0/4.2 MB | 12/139 kBProgress (3): 0.9/27 kB | 0/4.2 MB | 13/139 kBProgress (3): 0.9/27 kB | 0/4.2 MB | 15/139 kBProgress (3): 0.9/27 kB | 0/4.2 MB | 15/139 kBProgress (3): 0.9/27 kB | 0/4.2 MB | 17/139 kBProgress (3): 0.9/27 kB | 0/4.2 MB | 18/139 kBProgress (3): 0.9/27 kB | 0/4.2 MB | 20/139 kBProgress (3): 0.9/27 kB | 0/4.2 MB | 21/139 kBProgress (3): 0.9/27 kB | 0/4.2 MB | 21/139 kBProgress (3): 0.9/27 kB | 0/4.2 MB | 21/139 kBProgress (3): 0.9/27 kB | 0/4.2 MB | 21/139 kBProgress (3): 0.9/27 kB | 0/4.2 MB | 21/139 kBProgress (3): 0.9/27 kB | 0/4.2 MB | 21/139 kBProgress (3): 0.9/27 kB | 0/4.2 MB | 21/139 kBProgress (3): 0.9/27 kB | 0/4.2 MB | 21/139 kBProgress (3): 0.9/27 kB | 0/4.2 MB | 21/139 kBProgress (3): 0.9/27 kB | 0/4.2 MB | 21/139 kBProgress (3): 2.3/27 kB | 0/4.2 MB | 21/139 kBProgress (3): 3.6/27 kB | 0/4.2 MB | 21/139 kBProgress (3): 5.0/27 kB | 0/4.2 MB | 21/139 kBProgress (3): 6.4/27 kB | 0/4.2 MB | 21/139 kBProgress (3): 7.7/27 kB | 0/4.2 MB | 21/139 kBProgress (3): 9.1/27 kB | 0/4.2 MB | 21/139 kBProgress (3): 10/27 kB | 0/4.2 MB | 21/139 kB Progress (3): 12/27 kB | 0/4.2 MB | 21/139 kBProgress (3): 12/27 kB | 0/4.2 MB | 22/139 kBProgress (3): 12/27 kB | 0/4.2 MB | 24/139 kBProgress (3): 12/27 kB | 0/4.2 MB | 25/139 kBProgress (3): 12/27 kB | 0/4.2 MB | 26/139 kBProgress (3): 12/27 kB | 0/4.2 MB | 28/139 kBProgress (3): 12/27 kB | 0/4.2 MB | 29/139 kBProgress (3): 12/27 kB | 0/4.2 MB | 31/139 kBProgress (3): 12/27 kB | 0/4.2 MB | 32/139 kBProgress (3): 12/27 kB | 0/4.2 MB | 33/139 kBProgress (3): 12/27 kB | 0/4.2 MB | 35/139 kBProgress (3): 12/27 kB | 0/4.2 MB | 36/139 kBProgress (3): 12/27 kB | 0/4.2 MB | 37/139 kBProgress (3): 12/27 kB | 0/4.2 MB | 39/139 kBProgress (3): 12/27 kB | 0/4.2 MB | 40/139 kBProgress (3): 12/27 kB | 0/4.2 MB | 41/139 kBProgress (3): 13/27 kB | 0/4.2 MB | 41/139 kBProgress (3): 15/27 kB | 0/4.2 MB | 41/139 kBProgress (3): 15/27 kB | 0/4.2 MB | 43/139 kBProgress (3): 16/27 kB | 0/4.2 MB | 43/139 kBProgress (3): 17/27 kB | 0/4.2 MB | 43/139 kBProgress (3): 19/27 kB | 0/4.2 MB | 43/139 kBProgress (3): 20/27 kB | 0/4.2 MB | 43/139 kBProgress (4): 20/27 kB | 0/4.2 MB | 43/139 kB | 0.9/920 kBProgress (4): 20/27 kB | 0/4.2 MB | 43/139 kB | 2.3/920 kBProgress (4): 20/27 kB | 0/4.2 MB | 43/139 kB | 3.2/920 kBProgress (4): 20/27 kB | 0/4.2 MB | 43/139 kB | 4.5/920 kBProgress (4): 20/27 kB | 0/4.2 MB | 43/139 kB | 5.9/920 kBProgress (4): 20/27 kB | 0/4.2 MB | 43/139 kB | 7.3/920 kBProgress (4): 20/27 kB | 0/4.2 MB | 43/139 kB | 8.7/920 kBProgress (4): 20/27 kB | 0/4.2 MB | 43/139 kB | 10/920 kB Progress (4): 20/27 kB | 0/4.2 MB | 43/139 kB | 11/920 kBProgress (4): 20/27 kB | 0/4.2 MB | 43/139 kB | 13/920 kBProgress (4): 20/27 kB | 0/4.2 MB | 43/139 kB | 14/920 kBProgress (4): 20/27 kB | 0/4.2 MB | 43/139 kB | 15/920 kBProgress (4): 20/27 kB | 0/4.2 MB | 43/139 kB | 17/920 kBProgress (4): 20/27 kB | 0/4.2 MB | 43/139 kB | 18/920 kBProgress (4): 20/27 kB | 0/4.2 MB | 43/139 kB | 20/920 kBProgress (4): 20/27 kB | 0/4.2 MB | 43/139 kB | 20/920 kBProgress (4): 20/27 kB | 0/4.2 MB | 43/139 kB | 21/920 kBProgress (4): 20/27 kB | 0/4.2 MB | 43/139 kB | 21/920 kBProgress (4): 20/27 kB | 0/4.2 MB | 44/139 kB | 21/920 kBProgress (4): 20/27 kB | 0/4.2 MB | 44/139 kB | 21/920 kBProgress (4): 20/27 kB | 0/4.2 MB | 46/139 kB | 21/920 kBProgress (4): 20/27 kB | 0/4.2 MB | 46/139 kB | 21/920 kBProgress (4): 20/27 kB | 0/4.2 MB | 47/139 kB | 21/920 kBProgress (4): 20/27 kB | 0/4.2 MB | 48/139 kB | 21/920 kBProgress (4): 20/27 kB | 0/4.2 MB | 50/139 kB | 21/920 kBProgress (4): 20/27 kB | 0/4.2 MB | 50/139 kB | 22/920 kBProgress (4): 20/27 kB | 0/4.2 MB | 50/139 kB | 22/920 kBProgress (4): 20/27 kB | 0/4.2 MB | 50/139 kB | 24/920 kBProgress (4): 20/27 kB | 0/4.2 MB | 50/139 kB | 24/920 kBProgress (4): 20/27 kB | 0/4.2 MB | 50/139 kB | 25/920 kBProgress (4): 20/27 kB | 0/4.2 MB | 50/139 kB | 26/920 kBProgress (4): 20/27 kB | 0/4.2 MB | 50/139 kB | 28/920 kBProgress (4): 20/27 kB | 0/4.2 MB | 50/139 kB | 29/920 kBProgress (4): 20/27 kB | 0/4.2 MB | 50/139 kB | 31/920 kBProgress (4): 20/27 kB | 0/4.2 MB | 50/139 kB | 32/920 kBProgress (4): 20/27 kB | 0/4.2 MB | 50/139 kB | 33/920 kBProgress (4): 20/27 kB | 0/4.2 MB | 50/139 kB | 35/920 kBProgress (4): 20/27 kB | 0/4.2 MB | 50/139 kB | 36/920 kBProgress (4): 20/27 kB | 0/4.2 MB | 50/139 kB | 36/920 kBProgress (4): 20/27 kB | 0/4.2 MB | 50/139 kB | 36/920 kBProgress (4): 20/27 kB | 0/4.2 MB | 50/139 kB | 36/920 kBProgress (4): 20/27 kB | 0/4.2 MB | 50/139 kB | 36/920 kBProgress (4): 20/27 kB | 0/4.2 MB | 50/139 kB | 36/920 kBProgress (4): 20/27 kB | 0/4.2 MB | 50/139 kB | 36/920 kBProgress (4): 20/27 kB | 0/4.2 MB | 50/139 kB | 36/920 kBProgress (4): 20/27 kB | 0/4.2 MB | 50/139 kB | 36/920 kBProgress (4): 20/27 kB | 0/4.2 MB | 50/139 kB | 36/920 kBProgress (4): 20/27 kB | 0/4.2 MB | 50/139 kB | 36/920 kBProgress (4): 20/27 kB | 0/4.2 MB | 50/139 kB | 36/920 kBProgress (4): 20/27 kB | 0/4.2 MB | 50/139 kB | 37/920 kBProgress (4): 20/27 kB | 0/4.2 MB | 51/139 kB | 37/920 kBProgress (4): 20/27 kB | 0/4.2 MB | 51/139 kB | 39/920 kBProgress (4): 20/27 kB | 0/4.2 MB | 51/139 kB | 40/920 kBProgress (4): 20/27 kB | 0/4.2 MB | 52/139 kB | 40/920 kBProgress (4): 20/27 kB | 0/4.2 MB | 52/139 kB | 42/920 kBProgress (4): 20/27 kB | 0/4.2 MB | 52/139 kB | 43/920 kBProgress (4): 20/27 kB | 0/4.2 MB | 52/139 kB | 44/920 kBProgress (4): 20/27 kB | 0/4.2 MB | 52/139 kB | 46/920 kBProgress (4): 20/27 kB | 0/4.2 MB | 52/139 kB | 47/920 kBProgress (4): 20/27 kB | 0/4.2 MB | 54/139 kB | 47/920 kBProgress (4): 20/27 kB | 0/4.2 MB | 55/139 kB | 47/920 kBProgress (4): 20/27 kB | 0/4.2 MB | 59/139 kB | 47/920 kBProgress (4): 20/27 kB | 0/4.2 MB | 64/139 kB | 47/920 kBProgress (4): 20/27 kB | 0/4.2 MB | 68/139 kB | 47/920 kBProgress (4): 20/27 kB | 0/4.2 MB | 72/139 kB | 47/920 kBProgress (4): 20/27 kB | 0/4.2 MB | 76/139 kB | 47/920 kBProgress (4): 20/27 kB | 0/4.2 MB | 76/139 kB | 47/920 kBProgress (4): 20/27 kB | 0/4.2 MB | 76/139 kB | 48/920 kBProgress (4): 20/27 kB | 0/4.2 MB | 76/139 kB | 50/920 kBProgress (4): 20/27 kB | 0/4.2 MB | 76/139 kB | 51/920 kBProgress (4): 20/27 kB | 0/4.2 MB | 76/139 kB | 51/920 kBProgress (4): 20/27 kB | 0/4.2 MB | 76/139 kB | 51/920 kBProgress (4): 20/27 kB | 0/4.2 MB | 76/139 kB | 51/920 kBProgress (4): 20/27 kB | 0.1/4.2 MB | 76/139 kB | 51/920 kBProgress (4): 20/27 kB | 0.1/4.2 MB | 76/139 kB | 51/920 kBProgress (4): 20/27 kB | 0.1/4.2 MB | 76/139 kB | 52/920 kBProgress (4): 20/27 kB | 0.1/4.2 MB | 76/139 kB | 54/920 kBProgress (4): 20/27 kB | 0.1/4.2 MB | 76/139 kB | 55/920 kBProgress (4): 20/27 kB | 0.1/4.2 MB | 76/139 kB | 59/920 kBProgress (4): 20/27 kB | 0.1/4.2 MB | 76/139 kB | 59/920 kBProgress (4): 20/27 kB | 0.1/4.2 MB | 76/139 kB | 59/920 kBProgress (4): 20/27 kB | 0.1/4.2 MB | 76/139 kB | 59/920 kBProgress (4): 20/27 kB | 0.1/4.2 MB | 76/139 kB | 59/920 kBProgress (4): 20/27 kB | 0.1/4.2 MB | 76/139 kB | 59/920 kBProgress (4): 20/27 kB | 0.1/4.2 MB | 76/139 kB | 59/920 kBProgress (4): 20/27 kB | 0.1/4.2 MB | 81/139 kB | 59/920 kBProgress (4): 20/27 kB | 0.1/4.2 MB | 81/139 kB | 59/920 kBProgress (4): 20/27 kB | 0.1/4.2 MB | 85/139 kB | 59/920 kBProgress (4): 20/27 kB | 0.1/4.2 MB | 85/139 kB | 59/920 kBProgress (4): 20/27 kB | 0.1/4.2 MB | 85/139 kB | 59/920 kBProgress (4): 20/27 kB | 0.1/4.2 MB | 85/139 kB | 59/920 kBProgress (4): 20/27 kB | 0.1/4.2 MB | 89/139 kB | 59/920 kBProgress (4): 21/27 kB | 0.1/4.2 MB | 89/139 kB | 59/920 kBProgress (4): 23/27 kB | 0.1/4.2 MB | 89/139 kB | 59/920 kBProgress (4): 23/27 kB | 0.1/4.2 MB | 89/139 kB | 59/920 kBProgress (4): 24/27 kB | 0.1/4.2 MB | 89/139 kB | 59/920 kBProgress (4): 26/27 kB | 0.1/4.2 MB | 89/139 kB | 59/920 kBProgress (4): 26/27 kB | 0.1/4.2 MB | 93/139 kB | 59/920 kBProgress (4): 26/27 kB | 0.1/4.2 MB | 97/139 kB | 59/920 kBProgress (4): 26/27 kB | 0.1/4.2 MB | 102/139 kB | 59/920 kBProgress (4): 26/27 kB | 0.1/4.2 MB | 106/139 kB | 59/920 kBProgress (4): 26/27 kB | 0.1/4.2 MB | 106/139 kB | 64/920 kBProgress (4): 27/27 kB | 0.1/4.2 MB | 106/139 kB | 64/920 kBProgress (4): 27/27 kB | 0.1/4.2 MB | 106/139 kB | 68/920 kBProgress (4): 27 kB | 0.1/4.2 MB | 106/139 kB | 68/920 kB   Progress (4): 27 kB | 0.1/4.2 MB | 106/139 kB | 72/920 kB                                                         Downloaded from central: https://repo.maven.apache.org/maven2/org/eclipse/angus/angus-activation/2.0.2/angus-activation-2.0.2.jar (27 kB at 51 kB/s)
#16 8.335 Downloading from central: https://repo.maven.apache.org/maven2/org/glassfish/jaxb/txw2/4.0.5/txw2-4.0.5.jar
#16 8.422 Progress (3): 0.1/4.2 MB | 106/139 kB | 76/920 kBProgress (3): 0.1/4.2 MB | 106/139 kB | 81/920 kBProgress (3): 0.1/4.2 MB | 106/139 kB | 85/920 kBProgress (3): 0.1/4.2 MB | 106/139 kB | 89/920 kBProgress (3): 0.1/4.2 MB | 106/139 kB | 93/920 kBProgress (3): 0.1/4.2 MB | 106/139 kB | 97/920 kBProgress (3): 0.1/4.2 MB | 106/139 kB | 102/920 kBProgress (3): 0.1/4.2 MB | 106/139 kB | 106/920 kBProgress (4): 0.1/4.2 MB | 106/139 kB | 106/920 kB | 0.9/73 kBProgress (4): 0.1/4.2 MB | 106/139 kB | 110/920 kB | 0.9/73 kBProgress (4): 0.1/4.2 MB | 106/139 kB | 110/920 kB | 2.3/73 kBProgress (4): 0.1/4.2 MB | 106/139 kB | 114/920 kB | 2.3/73 kBProgress (5): 0.1/4.2 MB | 106/139 kB | 114/920 kB | 2.3/73 kB | 7.7/69 kBProgress (5): 0.1/4.2 MB | 106/139 kB | 114/920 kB | 2.3/73 kB | 12/69 kB Progress (5): 0.1/4.2 MB | 106/139 kB | 114/920 kB | 2.3/73 kB | 29/69 kBProgress (5): 0.1/4.2 MB | 110/139 kB | 114/920 kB | 2.3/73 kB | 29/69 kBProgress (5): 0.1/4.2 MB | 114/139 kB | 114/920 kB | 2.3/73 kB | 29/69 kBProgress (5): 0.1/4.2 MB | 114/139 kB | 114/920 kB | 3.2/73 kB | 29/69 kBProgress (5): 0.1/4.2 MB | 114/139 kB | 114/920 kB | 4.6/73 kB | 29/69 kBProgress (5): 0.1/4.2 MB | 114/139 kB | 114/920 kB | 5.9/73 kB | 29/69 kBProgress (5): 0.1/4.2 MB | 114/139 kB | 114/920 kB | 7.3/73 kB | 29/69 kBProgress (5): 0.1/4.2 MB | 114/139 kB | 114/920 kB | 8.7/73 kB | 29/69 kBProgress (5): 0.1/4.2 MB | 114/139 kB | 114/920 kB | 10/73 kB | 29/69 kB Progress (5): 0.1/4.2 MB | 114/139 kB | 114/920 kB | 11/73 kB | 29/69 kBProgress (5): 0.1/4.2 MB | 114/139 kB | 114/920 kB | 13/73 kB | 29/69 kBProgress (5): 0.1/4.2 MB | 114/139 kB | 114/920 kB | 14/73 kB | 29/69 kBProgress (5): 0.1/4.2 MB | 114/139 kB | 114/920 kB | 16/73 kB | 29/69 kBProgress (5): 0.1/4.2 MB | 114/139 kB | 114/920 kB | 17/73 kB | 29/69 kBProgress (5): 0.1/4.2 MB | 114/139 kB | 114/920 kB | 18/73 kB | 29/69 kBProgress (5): 0.1/4.2 MB | 114/139 kB | 114/920 kB | 20/73 kB | 29/69 kBProgress (5): 0.1/4.2 MB | 114/139 kB | 114/920 kB | 21/73 kB | 29/69 kBProgress (5): 0.1/4.2 MB | 114/139 kB | 114/920 kB | 22/73 kB | 29/69 kBProgress (5): 0.1/4.2 MB | 114/139 kB | 114/920 kB | 24/73 kB | 29/69 kBProgress (5): 0.1/4.2 MB | 114/139 kB | 114/920 kB | 25/73 kB | 29/69 kBProgress (5): 0.1/4.2 MB | 114/139 kB | 114/920 kB | 26/73 kB | 29/69 kBProgress (5): 0.1/4.2 MB | 114/139 kB | 114/920 kB | 31/73 kB | 29/69 kBProgress (5): 0.1/4.2 MB | 114/139 kB | 114/920 kB | 35/73 kB | 29/69 kBProgress (5): 0.1/4.2 MB | 114/139 kB | 114/920 kB | 35/73 kB | 29/69 kBProgress (5): 0.1/4.2 MB | 114/139 kB | 114/920 kB | 35/73 kB | 29/69 kBProgress (5): 0.1/4.2 MB | 114/139 kB | 114/920 kB | 35/73 kB | 29/69 kBProgress (5): 0.1/4.2 MB | 114/139 kB | 114/920 kB | 35/73 kB | 29/69 kBProgress (5): 0.1/4.2 MB | 114/139 kB | 114/920 kB | 35/73 kB | 29/69 kBProgress (5): 0.1/4.2 MB | 114/139 kB | 114/920 kB | 35/73 kB | 29/69 kBProgress (5): 0.1/4.2 MB | 114/139 kB | 114/920 kB | 35/73 kB | 29/69 kBProgress (5): 0.1/4.2 MB | 114/139 kB | 114/920 kB | 35/73 kB | 29/69 kBProgress (5): 0.1/4.2 MB | 114/139 kB | 114/920 kB | 35/73 kB | 29/69 kBProgress (5): 0.1/4.2 MB | 114/139 kB | 114/920 kB | 35/73 kB | 29/69 kBProgress (5): 0.1/4.2 MB | 114/139 kB | 119/920 kB | 35/73 kB | 29/69 kBProgress (5): 0.1/4.2 MB | 114/139 kB | 119/920 kB | 35/73 kB | 29/69 kBProgress (5): 0.1/4.2 MB | 114/139 kB | 123/920 kB | 35/73 kB | 29/69 kBProgress (5): 0.1/4.2 MB | 114/139 kB | 123/920 kB | 35/73 kB | 29/69 kBProgress (5): 0.1/4.2 MB | 114/139 kB | 127/920 kB | 35/73 kB | 29/69 kBProgress (5): 0.1/4.2 MB | 114/139 kB | 127/920 kB | 35/73 kB | 29/69 kBProgress (5): 0.1/4.2 MB | 114/139 kB | 127/920 kB | 35/73 kB | 29/69 kBProgress (5): 0.2/4.2 MB | 114/139 kB | 127/920 kB | 35/73 kB | 29/69 kBProgress (5): 0.2/4.2 MB | 114/139 kB | 127/920 kB | 35/73 kB | 29/69 kBProgress (5): 0.2/4.2 MB | 114/139 kB | 131/920 kB | 35/73 kB | 29/69 kBProgress (5): 0.2/4.2 MB | 114/139 kB | 134/920 kB | 35/73 kB | 29/69 kBProgress (5): 0.2/4.2 MB | 114/139 kB | 138/920 kB | 35/73 kB | 29/69 kBProgress (5): 0.2/4.2 MB | 114/139 kB | 143/920 kB | 35/73 kB | 29/69 kBProgress (5): 0.2/4.2 MB | 114/139 kB | 147/920 kB | 35/73 kB | 29/69 kBProgress (5): 0.2/4.2 MB | 114/139 kB | 151/920 kB | 35/73 kB | 29/69 kBProgress (5): 0.2/4.2 MB | 114/139 kB | 155/920 kB | 35/73 kB | 29/69 kBProgress (5): 0.2/4.2 MB | 114/139 kB | 160/920 kB | 35/73 kB | 29/69 kBProgress (5): 0.2/4.2 MB | 114/139 kB | 164/920 kB | 35/73 kB | 29/69 kBProgress (5): 0.2/4.2 MB | 114/139 kB | 168/920 kB | 35/73 kB | 29/69 kBProgress (5): 0.2/4.2 MB | 114/139 kB | 172/920 kB | 35/73 kB | 29/69 kBProgress (5): 0.2/4.2 MB | 114/139 kB | 177/920 kB | 35/73 kB | 29/69 kBProgress (5): 0.2/4.2 MB | 114/139 kB | 181/920 kB | 35/73 kB | 29/69 kBProgress (5): 0.2/4.2 MB | 114/139 kB | 185/920 kB | 35/73 kB | 29/69 kBProgress (5): 0.2/4.2 MB | 114/139 kB | 189/920 kB | 35/73 kB | 29/69 kBProgress (5): 0.2/4.2 MB | 114/139 kB | 193/920 kB | 35/73 kB | 29/69 kBProgress (5): 0.2/4.2 MB | 114/139 kB | 198/920 kB | 35/73 kB | 29/69 kBProgress (5): 0.2/4.2 MB | 114/139 kB | 202/920 kB | 35/73 kB | 29/69 kBProgress (5): 0.2/4.2 MB | 114/139 kB | 206/920 kB | 35/73 kB | 29/69 kBProgress (5): 0.2/4.2 MB | 114/139 kB | 210/920 kB | 35/73 kB | 29/69 kBProgress (5): 0.2/4.2 MB | 114/139 kB | 215/920 kB | 35/73 kB | 29/69 kBProgress (5): 0.2/4.2 MB | 114/139 kB | 219/920 kB | 35/73 kB | 29/69 kBProgress (5): 0.2/4.2 MB | 114/139 kB | 223/920 kB | 35/73 kB | 29/69 kBProgress (5): 0.2/4.2 MB | 114/139 kB | 239/920 kB | 35/73 kB | 29/69 kBProgress (5): 0.2/4.2 MB | 119/139 kB | 239/920 kB | 35/73 kB | 29/69 kBProgress (5): 0.2/4.2 MB | 123/139 kB | 239/920 kB | 35/73 kB | 29/69 kBProgress (5): 0.2/4.2 MB | 127/139 kB | 239/920 kB | 35/73 kB | 29/69 kBProgress (5): 0.2/4.2 MB | 131/139 kB | 239/920 kB | 35/73 kB | 29/69 kBProgress (5): 0.2/4.2 MB | 136/139 kB | 239/920 kB | 35/73 kB | 29/69 kBProgress (5): 0.2/4.2 MB | 139 kB | 239/920 kB | 35/73 kB | 29/69 kB                                                                        Downloaded from central: https://repo.maven.apache.org/maven2/org/glassfish/jaxb/jaxb-core/4.0.5/jaxb-core-4.0.5.jar (139 kB at 179 kB/s)
#16 8.584 Downloading from central: https://repo.maven.apache.org/maven2/com/sun/istack/istack-commons-runtime/4.1.2/istack-commons-runtime-4.1.2.jar
#16 8.639 Progress (4): 0.2/4.2 MB | 239/920 kB | 35/73 kB | 29/69 kBProgress (4): 0.2/4.2 MB | 239/920 kB | 35/73 kB | 29/69 kBProgress (4): 0.2/4.2 MB | 239/920 kB | 35/73 kB | 29/69 kBProgress (4): 0.2/4.2 MB | 239/920 kB | 35/73 kB | 29/69 kBProgress (4): 0.2/4.2 MB | 239/920 kB | 35/73 kB | 29/69 kBProgress (4): 0.2/4.2 MB | 239/920 kB | 35/73 kB | 29/69 kBProgress (4): 0.2/4.2 MB | 239/920 kB | 35/73 kB | 29/69 kBProgress (4): 0.2/4.2 MB | 239/920 kB | 35/73 kB | 29/69 kBProgress (4): 0.2/4.2 MB | 239/920 kB | 35/73 kB | 29/69 kBProgress (4): 0.2/4.2 MB | 239/920 kB | 35/73 kB | 29/69 kBProgress (4): 0.2/4.2 MB | 239/920 kB | 35/73 kB | 29/69 kBProgress (4): 0.2/4.2 MB | 239/920 kB | 35/73 kB | 29/69 kBProgress (4): 0.2/4.2 MB | 239/920 kB | 35/73 kB | 29/69 kBProgress (4): 0.2/4.2 MB | 239/920 kB | 35/73 kB | 29/69 kBProgress (4): 0.2/4.2 MB | 239/920 kB | 35/73 kB | 29/69 kBProgress (4): 0.2/4.2 MB | 239/920 kB | 35/73 kB | 29/69 kBProgress (4): 0.2/4.2 MB | 239/920 kB | 35/73 kB | 29/69 kBProgress (4): 0.3/4.2 MB | 239/920 kB | 35/73 kB | 29/69 kBProgress (4): 0.3/4.2 MB | 239/920 kB | 35/73 kB | 29/69 kBProgress (4): 0.3/4.2 MB | 239/920 kB | 35/73 kB | 29/69 kBProgress (5): 0.3/4.2 MB | 239/920 kB | 35/73 kB | 29/69 kB | 3.8/26 kBProgress (5): 0.3/4.2 MB | 239/920 kB | 35/73 kB | 29/69 kB | 8.0/26 kBProgress (5): 0.3/4.2 MB | 239/920 kB | 35/73 kB | 29/69 kB | 12/26 kB Progress (5): 0.3/4.2 MB | 239/920 kB | 35/73 kB | 29/69 kB | 16/26 kBProgress (5): 0.3/4.2 MB | 239/920 kB | 35/73 kB | 29/69 kB | 16/26 kBProgress (5): 0.3/4.2 MB | 239/920 kB | 35/73 kB | 29/69 kB | 21/26 kBProgress (5): 0.3/4.2 MB | 239/920 kB | 35/73 kB | 29/69 kB | 25/26 kBProgress (5): 0.3/4.2 MB | 239/920 kB | 35/73 kB | 29/69 kB | 26 kB                                                                      Downloaded from central: https://repo.maven.apache.org/maven2/com/sun/istack/istack-commons-runtime/4.1.2/istack-commons-runtime-4.1.2.jar (26 kB at 28 kB/s)
#16 8.712 Downloading from central: https://repo.maven.apache.org/maven2/org/slf4j/slf4j-api/2.0.13/slf4j-api-2.0.13.jar
#16 8.727 Progress (4): 0.3/4.2 MB | 256/920 kB | 35/73 kB | 29/69 kBProgress (4): 0.3/4.2 MB | 265/920 kB | 35/73 kB | 29/69 kBProgress (4): 0.3/4.2 MB | 272/920 kB | 35/73 kB | 29/69 kBProgress (4): 0.3/4.2 MB | 289/920 kB | 35/73 kB | 29/69 kBProgress (4): 0.3/4.2 MB | 289/920 kB | 35/73 kB | 29/69 kBProgress (4): 0.3/4.2 MB | 305/920 kB | 35/73 kB | 29/69 kBProgress (4): 0.3/4.2 MB | 321/920 kB | 35/73 kB | 29/69 kBProgress (4): 0.3/4.2 MB | 338/920 kB | 35/73 kB | 29/69 kBProgress (4): 0.3/4.2 MB | 338/920 kB | 35/73 kB | 29/69 kBProgress (4): 0.3/4.2 MB | 354/920 kB | 35/73 kB | 29/69 kBProgress (4): 0.3/4.2 MB | 354/920 kB | 35/73 kB | 29/69 kBProgress (4): 0.4/4.2 MB | 354/920 kB | 35/73 kB | 29/69 kBProgress (4): 0.4/4.2 MB | 371/920 kB | 35/73 kB | 29/69 kBProgress (4): 0.4/4.2 MB | 371/920 kB | 35/73 kB | 29/69 kBProgress (4): 0.4/4.2 MB | 387/920 kB | 35/73 kB | 29/69 kBProgress (4): 0.4/4.2 MB | 396/920 kB | 35/73 kB | 29/69 kBProgress (5): 0.4/4.2 MB | 396/920 kB | 35/73 kB | 29/69 kB | 3.8/69 kBProgress (5): 0.4/4.2 MB | 396/920 kB | 35/73 kB | 29/69 kB | 8.0/69 kBProgress (5): 0.4/4.2 MB | 396/920 kB | 35/73 kB | 29/69 kB | 12/69 kB Progress (5): 0.4/4.2 MB | 396/920 kB | 35/73 kB | 29/69 kB | 15/69 kBProgress (5): 0.4/4.2 MB | 396/920 kB | 35/73 kB | 29/69 kB | 20/69 kBProgress (5): 0.4/4.2 MB | 396/920 kB | 35/73 kB | 29/69 kB | 20/69 kBProgress (5): 0.4/4.2 MB | 396/920 kB | 35/73 kB | 29/69 kB | 24/69 kBProgress (5): 0.4/4.2 MB | 396/920 kB | 35/73 kB | 29/69 kB | 28/69 kBProgress (5): 0.4/4.2 MB | 396/920 kB | 35/73 kB | 29/69 kB | 32/69 kBProgress (5): 0.4/4.2 MB | 396/920 kB | 35/73 kB | 29/69 kB | 37/69 kBProgress (5): 0.4/4.2 MB | 396/920 kB | 35/73 kB | 29/69 kB | 41/69 kBProgress (5): 0.4/4.2 MB | 396/920 kB | 35/73 kB | 29/69 kB | 45/69 kBProgress (5): 0.4/4.2 MB | 413/920 kB | 35/73 kB | 29/69 kB | 45/69 kBProgress (5): 0.4/4.2 MB | 413/920 kB | 35/73 kB | 45/69 kB | 45/69 kBProgress (5): 0.4/4.2 MB | 413/920 kB | 35/73 kB | 61/69 kB | 45/69 kBProgress (5): 0.4/4.2 MB | 413/920 kB | 35/73 kB | 69 kB | 45/69 kB                                                                      Downloaded from central: https://repo.maven.apache.org/maven2/com/fasterxml/classmate/1.6.0/classmate-1.6.0.jar (69 kB at 60 kB/s)
#16 8.956 Downloading from central: https://repo.maven.apache.org/maven2/io/netty/netty-common/4.1.109.Final/netty-common-4.1.109.Final.jar
#16 8.957 Progress (4): 0.4/4.2 MB | 429/920 kB | 35/73 kB | 45/69 kBProgress (4): 0.4/4.2 MB | 446/920 kB | 35/73 kB | 45/69 kBProgress (4): 0.4/4.2 MB | 462/920 kB | 35/73 kB | 45/69 kBProgress (4): 0.4/4.2 MB | 478/920 kB | 35/73 kB | 45/69 kBProgress (4): 0.4/4.2 MB | 479/920 kB | 35/73 kB | 45/69 kBProgress (4): 0.4/4.2 MB | 495/920 kB | 35/73 kB | 45/69 kBProgress (4): 0.4/4.2 MB | 495/920 kB | 35/73 kB | 45/69 kBProgress (4): 0.4/4.2 MB | 495/920 kB | 35/73 kB | 45/69 kBProgress (4): 0.4/4.2 MB | 495/920 kB | 35/73 kB | 45/69 kBProgress (4): 0.4/4.2 MB | 495/920 kB | 35/73 kB | 45/69 kBProgress (4): 0.5/4.2 MB | 495/920 kB | 35/73 kB | 45/69 kBProgress (4): 0.5/4.2 MB | 495/920 kB | 35/73 kB | 45/69 kBProgress (4): 0.5/4.2 MB | 495/920 kB | 35/73 kB | 45/69 kBProgress (4): 0.5/4.2 MB | 495/920 kB | 35/73 kB | 45/69 kBProgress (4): 0.5/4.2 MB | 495/920 kB | 35/73 kB | 45/69 kBProgress (4): 0.5/4.2 MB | 512/920 kB | 35/73 kB | 45/69 kBProgress (4): 0.5/4.2 MB | 528/920 kB | 35/73 kB | 45/69 kBProgress (4): 0.5/4.2 MB | 544/920 kB | 35/73 kB | 45/69 kBProgress (4): 0.5/4.2 MB | 561/920 kB | 35/73 kB | 45/69 kBProgress (4): 0.5/4.2 MB | 561/920 kB | 35/73 kB | 45/69 kBProgress (4): 0.5/4.2 MB | 577/920 kB | 35/73 kB | 45/69 kBProgress (4): 0.6/4.2 MB | 577/920 kB | 35/73 kB | 45/69 kBProgress (4): 0.6/4.2 MB | 594/920 kB | 35/73 kB | 45/69 kBProgress (4): 0.6/4.2 MB | 594/920 kB | 35/73 kB | 45/69 kBProgress (4): 0.6/4.2 MB | 594/920 kB | 35/73 kB | 45/69 kBProgress (4): 0.6/4.2 MB | 594/920 kB | 35/73 kB | 45/69 kBProgress (4): 0.6/4.2 MB | 594/920 kB | 35/73 kB | 45/69 kBProgress (4): 0.6/4.2 MB | 610/920 kB | 35/73 kB | 45/69 kBProgress (4): 0.6/4.2 MB | 626/920 kB | 35/73 kB | 45/69 kBProgress (4): 0.6/4.2 MB | 643/920 kB | 35/73 kB | 45/69 kBProgress (4): 0.6/4.2 MB | 659/920 kB | 35/73 kB | 45/69 kBProgress (4): 0.6/4.2 MB | 676/920 kB | 35/73 kB | 45/69 kBProgress (4): 0.6/4.2 MB | 676/920 kB | 35/73 kB | 49/69 kBProgress (4): 0.6/4.2 MB | 676/920 kB | 35/73 kB | 54/69 kBProgress (4): 0.6/4.2 MB | 676/920 kB | 35/73 kB | 69 kB                                                           Downloaded from central: https://repo.maven.apache.org/maven2/org/slf4j/slf4j-api/2.0.13/slf4j-api-2.0.13.jar (69 kB at 41 kB/s)
#16 9.478 Downloading from central: https://repo.maven.apache.org/maven2/io/netty/netty-handler/4.1.109.Final/netty-handler-4.1.109.Final.jar
#16 9.501 Progress (4): 0.6/4.2 MB | 676/920 kB | 35/73 kB | 7.7/664 kBProgress (4): 0.6/4.2 MB | 676/920 kB | 35/73 kB | 16/664 kB Progress (4): 0.6/4.2 MB | 676/920 kB | 35/73 kB | 25/664 kBProgress (4): 0.6/4.2 MB | 676/920 kB | 39/73 kB | 25/664 kBProgress (4): 0.6/4.2 MB | 676/920 kB | 39/73 kB | 25/664 kBProgress (4): 0.6/4.2 MB | 676/920 kB | 43/73 kB | 25/664 kBProgress (4): 0.7/4.2 MB | 676/920 kB | 43/73 kB | 25/664 kBProgress (4): 0.7/4.2 MB | 676/920 kB | 43/73 kB | 25/664 kBProgress (4): 0.7/4.2 MB | 692/920 kB | 43/73 kB | 25/664 kBProgress (4): 0.7/4.2 MB | 708/920 kB | 43/73 kB | 25/664 kBProgress (4): 0.7/4.2 MB | 725/920 kB | 43/73 kB | 25/664 kBProgress (4): 0.7/4.2 MB | 741/920 kB | 43/73 kB | 25/664 kBProgress (4): 0.7/4.2 MB | 757/920 kB | 43/73 kB | 25/664 kBProgress (4): 0.7/4.2 MB | 774/920 kB | 43/73 kB | 25/664 kBProgress (4): 0.7/4.2 MB | 790/920 kB | 43/73 kB | 25/664 kBProgress (4): 0.7/4.2 MB | 807/920 kB | 43/73 kB | 25/664 kBProgress (4): 0.7/4.2 MB | 823/920 kB | 43/73 kB | 25/664 kBProgress (4): 0.7/4.2 MB | 839/920 kB | 43/73 kB | 25/664 kBProgress (4): 0.7/4.2 MB | 839/920 kB | 43/73 kB | 25/664 kBProgress (4): 0.7/4.2 MB | 856/920 kB | 43/73 kB | 25/664 kBProgress (4): 0.7/4.2 MB | 872/920 kB | 43/73 kB | 25/664 kBProgress (4): 0.7/4.2 MB | 889/920 kB | 43/73 kB | 25/664 kBProgress (4): 0.7/4.2 MB | 905/920 kB | 43/73 kB | 25/664 kBProgress (4): 0.7/4.2 MB | 905/920 kB | 43/73 kB | 25/664 kBProgress (4): 0.7/4.2 MB | 905/920 kB | 43/73 kB | 25/664 kBProgress (4): 0.7/4.2 MB | 905/920 kB | 43/73 kB | 25/664 kBProgress (4): 0.8/4.2 MB | 905/920 kB | 43/73 kB | 25/664 kBProgress (4): 0.8/4.2 MB | 905/920 kB | 43/73 kB | 25/664 kBProgress (4): 0.8/4.2 MB | 905/920 kB | 43/73 kB | 25/664 kBProgress (4): 0.8/4.2 MB | 905/920 kB | 43/73 kB | 25/664 kBProgress (4): 0.8/4.2 MB | 905/920 kB | 43/73 kB | 25/664 kBProgress (4): 0.8/4.2 MB | 905/920 kB | 43/73 kB | 25/664 kBProgress (4): 0.9/4.2 MB | 905/920 kB | 43/73 kB | 25/664 kBProgress (4): 0.9/4.2 MB | 905/920 kB | 43/73 kB | 25/664 kBProgress (4): 0.9/4.2 MB | 905/920 kB | 43/73 kB | 25/664 kBProgress (4): 0.9/4.2 MB | 920 kB | 43/73 kB | 25/664 kB                                                            Downloaded from central: https://repo.maven.apache.org/maven2/org/glassfish/jaxb/jaxb-runtime/4.0.5/jaxb-runtime-4.0.5.jar (920 kB at 487 kB/s)
#16 9.697 Downloading from central: https://repo.maven.apache.org/maven2/io/netty/netty-resolver/4.1.109.Final/netty-resolver-4.1.109.Final.jar
#16 9.732 Progress (3): 0.9/4.2 MB | 43/73 kB | 25/664 kBProgress (4): 0.9/4.2 MB | 43/73 kB | 25/664 kB | 7.7/569 kBProgress (4): 0.9/4.2 MB | 43/73 kB | 25/664 kB | 16/569 kB Progress (4): 0.9/4.2 MB | 48/73 kB | 25/664 kB | 16/569 kBProgress (4): 0.9/4.2 MB | 48/73 kB | 25/664 kB | 16/569 kBProgress (4): 0.9/4.2 MB | 52/73 kB | 25/664 kB | 16/569 kBProgress (4): 0.9/4.2 MB | 56/73 kB | 25/664 kB | 16/569 kBProgress (4): 0.9/4.2 MB | 60/73 kB | 25/664 kB | 16/569 kBProgress (4): 0.9/4.2 MB | 65/73 kB | 25/664 kB | 16/569 kBProgress (4): 0.9/4.2 MB | 69/73 kB | 25/664 kB | 16/569 kBProgress (4): 0.9/4.2 MB | 73/73 kB | 25/664 kB | 16/569 kBProgress (4): 0.9/4.2 MB | 73 kB | 25/664 kB | 16/569 kB                                                           Downloaded from central: https://repo.maven.apache.org/maven2/org/glassfish/jaxb/txw2/4.0.5/txw2-4.0.5.jar (73 kB at 38 kB/s)
#16 9.754 Downloading from central: https://repo.maven.apache.org/maven2/io/netty/netty-buffer/4.1.109.Final/netty-buffer-4.1.109.Final.jar
#16 9.763 Progress (3): 0.9/4.2 MB | 25/664 kB | 32/569 kBProgress (3): 0.9/4.2 MB | 25/664 kB | 32/569 kBProgress (3): 0.9/4.2 MB | 25/664 kB | 48/569 kBProgress (3): 1.0/4.2 MB | 25/664 kB | 48/569 kBProgress (3): 1.0/4.2 MB | 25/664 kB | 65/569 kBProgress (3): 1.0/4.2 MB | 25/664 kB | 65/569 kBProgress (3): 1.0/4.2 MB | 25/664 kB | 65/569 kBProgress (3): 1.0/4.2 MB | 25/664 kB | 81/569 kBProgress (4): 1.0/4.2 MB | 25/664 kB | 81/569 kB | 7.7/38 kBProgress (4): 1.0/4.2 MB | 25/664 kB | 81/569 kB | 7.7/38 kBProgress (4): 1.0/4.2 MB | 25/664 kB | 81/569 kB | 16/38 kB Progress (4): 1.0/4.2 MB | 25/664 kB | 81/569 kB | 25/38 kBProgress (4): 1.0/4.2 MB | 25/664 kB | 81/569 kB | 25/38 kBProgress (5): 1.0/4.2 MB | 25/664 kB | 81/569 kB | 25/38 kB | 3.8/307 kBProgress (5): 1.0/4.2 MB | 25/664 kB | 81/569 kB | 25/38 kB | 8.0/307 kBProgress (5): 1.0/4.2 MB | 25/664 kB | 81/569 kB | 25/38 kB | 8.0/307 kBProgress (5): 1.0/4.2 MB | 25/664 kB | 81/569 kB | 38 kB | 8.0/307 kB                                                                        Downloaded from central: https://repo.maven.apache.org/maven2/io/netty/netty-resolver/4.1.109.Final/netty-resolver-4.1.109.Final.jar (38 kB at 18 kB/s)
#16 9.957 Downloading from central: https://repo.maven.apache.org/maven2/io/netty/netty-transport-native-unix-common/4.1.109.Final/netty-transport-native-unix-common-4.1.109.Final.jar
#16 9.967 Progress (4): 1.0/4.2 MB | 25/664 kB | 97/569 kB | 8.0/307 kBProgress (4): 1.0/4.2 MB | 25/664 kB | 97/569 kB | 12/307 kB Progress (4): 1.0/4.2 MB | 25/664 kB | 97/569 kB | 16/307 kBProgress (4): 1.0/4.2 MB | 25/664 kB | 97/569 kB | 21/307 kBProgress (4): 1.0/4.2 MB | 25/664 kB | 97/569 kB | 25/307 kBProgress (4): 1.0/4.2 MB | 25/664 kB | 97/569 kB | 29/307 kBProgress (4): 1.0/4.2 MB | 25/664 kB | 97/569 kB | 33/307 kBProgress (4): 1.0/4.2 MB | 25/664 kB | 97/569 kB | 37/307 kBProgress (4): 1.0/4.2 MB | 25/664 kB | 97/569 kB | 41/307 kBProgress (5): 1.0/4.2 MB | 25/664 kB | 97/569 kB | 41/307 kB | 7.7/44 kBProgress (5): 1.0/4.2 MB | 25/664 kB | 97/569 kB | 41/307 kB | 7.7/44 kBProgress (5): 1.0/4.2 MB | 25/664 kB | 97/569 kB | 41/307 kB | 24/44 kB Progress (5): 1.0/4.2 MB | 25/664 kB | 97/569 kB | 46/307 kB | 24/44 kBProgress (5): 1.0/4.2 MB | 25/664 kB | 97/569 kB | 50/307 kB | 24/44 kBProgress (5): 1.0/4.2 MB | 25/664 kB | 97/569 kB | 54/307 kB | 24/44 kBProgress (5): 1.0/4.2 MB | 25/664 kB | 97/569 kB | 58/307 kB | 24/44 kBProgress (5): 1.0/4.2 MB | 25/664 kB | 97/569 kB | 63/307 kB | 24/44 kBProgress (5): 1.0/4.2 MB | 25/664 kB | 97/569 kB | 67/307 kB | 24/44 kBProgress (5): 1.0/4.2 MB | 25/664 kB | 97/569 kB | 71/307 kB | 24/44 kBProgress (5): 1.0/4.2 MB | 25/664 kB | 97/569 kB | 75/307 kB | 24/44 kBProgress (5): 1.0/4.2 MB | 25/664 kB | 114/569 kB | 75/307 kB | 24/44 kBProgress (5): 1.0/4.2 MB | 25/664 kB | 114/569 kB | 80/307 kB | 24/44 kBProgress (5): 1.0/4.2 MB | 25/664 kB | 114/569 kB | 84/307 kB | 24/44 kBProgress (5): 1.0/4.2 MB | 25/664 kB | 114/569 kB | 88/307 kB | 24/44 kBProgress (5): 1.0/4.2 MB | 25/664 kB | 114/569 kB | 92/307 kB | 24/44 kBProgress (5): 1.0/4.2 MB | 25/664 kB | 114/569 kB | 96/307 kB | 24/44 kBProgress (5): 1.0/4.2 MB | 25/664 kB | 114/569 kB | 101/307 kB | 24/44 kBProgress (5): 1.0/4.2 MB | 25/664 kB | 130/569 kB | 101/307 kB | 24/44 kBProgress (5): 1.0/4.2 MB | 25/664 kB | 147/569 kB | 101/307 kB | 24/44 kBProgress (5): 1.0/4.2 MB | 25/664 kB | 163/569 kB | 101/307 kB | 24/44 kBProgress (5): 1.0/4.2 MB | 25/664 kB | 163/569 kB | 101/307 kB | 24/44 kBProgress (5): 1.0/4.2 MB | 25/664 kB | 163/569 kB | 101/307 kB | 24/44 kBProgress (5): 1.1/4.2 MB | 25/664 kB | 163/569 kB | 101/307 kB | 24/44 kBProgress (5): 1.1/4.2 MB | 25/664 kB | 163/569 kB | 101/307 kB | 24/44 kBProgress (5): 1.1/4.2 MB | 25/664 kB | 163/569 kB | 101/307 kB | 24/44 kBProgress (5): 1.1/4.2 MB | 25/664 kB | 163/569 kB | 101/307 kB | 24/44 kBProgress (5): 1.1/4.2 MB | 25/664 kB | 163/569 kB | 101/307 kB | 24/44 kBProgress (5): 1.1/4.2 MB | 25/664 kB | 163/569 kB | 105/307 kB | 24/44 kBProgress (5): 1.1/4.2 MB | 25/664 kB | 163/569 kB | 109/307 kB | 24/44 kBProgress (5): 1.1/4.2 MB | 25/664 kB | 163/569 kB | 109/307 kB | 40/44 kBProgress (5): 1.1/4.2 MB | 41/664 kB | 163/569 kB | 109/307 kB | 40/44 kBProgress (5): 1.1/4.2 MB | 57/664 kB | 163/569 kB | 109/307 kB | 40/44 kBProgress (5): 1.1/4.2 MB | 74/664 kB | 163/569 kB | 109/307 kB | 40/44 kBProgress (5): 1.1/4.2 MB | 74/664 kB | 179/569 kB | 109/307 kB | 40/44 kBProgress (5): 1.1/4.2 MB | 74/664 kB | 179/569 kB | 109/307 kB | 40/44 kBProgress (5): 1.2/4.2 MB | 74/664 kB | 179/569 kB | 109/307 kB | 40/44 kBProgress (5): 1.2/4.2 MB | 74/664 kB | 179/569 kB | 109/307 kB | 40/44 kBProgress (5): 1.2/4.2 MB | 74/664 kB | 196/569 kB | 109/307 kB | 40/44 kBProgress (5): 1.2/4.2 MB | 74/664 kB | 196/569 kB | 109/307 kB | 40/44 kBProgress (5): 1.2/4.2 MB | 74/664 kB | 212/569 kB | 109/307 kB | 40/44 kBProgress (5): 1.2/4.2 MB | 74/664 kB | 212/569 kB | 109/307 kB | 40/44 kBProgress (5): 1.2/4.2 MB | 74/664 kB | 228/569 kB | 109/307 kB | 40/44 kBProgress (5): 1.2/4.2 MB | 74/664 kB | 228/569 kB | 109/307 kB | 44 kB                                                                         Downloaded from central: https://repo.maven.apache.org/maven2/io/netty/netty-transport-native-unix-common/4.1.109.Final/netty-transport-native-unix-common-4.1.109.Final.jar (44 kB at 17 kB/s)
#16 10.34 Downloading from central: https://repo.maven.apache.org/maven2/io/netty/netty-codec/4.1.109.Final/netty-codec-4.1.109.Final.jar
#16 10.34 Progress (4): 1.2/4.2 MB | 74/664 kB | 228/569 kB | 109/307 kBProgress (4): 1.2/4.2 MB | 74/664 kB | 228/569 kB | 109/307 kBProgress (4): 1.2/4.2 MB | 74/664 kB | 228/569 kB | 113/307 kBProgress (4): 1.2/4.2 MB | 74/664 kB | 228/569 kB | 118/307 kBProgress (4): 1.2/4.2 MB | 74/664 kB | 228/569 kB | 134/307 kBProgress (4): 1.2/4.2 MB | 74/664 kB | 228/569 kB | 150/307 kBProgress (4): 1.2/4.2 MB | 74/664 kB | 228/569 kB | 156/307 kBProgress (4): 1.2/4.2 MB | 74/664 kB | 228/569 kB | 172/307 kBProgress (4): 1.2/4.2 MB | 74/664 kB | 228/569 kB | 188/307 kBProgress (4): 1.2/4.2 MB | 74/664 kB | 228/569 kB | 205/307 kBProgress (4): 1.2/4.2 MB | 74/664 kB | 245/569 kB | 205/307 kBProgress (4): 1.2/4.2 MB | 74/664 kB | 261/569 kB | 205/307 kBProgress (4): 1.2/4.2 MB | 74/664 kB | 261/569 kB | 205/307 kBProgress (4): 1.3/4.2 MB | 74/664 kB | 261/569 kB | 205/307 kBProgress (4): 1.3/4.2 MB | 74/664 kB | 261/569 kB | 205/307 kBProgress (4): 1.3/4.2 MB | 74/664 kB | 261/569 kB | 205/307 kBProgress (4): 1.3/4.2 MB | 74/664 kB | 261/569 kB | 205/307 kBProgress (4): 1.3/4.2 MB | 74/664 kB | 261/569 kB | 205/307 kBProgress (4): 1.3/4.2 MB | 74/664 kB | 261/569 kB | 205/307 kBProgress (4): 1.3/4.2 MB | 74/664 kB | 261/569 kB | 205/307 kBProgress (4): 1.4/4.2 MB | 74/664 kB | 261/569 kB | 205/307 kBProgress (4): 1.4/4.2 MB | 74/664 kB | 278/569 kB | 205/307 kBProgress (4): 1.4/4.2 MB | 74/664 kB | 294/569 kB | 205/307 kBProgress (4): 1.4/4.2 MB | 74/664 kB | 310/569 kB | 205/307 kBProgress (4): 1.4/4.2 MB | 74/664 kB | 327/569 kB | 205/307 kBProgress (4): 1.4/4.2 MB | 74/664 kB | 343/569 kB | 205/307 kBProgress (4): 1.4/4.2 MB | 74/664 kB | 343/569 kB | 205/307 kBProgress (4): 1.4/4.2 MB | 74/664 kB | 343/569 kB | 205/307 kBProgress (4): 1.4/4.2 MB | 74/664 kB | 360/569 kB | 205/307 kBProgress (4): 1.4/4.2 MB | 74/664 kB | 360/569 kB | 205/307 kBProgress (4): 1.4/4.2 MB | 74/664 kB | 360/569 kB | 205/307 kBProgress (4): 1.4/4.2 MB | 74/664 kB | 360/569 kB | 205/307 kBProgress (5): 1.4/4.2 MB | 74/664 kB | 360/569 kB | 205/307 kB | 7.7/353 kBProgress (5): 1.4/4.2 MB | 74/664 kB | 360/569 kB | 205/307 kB | 12/353 kB Progress (5): 1.4/4.2 MB | 74/664 kB | 360/569 kB | 221/307 kB | 12/353 kBProgress (5): 1.4/4.2 MB | 74/664 kB | 360/569 kB | 238/307 kB | 12/353 kBProgress (5): 1.4/4.2 MB | 74/664 kB | 360/569 kB | 254/307 kB | 12/353 kBProgress (5): 1.4/4.2 MB | 74/664 kB | 376/569 kB | 254/307 kB | 12/353 kBProgress (5): 1.5/4.2 MB | 74/664 kB | 376/569 kB | 254/307 kB | 12/353 kBProgress (5): 1.5/4.2 MB | 74/664 kB | 376/569 kB | 254/307 kB | 29/353 kBProgress (5): 1.5/4.2 MB | 74/664 kB | 376/569 kB | 254/307 kB | 45/353 kBProgress (5): 1.5/4.2 MB | 74/664 kB | 392/569 kB | 254/307 kB | 45/353 kBProgress (5): 1.5/4.2 MB | 74/664 kB | 409/569 kB | 254/307 kB | 45/353 kBProgress (5): 1.5/4.2 MB | 74/664 kB | 425/569 kB | 254/307 kB | 45/353 kBProgress (5): 1.5/4.2 MB | 74/664 kB | 441/569 kB | 254/307 kB | 45/353 kBProgress (5): 1.5/4.2 MB | 74/664 kB | 441/569 kB | 254/307 kB | 45/353 kBProgress (5): 1.5/4.2 MB | 74/664 kB | 441/569 kB | 254/307 kB | 45/353 kBProgress (5): 1.5/4.2 MB | 74/664 kB | 441/569 kB | 254/307 kB | 45/353 kBProgress (5): 1.5/4.2 MB | 74/664 kB | 441/569 kB | 254/307 kB | 45/353 kBProgress (5): 1.5/4.2 MB | 74/664 kB | 441/569 kB | 254/307 kB | 45/353 kBProgress (5): 1.5/4.2 MB | 74/664 kB | 458/569 kB | 254/307 kB | 45/353 kBProgress (5): 1.5/4.2 MB | 74/664 kB | 458/569 kB | 270/307 kB | 45/353 kBProgress (5): 1.5/4.2 MB | 74/664 kB | 458/569 kB | 270/307 kB | 61/353 kBProgress (5): 1.5/4.2 MB | 74/664 kB | 458/569 kB | 270/307 kB | 78/353 kBProgress (5): 1.5/4.2 MB | 74/664 kB | 458/569 kB | 270/307 kB | 94/353 kBProgress (5): 1.5/4.2 MB | 74/664 kB | 458/569 kB | 287/307 kB | 94/353 kBProgress (5): 1.5/4.2 MB | 74/664 kB | 458/569 kB | 287/307 kB | 111/353 kBProgress (5): 1.5/4.2 MB | 74/664 kB | 458/569 kB | 303/307 kB | 111/353 kBProgress (5): 1.5/4.2 MB | 74/664 kB | 458/569 kB | 307 kB | 111/353 kB    Progress (5): 1.5/4.2 MB | 74/664 kB | 458/569 kB | 307 kB | 127/353 kB                                                                       Downloaded from central: https://repo.maven.apache.org/maven2/io/netty/netty-buffer/4.1.109.Final/netty-buffer-4.1.109.Final.jar (307 kB at 104 kB/s)
#16 10.76 Downloading from central: https://repo.maven.apache.org/maven2/io/netty/netty-transport/4.1.109.Final/netty-transport-4.1.109.Final.jar
#16 10.76 Progress (4): 1.5/4.2 MB | 74/664 kB | 458/569 kB | 143/353 kBProgress (4): 1.6/4.2 MB | 74/664 kB | 458/569 kB | 143/353 kBProgress (4): 1.6/4.2 MB | 74/664 kB | 474/569 kB | 143/353 kBProgress (4): 1.6/4.2 MB | 90/664 kB | 474/569 kB | 143/353 kBProgress (4): 1.6/4.2 MB | 106/664 kB | 474/569 kB | 143/353 kBProgress (4): 1.6/4.2 MB | 106/664 kB | 474/569 kB | 160/353 kBProgress (4): 1.6/4.2 MB | 106/664 kB | 474/569 kB | 176/353 kBProgress (4): 1.6/4.2 MB | 106/664 kB | 491/569 kB | 176/353 kBProgress (4): 1.6/4.2 MB | 106/664 kB | 507/569 kB | 176/353 kBProgress (4): 1.6/4.2 MB | 106/664 kB | 507/569 kB | 193/353 kBProgress (4): 1.6/4.2 MB | 106/664 kB | 523/569 kB | 193/353 kBProgress (4): 1.6/4.2 MB | 106/664 kB | 523/569 kB | 209/353 kBProgress (4): 1.6/4.2 MB | 106/664 kB | 540/569 kB | 209/353 kBProgress (4): 1.6/4.2 MB | 106/664 kB | 540/569 kB | 225/353 kBProgress (4): 1.6/4.2 MB | 106/664 kB | 540/569 kB | 242/353 kBProgress (5): 1.6/4.2 MB | 106/664 kB | 540/569 kB | 242/353 kB | 7.7/498 kBProgress (5): 1.6/4.2 MB | 106/664 kB | 540/569 kB | 242/353 kB | 16/498 kB Progress (5): 1.6/4.2 MB | 106/664 kB | 540/569 kB | 258/353 kB | 16/498 kBProgress (5): 1.6/4.2 MB | 106/664 kB | 556/569 kB | 258/353 kB | 16/498 kBProgress (5): 1.6/4.2 MB | 106/664 kB | 569 kB | 258/353 kB | 16/498 kB    Progress (5): 1.6/4.2 MB | 106/664 kB | 569 kB | 258/353 kB | 16/498 kBProgress (5): 1.6/4.2 MB | 106/664 kB | 569 kB | 274/353 kB | 16/498 kBProgress (5): 1.6/4.2 MB | 106/664 kB | 569 kB | 274/353 kB | 16/498 kB                                                                       Downloaded from central: https://repo.maven.apache.org/maven2/io/netty/netty-handler/4.1.109.Final/netty-handler-4.1.109.Final.jar (569 kB at 172 kB/s)
#16 11.11 Downloading from central: https://repo.maven.apache.org/maven2/io/projectreactor/reactor-core/3.6.5/reactor-core-3.6.5.jar
#16 11.11 Progress (4): 1.6/4.2 MB | 106/664 kB | 274/353 kB | 16/498 kBProgress (4): 1.6/4.2 MB | 106/664 kB | 274/353 kB | 16/498 kBProgress (4): 1.6/4.2 MB | 106/664 kB | 274/353 kB | 16/498 kBProgress (4): 1.6/4.2 MB | 106/664 kB | 274/353 kB | 32/498 kBProgress (4): 1.6/4.2 MB | 106/664 kB | 291/353 kB | 32/498 kBProgress (4): 1.6/4.2 MB | 106/664 kB | 291/353 kB | 49/498 kBProgress (4): 1.6/4.2 MB | 106/664 kB | 291/353 kB | 65/498 kBProgress (4): 1.6/4.2 MB | 106/664 kB | 291/353 kB | 65/498 kBProgress (4): 1.7/4.2 MB | 106/664 kB | 291/353 kB | 65/498 kBProgress (4): 1.7/4.2 MB | 106/664 kB | 291/353 kB | 65/498 kBProgress (4): 1.7/4.2 MB | 106/664 kB | 291/353 kB | 65/498 kBProgress (4): 1.7/4.2 MB | 106/664 kB | 307/353 kB | 65/498 kBProgress (4): 1.7/4.2 MB | 106/664 kB | 307/353 kB | 65/498 kBProgress (4): 1.7/4.2 MB | 106/664 kB | 307/353 kB | 65/498 kBProgress (4): 1.7/4.2 MB | 106/664 kB | 324/353 kB | 65/498 kBProgress (4): 1.7/4.2 MB | 106/664 kB | 324/353 kB | 81/498 kBProgress (4): 1.7/4.2 MB | 106/664 kB | 324/353 kB | 81/498 kBProgress (4): 1.7/4.2 MB | 106/664 kB | 324/353 kB | 97/498 kBProgress (4): 1.7/4.2 MB | 106/664 kB | 340/353 kB | 97/498 kBProgress (4): 1.8/4.2 MB | 106/664 kB | 340/353 kB | 97/498 kBProgress (4): 1.8/4.2 MB | 106/664 kB | 353 kB | 97/498 kB    Progress (4): 1.8/4.2 MB | 106/664 kB | 353 kB | 97/498 kBProgress (4): 1.8/4.2 MB | 106/664 kB | 353 kB | 114/498 kBProgress (4): 1.8/4.2 MB | 106/664 kB | 353 kB | 114/498 kB                                                           Downloaded from central: https://repo.maven.apache.org/maven2/io/netty/netty-codec/4.1.109.Final/netty-codec-4.1.109.Final.jar (353 kB at 104 kB/s)
#16 11.22 Downloading from central: https://repo.maven.apache.org/maven2/net/bytebuddy/byte-buddy-agent/1.14.13/byte-buddy-agent-1.14.13.jar
#16 11.22 Progress (3): 1.8/4.2 MB | 106/664 kB | 114/498 kBProgress (3): 1.8/4.2 MB | 106/664 kB | 130/498 kBProgress (3): 1.8/4.2 MB | 106/664 kB | 147/498 kBProgress (3): 1.8/4.2 MB | 106/664 kB | 147/498 kBProgress (3): 1.8/4.2 MB | 106/664 kB | 147/498 kBProgress (3): 1.8/4.2 MB | 106/664 kB | 163/498 kBProgress (3): 1.9/4.2 MB | 106/664 kB | 163/498 kBProgress (4): 1.9/4.2 MB | 106/664 kB | 163/498 kB | 0/1.9 MBProgress (4): 1.9/4.2 MB | 106/664 kB | 163/498 kB | 0/1.9 MBProgress (4): 1.9/4.2 MB | 106/664 kB | 179/498 kB | 0/1.9 MBProgress (4): 1.9/4.2 MB | 106/664 kB | 179/498 kB | 0/1.9 MBProgress (4): 1.9/4.2 MB | 106/664 kB | 179/498 kB | 0/1.9 MBProgress (4): 1.9/4.2 MB | 106/664 kB | 179/498 kB | 0/1.9 MBProgress (4): 1.9/4.2 MB | 123/664 kB | 179/498 kB | 0/1.9 MBProgress (4): 1.9/4.2 MB | 139/664 kB | 179/498 kB | 0/1.9 MBProgress (4): 1.9/4.2 MB | 139/664 kB | 196/498 kB | 0/1.9 MBProgress (4): 1.9/4.2 MB | 139/664 kB | 196/498 kB | 0/1.9 MBProgress (4): 1.9/4.2 MB | 139/664 kB | 196/498 kB | 0.1/1.9 MBProgress (5): 1.9/4.2 MB | 139/664 kB | 196/498 kB | 0.1/1.9 MB | 7.7/257 kBProgress (5): 1.9/4.2 MB | 139/664 kB | 196/498 kB | 0.1/1.9 MB | 8.2/257 kBProgress (5): 1.9/4.2 MB | 139/664 kB | 212/498 kB | 0.1/1.9 MB | 8.2/257 kBProgress (5): 1.9/4.2 MB | 139/664 kB | 212/498 kB | 0.1/1.9 MB | 8.2/257 kBProgress (5): 1.9/4.2 MB | 139/664 kB | 212/498 kB | 0.1/1.9 MB | 25/257 kB Progress (5): 1.9/4.2 MB | 139/664 kB | 228/498 kB | 0.1/1.9 MB | 25/257 kBProgress (5): 1.9/4.2 MB | 139/664 kB | 228/498 kB | 0.1/1.9 MB | 41/257 kBProgress (5): 1.9/4.2 MB | 139/664 kB | 228/498 kB | 0.1/1.9 MB | 41/257 kBProgress (5): 1.9/4.2 MB | 139/664 kB | 228/498 kB | 0.1/1.9 MB | 57/257 kBProgress (5): 1.9/4.2 MB | 139/664 kB | 245/498 kB | 0.1/1.9 MB | 57/257 kBProgress (5): 1.9/4.2 MB | 139/664 kB | 261/498 kB | 0.1/1.9 MB | 57/257 kBProgress (5): 1.9/4.2 MB | 139/664 kB | 261/498 kB | 0.1/1.9 MB | 57/257 kBProgress (5): 1.9/4.2 MB | 139/664 kB | 261/498 kB | 0.1/1.9 MB | 57/257 kBProgress (5): 1.9/4.2 MB | 139/664 kB | 278/498 kB | 0.1/1.9 MB | 57/257 kBProgress (5): 1.9/4.2 MB | 139/664 kB | 278/498 kB | 0.1/1.9 MB | 74/257 kBProgress (5): 1.9/4.2 MB | 139/664 kB | 278/498 kB | 0.1/1.9 MB | 74/257 kBProgress (5): 1.9/4.2 MB | 139/664 kB | 278/498 kB | 0.1/1.9 MB | 74/257 kBProgress (5): 1.9/4.2 MB | 139/664 kB | 278/498 kB | 0.1/1.9 MB | 74/257 kBProgress (5): 2.0/4.2 MB | 139/664 kB | 278/498 kB | 0.1/1.9 MB | 74/257 kBProgress (5): 2.0/4.2 MB | 139/664 kB | 278/498 kB | 0.1/1.9 MB | 74/257 kBProgress (5): 2.0/4.2 MB | 139/664 kB | 278/498 kB | 0.1/1.9 MB | 74/257 kBProgress (5): 2.0/4.2 MB | 139/664 kB | 278/498 kB | 0.1/1.9 MB | 90/257 kBProgress (5): 2.0/4.2 MB | 139/664 kB | 278/498 kB | 0.1/1.9 MB | 90/257 kBProgress (5): 2.0/4.2 MB | 139/664 kB | 294/498 kB | 0.1/1.9 MB | 90/257 kBProgress (5): 2.0/4.2 MB | 156/664 kB | 294/498 kB | 0.1/1.9 MB | 90/257 kBProgress (5): 2.0/4.2 MB | 172/664 kB | 294/498 kB | 0.1/1.9 MB | 90/257 kBProgress (5): 2.0/4.2 MB | 172/664 kB | 294/498 kB | 0.2/1.9 MB | 90/257 kBProgress (5): 2.0/4.2 MB | 172/664 kB | 294/498 kB | 0.2/1.9 MB | 106/257 kBProgress (5): 2.0/4.2 MB | 172/664 kB | 294/498 kB | 0.2/1.9 MB | 106/257 kBProgress (5): 2.0/4.2 MB | 172/664 kB | 310/498 kB | 0.2/1.9 MB | 106/257 kBProgress (5): 2.0/4.2 MB | 172/664 kB | 310/498 kB | 0.2/1.9 MB | 106/257 kBProgress (5): 2.0/4.2 MB | 172/664 kB | 310/498 kB | 0.2/1.9 MB | 106/257 kBProgress (5): 2.0/4.2 MB | 172/664 kB | 310/498 kB | 0.2/1.9 MB | 123/257 kBProgress (5): 2.0/4.2 MB | 172/664 kB | 327/498 kB | 0.2/1.9 MB | 123/257 kBProgress (5): 2.0/4.2 MB | 172/664 kB | 327/498 kB | 0.2/1.9 MB | 123/257 kBProgress (5): 2.0/4.2 MB | 172/664 kB | 327/498 kB | 0.2/1.9 MB | 123/257 kBProgress (5): 2.0/4.2 MB | 172/664 kB | 327/498 kB | 0.2/1.9 MB | 139/257 kBProgress (5): 2.0/4.2 MB | 172/664 kB | 343/498 kB | 0.2/1.9 MB | 139/257 kBProgress (5): 2.0/4.2 MB | 172/664 kB | 360/498 kB | 0.2/1.9 MB | 139/257 kBProgress (5): 2.0/4.2 MB | 172/664 kB | 360/498 kB | 0.2/1.9 MB | 139/257 kBProgress (5): 2.1/4.2 MB | 172/664 kB | 360/498 kB | 0.2/1.9 MB | 139/257 kBProgress (5): 2.1/4.2 MB | 172/664 kB | 360/498 kB | 0.2/1.9 MB | 156/257 kBProgress (5): 2.1/4.2 MB | 172/664 kB | 360/498 kB | 0.2/1.9 MB | 156/257 kBProgress (5): 2.1/4.2 MB | 172/664 kB | 360/498 kB | 0.2/1.9 MB | 156/257 kBProgress (5): 2.1/4.2 MB | 172/664 kB | 376/498 kB | 0.2/1.9 MB | 156/257 kBProgress (5): 2.1/4.2 MB | 172/664 kB | 376/498 kB | 0.2/1.9 MB | 156/257 kBProgress (5): 2.1/4.2 MB | 172/664 kB | 376/498 kB | 0.2/1.9 MB | 156/257 kBProgress (5): 2.1/4.2 MB | 172/664 kB | 376/498 kB | 0.2/1.9 MB | 172/257 kBProgress (5): 2.1/4.2 MB | 172/664 kB | 392/498 kB | 0.2/1.9 MB | 172/257 kBProgress (5): 2.1/4.2 MB | 172/664 kB | 392/498 kB | 0.2/1.9 MB | 172/257 kBProgress (5): 2.1/4.2 MB | 172/664 kB | 392/498 kB | 0.2/1.9 MB | 188/257 kBProgress (5): 2.1/4.2 MB | 172/664 kB | 409/498 kB | 0.2/1.9 MB | 188/257 kBProgress (5): 2.1/4.2 MB | 172/664 kB | 409/498 kB | 0.2/1.9 MB | 188/257 kBProgress (5): 2.1/4.2 MB | 172/664 kB | 409/498 kB | 0.2/1.9 MB | 205/257 kBProgress (5): 2.1/4.2 MB | 172/664 kB | 409/498 kB | 0.2/1.9 MB | 205/257 kBProgress (5): 2.1/4.2 MB | 172/664 kB | 409/498 kB | 0.3/1.9 MB | 205/257 kBProgress (5): 2.2/4.2 MB | 172/664 kB | 409/498 kB | 0.3/1.9 MB | 205/257 kBProgress (5): 2.2/4.2 MB | 172/664 kB | 409/498 kB | 0.3/1.9 MB | 205/257 kBProgress (5): 2.2/4.2 MB | 172/664 kB | 409/498 kB | 0.3/1.9 MB | 205/257 kBProgress (5): 2.2/4.2 MB | 172/664 kB | 425/498 kB | 0.3/1.9 MB | 205/257 kBProgress (5): 2.2/4.2 MB | 172/664 kB | 441/498 kB | 0.3/1.9 MB | 205/257 kBProgress (5): 2.2/4.2 MB | 172/664 kB | 458/498 kB | 0.3/1.9 MB | 205/257 kBProgress (5): 2.2/4.2 MB | 172/664 kB | 474/498 kB | 0.3/1.9 MB | 205/257 kBProgress (5): 2.2/4.2 MB | 172/664 kB | 491/498 kB | 0.3/1.9 MB | 205/257 kBProgress (5): 2.2/4.2 MB | 172/664 kB | 498 kB | 0.3/1.9 MB | 205/257 kB                                                                            Downloaded from central: https://repo.maven.apache.org/maven2/io/netty/netty-transport/4.1.109.Final/netty-transport-4.1.109.Final.jar (498 kB at 103 kB/s)
#16 12.64 Progress (4): 2.2/4.2 MB | 172/664 kB | 0.3/1.9 MB | 221/257 kBProgress (4): 2.2/4.2 MB | 172/664 kB | 0.3/1.9 MB | 238/257 kBProgress (4): 2.2/4.2 MB | 172/664 kB | 0.3/1.9 MB | 254/257 kBProgress (4): 2.2/4.2 MB | 172/664 kB | 0.3/1.9 MB | 257 kB                                                               Downloaded from central: https://repo.maven.apache.org/maven2/net/bytebuddy/byte-buddy-agent/1.14.13/byte-buddy-agent-1.14.13.jar (257 kB at 53 kB/s)
#16 12.67 Progress (3): 2.2/4.2 MB | 188/664 kB | 0.3/1.9 MBProgress (3): 2.2/4.2 MB | 205/664 kB | 0.3/1.9 MBProgress (3): 2.2/4.2 MB | 205/664 kB | 0.3/1.9 MBProgress (3): 2.2/4.2 MB | 205/664 kB | 0.3/1.9 MBProgress (3): 2.2/4.2 MB | 205/664 kB | 0.3/1.9 MBProgress (3): 2.2/4.2 MB | 205/664 kB | 0.3/1.9 MBProgress (3): 2.2/4.2 MB | 205/664 kB | 0.3/1.9 MBProgress (3): 2.3/4.2 MB | 205/664 kB | 0.3/1.9 MBProgress (3): 2.3/4.2 MB | 205/664 kB | 0.3/1.9 MBProgress (3): 2.3/4.2 MB | 205/664 kB | 0.3/1.9 MBProgress (3): 2.3/4.2 MB | 205/664 kB | 0.3/1.9 MBProgress (3): 2.3/4.2 MB | 205/664 kB | 0.3/1.9 MBProgress (3): 2.3/4.2 MB | 205/664 kB | 0.3/1.9 MBProgress (3): 2.3/4.2 MB | 205/664 kB | 0.3/1.9 MBProgress (3): 2.3/4.2 MB | 205/664 kB | 0.3/1.9 MBProgress (3): 2.3/4.2 MB | 205/664 kB | 0.3/1.9 MBProgress (3): 2.3/4.2 MB | 205/664 kB | 0.4/1.9 MBProgress (3): 2.3/4.2 MB | 205/664 kB | 0.4/1.9 MBProgress (3): 2.4/4.2 MB | 205/664 kB | 0.4/1.9 MBProgress (3): 2.4/4.2 MB | 205/664 kB | 0.4/1.9 MBProgress (3): 2.4/4.2 MB | 205/664 kB | 0.4/1.9 MBProgress (3): 2.4/4.2 MB | 205/664 kB | 0.4/1.9 MBProgress (3): 2.4/4.2 MB | 205/664 kB | 0.4/1.9 MBProgress (3): 2.4/4.2 MB | 205/664 kB | 0.4/1.9 MBProgress (3): 2.4/4.2 MB | 205/664 kB | 0.4/1.9 MBProgress (3): 2.4/4.2 MB | 205/664 kB | 0.4/1.9 MBProgress (3): 2.4/4.2 MB | 205/664 kB | 0.4/1.9 MBProgress (3): 2.4/4.2 MB | 205/664 kB | 0.4/1.9 MBProgress (3): 2.4/4.2 MB | 205/664 kB | 0.4/1.9 MBProgress (3): 2.5/4.2 MB | 205/664 kB | 0.4/1.9 MBProgress (3): 2.5/4.2 MB | 205/664 kB | 0.4/1.9 MBProgress (3): 2.5/4.2 MB | 205/664 kB | 0.4/1.9 MBProgress (3): 2.5/4.2 MB | 205/664 kB | 0.5/1.9 MBProgress (3): 2.5/4.2 MB | 205/664 kB | 0.5/1.9 MBProgress (3): 2.5/4.2 MB | 205/664 kB | 0.5/1.9 MBProgress (3): 2.5/4.2 MB | 205/664 kB | 0.5/1.9 MBProgress (3): 2.5/4.2 MB | 205/664 kB | 0.5/1.9 MBProgress (3): 2.5/4.2 MB | 221/664 kB | 0.5/1.9 MBProgress (3): 2.5/4.2 MB | 221/664 kB | 0.5/1.9 MBProgress (3): 2.5/4.2 MB | 238/664 kB | 0.5/1.9 MBProgress (3): 2.5/4.2 MB | 238/664 kB | 0.5/1.9 MBProgress (3): 2.5/4.2 MB | 238/664 kB | 0.5/1.9 MBProgress (3): 2.6/4.2 MB | 238/664 kB | 0.5/1.9 MBProgress (3): 2.6/4.2 MB | 238/664 kB | 0.5/1.9 MBProgress (3): 2.6/4.2 MB | 238/664 kB | 0.5/1.9 MBProgress (3): 2.6/4.2 MB | 238/664 kB | 0.5/1.9 MBProgress (3): 2.6/4.2 MB | 238/664 kB | 0.5/1.9 MBProgress (3): 2.6/4.2 MB | 238/664 kB | 0.5/1.9 MBProgress (3): 2.6/4.2 MB | 238/664 kB | 0.5/1.9 MBProgress (3): 2.6/4.2 MB | 238/664 kB | 0.5/1.9 MBProgress (3): 2.7/4.2 MB | 238/664 kB | 0.5/1.9 MBProgress (3): 2.7/4.2 MB | 238/664 kB | 0.6/1.9 MBProgress (3): 2.7/4.2 MB | 254/664 kB | 0.6/1.9 MBProgress (3): 2.7/4.2 MB | 254/664 kB | 0.6/1.9 MBProgress (3): 2.7/4.2 MB | 254/664 kB | 0.6/1.9 MBProgress (3): 2.7/4.2 MB | 254/664 kB | 0.6/1.9 MBProgress (3): 2.7/4.2 MB | 254/664 kB | 0.6/1.9 MBProgress (3): 2.7/4.2 MB | 254/664 kB | 0.6/1.9 MBProgress (3): 2.7/4.2 MB | 254/664 kB | 0.6/1.9 MBProgress (3): 2.7/4.2 MB | 254/664 kB | 0.6/1.9 MBProgress (3): 2.7/4.2 MB | 254/664 kB | 0.6/1.9 MBProgress (3): 2.7/4.2 MB | 254/664 kB | 0.6/1.9 MBProgress (3): 2.7/4.2 MB | 254/664 kB | 0.6/1.9 MBProgress (3): 2.8/4.2 MB | 254/664 kB | 0.6/1.9 MBProgress (3): 2.8/4.2 MB | 254/664 kB | 0.6/1.9 MBProgress (3): 2.8/4.2 MB | 254/664 kB | 0.7/1.9 MBProgress (3): 2.8/4.2 MB | 254/664 kB | 0.7/1.9 MBProgress (3): 2.8/4.2 MB | 254/664 kB | 0.7/1.9 MBProgress (3): 2.8/4.2 MB | 254/664 kB | 0.7/1.9 MBProgress (3): 2.8/4.2 MB | 254/664 kB | 0.7/1.9 MBProgress (3): 2.8/4.2 MB | 254/664 kB | 0.7/1.9 MBProgress (3): 2.8/4.2 MB | 254/664 kB | 0.7/1.9 MBProgress (3): 2.8/4.2 MB | 254/664 kB | 0.7/1.9 MBProgress (3): 2.8/4.2 MB | 254/664 kB | 0.7/1.9 MBProgress (3): 2.9/4.2 MB | 254/664 kB | 0.7/1.9 MBProgress (3): 2.9/4.2 MB | 254/664 kB | 0.7/1.9 MBProgress (3): 2.9/4.2 MB | 270/664 kB | 0.7/1.9 MBProgress (3): 2.9/4.2 MB | 287/664 kB | 0.7/1.9 MBProgress (3): 2.9/4.2 MB | 287/664 kB | 0.7/1.9 MBProgress (3): 2.9/4.2 MB | 287/664 kB | 0.7/1.9 MBProgress (3): 2.9/4.2 MB | 287/664 kB | 0.7/1.9 MBProgress (3): 2.9/4.2 MB | 287/664 kB | 0.7/1.9 MBProgress (3): 2.9/4.2 MB | 287/664 kB | 0.8/1.9 MBProgress (3): 2.9/4.2 MB | 287/664 kB | 0.8/1.9 MBProgress (3): 2.9/4.2 MB | 287/664 kB | 0.8/1.9 MBProgress (3): 2.9/4.2 MB | 287/664 kB | 0.8/1.9 MBProgress (3): 3.0/4.2 MB | 287/664 kB | 0.8/1.9 MBProgress (3): 3.0/4.2 MB | 287/664 kB | 0.8/1.9 MBProgress (3): 3.0/4.2 MB | 287/664 kB | 0.8/1.9 MBProgress (3): 3.0/4.2 MB | 287/664 kB | 0.8/1.9 MBProgress (3): 3.0/4.2 MB | 287/664 kB | 0.8/1.9 MBProgress (3): 3.0/4.2 MB | 287/664 kB | 0.8/1.9 MBProgress (3): 3.0/4.2 MB | 287/664 kB | 0.8/1.9 MBProgress (3): 3.0/4.2 MB | 287/664 kB | 0.8/1.9 MBProgress (3): 3.0/4.2 MB | 287/664 kB | 0.8/1.9 MBProgress (3): 3.0/4.2 MB | 287/664 kB | 0.8/1.9 MBProgress (3): 3.1/4.2 MB | 287/664 kB | 0.8/1.9 MBProgress (3): 3.1/4.2 MB | 287/664 kB | 0.9/1.9 MBProgress (3): 3.1/4.2 MB | 287/664 kB | 0.9/1.9 MBProgress (3): 3.1/4.2 MB | 287/664 kB | 0.9/1.9 MBProgress (3): 3.1/4.2 MB | 287/664 kB | 0.9/1.9 MBProgress (3): 3.1/4.2 MB | 287/664 kB | 0.9/1.9 MBProgress (3): 3.1/4.2 MB | 287/664 kB | 0.9/1.9 MBProgress (3): 3.1/4.2 MB | 303/664 kB | 0.9/1.9 MBProgress (3): 3.1/4.2 MB | 319/664 kB | 0.9/1.9 MBProgress (3): 3.1/4.2 MB | 319/664 kB | 0.9/1.9 MBProgress (3): 3.1/4.2 MB | 319/664 kB | 0.9/1.9 MBProgress (3): 3.1/4.2 MB | 319/664 kB | 0.9/1.9 MBProgress (3): 3.1/4.2 MB | 319/664 kB | 0.9/1.9 MBProgress (3): 3.2/4.2 MB | 319/664 kB | 0.9/1.9 MBProgress (3): 3.2/4.2 MB | 319/664 kB | 0.9/1.9 MBProgress (3): 3.2/4.2 MB | 319/664 kB | 0.9/1.9 MBProgress (3): 3.2/4.2 MB | 319/664 kB | 0.9/1.9 MBProgress (3): 3.2/4.2 MB | 319/664 kB | 0.9/1.9 MBProgress (3): 3.2/4.2 MB | 319/664 kB | 0.9/1.9 MBProgress (3): 3.2/4.2 MB | 319/664 kB | 1.0/1.9 MBProgress (3): 3.2/4.2 MB | 319/664 kB | 1.0/1.9 MBProgress (3): 3.2/4.2 MB | 319/664 kB | 1.0/1.9 MBProgress (3): 3.2/4.2 MB | 319/664 kB | 1.0/1.9 MBProgress (3): 3.2/4.2 MB | 319/664 kB | 1.0/1.9 MBProgress (3): 3.3/4.2 MB | 319/664 kB | 1.0/1.9 MBProgress (3): 3.3/4.2 MB | 319/664 kB | 1.0/1.9 MBProgress (3): 3.3/4.2 MB | 319/664 kB | 1.0/1.9 MBProgress (3): 3.3/4.2 MB | 335/664 kB | 1.0/1.9 MBProgress (3): 3.3/4.2 MB | 352/664 kB | 1.0/1.9 MBProgress (3): 3.3/4.2 MB | 352/664 kB | 1.0/1.9 MBProgress (3): 3.3/4.2 MB | 352/664 kB | 1.0/1.9 MBProgress (3): 3.3/4.2 MB | 352/664 kB | 1.0/1.9 MBProgress (3): 3.3/4.2 MB | 352/664 kB | 1.0/1.9 MBProgress (3): 3.3/4.2 MB | 352/664 kB | 1.0/1.9 MBProgress (3): 3.3/4.2 MB | 352/664 kB | 1.0/1.9 MBProgress (3): 3.3/4.2 MB | 352/664 kB | 1.1/1.9 MBProgress (3): 3.4/4.2 MB | 352/664 kB | 1.1/1.9 MBProgress (3): 3.4/4.2 MB | 352/664 kB | 1.1/1.9 MBProgress (3): 3.4/4.2 MB | 352/664 kB | 1.1/1.9 MBProgress (3): 3.4/4.2 MB | 352/664 kB | 1.1/1.9 MBProgress (3): 3.4/4.2 MB | 352/664 kB | 1.1/1.9 MBProgress (3): 3.4/4.2 MB | 352/664 kB | 1.1/1.9 MBProgress (3): 3.4/4.2 MB | 352/664 kB | 1.1/1.9 MBProgress (3): 3.4/4.2 MB | 352/664 kB | 1.1/1.9 MBProgress (3): 3.4/4.2 MB | 352/664 kB | 1.1/1.9 MBProgress (3): 3.4/4.2 MB | 352/664 kB | 1.1/1.9 MBProgress (3): 3.5/4.2 MB | 352/664 kB | 1.1/1.9 MBProgress (3): 3.5/4.2 MB | 352/664 kB | 1.1/1.9 MBProgress (3): 3.5/4.2 MB | 352/664 kB | 1.1/1.9 MBProgress (3): 3.5/4.2 MB | 352/664 kB | 1.2/1.9 MBProgress (3): 3.5/4.2 MB | 352/664 kB | 1.2/1.9 MBProgress (3): 3.5/4.2 MB | 352/664 kB | 1.2/1.9 MBProgress (3): 3.5/4.2 MB | 352/664 kB | 1.2/1.9 MBProgress (3): 3.5/4.2 MB | 352/664 kB | 1.2/1.9 MBProgress (3): 3.5/4.2 MB | 352/664 kB | 1.2/1.9 MBProgress (3): 3.5/4.2 MB | 352/664 kB | 1.2/1.9 MBProgress (3): 3.5/4.2 MB | 352/664 kB | 1.2/1.9 MBProgress (3): 3.6/4.2 MB | 352/664 kB | 1.2/1.9 MBProgress (3): 3.6/4.2 MB | 352/664 kB | 1.2/1.9 MBProgress (3): 3.6/4.2 MB | 352/664 kB | 1.2/1.9 MBProgress (3): 3.6/4.2 MB | 352/664 kB | 1.2/1.9 MBProgress (3): 3.6/4.2 MB | 352/664 kB | 1.2/1.9 MBProgress (3): 3.6/4.2 MB | 352/664 kB | 1.2/1.9 MBProgress (3): 3.6/4.2 MB | 368/664 kB | 1.2/1.9 MBProgress (3): 3.6/4.2 MB | 384/664 kB | 1.2/1.9 MBProgress (3): 3.6/4.2 MB | 384/664 kB | 1.2/1.9 MBProgress (3): 3.6/4.2 MB | 384/664 kB | 1.2/1.9 MBProgress (3): 3.6/4.2 MB | 384/664 kB | 1.3/1.9 MBProgress (3): 3.6/4.2 MB | 384/664 kB | 1.3/1.9 MBProgress (3): 3.7/4.2 MB | 384/664 kB | 1.3/1.9 MBProgress (3): 3.7/4.2 MB | 384/664 kB | 1.3/1.9 MBProgress (3): 3.7/4.2 MB | 384/664 kB | 1.3/1.9 MBProgress (3): 3.7/4.2 MB | 384/664 kB | 1.3/1.9 MBProgress (3): 3.7/4.2 MB | 384/664 kB | 1.3/1.9 MBProgress (3): 3.7/4.2 MB | 384/664 kB | 1.3/1.9 MBProgress (3): 3.7/4.2 MB | 384/664 kB | 1.3/1.9 MBProgress (3): 3.7/4.2 MB | 384/664 kB | 1.3/1.9 MBProgress (3): 3.7/4.2 MB | 384/664 kB | 1.3/1.9 MBProgress (3): 3.7/4.2 MB | 384/664 kB | 1.3/1.9 MBProgress (3): 3.7/4.2 MB | 384/664 kB | 1.3/1.9 MBProgress (3): 3.7/4.2 MB | 384/664 kB | 1.4/1.9 MBProgress (3): 3.8/4.2 MB | 384/664 kB | 1.4/1.9 MBProgress (3): 3.8/4.2 MB | 384/664 kB | 1.4/1.9 MBProgress (3): 3.8/4.2 MB | 384/664 kB | 1.4/1.9 MBProgress (3): 3.8/4.2 MB | 384/664 kB | 1.4/1.9 MBProgress (3): 3.8/4.2 MB | 384/664 kB | 1.4/1.9 MBProgress (3): 3.8/4.2 MB | 384/664 kB | 1.4/1.9 MBProgress (3): 3.8/4.2 MB | 384/664 kB | 1.4/1.9 MBProgress (3): 3.8/4.2 MB | 384/664 kB | 1.4/1.9 MBProgress (3): 3.8/4.2 MB | 401/664 kB | 1.4/1.9 MBProgress (3): 3.8/4.2 MB | 417/664 kB | 1.4/1.9 MBProgress (3): 3.8/4.2 MB | 417/664 kB | 1.4/1.9 MBProgress (3): 3.8/4.2 MB | 417/664 kB | 1.4/1.9 MBProgress (3): 3.9/4.2 MB | 417/664 kB | 1.4/1.9 MBProgress (3): 3.9/4.2 MB | 417/664 kB | 1.4/1.9 MBProgress (3): 3.9/4.2 MB | 417/664 kB | 1.4/1.9 MBProgress (3): 3.9/4.2 MB | 417/664 kB | 1.4/1.9 MBProgress (3): 3.9/4.2 MB | 417/664 kB | 1.5/1.9 MBProgress (3): 3.9/4.2 MB | 417/664 kB | 1.5/1.9 MBProgress (3): 3.9/4.2 MB | 417/664 kB | 1.5/1.9 MBProgress (3): 3.9/4.2 MB | 417/664 kB | 1.5/1.9 MBProgress (3): 3.9/4.2 MB | 417/664 kB | 1.5/1.9 MBProgress (3): 3.9/4.2 MB | 417/664 kB | 1.5/1.9 MBProgress (3): 4.0/4.2 MB | 417/664 kB | 1.5/1.9 MBProgress (3): 4.0/4.2 MB | 417/664 kB | 1.5/1.9 MBProgress (3): 4.0/4.2 MB | 417/664 kB | 1.5/1.9 MBProgress (3): 4.0/4.2 MB | 417/664 kB | 1.5/1.9 MBProgress (3): 4.0/4.2 MB | 417/664 kB | 1.5/1.9 MBProgress (3): 4.0/4.2 MB | 434/664 kB | 1.5/1.9 MBProgress (3): 4.0/4.2 MB | 450/664 kB | 1.5/1.9 MBProgress (3): 4.0/4.2 MB | 450/664 kB | 1.5/1.9 MBProgress (3): 4.0/4.2 MB | 450/664 kB | 1.5/1.9 MBProgress (3): 4.0/4.2 MB | 450/664 kB | 1.5/1.9 MBProgress (3): 4.0/4.2 MB | 450/664 kB | 1.5/1.9 MBProgress (3): 4.0/4.2 MB | 450/664 kB | 1.6/1.9 MBProgress (3): 4.1/4.2 MB | 450/664 kB | 1.6/1.9 MBProgress (3): 4.1/4.2 MB | 450/664 kB | 1.6/1.9 MBProgress (3): 4.1/4.2 MB | 450/664 kB | 1.6/1.9 MBProgress (3): 4.1/4.2 MB | 450/664 kB | 1.6/1.9 MBProgress (3): 4.1/4.2 MB | 450/664 kB | 1.6/1.9 MBProgress (3): 4.1/4.2 MB | 450/664 kB | 1.6/1.9 MBProgress (3): 4.1/4.2 MB | 450/664 kB | 1.6/1.9 MBProgress (3): 4.1/4.2 MB | 450/664 kB | 1.6/1.9 MBProgress (3): 4.1/4.2 MB | 450/664 kB | 1.6/1.9 MBProgress (3): 4.1/4.2 MB | 450/664 kB | 1.6/1.9 MBProgress (3): 4.2/4.2 MB | 450/664 kB | 1.6/1.9 MBProgress (3): 4.2/4.2 MB | 450/664 kB | 1.6/1.9 MBProgress (3): 4.2/4.2 MB | 450/664 kB | 1.6/1.9 MBProgress (3): 4.2/4.2 MB | 450/664 kB | 1.7/1.9 MBProgress (3): 4.2/4.2 MB | 450/664 kB | 1.7/1.9 MBProgress (3): 4.2/4.2 MB | 450/664 kB | 1.7/1.9 MBProgress (3): 4.2/4.2 MB | 466/664 kB | 1.7/1.9 MBProgress (3): 4.2/4.2 MB | 483/664 kB | 1.7/1.9 MBProgress (3): 4.2 MB | 483/664 kB | 1.7/1.9 MB    Progress (3): 4.2 MB | 483/664 kB | 1.7/1.9 MB                                              Downloaded from central: https://repo.maven.apache.org/maven2/net/bytebuddy/byte-buddy/1.14.13/byte-buddy-1.14.13.jar (4.2 MB at 514 kB/s)
#16 16.02 Progress (2): 483/664 kB | 1.7/1.9 MBProgress (2): 483/664 kB | 1.7/1.9 MBProgress (2): 483/664 kB | 1.7/1.9 MBProgress (2): 483/664 kB | 1.7/1.9 MBProgress (2): 483/664 kB | 1.8/1.9 MBProgress (2): 483/664 kB | 1.8/1.9 MBProgress (2): 483/664 kB | 1.8/1.9 MBProgress (2): 483/664 kB | 1.8/1.9 MBProgress (2): 499/664 kB | 1.8/1.9 MBProgress (2): 515/664 kB | 1.8/1.9 MBProgress (2): 515/664 kB | 1.8/1.9 MBProgress (2): 515/664 kB | 1.8/1.9 MBProgress (2): 515/664 kB | 1.9/1.9 MBProgress (2): 515/664 kB | 1.9/1.9 MBProgress (2): 515/664 kB | 1.9 MB                                     Downloaded from central: https://repo.maven.apache.org/maven2/io/projectreactor/reactor-core/3.6.5/reactor-core-3.6.5.jar (1.9 MB at 220 kB/s)
#16 16.44 Progress (1): 532/664 kBProgress (1): 548/664 kBProgress (1): 565/664 kBProgress (1): 581/664 kBProgress (1): 597/664 kBProgress (1): 614/664 kBProgress (1): 630/664 kBProgress (1): 647/664 kBProgress (1): 663/664 kBProgress (1): 664 kB                        Downloaded from central: https://repo.maven.apache.org/maven2/io/netty/netty-common/4.1.109.Final/netty-common-4.1.109.Final.jar (664 kB at 72 kB/s)
#16 16.99 [INFO] 
#16 16.99 [INFO] --- resources:3.3.1:resources (default-resources) @ auth-server ---
#16 17.11 [INFO] Copying 1 resource from src/main/resources to target/classes
#16 17.13 [INFO] Copying 0 resource from src/main/resources to target/classes
#16 17.13 [INFO] 
#16 17.13 [INFO] --- compiler:3.11.0:compile (default-compile) @ auth-server ---
#16 17.23 [INFO] Changes detected - recompiling the module! :source
#16 17.24 [INFO] Compiling 6 source files with javac [debug release 17] to target/classes
#16 19.16 [INFO] 
#16 19.16 [INFO] --- resources:3.3.1:testResources (default-testResources) @ auth-server ---
#16 19.17 [INFO] skip non existing resourceDirectory /app/auth-server/src/test/resources
#16 19.17 [INFO] 
#16 19.17 [INFO] --- compiler:3.11.0:testCompile (default-testCompile) @ auth-server ---
#16 19.17 [INFO] No sources to compile
#16 19.17 [INFO] 
#16 19.17 [INFO] --- surefire:3.1.2:test (default-test) @ auth-server ---
#16 19.40 [INFO] Tests are skipped.
#16 19.40 [INFO] 
#16 19.40 [INFO] --- jar:3.3.0:jar (default-jar) @ auth-server ---
#16 19.67 [INFO] Building jar: /app/auth-server/target/auth-server-0.0.1-SNAPSHOT.jar
#16 19.75 [INFO] 
#16 19.75 [INFO] --- spring-boot:3.2.5:repackage (repackage) @ auth-server ---
#16 20.45 [INFO] Replacing main artifact /app/auth-server/target/auth-server-0.0.1-SNAPSHOT.jar with repackaged archive, adding nested dependencies in BOOT-INF/.
#16 20.45 [INFO] The original artifact has been renamed to /app/auth-server/target/auth-server-0.0.1-SNAPSHOT.jar.original
#16 20.45 [INFO] ------------------------------------------------------------------------
#16 20.45 [INFO] BUILD SUCCESS
#16 20.45 [INFO] ------------------------------------------------------------------------
#16 20.45 [INFO] Total time:  19.116 s
#16 20.45 [INFO] Finished at: 2026-05-08T15:08:45Z
#16 20.45 [INFO] ------------------------------------------------------------------------
#16 DONE 20.6s

#17 [stage-1 3/3] COPY --from=build /app/auth-server/target/*.jar app.jar
#17 DONE 0.1s

#18 exporting to image
#18 exporting layers
#18 exporting layers 1.8s done
#18 exporting manifest sha256:cf4fcc1ca1c3946b11610722da86e136960c41283bf371d70c87ee41a3d4a0d6 0.0s done
#18 exporting config sha256:8d1b8bf1db674804db96f7c29518f3512b56a146c05031485bd5fcaaa3244765 0.0s done
#18 exporting attestation manifest sha256:11d48496804e41e763c5916a6bd52520520999825c206a531e8f4a992d24c793 0.0s done
#18 exporting manifest list sha256:de6c64692c3fa4e1f73992e2c7003379a22ccacfc01cfbc4de006ccb7c00852f 0.0s done
#18 naming to docker.io/elearning/auth-server:latest done
#18 unpacking to docker.io/elearning/auth-server:latest
#18 unpacking to docker.io/elearning/auth-server:latest 0.3s done
#18 DONE 2.2s

#19 resolving provenance for metadata file
#19 DONE 0.0s
 elearning/auth-server:latest  Built
